Id,Name,2026-10-01 09:31:33,2026-10-02 01:18:03,2026-10-02 09:42:43,2026-10-03 00:41:32,2026-10-03 09:22:58,2026-10-03 23:17:04,2026-10-04 08:48:28,2026-10-04 23:46:38,2026-10-05 08:57:50,2026-10-06 03:16:32,2026-10-06 10:46:02,2026-10-07 00:52:50,2026-10-07 09:35:12,2026-10-08 01:19:36,2026-10-08 09:55:50,2026-10-09 01:20:36,2026-10-09 10:09:29,2026-10-10 01:05:04,2026-10-10 09:42:33
103752341,1stPlayer FM7 120 ARGB PWM,0,0,"_블랙_8,440|_화이트_8,440",0,0,"_블랙_8,440|_화이트_8,440",0,0,0,0,0,0,0,0,0,0,0,0,0
103752401,1stPlayer FM7 120 ARGB PWM 리버스,0,0,"_블랙_8,440|_화이트_8,440",0,0,"_블랙_8,440|_화이트_8,440",0,0,0,0,0,0,0,0,0,0,0,0,0
123589464,1stPlayer HUB2,0,0,"9,900",0,0,"9,900",0,0,0,0,0,0,0,0,0,0,0,0,0
100383728,1stPlayer TS4 360 ARGB,0,0,"_블랙_83,010|_화이트_89,000",0,0,"_블랙_83,010|_화이트_89,000",0,0,0,0,0,0,0,0,0,0,0,0,0
28122920,1stPlayer WING 120,0,0,"_블랙_6,440|_화이트_6,440",0,0,"_블랙_6,440|_화이트_6,440",0,0,0,0,0,0,0,0,0,0,0,0,0
28123250,1stPlayer WING-R 120,0,0,"_블랙_6,440|_화이트_12,320",0,0,"_블랙_6,440|_화이트_12,320",0,0,0,0,0,0,0,0,0,0,0,0,0
67976123,3RSYS AM5 세이프티 브라켓,0,0,"블랙_5,070",0,0,"블랙_5,070",0,0,0,0,0,0,0,0,0,0,0,0,0
12806516,3RSYS AMD 세이프티 브라켓,0,0,"5,110",0,0,"5,110",0,0,0,0,0,0,0,0,0,0,0,0,0
11845318,3RSYS APB BAR,0,0,"410mm_8,990",0,0,"410mm_8,990",0,0,0,0,0,0,0,0,0,0,0,0,0
64376207,3RSYS CH10 ARGB AND PWM HUB,0,0,"11,510",0,0,"11,510",0,0,0,0,0,0,0,0,0,0,0,0,0
13067489,3RSYS ICEAGE G5 이정표 그래픽카드 지지대,0,0,"_골드_8,890|_실버_8,900",0,0,"_골드_8,890|_실버_8,900",0,0,0,0,0,0,0,0,0,0,0,0,0
28236212,3RSYS ICEAGE G7 그래픽카드 & CPU쿨러 지지대,0,0,"_블랙_19,450|_실버_19,450",0,0,"_블랙_19,450|_실버_19,450",0,0,0,0,0,0,0,0,0,0,0,0,0
28886321,3RSYS ICEAGE G7-Parts,0,0,"실버_4,380",0,0,"실버_4,380",0,0,0,0,0,0,0,0,0,0,0,0,0
3662491,3RSYS ICEAIR A-2 PLUS,0,0,"화이트_6,290",0,0,"화이트_6,290",0,0,0,0,0,0,0,0,0,0,0,0,0
56144393,3RSYS JS 120 RGB 리버스,0,0,"_블랙_4,020|_화이트_4,470",0,0,"_블랙_4,020|_화이트_4,470",0,0,0,0,0,0,0,0,0,0,0,0,0
14494886,3RSYS PF-12025,0,0,"_화이트_12,600|_5팩, 화이트_23,000",0,0,"_화이트_12,600|_5팩, 화이트_23,000",0,0,0,0,0,0,0,0,0,0,0,0,0
14495018,3RSYS PH-12025 ARGB,0,0,"5팩, 블랙_24,000|_화이트_4,980|_5팩, 화이트_23,300",0,0,"5팩, 블랙_24,000|_화이트_4,980|_5팩, 화이트_23,300",0,0,0,0,0,0,0,0,0,0,0,0,0
123537896,3RSYS RC1500 ARGB 쌍철봉 LITE,0,0,"_블랙_44,510|_화이트_44,500",0,0,"_블랙_44,510|_화이트_44,500",0,0,0,0,0,0,0,0,0,0,0,0,0
123537923,3RSYS RC1500N PWM 쌍철봉 LITE,0,0,"_블랙_41,560|_화이트_41,550",0,0,"_블랙_41,560|_화이트_41,550",0,0,0,0,0,0,0,0,0,0,0,0,0
123693723,3RSYS RC380N PWM 무뽑방지 키트,0,0,"블랙_20,770",0,0,"블랙_20,770",0,0,0,0,0,0,0,0,0,0,0,0,0
124298494,3RSYS RC90N PWM,0,0,블랙_가격비교예정,0,0,블랙_가격비교예정,0,0,0,0,0,0,0,0,0,0,0,0,0
124115515,3RSYS RING FLOW DR120 ARGB,0,0,"_블랙_5,280|_화이트_5,290",0,0,"_블랙_5,280|_화이트_5,290",0,0,0,0,0,0,0,0,0,0,0,0,0
124115535,3RSYS RING FLOW DR120 리버스 ARGB,0,0,"_블랙_5,280|_화이트_5,280",0,0,"_블랙_5,280|_화이트_5,280",0,0,0,0,0,0,0,0,0,0,0,0,0
18793703,3RSYS RTC12 써멀그리스,0,0,"_2g_7,700|_4g_12,700",0,0,"_2g_7,700|_4g_12,700",0,0,0,0,0,0,0,0,0,0,0,0,0
18563291,3RSYS SCV 5000,0,0,"6,990",0,0,"6,990",0,0,0,0,0,0,0,0,0,0,0,0,0
19080341,3RSYS SILENCE SE 140,0,0,"화이트_12,750",0,0,"화이트_12,750",0,0,0,0,0,0,0,0,0,0,0,0,0
21437228,3RSYS Silence GI 120 ARGB,0,0,"_블랙_14,820|3팩, 블랙_34,090|_화이트_15,870|3팩, 화이트_36,830",0,0,"_블랙_14,820|3팩, 블랙_34,090|_화이트_15,870|3팩, 화이트_36,830",0,0,0,0,0,0,0,0,0,0,0,0,0
31077890,3RSYS Silence GI 120 데이지체인,0,0,"블랙_17,650|_3팩, 블랙_35,730|화이트_18,630|_3팩, 화이트_36,990",0,0,"블랙_17,650|_3팩, 블랙_35,730|화이트_18,630|_3팩, 화이트_36,990",0,0,0,0,0,0,0,0,0,0,0,0,0
31078118,3RSYS Silence GI 120 데이지체인 리버스,0,0,"블랙_17,660|_3팩, 블랙_34,200|화이트_17,860|_3팩, 화이트_37,350",0,0,"블랙_17,660|_3팩, 블랙_34,200|화이트_17,860|_3팩, 화이트_37,350",0,0,0,0,0,0,0,0,0,0,0,0,0
28628861,3RSYS Silence GI 120 리버스,0,0,"_블랙_14,280|_화이트_15,460",0,0,"_블랙_14,280|_화이트_15,460",0,0,0,0,0,0,0,0,0,0,0,0,0
89613041,3RSYS Silence GI 120-N PWM,0,0,"_블랙_11,330|_화이트_11,990",0,0,"_블랙_11,330|_화이트_11,990",0,0,0,0,0,0,0,0,0,0,0,0,0
89613161,3RSYS Silence GI 120-N 데이지체인,0,0,"_3팩, 블랙_34,940|_3팩, 화이트_36,990",0,0,"_3팩, 블랙_34,940|_3팩, 화이트_36,990",0,0,0,0,0,0,0,0,0,0,0,0,0
89613239,3RSYS Silence GI 120-N 데이지체인 리버스,0,0,"_3팩, 블랙_34,940|_3팩, 화이트_36,990",0,0,"_3팩, 블랙_34,940|_3팩, 화이트_36,990",0,0,0,0,0,0,0,0,0,0,0,0,0
71427308,3RSYS Silence GI 140 데이지체인 리버스 메인,0,0,"_블랙_22,420|_화이트_21,790",0,0,"_블랙_22,420|_화이트_21,790",0,0,0,0,0,0,0,0,0,0,0,0,0
71427356,3RSYS Silence GI 140 데이지체인 리버스 서브,0,0,"_블랙_20,280|_화이트_20,250",0,0,"_블랙_20,280|_화이트_20,250",0,0,0,0,0,0,0,0,0,0,0,0,0
71426909,3RSYS Silence GI 140 데이지체인 메인,0,0,"_블랙_22,420|_화이트_22,420",0,0,"_블랙_22,420|_화이트_22,420",0,0,0,0,0,0,0,0,0,0,0,0,0
71427131,3RSYS Silence GI 140 데이지체인 서브,0,0,"_블랙_19,600|_화이트_20,360",0,0,"_블랙_19,600|_화이트_20,360",0,0,0,0,0,0,0,0,0,0,0,0,0
69565934,3RSYS Socoool B7 메모리 방열판,0,0,"_블랙_8,490|_화이트_8,530",0,0,"_블랙_8,490|_화이트_8,530",0,0,0,0,0,0,0,0,0,0,0,0,0
18371054,3RSYS Socoool BLAIDD 12 ARGB,0,0,"_블랙_9,890|_화이트_6,200",0,0,0,0,0,0,0,0,0,0,0,0,0,0,0,0
18371051,3RSYS Socoool BLAIDD 12 ARGB,0,0,0,0,0,"_블랙_6,400|_화이트_6,200",0,0,0,0,0,0,0,0,0,0,0,0,0
60168905,3RSYS Socoool BYK 360 ARGB,0,0,"화이트_83,000",0,0,"화이트_83,000",0,0,0,0,0,0,0,0,0,0,0,0,0
92152679,3RSYS Socoool BYK 360 Quiet,0,0,"화이트_89,000",0,0,"화이트_89,000",0,0,0,0,0,0,0,0,0,0,0,0,0
60168752,3RSYS Socoool BYK 480 ARGB,0,0,"블랙_100,640",0,0,"블랙_100,640",0,0,0,0,0,0,0,0,0,0,0,0,0
15299693,3RSYS Socoool CSI-TUBE 330 ARGB,0,0,"58,980",0,0,"58,980",0,0,0,0,0,0,0,0,0,0,0,0,0
15435350,3RSYS Socoool HOLD CLIP,0,0,"블랙_4,500",0,0,"블랙_4,500",0,0,0,0,0,0,0,0,0,0,0,0,0
20478650,3RSYS Socoool L12N PWM,0,0,"화이트_7,500",0,0,"화이트_7,500",0,0,0,0,0,0,0,0,0,0,0,0,0
28533302,3RSYS Socoool RAVEN 120 PWM,0,0,"25,000",0,0,"25,000",0,0,0,0,0,0,0,0,0,0,0,0,0
11813689,3RSYS Socoool RC 1000,0,0,"79,000",0,0,"79,000",0,0,0,0,0,0,0,0,0,0,0,0,0
27808526,3RSYS Socoool RC 1100 PWM,0,0,"55,980",0,0,"55,980",0,0,0,0,0,0,0,0,0,0,0,0,0
29481635,3RSYS Socoool RC-1300 ARGB,0,0,"화이트_51,000",0,0,"화이트_51,000",0,0,0,0,0,0,0,0,0,0,0,0,0
28604933,3RSYS Socoool RC-1800 Quiet 솔더링,0,0,"화이트_65,590",0,0,"화이트_65,590",0,0,0,0,0,0,0,0,0,0,0,0,0
8180158,3RSYS Socoool RC100 RGB,0,0,"실버_17,980",0,0,"실버_17,980",0,0,0,0,0,0,0,0,0,0,0,0,0
67512098,3RSYS Socoool RC1050 ARGB 램프리,0,0,"_블랙_31,790|_화이트_31,700",0,0,"_블랙_31,790|_화이트_31,700",0,0,0,0,0,0,0,0,0,0,0,0,0
67512074,3RSYS Socoool RC1050N PWM 램프리,0,0,"_블랙_28,380|_화이트_28,380",0,0,"_블랙_28,380|_화이트_28,380",0,0,0,0,0,0,0,0,0,0,0,0,0
94025255,3RSYS Socoool RC1080 오토 RGB,0,0,"_블랙_27,860|_화이트_28,140",0,0,"_블랙_27,860|_화이트_28,140",0,0,0,0,0,0,0,0,0,0,0,0,0
89604731,3RSYS Socoool RC1400 Quiet 쌍철봉,0,0,"_블랙_41,570|_화이트_41,560",0,0,"_블랙_41,570|_화이트_41,560",0,0,0,0,0,0,0,0,0,0,0,0,0
91349579,3RSYS Socoool RC1400N Quiet 쌍철봉,0,0,"_블랙_38,580|_화이트_37,520",0,0,"_블랙_38,580|_화이트_37,520",0,0,0,0,0,0,0,0,0,0,0,0,0
18475733,3RSYS Socoool RC150 RGB,0,0,"17,410",0,0,"17,410",0,0,0,0,0,0,0,0,0,0,0,0,0
20360744,3RSYS Socoool RC1800 LITE,0,0,"화이트_74,060",0,0,"화이트_74,060",0,0,0,0,0,0,0,0,0,0,0,0,0
51815528,3RSYS Socoool RC1900 ARGB 솔더링,0,0,"_블랙_80,480|_화이트_81,440",0,0,"_블랙_80,480|_화이트_81,440",0,0,0,0,0,0,0,0,0,0,0,0,0
52261076,3RSYS Socoool RC1900N 솔더링,0,0,"_블랙_76,160|_화이트_79,298",0,0,"_블랙_76,160|_화이트_80,390",0,0,0,0,0,0,0,0,0,0,0,0,0
90889283,3RSYS Socoool RC1910 Quiet 쌍철봉,0,0,"_블랙_83,610|_화이트_85,710",0,0,"_블랙_83,610|_화이트_85,710",0,0,0,0,0,0,0,0,0,0,0,0,0
103186868,3RSYS Socoool RC1910N Quiet 쌍철봉,0,0,"_블랙_80,830|_화이트_83,040",0,0,"_블랙_80,830|_화이트_83,040",0,0,0,0,0,0,0,0,0,0,0,0,0
77621870,3RSYS Socoool RC1920 DIGITAL 쌍철봉,0,0,"_블랙_88,390|_화이트_90,320",0,0,"_블랙_88,390|_화이트_90,320",0,0,0,0,0,0,0,0,0,0,0,0,0
56144294,3RSYS Socoool RC250 ARGB,0,0,"_블랙_20,250|_화이트_21,330",0,0,"_블랙_20,250|_화이트_21,330",0,0,0,0,0,0,0,0,0,0,0,0,0
79398914,3RSYS Socoool RC260N PWM,0,0,"블랙_18,460",0,0,"블랙_18,460",0,0,0,0,0,0,0,0,0,0,0,0,0
79399121,3RSYS Socoool RC270 ARGB,0,0,"_블랙_23,830|_화이트_24,340",0,0,"_블랙_23,830|_화이트_24,340",0,0,0,0,0,0,0,0,0,0,0,0,0
67511930,3RSYS Socoool RC370 ARGB 램프리,0,0,"_블랙_22,500|_화이트_22,500",0,0,"_블랙_22,500|_화이트_22,500",0,0,0,0,0,0,0,0,0,0,0,0,0
67511990,3RSYS Socoool RC370N PWM 램프리,0,0,"_블랙_20,500|_화이트_20,500",0,0,"_블랙_20,500|_화이트_20,500",0,0,0,0,0,0,0,0,0,0,0,0,0
74421305,3RSYS Socoool RC450N PWM,0,0,"18,410",0,0,"18,410",0,0,0,0,0,0,0,0,0,0,0,0,0
56144339,3RSYS Socoool RC750N PWM,0,0,"25,800",0,0,"25,800",0,0,0,0,0,0,0,0,0,0,0,0,0
101075261,3RSYS Socoool RC980N 쌍철봉,0,0,"_블랙_28,170|_화이트_28,030",0,0,"_블랙_28,170|_화이트_28,030",0,0,0,0,0,0,0,0,0,0,0,0,0
10403325,3RSYS Socoool RTC-6.5,0,0,"_5g_3,700|_20g_15,650",0,0,"_5g_3,700|_20g_15,650",0,0,0,0,0,0,0,0,0,0,0,0,0
64376240,3RSYS Socoool RTC15 써멀그리스,0,0,"2g_6,790",0,0,"2g_6,790",0,0,0,0,0,0,0,0,0,0,0,0,0
15299834,3RSYS Socoool SC100,0,0,"_블랙_7,280|_화이트_7,280",0,0,"_블랙_7,280|_화이트_7,280",0,0,0,0,0,0,0,0,0,0,0,0,0
16503233,3RSYS Socoool Shield Cover W15,0,0,"9,490",0,0,"9,490",0,0,0,0,0,0,0,0,0,0,0,0,0
18294458,3RSYS Socoool Shield Cover W15 PLUS,0,0,"10,540",0,0,"10,540",0,0,0,0,0,0,0,0,0,0,0,0,0
97564514,3RSYS Socoool 고요 ARGB,0,0,"_블랙_60,400|_화이트_60,930",0,0,"_블랙_60,400|_화이트_60,930",0,0,0,0,0,0,0,0,0,0,0,0,0
97565075,3RSYS Socoool 고요N PWM,0,0,"_블랙_56,840|_화이트_57,440",0,0,"_블랙_56,840|_화이트_57,440",0,0,0,0,0,0,0,0,0,0,0,0,0
18371147,3RSYS Socoool 라니 SE 240 ARGB,0,0,"_블랙_147,150|_화이트_115,000",0,0,"_블랙_147,150|_화이트_115,000",0,0,0,0,0,0,0,0,0,0,0,0,0
18371246,3RSYS Socoool 라니 SE 360 ARGB,0,0,"화이트_137,000",0,0,"화이트_137,000",0,0,0,0,0,0,0,0,0,0,0,0,0
16605650,3RSYS TEAMMOST RC800 ARGB,0,0,"23,420",0,0,"23,420",0,0,0,0,0,0,0,0,0,0,0,0,0
16745747,3RSYS TEAMMOST TMF12025,0,0,"_1팩_7,490|_3팩_19,390",0,0,0,0,0,0,0,0,0,0,0,0,0,0,0,0
16745708,3RSYS TEAMMOST TMF12025,0,0,0,0,0,"_1팩_7,490|_3팩_19,390",0,0,0,0,0,0,0,0,0,0,0,0,0
16745849,3RSYS TEAMMOST TMH12025 ARGB,0,0,"블랙_8,800",0,0,"블랙_8,800",0,0,0,0,0,0,0,0,0,0,0,0,0
97851518,3RSYS 라니 FC 360 ARGB,0,0,"_블랙_162,490|_화이트_162,000",0,0,"_블랙_162,490|_화이트_162,000",0,0,0,0,0,0,0,0,0,0,0,0,0
106721621,3RSYS 라니 SF 360 ARGB,0,0,"_블랙_121,940|_화이트_121,940",0,0,"_블랙_121,940|_화이트_121,940",0,0,0,0,0,0,0,0,0,0,0,0,0
106721645,3RSYS 라니 SF 360N PWM,0,0,"_블랙_119,250|_화이트_117,890",0,0,0,0,0,0,0,0,0,0,0,0,0,0,0,0
106721636,3RSYS 라니 SF 360N PWM,0,0,0,0,0,"_블랙_119,250|_화이트_117,890",0,0,0,0,0,0,0,0,0,0,0,0,0
106721654,3RSYS 라니 SF 480N PWM,0,0,"블랙_156,230",0,0,"블랙_156,230",0,0,0,0,0,0,0,0,0,0,0,0,0
98780345,3RSYS 라니 WV 360 ARGB,0,0,"_블랙_166,000|_화이트_166,200",0,0,"_블랙_166,000|_화이트_166,200",0,0,0,0,0,0,0,0,0,0,0,0,0
52068776,3RSYS 빙하 D50 ARGB 램 쿨러,0,0,"_블랙_19,790|_화이트_19,480",0,0,"_블랙_19,790|_화이트_19,480",0,0,0,0,0,0,0,0,0,0,0,0,0
21446975,3RSYS 빙하 G5 메모리 방열판,0,0,"_블랙_8,900|_실버_8,900",0,0,"_블랙_8,900|_실버_8,900",0,0,0,0,0,0,0,0,0,0,0,0,0
21233819,3RSYS 빙하10 M.2 SSD 방열판,0,0,"14,410",0,0,"14,410",0,0,0,0,0,0,0,0,0,0,0,0,0
73121666,3RSYS 빙하12 PS5 전용 M.2 SSD 방열판,0,0,"10,800",0,0,"10,800",0,0,0,0,0,0,0,0,0,0,0,0,0
15794822,3RSYS 빙하6 M.2 SSD 방열판,0,0,"7,230",0,0,"7,230",0,0,0,0,0,0,0,0,0,0,0,0,0
15565829,3RSYS 빙하7 PLUS M.2 SSD 방열판,0,0,"_블랙_7,840|_레드_8,290|블루_8,180|실버_7,940",0,0,"_블랙_7,840|_레드_8,290|블루_8,180|실버_7,940",0,0,0,0,0,0,0,0,0,0,0,0,0
18732806,3RSYS 빙하8 M.2 SSD 방열판,0,0,"17,460",0,0,"17,460",0,0,0,0,0,0,0,0,0,0,0,0,0
18732881,3RSYS 빙하9 M.2 SSD 방열판,0,0,"19,430",0,0,"19,430",0,0,0,0,0,0,0,0,0,0,0,0,0
2672691,AEROCOOL AIR FORCE 12,0,0,"_레드 에디션_15,670|_블랙 에디션_13,580|블루 에디션_15,670|오렌지 에디션_15,670|화이트 에디션_15,670",0,0,"_레드 에디션_15,670|_블랙 에디션_13,580|블루 에디션_15,670|오렌지 에디션_15,670|화이트 에디션_15,670",0,0,0,0,0,0,0,0,0,0,0,0,0
2672740,AEROCOOL AIR FORCE 14,0,0,"_레드 에디션_17,780|_블랙 에디션_15,670|블루 에디션_17,770|오렌지 에디션_17,770|화이트 에디션_17,770",0,0,"_레드 에디션_17,780|_블랙 에디션_15,670|블루 에디션_17,770|오렌지 에디션_17,770|화이트 에디션_17,770",0,0,0,0,0,0,0,0,0,0,0,0,0
11223474,AEROCOOL Astro 12F PWM,0,0,"14,890",0,0,"14,890",0,0,0,0,0,0,0,0,0,0,0,0,0
10145457,AEROCOOL Baraf-S,0,0,"3.5g_3,690",0,0,"3.5g_3,690",0,0,0,0,0,0,0,0,0,0,0,0,0
2672625,AEROCOOL DS 12,0,0,"레드 에디션_21,940|_블랙 에디션_20,900|_블루 에디션_21,940|화이트 에디션_21,940",0,0,"레드 에디션_21,940|_블랙 에디션_20,900|_블루 에디션_21,940|화이트 에디션_21,940",0,0,0,0,0,0,0,0,0,0,0,0,0
2659429,AEROCOOL DS 14,0,0,"_레드 에디션_24,030|블랙 에디션_21,940|_블루 에디션_24,030",0,0,0,0,0,0,0,0,0,0,0,0,0,0,0,0
2659436,AEROCOOL DS 14,0,0,0,0,0,"_레드 에디션_24,030|블랙 에디션_21,940|_블루 에디션_24,030",0,0,0,0,0,0,0,0,0,0,0,0,0
16964660,AEROCOOL RIME 4,0,0,"29,890",0,0,"29,890",0,0,0,0,0,0,0,0,0,0,0,0,0
16964816,AEROCOOL RIME 4 DUAL,0,0,"39,890",0,0,"39,890",0,0,0,0,0,0,0,0,0,0,0,0,0
122930965,ALSEYE C-RAM-Alpha-B,0,0,"블랙_34,900",0,0,"블랙_34,900",0,0,0,0,0,0,0,0,0,0,0,0,0
122930953,ALSEYE C-RAM-Alpha-S,0,0,"실버_34,900",0,0,"실버_34,900",0,0,0,0,0,0,0,0,0,0,0,0,0
122930977,ALSEYE C-RAM-Beta-B,0,0,"블랙_37,900",0,0,"블랙_37,900",0,0,0,0,0,0,0,0,0,0,0,0,0
122930981,ALSEYE C-RAM-Beta-S,0,0,"실버_37,900",0,0,"실버_37,900",0,0,0,0,0,0,0,0,0,0,0,0,0
104227637,ALSEYE DM12- B(Clear Frame),0,0,"블랙_10,240",0,0,"블랙_10,240",0,0,0,0,0,0,0,0,0,0,0,0,0
104227658,ALSEYE DM12- W(Clear Frame),0,0,"화이트_10,240",0,0,"화이트_10,240",0,0,0,0,0,0,0,0,0,0,0,0,0
16123430,ALSEYE M120D PLUS,0,0,"_블랙_65,840|_화이트_70,500",0,0,"_블랙_65,840|_화이트_70,500",0,0,0,0,0,0,0,0,0,0,0,0,0
104045033,ALSEYE Q120DT Plus,0,0,"블랙_36,740",0,0,"블랙_36,740",0,0,0,0,0,0,0,0,0,0,0,0,0
104045393,ALSEYE Q120S Plus,0,0,"블랙_20,900",0,0,"블랙_20,900",0,0,0,0,0,0,0,0,0,0,0,0,0
21487916,ALSEYE T10,0,0,"2g_8,090",0,0,"2g_8,090",0,0,0,0,0,0,0,0,0,0,0,0,0
104045414,ALSEYE T12,0,0,"_2g_4,550|_4g_12,900",0,0,"_2g_4,550|_4g_12,900",0,0,0,0,0,0,0,0,0,0,0,0,0
104045012,ALSEYE W700 Pro,0,0,"레드_79,900|_블랙_71,580|_옐로우_79,900|화이트_79,900",0,0,"레드_79,900|_블랙_71,580|_옐로우_79,900|화이트_79,900",0,0,0,0,0,0,0,0,0,0,0,0,0
17928218,ALSEYE Warrior W12 ARGB,0,0,"_블랙_21,500|_화이트_21,090",0,0,"_블랙_21,500|_화이트_21,090",0,0,0,0,0,0,0,0,0,0,0,0,0
104224196,ALSEYE i12,0,0,"3팩, 블랙_37,510|3팩, 화이트_37,510|_블랙_13,070|_화이트_13,060",0,0,"3팩, 블랙_37,510|3팩, 화이트_37,510|_블랙_13,070|_화이트_13,060",0,0,0,0,0,0,0,0,0,0,0,0,0
13019285,AMD Wraith Prism,0,0,0,0,0,"23,050",0,0,0,0,0,0,0,0,0,0,0,0,0
10854153,AMD Wraith Stealth,0,0,"1,590",0,0,"1,590",0,0,0,0,0,0,0,0,0,0,0,0,0
4631853,AMD 정품 쿨러,0,0,"1,600",0,0,"1,590",0,0,0,0,0,0,0,0,0,0,0,0,0
6445771,AONE DOUBLERING FAN 120,0,0,"화이트_3,820",0,0,"화이트_3,820",0,0,0,0,0,0,0,0,0,0,0,0,0
10522779,AONE RC-100 RGB 컨트롤러,0,0,"7,890",0,0,"7,890",0,0,0,0,0,0,0,0,0,0,0,0,0
5838073,AONE STORM 120-4P 120mm,0,0,"1,830",0,0,"1,830",0,0,0,0,0,0,0,0,0,0,0,0,0
6036616,AONE STORM 80-3P 80mm,0,0,"1,190",0,0,"1,190",0,0,0,0,0,0,0,0,0,0,0,0,0
6523164,AONE STORM 80-4P 80mm,0,0,"1,190",0,0,"1,190",0,0,0,0,0,0,0,0,0,0,0,0,0
8175577,AONE STORM ARGB DOUBLERING 120,0,0,"블랙_8,000|컨트롤러/1팩, 블랙_19,300|컨트롤러/3팩, 블랙_24,000|컨트롤러/5팩, 블랙_35,000|_화이트_5,880|컨트롤러/1팩, 화이트_13,870|_컨트롤러/3팩, 화이트_25,000|",0,0,"블랙_8,000|컨트롤러/1팩, 블랙_19,300|컨트롤러/3팩, 블랙_24,000|컨트롤러/5팩, 블랙_35,000|_화이트_5,880|컨트롤러/1팩, 화이트_13,870|_컨트롤러/3팩, 화이트_25,000|",0,0,0,0,0,0,0,0,0,0,0,0,0
58936712,AONE STORM INFINITY ARGB PWM 120,0,0,"3팩, 블랙_31,050|_3팩, 화이트_20,550|블랙_11,620|_화이트_7,290",0,0,"3팩, 블랙_31,050|_3팩, 화이트_20,550|블랙_11,620|_화이트_7,290",0,0,0,0,0,0,0,0,0,0,0,0,0
74251442,AONE STORM INFINITY ARGB PWM 120 KIT,0,0,"_컨트롤러/3팩, 블랙_46,260|_컨트롤러/3팩, 화이트_32,320",0,0,"_컨트롤러/3팩, 블랙_46,260|_컨트롤러/3팩, 화이트_32,320",0,0,0,0,0,0,0,0,0,0,0,0,0
74251493,AONE STORM INFINITY ARGB PWM 120 리버스,0,0,"_3팩, 블랙_25,000|_3팩, 화이트_20,550",0,0,"_3팩, 블랙_25,000|_3팩, 화이트_20,550",0,0,0,0,0,0,0,0,0,0,0,0,0
74251592,AONE STORM INFINITY ARGB PWM 120 리버스 KIT,0,0,"_컨트롤러/3팩, 블랙_48,260|_컨트롤러/3팩, 화이트_24,720",0,0,"_컨트롤러/3팩, 블랙_48,260|_컨트롤러/3팩, 화이트_25,500",0,0,0,0,0,0,0,0,0,0,0,0,0
58936829,AONE STORM INFINITY ARGB PWM 리버스 120,0,0,"화이트_7,290",0,0,"화이트_7,290",0,0,0,0,0,0,0,0,0,0,0,0,0
99892244,AONE STORM INFINITY PRO 120 오토 RGB 벌크,0,0,"화이트_7,480",0,0,"화이트_7,480",0,0,0,0,0,0,0,0,0,0,0,0,0
104228321,AONE STORM INFINITY PRO-120 ARGB PWM,0,0,"_3팩, 블랙_17,400|3팩, 화이트_17,400|_블랙_5,900|컨트롤러/3팩, 블랙_29,400|컨트롤러/3팩, 화이트_28,890|화이트_5,900",0,0,"_3팩, 블랙_17,400|3팩, 화이트_17,400|_블랙_5,900|컨트롤러/3팩, 블랙_29,400|컨트롤러/3팩, 화이트_28,890|화이트_5,900",0,0,0,0,0,0,0,0,0,0,0,0,0
99739367,AONE STORM INFINITY PRO-120 ARGB PWM REVERSE,0,0,"3팩, 블랙_17,400|3팩, 화이트_17,400|_블랙_5,900|컨트롤러/3팩, 블랙_29,400|컨트롤러/3팩, 화이트_29,400|_화이트_5,900",0,0,0,0,0,0,0,0,0,0,0,0,0,0,0,0
104228345,AONE STORM INFINITY PRO-120 ARGB PWM REVERSE,0,0,0,0,0,"3팩, 블랙_17,400|3팩, 화이트_17,400|_블랙_5,900|_컨트롤러/3팩, 블랙_29,400|컨트롤러/3팩, 화이트_29,400|화이트_5,900",0,0,0,0,0,0,0,0,0,0,0,0,0
71063900,AONE STORM 오토 RGB DOUBLERING 140,0,0,"화이트_6,260",0,0,"화이트_6,260",0,0,0,0,0,0,0,0,0,0,0,0,0
5184091,AONE 튜닝 LED바 레드-350,0,0,"5,100",0,0,"5,100",0,0,0,0,0,0,0,0,0,0,0,0,0
44186252,APNX AP1-V ARGB,0,0,"_블랙_58,940|_화이트_58,760",0,0,"_블랙_58,940|_화이트_58,760",0,0,0,0,0,0,0,0,0,0,0,0,0
44768648,APNX FP1 120 PWM ARGB,0,0,"_블랙_14,690|_화이트_14,640",0,0,"_블랙_14,690|_화이트_14,640",0,0,0,0,0,0,0,0,0,0,0,0,0
100696967,APNX FP1 120 PWM ARGB 마이크로닉스,0,0,"_블랙_9,420|_화이트_9,420",0,0,"_블랙_9,420|_화이트_9,420",0,0,0,0,0,0,0,0,0,0,0,0,0
44768657,APNX FP1 140 PWM ARGB,0,0,"_블랙_19,090|_화이트_19,090",0,0,0,0,0,0,0,0,0,0,0,0,0,0,0,0
44768654,APNX FP1 140 PWM ARGB,0,0,0,0,0,"_블랙_19,090|_화이트_19,090",0,0,0,0,0,0,0,0,0,0,0,0,0
100697027,APNX FP1-R 120 PWM ARGB 마이크로닉스,0,0,"_블랙_9,430|_화이트_9,420",0,0,"_블랙_9,430|_화이트_9,420",0,0,0,0,0,0,0,0,0,0,0,0,0
45873977,APNX FP2 120 PWM ARGB,0,0,"_블랙_28,490|_화이트_28,490",0,0,"_블랙_28,490|_화이트_28,490",0,0,0,0,0,0,0,0,0,0,0,0,0
104628398,APNX FP3-120,0,0,"_3팩, 블랙_44,900|_3팩, 화이트_42,780",0,0,"_3팩, 블랙_44,900|_3팩, 화이트_42,780",0,0,0,0,0,0,0,0,0,0,0,0,0
104628419,APNX FP3-R-120,0,0,"_3팩, 블랙_42,390|_3팩, 화이트_42,390",0,0,"_3팩, 블랙_42,390|_3팩, 화이트_42,390",0,0,0,0,0,0,0,0,0,0,0,0,0
124199140,ARCTIC Alpine 17 CO 서린,0,0,"13,350",0,0,"13,340",0,0,0,0,0,0,0,0,0,0,0,0,0
20358905,ARCTIC Alpine 17 서린,0,0,"12,000",0,0,"12,000",0,0,0,0,0,0,0,0,0,0,0,0,0
5903788,ARCTIC BioniX F120,0,0,"_그린_21,500|_YELLOW_21,500",0,0,0,0,0,0,0,0,0,0,0,0,0,0,0,0
5903778,ARCTIC BioniX F120,0,0,0,0,0,"_그린_21,500|_YELLOW_21,500",0,0,0,0,0,0,0,0,0,0,0,0,0
124237533,ARCTIC BioniX P12 A-RGB 서린,0,0,"_3팩, 블랙_66,720|_3팩, 화이트_66,720|블랙_24,790|화이트_24,790",0,0,"_3팩, 블랙_66,720|_3팩, 화이트_66,720|블랙_24,790|화이트_24,790",0,0,0,0,0,0,0,0,0,0,0,0,0
6997882,ARCTIC BioniX P120,0,0,"레드_12,300",0,0,"레드_12,300",0,0,0,0,0,0,0,0,0,0,0,0,0
124237561,ARCTIC BioniX P14 A-RGB 서린,0,0,"_3팩, 블랙_76,250|_3팩, 화이트_76,250|블랙_27,640|화이트_27,640",0,0,"_3팩, 블랙_76,250|_3팩, 화이트_76,250|블랙_27,640|화이트_27,640",0,0,0,0,0,0,0,0,0,0,0,0,0
9245472,ARCTIC BioniX P140,0,0,"레드_14,500",0,0,"레드_14,500",0,0,0,0,0,0,0,0,0,0,0,0,0
7808539,ARCTIC Freezer 34 eSports DUO,0,0,"화이트_69,000",0,0,"화이트_69,000",0,0,0,0,0,0,0,0,0,0,0,0,0
32003399,ARCTIC Freezer 4U-M 서린,0,0,"83,510",0,0,"83,510",0,0,0,0,0,0,0,0,0,0,0,0,0
32088968,ARCTIC Freezer 4U-M 피씨디렉트,0,0,0,0,0,"84,540",0,0,0,0,0,0,0,0,0,0,0,0,0
94522838,ARCTIC Freezer 8A,0,0,"24,790",0,0,"24,790",0,0,0,0,0,0,0,0,0,0,0,0,0
94523093,ARCTIC Freezer 8A CO,0,0,"26,720",0,0,"26,710",0,0,0,0,0,0,0,0,0,0,0,0,0
94523027,ARCTIC Freezer 8i,0,0,"24,800",0,0,"24,790",0,0,0,0,0,0,0,0,0,0,0,0,0
94523120,ARCTIC Freezer 8i CO,0,0,"26,720",0,0,"26,710",0,0,0,0,0,0,0,0,0,0,0,0,0
3555002,ARCTIC Liquid Freezer 240,0,0,"73,500",0,0,"73,500",0,0,0,0,0,0,0,0,0,0,0,0,0
39768731,ARCTIC Liquid Freezer III 360 서린,0,0,"192,900",0,0,"192,900",0,0,0,0,0,0,0,0,0,0,0,0,0
99322658,ARCTIC Liquid Freezer III PRO 240 A-RGB 서린,0,0,"_블랙_153,200|_화이트_158,600",0,0,0,0,0,0,0,0,0,0,0,0,0,0,0,0
94450823,ARCTIC Liquid Freezer III PRO 240 A-RGB 서린,0,0,0,0,0,"_블랙_153,200|_화이트_158,600",0,0,0,0,0,0,0,0,0,0,0,0,0
94450814,ARCTIC Liquid Freezer III PRO 240 서린,0,0,"블랙_138,850",0,0,"블랙_132,390",0,0,0,0,0,0,0,0,0,0,0,0,0
96854585,ARCTIC Liquid Freezer III PRO 280 A-RGB 서린,0,0,"_블랙_152,000|_화이트_168,640",0,0,"_블랙_151,990|_화이트_153,630",0,0,0,0,0,0,0,0,0,0,0,0,0
96854528,ARCTIC Liquid Freezer III PRO 280 서린,0,0,"블랙_144,800",0,0,"블랙_144,790",0,0,0,0,0,0,0,0,0,0,0,0,0
92045609,ARCTIC Liquid Freezer III PRO 360 A-RGB 서린,0,0,"_블랙_175,140|_화이트_189,990",0,0,"_블랙_175,140|_화이트_189,990",0,0,0,0,0,0,0,0,0,0,0,0,0
96579446,ARCTIC Liquid Freezer III PRO 360 A-RGB 피씨디렉트,0,0,0,0,0,"_블랙_177,080|_화이트_182,970",0,0,0,0,0,0,0,0,0,0,0,0,0
92045246,ARCTIC Liquid Freezer III PRO 360 서린,0,0,"158,500",0,0,"158,500",0,0,0,0,0,0,0,0,0,0,0,0,0
97304360,ARCTIC Liquid Freezer III PRO 360 피씨디렉트,0,0,"153,210",0,0,"154,830",0,0,0,0,0,0,0,0,0,0,0,0,0
94450808,ARCTIC Liquid Freezer III PRO 420 A-RGB 서린,0,0,"_블랙_196,790|_화이트_193,390",0,0,"_블랙_196,700|_화이트_193,390",0,0,0,0,0,0,0,0,0,0,0,0,0
94450799,ARCTIC Liquid Freezer III PRO 420 서린,0,0,"블랙_168,640",0,0,"블랙_156,840",0,0,0,0,0,0,0,0,0,0,0,0,0
122681829,ARCTIC Liquid Freezer III PRO 420 피씨디렉트,0,0,"블랙_170,200",0,0,"블랙_170,200",0,0,0,0,0,0,0,0,0,0,0,0,0
124238722,ARCTIC Liquid Freezer WS360-4710 서린,0,0,"블랙_323,110",0,0,"블랙_323,110",0,0,0,0,0,0,0,0,0,0,0,0,0
124238751,ARCTIC Liquid Freezer WS360-SP5 서린,0,0,"블랙_323,110",0,0,"블랙_323,110",0,0,0,0,0,0,0,0,0,0,0,0,0
124238758,ARCTIC Liquid Freezer WS360-SP6 서린,0,0,"블랙_298,760",0,0,"블랙_298,750",0,0,0,0,0,0,0,0,0,0,0,0,0
1283442,ARCTIC MX-4,0,0,"_4g_5,090|_8g_7,900|20g_17,300|45g_39,690",0,0,"_4g_5,280|_8g_7,900|20g_17,300|45g_39,690",0,0,0,0,0,0,0,0,0,0,0,0,0
6921745,ARCTIC MX-4 2019 Edition,0,0,"4g_5,500",0,0,"4g_5,500",0,0,0,0,0,0,0,0,0,0,0,0,0
5557492,ARCTIC MX-4 병행수입,0,0,"_4g_5,300|_20g_22,900",0,0,"_4g_5,300|_20g_22,900",0,0,0,0,0,0,0,0,0,0,0,0,0
18371033,ARCTIC MX-4 서린,0,0,"4g_5,250|_8g_7,600|_20g_16,400|45g_32,360",0,0,"_4g_5,190|8g_7,600|_20g_16,390|45g_30,130",0,0,0,0,0,0,0,0,0,0,0,0,0
18434333,ARCTIC MX-4 피씨디렉트,0,0,"_4g_5,490|_20g_17,300",0,0,"_4g_5,490|_20g_17,300",0,0,0,0,0,0,0,0,0,0,0,0,0
103066262,ARCTIC MX-7 서린,0,0,"2g_5,980|_4g_8,120|_8g_11,970|클리너/4g_12,870",0,0,"2g_6,090|_4g_8,330|_8g_11,680|클리너/4g_12,780",0,0,0,0,0,0,0,0,0,0,0,0,0
94570472,ARCTIC P12 Pro,0,0,"블랙_9,440",0,0,"블랙_9,430",0,0,0,0,0,0,0,0,0,0,0,0,0
122705941,ARCTIC P12 Pro A-RGB LN 서린,0,0,"_3팩, 블랙_50,960|_블랙_18,960",0,0,"_3팩, 블랙_50,950|_블랙_18,960",0,0,0,0,0,0,0,0,0,0,0,0,0
94570526,ARCTIC P12 Pro ARGB,0,0,"_블랙_19,350|_3팩, 블랙_51,360|화이트_17,860|3팩, 화이트_52,530",0,0,"_블랙_19,350|3팩, 블랙_51,350|_화이트_18,870|3팩, 화이트_52,530",0,0,0,0,0,0,0,0,0,0,0,0,0
102357374,ARCTIC P12 Pro ARGB Reverse 서린,0,0,"블랙_18,880|_3팩, 블랙_51,350|화이트_17,860|_3팩, 화이트_51,090",0,0,"블랙_18,870|_3팩, 블랙_51,350|화이트_18,870|_3팩, 화이트_51,090",0,0,0,0,0,0,0,0,0,0,0,0,0
122685853,ARCTIC P12 Pro ARGB Reverse 피씨디렉트,0,0,"_3팩, 화이트_52,530||_화이트_18,810",0,0,"_3팩, 화이트_52,530||_화이트_18,810",0,0,0,0,0,0,0,0,0,0,0,0,0
101625644,ARCTIC P12 Pro ARGB 피씨디렉트,0,0,"블랙_19,380|_3팩, 블랙_52,530|_화이트_18,860",0,0,"블랙_19,380|_3팩, 블랙_52,530|_화이트_18,860",0,0,0,0,0,0,0,0,0,0,0,0,0
122705924,ARCTIC P12 Pro LN 서린,0,0,"_5팩, 블랙_36,800|_블랙_9,370",0,0,"_5팩, 블랙_36,790|_블랙_9,300",0,0,0,0,0,0,0,0,0,0,0,0,0
94570715,ARCTIC P12 Pro PST,0,0,"_5팩, 블랙_42,800|_블랙_10,320|화이트_10,320",0,0,"_5팩, 블랙_42,790|_블랙_10,310|화이트_10,310",0,0,0,0,0,0,0,0,0,0,0,0,0
94570685,ARCTIC P12 Pro PST Co,0,0,"블랙_14,800",0,0,"블랙_14,790",0,0,0,0,0,0,0,0,0,0,0,0,0
122705921,ARCTIC P12 Pro PST LN 서린,0,0,"_5팩, 블랙_40,000|_블랙_9,600",0,0,"_5팩, 블랙_42,500|_블랙_9,590",0,0,0,0,0,0,0,0,0,0,0,0,0
122697102,ARCTIC P12 Pro PST LN 피씨디렉트,0,0,"_5팩, 블랙_43,220|_블랙_10,820",0,0,"_5팩, 블랙_43,220|_블랙_10,820",0,0,0,0,0,0,0,0,0,0,0,0,0
101625731,ARCTIC P12 Pro PST 피씨디렉트,0,0,"블랙_10,260|_5팩, 블랙_42,660|_화이트_10,160",0,0,"블랙_10,260|_5팩, 블랙_42,660|_화이트_10,160",0,0,0,0,0,0,0,0,0,0,0,0,0
106704374,ARCTIC P12 Pro Reverse PST 서린,0,0,"_3팩, 블랙_26,750|_블랙_10,380",0,0,"_3팩, 블랙_26,640|_블랙_10,370",0,0,0,0,0,0,0,0,0,0,0,0,0
122683417,ARCTIC P12 Pro Reverse PST 피씨디렉트,0,0,"_3팩, 블랙_27,220|_블랙_10,160",0,0,"_3팩, 블랙_27,220|_블랙_10,160",0,0,0,0,0,0,0,0,0,0,0,0,0
6980560,ARCTIC P12 SILENT,0,0,"8,200",0,0,"8,200",0,0,0,0,0,0,0,0,0,0,0,0,0
18348062,ARCTIC P12 SILENT 서린,0,0,"8,440",0,0,"8,440",0,0,0,0,0,0,0,0,0,0,0,0,0
18366851,ARCTIC P12 Slim PWM PST 서린,0,0,"_블랙_9,500|_밸류팩(3팩), 블랙_24,610",0,0,"_블랙_9,500|_밸류팩(3팩), 블랙_24,610",0,0,0,0,0,0,0,0,0,0,0,0,0
56150705,ARCTIC P14 MAX 서린,0,0,"_블랙_12,300|5팩, 블랙_545,000|_화이트_14,120",0,0,"_블랙_12,300|5팩, 블랙_545,000|_화이트_14,120",0,0,0,0,0,0,0,0,0,0,0,0,0
94814927,ARCTIC P14 Pro,0,0,"블랙_13,030",0,0,"블랙_13,030",0,0,0,0,0,0,0,0,0,0,0,0,0
102357545,ARCTIC P14 Pro A-RGB,0,0,"_블랙_22,790|3팩, 블랙_60,380|화이트_22,790|_3팩, 화이트_60,880",0,0,"_블랙_22,780|3팩, 블랙_58,870|화이트_22,780|_3팩, 화이트_57,860",0,0,0,0,0,0,0,0,0,0,0,0,0
104595560,ARCTIC P14 Pro A-RGB 피씨디렉트,0,0,"3팩, 블랙_63,890|_블랙_23,900|_화이트_23,890",0,0,"3팩, 블랙_63,890|_블랙_23,900|_화이트_23,890",0,0,0,0,0,0,0,0,0,0,0,0,0
99479627,ARCTIC P14 Pro A-RGB 해외구매,0,0,"블랙_36,470",0,0,"블랙_36,460",0,0,0,0,0,0,0,0,0,0,0,0,0
102357626,ARCTIC P14 Pro ARGB Reverse 서린,0,0,"블랙_20,400|3팩, 블랙_60,380|_화이트_20,400|_3팩, 화이트_60,590",0,0,"블랙_20,390|_3팩, 블랙_58,870|화이트_20,390|_3팩, 화이트_60,590",0,0,0,0,0,0,0,0,0,0,0,0,0
94815023,ARCTIC P14 Pro PST CO 서린,0,0,"블랙_17,120",0,0,"블랙_17,110",0,0,0,0,0,0,0,0,0,0,0,0,0
94814960,ARCTIC P14 Pro PST 서린,0,0,"_블랙_12,700|_5팩, 블랙_52,320|화이트_13,280",0,0,0,0,0,0,0,0,0,0,0,0,0,0,0,0
94814978,ARCTIC P14 Pro PST 서린,0,0,0,0,0,"_블랙_12,700|_5팩, 블랙_52,310|화이트_13,270",0,0,0,0,0,0,0,0,0,0,0,0,0
104614655,ARCTIC P14 Pro PST 피씨디렉트,0,0,"_5팩, 블랙_54,860|블랙_13,030|_화이트_13,560",0,0,"_5팩, 블랙_54,860|블랙_13,030|_화이트_13,560",0,0,0,0,0,0,0,0,0,0,0,0,0
102357698,ARCTIC P14 Pro Reverse PST 서린,0,0,"_블랙_10,800|_3팩, 블랙_35,160",0,0,"_블랙_10,800|_3팩, 블랙_35,050",0,0,0,0,0,0,0,0,0,0,0,0,0
122686792,ARCTIC P14 Pro Reverse PST 피씨디렉트,0,0,"_3팩, 블랙_36,010|_블랙_13,530",0,0,"_3팩, 블랙_36,010|_블랙_13,560",0,0,0,0,0,0,0,0,0,0,0,0,0
18366971,ARCTIC P14 Slim PWM PST 서린,0,0,"10,660",0,0,"10,620",0,0,0,0,0,0,0,0,0,0,0,0,0
28537682,ARCTIC P8 MAX 서린,0,0,"블랙_9,190",0,0,"블랙_9,100",0,0,0,0,0,0,0,0,0,0,0,0,0
18366731,ARCTIC P8 PWM PST 서린,0,0,"_블랙_8,160|_밸류팩(5팩), 블랙_32,800",0,0,"_블랙_8,150|_밸류팩(5팩), 블랙_32,790",0,0,0,0,0,0,0,0,0,0,0,0,0
78612956,ARCTIC P8 slim PWM PST 서린,0,0,"9,490",0,0,"9,400",0,0,0,0,0,0,0,0,0,0,0,0,0
78613049,ARCTIC P9 MAX,0,0,"블랙_9,440",0,0,"블랙_9,430",0,0,0,0,0,0,0,0,0,0,0,0,0
78615083,ARCTIC P9 PWM PST,0,0,"블랙_9,290",0,0,"블랙_9,290",0,0,0,0,0,0,0,0,0,0,0,0,0
74251937,ARCTIC S12038-4K,0,0,"21,100",0,0,"21,100",0,0,0,0,0,0,0,0,0,0,0,0,0
78613406,ARCTIC S12038-4K 서린,0,0,"_1팩_20,880|_3팩_57,110",0,0,"_1팩_20,870|_3팩_57,110",0,0,0,0,0,0,0,0,0,0,0,0,0
73697615,ARCTIC S12038-8K 서린,0,0,"_1팩_21,840|_3팩_60,000",0,0,"_1팩_21,830|_3팩_59,990",0,0,0,0,0,0,0,0,0,0,0,0,0
78613232,ARCTIC S4028-15K,0,0,"5팩_60,000",0,0,"5팩_59,990",0,0,0,0,0,0,0,0,0,0,0,0,0
78613166,ARCTIC S4028-6K,0,0,"5팩_53,360",0,0,"5팩_53,350",0,0,0,0,0,0,0,0,0,0,0,0,0
71506034,ARCTIC S8038-10K,0,0,"_1팩_21,920|_4팩_68,200",0,0,"_1팩_21,910|_4팩_68,200",0,0,0,0,0,0,0,0,0,0,0,0,0
78613301,ARCTIC S8038-7K,0,0,"_1팩_18,960|_4팩_59,990",0,0,"_1팩_18,930|_4팩_59,480",0,0,0,0,0,0,0,0,0,0,0,0,0
3470631,ARCTIC VRM set(GTX 980),0,0,"15,500",0,0,"15,500",0,0,0,0,0,0,0,0,0,0,0,0,0
13736333,ASRock ARGB Strip 에즈윈,0,0,"17,000",0,0,"17,000",0,0,0,0,0,0,0,0,0,0,0,0,0
13740815,ASRock DeskMini USB Hub 에즈윈,0,0,"12,850",0,0,"12,850",0,0,0,0,0,0,0,0,0,0,0,0,0
77382095,ASUS AR120 ARGB PWM 벌크,0,0,"9,930",0,0,"9,930",0,0,0,0,0,0,0,0,0,0,0,0,0
124182462,ASUS LC 360 ARGB 대원씨티에스,0,0,블랙_가격비교예정,0,0,블랙_가격비교예정,0,0,0,0,0,0,0,0,0,0,0,0,0
71723663,ASUS PRIME LC 360 ARGB,0,0,"블랙_106,560",0,0,"블랙_106,560",0,0,0,0,0,0,0,0,0,0,0,0,0
106727237,ASUS ProArt PF120 PWM,0,0,"_3팩, 블랙_110,770|_3팩, 화이트_110,270|블랙_43,890|화이트_43,590",0,0,"_3팩, 블랙_110,770|_3팩, 화이트_110,270|블랙_43,890|화이트_43,590",0,0,0,0,0,0,0,0,0,0,0,0,0
123799663,ASUS ROG Eurux GR120 ARGB,0,0,"_3팩, 블랙_190,590|_3팩, 화이트_190,610",0,0,"_3팩, 블랙_190,590|_3팩, 화이트_190,610",0,0,0,0,0,0,0,0,0,0,0,0,0
123799983,ASUS ROG Eurux GR120 ARGB Reverse,0,0,"3팩, 화이트_190,610",0,0,"3팩, 화이트_190,610",0,0,0,0,0,0,0,0,0,0,0,0,0
21507791,ASUS ROG RYUJIN III 240 ARGB WHITE EDITION,0,0,"345,730",0,0,"335,710",0,0,0,0,0,0,0,0,0,0,0,0,0
43491383,ASUS ROG RYUJIN III WB 대원씨티에스,0,0,"411,000",0,0,"411,000",0,0,0,0,0,0,0,0,0,0,0,0,0
19953968,ASUS ROG RYUO III 240 ARGB WHITE EDITION,0,0,"446,400",0,0,"446,400",0,0,0,0,0,0,0,0,0,0,0,0,0
16794326,ASUS ROG STRIX LC II 240 ARGB WHITE 인텍앤컴퍼니,0,0,"119,000",0,0,"119,000",0,0,0,0,0,0,0,0,0,0,0,0,0
43491374,ASUS ROG STRIX LC III 240 ARGB 대원씨티에스,0,0,"화이트_285,090",0,0,"화이트_285,090",0,0,0,0,0,0,0,0,0,0,0,0,0
122707799,ASUS ROG STRIX LC IV 360 ARGB LCD 대원씨티에스,0,0,"_블랙_340,000|_화이트_320,740",0,0,"_블랙_318,000|_화이트_320,740",0,0,0,0,0,0,0,0,0,0,0,0,0
122708107,ASUS ROG STRIX SLC IV 360 ARGB LCD 대원씨티에스,0,0,"블랙_352,000",0,0,"블랙_335,000",0,0,0,0,0,0,0,0,0,0,0,0,0
15015233,ASUS TUF Gaming LC 120 ARGB,0,0,"261,370",0,0,"261,370",0,0,0,0,0,0,0,0,0,0,0,0,0
7491625,Antec A400 RGB,0,0,"47,000",0,0,"47,000",0,0,0,0,0,0,0,0,0,0,0,0,0
17813201,Antec A400i RGB,0,0,"34,000",0,0,"34,000",0,0,0,0,0,0,0,0,0,0,0,0,0
5623597,Antec C40 BLUE LED,0,0,"34,000",0,0,"34,000",0,0,0,0,0,0,0,0,0,0,0,0,0
5623581,Antec C400 BLUE LED,0,0,"50,140",0,0,"50,140",0,0,0,0,0,0,0,0,0,0,0,0,0
28829411,Antec DAGGER GPU BRACKET,0,0,"ARGB 화이트_18,900",0,0,"ARGB 화이트_18,900",0,0,0,0,0,0,0,0,0,0,0,0,0
102001736,Antec F14 PWM ARGB,0,0,"컨트롤러/3팩, 블랙_49,900",0,0,"컨트롤러/3팩, 블랙_49,900",0,0,0,0,0,0,0,0,0,0,0,0,0
17676869,Antec FUSION 120 ARGB,0,0,"블랙_25,000|_컨트롤러/3팩, 블랙_70,510|_컨트롤러/5팩, 화이트_138,240",0,0,"블랙_25,000|_컨트롤러/3팩, 블랙_70,510|_컨트롤러/5팩, 화이트_138,240",0,0,0,0,0,0,0,0,0,0,0,0,0
95985785,Antec FUSION T3 140 ARGB,0,0,"25,500",0,0,"25,500",0,0,0,0,0,0,0,0,0,0,0,0,0
58028558,Antec GPU HOLDER I SHAPE PRISM,0,0,"_블랙_9,630|_화이트_10,070",0,0,"_블랙_10,070|_화이트_10,070",0,0,0,0,0,0,0,0,0,0,0,0,0
8367249,Antec Kuhler H2O K240 RGB,0,0,"109,000",0,0,"109,000",0,0,0,0,0,0,0,0,0,0,0,0,0
124046449,Antec Luna 360 ARGB,0,0,"_블랙_59,000|_화이트_62,000",0,0,"_블랙_59,000|_화이트_62,000",0,0,0,0,0,0,0,0,0,0,0,0,0
32079068,Antec NEON 120 PWM ARGB,0,0,"컨트롤러/3팩_34,230",0,0,"컨트롤러/3팩_34,230",0,0,0,0,0,0,0,0,0,0,0,0,0
10701780,Antec NEPTUNE 120 ARGB,0,0,"92,650",0,0,"92,650",0,0,0,0,0,0,0,0,0,0,0,0,0
10701795,Antec NEPTUNE 240 ARGB,0,0,"128,520",0,0,"128,520",0,0,0,0,0,0,0,0,0,0,0,0,0
92624678,Antec NOVA 120 PWM,0,0,"_컨트롤러/1팩, 블랙_23,500|_컨트롤러/3팩, 블랙_67,900",0,0,"_컨트롤러/1팩, 블랙_23,500|_컨트롤러/3팩, 블랙_67,900",0,0,0,0,0,0,0,0,0,0,0,0,0
63873956,Antec Neo PRIZM T3 140 PWM ARGB,0,0,"_벌크, 화이트_27,000|_컨트롤러/3팩, 화이트_77,900",0,0,"_벌크, 화이트_27,000|_컨트롤러/3팩, 화이트_77,900",0,0,0,0,0,0,0,0,0,0,0,0,0
95346971,Antec Orbit 120 PWM ARGB,0,0,"_벌크 1팩_23,500|_3팩_67,900",0,0,"_벌크 1팩_23,500|_3팩_67,900",0,0,0,0,0,0,0,0,0,0,0,0,0
102619358,Antec P12 PWM,0,0,"_3팩_26,500|_5팩_40,920",0,0,"_3팩_26,500|_5팩_40,920",0,0,0,0,0,0,0,0,0,0,0,0,0
71159171,Antec P12R PWM ARGB 리버스,0,0,"_블랙_12,000|_화이트_12,000",0,0,"_블랙_12,000|_화이트_12,000",0,0,0,0,0,0,0,0,0,0,0,0,0
6686944,Antec PRIZM 120 ARGB,0,0,"컨트롤러/3팩_81,800",0,0,"컨트롤러/3팩_81,800",0,0,0,0,0,0,0,0,0,0,0,0,0
15118949,Antec PRIZM X 120 ARGB,0,0,"컨트롤러/3팩_59,000",0,0,"컨트롤러/3팩_59,000",0,0,0,0,0,0,0,0,0,0,0,0,0
77279279,Antec STORM 120 PWM ARGB,0,0,"_벌크 1팩_18,600|_3팩_49,900",0,0,0,0,0,0,0,0,0,0,0,0,0,0,0,0
77279258,Antec STORM 120 PWM ARGB,0,0,0,0,0,"_벌크 1팩_18,600|_3팩_49,900",0,0,0,0,0,0,0,0,0,0,0,0,0
20137400,Antec STORM T3 120 PWM,0,0,"3팩_56,760",0,0,"3팩_56,760",0,0,0,0,0,0,0,0,0,0,0,0,0
102004841,Antec STORM T3 140 PWM ARGB,0,0,"컨트롤러/3팩_72,500",0,0,"컨트롤러/3팩_72,500",0,0,0,0,0,0,0,0,0,0,0,0,0
15786776,Antec SYMPHONY 240 ARGB,0,0,"119,000",0,0,"119,000",0,0,0,0,0,0,0,0,0,0,0,0,0
98924324,Antec Skeleton 240 ARGB,0,0,"블랙_79,000",0,0,"블랙_79,000",0,0,0,0,0,0,0,0,0,0,0,0,0
98924354,Antec Skeleton 360 ARGB,0,0,"_블랙_99,000|_화이트_104,000",0,0,"_블랙_99,000|_화이트_104,000",0,0,0,0,0,0,0,0,0,0,0,0,0
124046524,Antec Skeleton Matrix 360 ARGB,0,0,"블랙_100,080",0,0,"블랙_100,080",0,0,0,0,0,0,0,0,0,0,0,0,0
92624846,Antec Tranquil 120 PWM ARGB,0,0,"벌크_19,900",0,0,"벌크_19,900",0,0,0,0,0,0,0,0,0,0,0,0,0
76512209,Antec Tranquil 120 PWM 벌크,0,0,"19,900",0,0,"19,900",0,0,0,0,0,0,0,0,0,0,0,0,0
102004847,Antec Tranquil 140 PWM ARGB,0,0,"1팩_27,000",0,0,"1팩_27,000",0,0,0,0,0,0,0,0,0,0,0,0,0
124046484,Antec Ultra 360 ARGB,0,0,"_블랙_54,000|_화이트_59,000",0,0,"_블랙_54,000|_화이트_59,000",0,0,0,0,0,0,0,0,0,0,0,0,0
18072155,Antec VORTEX 240 ARGB,0,0,"137,340",0,0,"137,340",0,0,0,0,0,0,0,0,0,0,0,0,0
57710066,Antec VORTEX 360 ARGB,0,0,"화이트_179,000",0,0,"화이트_179,000",0,0,0,0,0,0,0,0,0,0,0,0,0
72974351,Antec VORTEX LUM 240 ARGB,0,0,"99,000",0,0,"99,000",0,0,0,0,0,0,0,0,0,0,0,0,0
72974435,Antec VORTEX LUM 360 ARGB,0,0,"화이트_139,000",0,0,"화이트_139,000",0,0,0,0,0,0,0,0,0,0,0,0,0
123621811,Antec VORTEX VIEW 360,0,0,"블랙_291,100",0,0,"블랙_291,100",0,0,0,0,0,0,0,0,0,0,0,0,0
2232785,BLACKNOISE NB-BlackSilentPRO PE-P,0,0,"22,600",0,0,"22,600",0,0,0,0,0,0,0,0,0,0,0,0,0
2186214,BLACKNOISE NB-BlackSilentPRO PK-1,0,0,"26,000",0,0,"26,000",0,0,0,0,0,0,0,0,0,0,0,0,0
2186226,BLACKNOISE NB-BlackSilentPRO PK-2,0,0,"26,000",0,0,"26,000",0,0,0,0,0,0,0,0,0,0,0,0,0
2150615,BLACKNOISE NB-BlackSilentPRO PL-1,0,0,"23,000",0,0,"23,000",0,0,0,0,0,0,0,0,0,0,0,0,0
2127956,BLACKNOISE NB-eLoop B12-P,0,0,"30,000",0,0,"30,000",0,0,0,0,0,0,0,0,0,0,0,0,0
13006916,BRAVOTEC M4 마블 블랙팬서,0,0,"12,000",0,0,"12,000",0,0,0,0,0,0,0,0,0,0,0,0,0
13006964,BRAVOTEC M4 마블 스파이더맨,0,0,"18,960",0,0,"18,810",0,0,0,0,0,0,0,0,0,0,0,0,0
13006982,BRAVOTEC M4 마블 아이언맨,0,0,"18,960",0,0,"18,790",0,0,0,0,0,0,0,0,0,0,0,0,0
13007003,BRAVOTEC M4 마블 캡틴아메리카,0,0,"18,970",0,0,"18,810",0,0,0,0,0,0,0,0,0,0,0,0,0
13007036,BRAVOTEC M4 마블 타노스,0,0,"18,960",0,0,"18,960",0,0,0,0,0,0,0,0,0,0,0,0,0
74999153,BRAVOTEC X120 ARGB 리버스,0,0,"_블랙_7,580|_화이트_7,590",0,0,"_블랙_7,580|_화이트_7,590",0,0,0,0,0,0,0,0,0,0,0,0,0
13502168,BRAVOTEC 스톤마일 NEO,0,0,"_블랙_13,160|_화이트_13,370",0,0,"_블랙_13,160|_화이트_13,370",0,0,0,0,0,0,0,0,0,0,0,0,0
13502048,BRAVOTEC 스톤마일 NEO ARGB,0,0,"블랙_14,670",0,0,"블랙_14,670",0,0,0,0,0,0,0,0,0,0,0,0,0
58936541,COLORFUL COLORFIRE BEICED II 240 ARGB MEOW COOLER ORANGE STCOM,0,0,"66,000",0,0,"66,000",0,0,0,0,0,0,0,0,0,0,0,0,0
58936652,COLORFUL COLORFIRE HQ-12 PRO MEOW FAN ORANGE STCOM,0,0,"9,900",0,0,"9,900",0,0,0,0,0,0,0,0,0,0,0,0,0
62794862,COLORFUL COLORFIRE HQ-12 PRO MEOW FAN ORANGE 디앤디컴,0,0,"9,690",0,0,"9,690",0,0,0,0,0,0,0,0,0,0,0,0,0
55386368,COOLERTEC ALPHA-1700 GOLD,0,0,"38,460",0,0,"38,460",0,0,0,0,0,0,0,0,0,0,0,0,0
2659038,COOLERTEC CT-G80 팬그릴,0,0,_블랙_790|골드_850|_실버_560,0,0,0,0,0,0,0,0,0,0,0,0,0,0,0,0
9763917,COOLERTEC CT12025L05R,0,0,"6,110",0,0,"6,110",0,0,0,0,0,0,0,0,0,0,0,0,0
18951578,COOLERTEC CT7015L05R-2P,0,0,"4,750",0,0,"4,750",0,0,0,0,0,0,0,0,0,0,0,0,0
3199573,COOLERTEC CTV-ZB-4P,0,0,"15,780",0,0,"15,780",0,0,0,0,0,0,0,0,0,0,0,0,0
3114665,COOLERTEC FFM 140 Magnetic,0,0,"8,780",0,0,"8,780",0,0,0,0,0,0,0,0,0,0,0,0,0
6915286,COOLERTEC IO20020DX-ORANGE,0,0,"5,270",0,0,"5,270",0,0,0,0,0,0,0,0,0,0,0,0,0
4823054,COOLERTEC LIGHT SHOW-14025 BLUE (A),0,0,"1,410",0,0,0,0,0,0,0,0,0,0,0,0,0,0,0,0
16099241,COOLERTEC THERMAL HQ CUSION PAD-1010,0,0,"3,780",0,0,"3,780",0,0,0,0,0,0,0,0,0,0,0,0,0
11283207,COOLERTEC USB-20025-WHITE(32),0,0,0,0,0,"9,500",0,0,0,0,0,0,0,0,0,0,0,0,0
6916555,COOLERTEC USB-8015-CLG1,0,0,0,0,0,"6,320",0,0,0,0,0,0,0,0,0,0,0,0,0
13477493,COOLERTEC VCF-41 (4P-PWM),0,0,"7,420",0,0,0,0,0,0,0,0,0,0,0,0,0,0,0,0
122665202,COOLLEO A60 V2 ARGB 3RSYS,0,0,"_블랙_38,000|_화이트_38,000",0,0,"_블랙_38,000|_화이트_38,000",0,0,0,0,0,0,0,0,0,0,0,0,0
122665384,COOLLEO B40S DIG ARGB 3RSYS,0,0,"블랙_26,000",0,0,"블랙_26,000",0,0,0,0,0,0,0,0,0,0,0,0,0
122665341,COOLLEO B40S LITE 3RSYS,0,0,"블랙_21,000",0,0,"블랙_21,000",0,0,0,0,0,0,0,0,0,0,0,0,0
123236288,COOLLEO B50S PWM 3RSYS,0,0,"블랙_22,400",0,0,"블랙_22,400",0,0,0,0,0,0,0,0,0,0,0,0,0
122665284,COOLLEO B60T LCD SERIES 3RSYS,0,0,"블랙_79,500",0,0,"블랙_79,500",0,0,0,0,0,0,0,0,0,0,0,0,0
122665262,COOLLEO B60T V2 3RSYS,0,0,"블랙_49,500",0,0,"블랙_49,500",0,0,0,0,0,0,0,0,0,0,0,0,0
122665415,COOLLEO ICE MIRROR 360 3RSYS,0,0,"블랙_71,000",0,0,"블랙_71,000",0,0,0,0,0,0,0,0,0,0,0,0,0
5163166,CORSAIR HD140 RGB,0,0,"컨트롤러/2팩_100,000",0,0,"컨트롤러/2팩_100,000",0,0,0,0,0,0,0,0,0,0,0,0,0
9733026,CORSAIR HYDRO X SERIES XD5 RGB,0,0,"325,170",0,0,"325,170",0,0,0,0,0,0,0,0,0,0,0,0,0
9752070,CORSAIR HYDRO X SERIES XR7,0,0,"360mm_247,160",0,0,"360mm_247,160",0,0,0,0,0,0,0,0,0,0,0,0,0
5606395,CORSAIR LL120 RGB,0,0,"_블랙_44,000|컨트롤러/3팩, 블랙_149,000|_화이트_47,000|컨트롤러/3팩, 화이트_168,000",0,0,"_블랙_44,000|_컨트롤러/3팩, 블랙_149,000|화이트_47,000|컨트롤러/3팩, 화이트_168,000",0,0,0,0,0,0,0,0,0,0,0,0,0
5606431,CORSAIR LL140 RGB,0,0,"_1팩_54,000|_컨트롤러/2팩_128,000",0,0,0,0,0,0,0,0,0,0,0,0,0,0,0,0
5606437,CORSAIR LL140 RGB,0,0,0,0,0,"_1팩_54,000|_컨트롤러/2팩_128,000",0,0,0,0,0,0,0,0,0,0,0,0,0
4396397,CORSAIR ML140 PRO,0,0,"레드_25,000",0,0,"레드_25,000",0,0,0,0,0,0,0,0,0,0,0,0,0
5726557,CORSAIR ML140 PRO RGB,0,0,"컨트롤러/2팩_112,000",0,0,"컨트롤러/2팩_112,000",0,0,0,0,0,0,0,0,0,0,0,0,0
70002641,CORSAIR NAUTILUS 240 RS,0,0,"148,790",0,0,"148,790",0,0,0,0,0,0,0,0,0,0,0,0,0
70002875,CORSAIR NAUTILUS 240 RS ARGB,0,0,"블랙_154,790",0,0,"블랙_154,790",0,0,0,0,0,0,0,0,0,0,0,0,0
96260573,CORSAIR NAUTILUS 240 RS LCD,0,0,"_블랙_199,000|_화이트_147,300",0,0,"_블랙_199,000|_화이트_147,310",0,0,0,0,0,0,0,0,0,0,0,0,0
70003022,CORSAIR NAUTILUS 360 RS,0,0,"124,170",0,0,"124,330",0,0,0,0,0,0,0,0,0,0,0,0,0
70003097,CORSAIR NAUTILUS 360 RS ARGB,0,0,"_블랙_137,070|_화이트_137,860",0,0,"_블랙_137,900|_화이트_137,900",0,0,0,0,0,0,0,0,0,0,0,0,0
96260189,CORSAIR NAUTILUS 360 RS LCD,0,0,"_블랙_191,130|_화이트_184,960",0,0,"_블랙_184,970|_화이트_184,970",0,0,0,0,0,0,0,0,0,0,0,0,0
124326735,CORSAIR NAUTILUS II 360 RS,0,0,블랙_가격비교예정,0,0,블랙_가격비교예정,0,0,0,0,0,0,0,0,0,0,0,0,0
124326746,CORSAIR NAUTILUS II 360 RS ARGB,0,0,_블랙_가격비교예정|_화이트_가격비교예정,0,0,_블랙_가격비교예정|_화이트_가격비교예정,0,0,0,0,0,0,0,0,0,0,0,0,0
124326713,CORSAIR NAUTILUS II 360 RS LCD,0,0,_블랙_가격비교예정|_화이트_가격비교예정,0,0,_블랙_가격비교예정|_화이트_가격비교예정,0,0,0,0,0,0,0,0,0,0,0,0,0
96260678,CORSAIR NAUTILUS RS LCD 모듈,0,0,"_블랙_67,880|_화이트_73,980",0,0,"_블랙_67,890|_화이트_73,990",0,0,0,0,0,0,0,0,0,0,0,0,0
62070398,CORSAIR RS120 ARGB,0,0,"블랙_17,830|_3팩, 블랙_51,990|화이트_17,810|_3팩, 화이트_51,140",0,0,"블랙_18,390|_3팩, 블랙_51,990|화이트_17,940|_3팩, 화이트_53,760",0,0,0,0,0,0,0,0,0,0,0,0,0
124298531,CORSAIR RS120 II,0,0,블랙_가격비교예정,0,0,블랙_가격비교예정,0,0,0,0,0,0,0,0,0,0,0,0,0
124298495,CORSAIR RS120 II ARGB,0,0,_블랙_가격비교예정|_화이트_가격비교예정,0,0,_블랙_가격비교예정|_화이트_가격비교예정,0,0,0,0,0,0,0,0,0,0,0,0,0
54217421,CORSAIR RS120 MAX,0,0,"3팩_109,000",0,0,"3팩_109,000",0,0,0,0,0,0,0,0,0,0,0,0,0
62070563,CORSAIR RS140 ARGB,0,0,"_2팩, 블랙_42,770|블랙_22,750|화이트_23,090|_2팩, 화이트_42,770",0,0,"_2팩, 블랙_44,530|블랙_24,990|화이트_24,990|_2팩, 화이트_45,990",0,0,0,0,0,0,0,0,0,0,0,0,0
124298550,CORSAIR RS140 II,0,0,블랙_가격비교예정,0,0,블랙_가격비교예정,0,0,0,0,0,0,0,0,0,0,0,0,0
124298505,CORSAIR RS140 II ARGB,0,0,_블랙_가격비교예정|_화이트_가격비교예정,0,0,_블랙_가격비교예정|_화이트_가격비교예정,0,0,0,0,0,0,0,0,0,0,0,0,0
54217526,CORSAIR RS140 MAX,0,0,"2팩_85,000",0,0,"2팩_85,000",0,0,0,0,0,0,0,0,0,0,0,0,0
124298571,CORSAIR RS360 II,0,0,블랙_가격비교예정,0,0,블랙_가격비교예정,0,0,0,0,0,0,0,0,0,0,0,0,0
124298517,CORSAIR RS360 II ARGB,0,0,_블랙_가격비교예정|_화이트_가격비교예정,0,0,_블랙_가격비교예정|_화이트_가격비교예정,0,0,0,0,0,0,0,0,0,0,0,0,0
18932525,CORSAIR iCUE AF120 ELITE RGB,0,0,"3팩, 화이트_165,000",0,0,"3팩, 화이트_165,000",0,0,0,0,0,0,0,0,0,0,0,0,0
18932126,CORSAIR iCUE AF140 RGB ELITE,0,0,"화이트_40,370",0,0,"화이트_40,370",0,0,0,0,0,0,0,0,0,0,0,0,0
14657810,CORSAIR iCUE H100 RGB,0,0,"156,000",0,0,"156,000",0,0,0,0,0,0,0,0,0,0,0,0,0
19091453,CORSAIR iCUE H100i ELITE LCD XT,0,0,"385,000",0,0,"385,000",0,0,0,0,0,0,0,0,0,0,0,0,0
20746604,CORSAIR iCUE H100i ELITE RGB,0,0,"화이트_209,000",0,0,"화이트_209,000",0,0,0,0,0,0,0,0,0,0,0,0,0
12797552,CORSAIR iCUE H115i ELITE CAPELLIX,0,0,"302,020",0,0,"302,020",0,0,0,0,0,0,0,0,0,0,0,0,0
19091831,CORSAIR iCUE H150i ELITE LCD XT,0,0,"블랙_419,000",0,0,"블랙_419,000",0,0,0,0,0,0,0,0,0,0,0,0,0
19092236,CORSAIR iCUE H170i ELITE LCD XT,0,0,"459,000",0,0,"459,000",0,0,0,0,0,0,0,0,0,0,0,0,0
124326669,CORSAIR iCUE LINK 5″ LCD Screen Module,0,0,_블랙_가격비교예정|_화이트_가격비교예정,0,0,_블랙_가격비교예정|_화이트_가격비교예정,0,0,0,0,0,0,0,0,0,0,0,0,0
124326675,CORSAIR iCUE LINK 5″ LCD Screen Module,0,0,_블랙_가격비교예정|_화이트_가격비교예정,0,0,_블랙_가격비교예정|_화이트_가격비교예정,0,0,0,0,0,0,0,0,0,0,0,0,0
60151559,CORSAIR iCUE LINK AIO VRM FAN MODULE,0,0,"_블랙_35,690|_화이트_38,990",0,0,"_블랙_38,990|_화이트_39,990",0,0,0,0,0,0,0,0,0,0,0,0,0
30103115,CORSAIR iCUE LINK H100i LCD AIO,0,0,"블랙_176,680",0,0,"블랙_178,990",0,0,0,0,0,0,0,0,0,0,0,0,0
27763583,CORSAIR iCUE LINK H100i RGB,0,0,"_블랙_139,000|_화이트_133,040",0,0,"_블랙_139,000|_화이트_133,040",0,0,0,0,0,0,0,0,0,0,0,0,0
27401561,CORSAIR iCUE LINK H150i RGB,0,0,"화이트_179,000",0,0,"화이트_179,000",0,0,0,0,0,0,0,0,0,0,0,0,0
62071031,CORSAIR iCUE LINK LX120 RGB Expansion Fan,0,0,"_블랙_36,470|_화이트_35,330",0,0,"_블랙_36,840|_화이트_36,960",0,0,0,0,0,0,0,0,0,0,0,0,0
62071139,CORSAIR iCUE LINK LX120 RGB STARTER KIT,0,0,"_3팩, 블랙_132,000|_3팩, 화이트_119,540",0,0,"_3팩, 블랙_132,000|_3팩, 화이트_125,890",0,0,0,0,0,0,0,0,0,0,0,0,0
70766585,CORSAIR iCUE LINK LX120-R RGB Expansion Fan Reverse,0,0,"_블랙_35,330|_화이트_35,330",0,0,0,0,0,0,0,0,0,0,0,0,0,0,0,0
70766564,CORSAIR iCUE LINK LX120-R RGB Expansion Fan Reverse,0,0,0,0,0,"_블랙_36,720|_화이트_36,730",0,0,0,0,0,0,0,0,0,0,0,0,0
70766708,CORSAIR iCUE LINK LX120-R RGB STARTER KIT Reverse,0,0,"_3팩, 블랙_123,690|_3팩, 화이트_116,530",0,0,"_3팩, 블랙_123,700|_3팩, 화이트_123,700",0,0,0,0,0,0,0,0,0,0,0,0,0
62071400,CORSAIR iCUE LINK LX140 RGB Expansion Fan,0,0,"_블랙_40,720|_화이트_40,720",0,0,"_블랙_40,730|_화이트_40,730",0,0,0,0,0,0,0,0,0,0,0,0,0
62071604,CORSAIR iCUE LINK LX140 RGB STARTER KIT,0,0,"_블랙, 2팩_101,680|_화이트, 2팩_96,710",0,0,"_블랙, 2팩_102,600|_화이트, 2팩_100,990",0,0,0,0,0,0,0,0,0,0,0,0,0
70766894,CORSAIR iCUE LINK LX140-R RGB Expansion Fan Reverse,0,0,"_블랙_43,380|_화이트_43,390",0,0,"_블랙_43,390|_화이트_43,390",0,0,0,0,0,0,0,0,0,0,0,0,0
70767224,CORSAIR iCUE LINK LX140-R RGB STARTER KIT Reverse,0,0,"_2팩, 블랙_96,130|_2팩, 화이트_101,680",0,0,"_2팩, 블랙_101,690|_2팩, 화이트_101,700",0,0,0,0,0,0,0,0,0,0,0,0,0
20747891,CORSAIR iCUE LINK QX120 RGB Expansion KIT,0,0,"_블랙_57,680|_화이트_53,180",0,0,0,0,0,0,0,0,0,0,0,0,0,0,0,0
20747894,CORSAIR iCUE LINK QX120 RGB Expansion KIT,0,0,0,0,0,"_블랙_57,690|_화이트_57,470",0,0,0,0,0,0,0,0,0,0,0,0,0
20747624,CORSAIR iCUE LINK QX120 RGB STARTER KIT,0,0,"_컨트롤러/3팩, 블랙_175,220|_컨트롤러/3팩, 화이트_175,220",0,0,"_컨트롤러/3팩, 블랙_179,790|_컨트롤러/3팩, 화이트_179,790",0,0,0,0,0,0,0,0,0,0,0,0,0
20747918,CORSAIR iCUE LINK QX140 RGB Expansion KIT,0,0,"_블랙_63,430|_화이트_63,740",0,0,"_블랙_63,760|_화이트_63,760",0,0,0,0,0,0,0,0,0,0,0,0,0
20747909,CORSAIR iCUE LINK QX140 RGB STARTER KIT,0,0,"_컨트롤러/2팩, 블랙_115,500|_컨트롤러/2팩, 화이트_109,720",0,0,"_컨트롤러/2팩, 블랙_115,490|_컨트롤러/2팩, 화이트_115,490",0,0,0,0,0,0,0,0,0,0,0,0,0
73124927,CORSAIR iCUE LINK RX120 MAX PWM THICK Expansion Fan,0,0,"블랙_49,000",0,0,"블랙_49,000",0,0,0,0,0,0,0,0,0,0,0,0,0
73125572,CORSAIR iCUE LINK RX120 MAX RGB,0,0,"_블랙_55,000|_컨트롤러/3팩, 블랙_179,000|화이트_55,000|컨트롤러/3팩, 화이트_179,000",0,0,"_블랙_55,000|_컨트롤러/3팩, 블랙_179,000|화이트_55,000|컨트롤러/3팩, 화이트_179,000",0,0,0,0,0,0,0,0,0,0,0,0,0
38456054,CORSAIR iCUE LINK RX120 RGB Expansion Fan,0,0,"_블랙_38,060|_화이트_37,610",0,0,"_블랙_39,590|_화이트_39,590",0,0,0,0,0,0,0,0,0,0,0,0,0
38456066,CORSAIR iCUE LINK RX120 RGB STARTER KIT,0,0,"_블랙_118,990|_화이트_115,990",0,0,"_블랙_118,990|_화이트_115,990",0,0,0,0,0,0,0,0,0,0,0,0,0
38456078,CORSAIR iCUE LINK RX140 RGB Expansion Fan,0,0,"_블랙_44,490|_화이트_43,980",0,0,"_블랙_44,490|_화이트_43,990",0,0,0,0,0,0,0,0,0,0,0,0,0
38456081,CORSAIR iCUE LINK RX140 RGB STARTER KIT,0,0,"_블랙_98,380|_화이트_97,890",0,0,"_블랙_98,390|_화이트_97,890",0,0,0,0,0,0,0,0,0,0,0,0,0
70003325,CORSAIR iCUE LINK TITAN 240 RX LCD,0,0,"_블랙_206,640|_화이트_207,890",0,0,"_블랙_207,930|_화이트_207,930",0,0,0,0,0,0,0,0,0,0,0,0,0
63062579,CORSAIR iCUE LINK TITAN 240 RX RGB,0,0,"_블랙_169,190|_화이트_130,500",0,0,"_블랙_169,190|_화이트_130,570",0,0,0,0,0,0,0,0,0,0,0,0,0
70003505,CORSAIR iCUE LINK TITAN 360 RX LCD,0,0,"_블랙_249,650|_화이트_248,180",0,0,"_블랙_249,690|_화이트_249,690",0,0,0,0,0,0,0,0,0,0,0,0,0
63066215,CORSAIR iCUE LINK TITAN 360 RX RGB,0,0,"_블랙_230,870|_화이트_239,470",0,0,"_블랙_230,900|_화이트_248,990",0,0,0,0,0,0,0,0,0,0,0,0,0
12649949,CORSAIR iCUE LS100,0,0,"_250mm_40,840|_350mm_55,360",0,0,0,0,0,0,0,0,0,0,0,0,0,0,0,0
10319160,CORSAIR iCUE LS100,0,0,0,0,0,"_250mm_40,840|_350mm_55,360",0,0,0,0,0,0,0,0,0,0,0,0,0
10319205,CORSAIR iCUE LS100 Strip Starter,0,0,"127,980",0,0,"127,990",0,0,0,0,0,0,0,0,0,0,0,0,0
12767063,CORSAIR iCUE LT100 STARTER KIT,0,0,"175,220",0,0,"178,590",0,0,0,0,0,0,0,0,0,0,0,0,0
10103832,CORSAIR iCUE QL120 RGB,0,0,"_3팩, 블랙_180,000|_블랙_56,000|화이트_56,000|3팩, 화이트_180,000",0,0,"_3팩, 블랙_180,000|_블랙_56,000|화이트_56,000|3팩, 화이트_180,000",0,0,0,0,0,0,0,0,0,0,0,0,0
10650918,CORSAIR iCUE QL140 RGB,0,0,"2팩, 블랙_148,000|블랙_63,500|_화이트_63,500|_2팩, 화이트_148,000",0,0,0,0,0,0,0,0,0,0,0,0,0,0,0,0
10103901,CORSAIR iCUE QL140 RGB,0,0,0,0,0,"_2팩, 블랙_148,000|블랙_63,500|_화이트_63,500|2팩, 화이트_148,000",0,0,0,0,0,0,0,0,0,0,0,0,0
14102549,CORSAIR iCUE SP120 RGB ELITE,0,0,"_화이트_24,000|_컨트롤러/3팩, 화이트_92,000",0,0,"_화이트_24,000|_컨트롤러/3팩, 화이트_92,000",0,0,0,0,0,0,0,0,0,0,0,0,0
14102765,CORSAIR iCUE SP140 RGB ELITE,0,0,"컨트롤러/2팩, 블랙_75,050",0,0,"컨트롤러/2팩, 블랙_75,050",0,0,0,0,0,0,0,0,0,0,0,0,0
56151224,COUGAR APOLAR 120 ARGB,0,0,"3팩, 블랙_68,900|블랙_23,900|_화이트_26,900|_3팩, 화이트_72,900",0,0,"3팩, 블랙_68,900|블랙_23,900|_화이트_26,900|_3팩, 화이트_72,900",0,0,0,0,0,0,0,0,0,0,0,0,0
69471746,COUGAR FORZA 135,0,0,"87,000",0,0,"87,000",0,0,0,0,0,0,0,0,0,0,0,0,0
69471797,COUGAR FORZA 50 ARGB,0,0,"43,000",0,0,"43,000",0,0,0,0,0,0,0,0,0,0,0,0,0
69471764,COUGAR FORZA 50 ESSENTIAL,0,0,"29,900",0,0,"29,900",0,0,0,0,0,0,0,0,0,0,0,0,0
69658520,COUGAR FORZA 85 ARGB,0,0,"72,000",0,0,"72,000",0,0,0,0,0,0,0,0,0,0,0,0,0
69658322,COUGAR FORZA 85 ESSENTIAL,0,0,"52,000",0,0,"52,000",0,0,0,0,0,0,0,0,0,0,0,0,0
71010380,COUGAR SC140 ARGB,0,0,"_블랙_28,900|_화이트_28,900",0,0,"_블랙_28,900|_화이트_28,900",0,0,0,0,0,0,0,0,0,0,0,0,0
71010413,COUGAR SC140 ARGB 리버스,0,0,"_블랙_28,900|_화이트_28,900",0,0,0,0,0,0,0,0,0,0,0,0,0,0,0,0
71010395,COUGAR SC140 ARGB 리버스,0,0,0,0,0,"_블랙_28,900|_화이트_28,900",0,0,0,0,0,0,0,0,0,0,0,0,0
3586981,CRYORIG A40,0,0,"162,000",0,0,"162,000",0,0,0,0,0,0,0,0,0,0,0,0,0
3587003,CRYORIG A40 ULTIMATE,0,0,"176,000",0,0,"176,000",0,0,0,0,0,0,0,0,0,0,0,0,0
3328702,CRYORIG CP15,0,0,"4g_7,500",0,0,"4g_7,500",0,0,0,0,0,0,0,0,0,0,0,0,0
3328686,CRYORIG CP5,0,0,"4g_15,540",0,0,"4g_15,540",0,0,0,0,0,0,0,0,0,0,0,0,0
3328699,CRYORIG CP7,0,0,"4g_11,500",0,0,"4g_11,500",0,0,0,0,0,0,0,0,0,0,0,0,0
3543416,CRYORIG CUSTOMOD Cover for R1,0,0,"_그린_13,500|레드_13,500|블루_13,500|_오렌지_13,500|화이트_9,500",0,0,"_그린_13,500|_레드_13,500|블루_13,500|오렌지_13,500|화이트_9,500",0,0,0,0,0,0,0,0,0,0,0,0,0
3356578,CRYORIG H5 ULTIMATE,0,0,"70,500",0,0,"70,500",0,0,0,0,0,0,0,0,0,0,0,0,0
3433030,CRYORIG QF120 BALANCE,0,0,"17,500",0,0,"17,500",0,0,0,0,0,0,0,0,0,0,0,0,0
3433023,CRYORIG QF120 PERFORMANCE,0,0,"48,480",0,0,"48,480",0,0,0,0,0,0,0,0,0,0,0,0,0
3433007,CRYORIG QF120 SILENT,0,0,"17,640",0,0,"17,640",0,0,0,0,0,0,0,0,0,0,0,0,0
2427141,CRYORIG XF140,0,0,"23,500",0,0,"23,500",0,0,0,0,0,0,0,0,0,0,0,0,0
33993644,DAVEN A120 RGB,0,0,"_블랙_5,740|_화이트_5,710",0,0,"_블랙_5,730|_화이트_5,710",0,0,0,0,0,0,0,0,0,0,0,0,0
33993653,DAVEN A120 RGB 리버스,0,0,"_블랙_6,840|_화이트_6,840",0,0,"_블랙_6,690|_화이트_6,690",0,0,0,0,0,0,0,0,0,0,0,0,0
44381888,DAVEN AR120 ARGB,0,0,"_블랙_6,980|_화이트_6,990",0,0,"_블랙_6,790|_화이트_6,790",0,0,0,0,0,0,0,0,0,0,0,0,0
33993662,DAVEN AR120 ARGB 리버스,0,0,"_블랙_7,500|_화이트_7,690",0,0,"_블랙_7,490|_화이트_7,680",0,0,0,0,0,0,0,0,0,0,0,0,0
78716648,DAVEN D120R ON/OFF,0,0,"_블랙_3,880|_화이트_3,880",0,0,"_블랙_3,700|_화이트_3,700",0,0,0,0,0,0,0,0,0,0,0,0,0
73951892,DAVEN D120R Reverse ON/OFF,0,0,"_블랙_4,880|_화이트_4,880",0,0,0,0,0,0,0,0,0,0,0,0,0,0,0,0
73951853,DAVEN D120R Reverse ON/OFF,0,0,0,0,0,"_블랙_4,690|_화이트_4,880",0,0,0,0,0,0,0,0,0,0,0,0,0
103129169,DAVEN EZ-360 ARGB PWM,0,0,"_블랙_24,780|_화이트_24,780",0,0,"_블랙_24,740|_화이트_24,740",0,0,0,0,0,0,0,0,0,0,0,0,0
103129283,DAVEN EZ-360 ARGB PWM 리버스,0,0,"_블랙_24,780|_화이트_23,740",0,0,"_블랙_24,740|_화이트_23,740",0,0,0,0,0,0,0,0,0,0,0,0,0
103128815,DAVEN EZ-360 PWM,0,0,"_블랙_18,590|_화이트_18,780",0,0,"_블랙_18,580|_화이트_18,780",0,0,0,0,0,0,0,0,0,0,0,0,0
103128839,DAVEN EZ-360 PWM 리버스,0,0,"_블랙_18,780|_화이트_18,290",0,0,"_블랙_18,780|_화이트_18,280",0,0,0,0,0,0,0,0,0,0,0,0,0
103129001,DAVEN EZ-360 RGB,0,0,"_블랙_18,780|_화이트_18,780",0,0,"_블랙_18,780|_화이트_18,780",0,0,0,0,0,0,0,0,0,0,0,0,0
103129016,DAVEN EZ-360 RGB 리버스,0,0,"_블랙_18,780|_화이트_18,780",0,0,"_블랙_18,780|_화이트_18,780",0,0,0,0,0,0,0,0,0,0,0,0,0
17808380,DEEPCOOL AG400 ARGB,0,0,"31,280",0,0,"31,280",0,0,0,0,0,0,0,0,0,0,0,0,0
31431347,DEEPCOOL AG400 DIGITAL,0,0,"블랙_28,100",0,0,"블랙_28,100",0,0,0,0,0,0,0,0,0,0,0,0,0
106047347,DEEPCOOL AG400 G2,0,0,"_블랙_21,640|_화이트_24,430",0,0,"_블랙_21,640|_화이트_24,430",0,0,0,0,0,0,0,0,0,0,0,0,0
122622825,DEEPCOOL AG400 G2 ARGB,0,0,"_블랙_27,530|_화이트_28,570",0,0,"_블랙_27,530|_화이트_28,570",0,0,0,0,0,0,0,0,0,0,0,0,0
77019773,DEEPCOOL AG400 오토 RGB,0,0,"30,720",0,0,"30,720",0,0,0,0,0,0,0,0,0,0,0,0,0
17450348,DEEPCOOL AG620,0,0,"59,000",0,0,"59,000",0,0,0,0,0,0,0,0,0,0,0,0,0
31464632,DEEPCOOL AG620 DIGITAL,0,0,"55,260",0,0,"55,260",0,0,0,0,0,0,0,0,0,0,0,0,0
105679832,DEEPCOOL AG620 G2,0,0,"_블랙_38,060|_화이트_42,750",0,0,"_블랙_38,060|_화이트_42,750",0,0,0,0,0,0,0,0,0,0,0,0,0
122630308,DEEPCOOL AG620 G2 ARGB,0,0,"_블랙_45,780|_화이트_47,170",0,0,0,0,0,0,0,0,0,0,0,0,0,0,0,0
122627558,DEEPCOOL AG620 G2 ARGB,0,0,0,0,0,"_블랙_48,890|_화이트_47,170",0,0,0,0,0,0,0,0,0,0,0,0,0
17707277,DEEPCOOL AK400,0,0,"화이트_63,090",0,0,"화이트_63,090",0,0,0,0,0,0,0,0,0,0,0,0,0
60418736,DEEPCOOL AK400 DIGITAL PRO,0,0,"블랙_59,000",0,0,"블랙_59,000",0,0,0,0,0,0,0,0,0,0,0,0,0
97839560,DEEPCOOL AK400 DIGITAL SE,0,0,"_블랙_37,510|_화이트_39,000",0,0,"_블랙_37,510|_화이트_39,000",0,0,0,0,0,0,0,0,0,0,0,0,0
100619651,DEEPCOOL AK400 G2,0,0,"_블랙_46,250|_화이트_47,010",0,0,"_블랙_46,250|_화이트_47,010",0,0,0,0,0,0,0,0,0,0,0,0,0
100619627,DEEPCOOL AK400 G2 DIGITAL NYX,0,0,"51,850",0,0,"51,850",0,0,0,0,0,0,0,0,0,0,0,0,0
18017396,DEEPCOOL AK500 ZERO DARK,0,0,"77,390",0,0,"77,390",0,0,0,0,0,0,0,0,0,0,0,0,0
16796009,DEEPCOOL AK620,0,0,"화이트_83,000",0,0,"화이트_83,000",0,0,0,0,0,0,0,0,0,0,0,0,0
71159942,DEEPCOOL AK620 DIGITAL PRO,0,0,"화이트_105,480",0,0,"화이트_105,480",0,0,0,0,0,0,0,0,0,0,0,0,0
95201030,DEEPCOOL AK620 DIGITAL SE,0,0,"_블랙_67,310|_화이트_65,480",0,0,"_블랙_67,310|_화이트_65,480",0,0,0,0,0,0,0,0,0,0,0,0,0
99886364,DEEPCOOL AK620 G2,0,0,"_블랙_85,710|_화이트_83,900",0,0,0,0,0,0,0,0,0,0,0,0,0,0,0,0
99886373,DEEPCOOL AK620 G2,0,0,0,0,0,"_블랙_85,710|_화이트_83,900",0,0,0,0,0,0,0,0,0,0,0,0,0
99743453,DEEPCOOL AK620 G2 DIGITAL NYX,0,0,"91,500",0,0,"91,500",0,0,0,0,0,0,0,0,0,0,0,0,0
99886496,DEEPCOOL AK700 DIGITAL,0,0,"화이트_86,870",0,0,"화이트_86,870",0,0,0,0,0,0,0,0,0,0,0,0,0
99886484,DEEPCOOL AK700 DIGITAL NYX,0,0,"86,870",0,0,"86,870",0,0,0,0,0,0,0,0,0,0,0,0,0
124166491,DEEPCOOL AK700 VC,0,0,"_블랙_96,860|_화이트_96,860",0,0,"_블랙_96,860|_화이트_96,860",0,0,0,0,0,0,0,0,0,0,0,0,0
19752542,DEEPCOOL AM5 Thermal Paste Guard,0,0,"6,990",0,0,"6,990",0,0,0,0,0,0,0,0,0,0,0,0,0
22017014,DEEPCOOL ASSASSIN 4,0,0,"_블랙_144,600|_화이트_143,490",0,0,"_블랙_144,600|_화이트_143,490",0,0,0,0,0,0,0,0,0,0,0,0,0
72592505,DEEPCOOL ASSASSIN 4 VC VISION,0,0,"171,190",0,0,"178,000",0,0,0,0,0,0,0,0,0,0,0,0,0
48925331,DEEPCOOL ASSASSIN 4S,0,0,"_블랙_120,460|_화이트_119,380",0,0,"_블랙_120,460|_화이트_119,380",0,0,0,0,0,0,0,0,0,0,0,0,0
94635782,DEEPCOOL ASSASSIN VC ELITE,0,0,"_블랙_152,760|_화이트_151,980",0,0,"_블랙_152,760|_화이트_151,980",0,0,0,0,0,0,0,0,0,0,0,0,0
14981114,DEEPCOOL CASTLE 240EX ARGB,0,0,"화이트_99,050",0,0,"화이트_99,050",0,0,0,0,0,0,0,0,0,0,0,0,0
14981498,DEEPCOOL CASTLE 360EX ARGB,0,0,"화이트_142,190",0,0,"화이트_142,190",0,0,0,0,0,0,0,0,0,0,0,0,0
13843778,DEEPCOOL CF120 PLUS,0,0,"3팩_28,850",0,0,"3팩_28,850",0,0,0,0,0,0,0,0,0,0,0,0,0
6291805,DEEPCOOL CF120 RGB,0,0,"3팩_76,000",0,0,"3팩_76,000",0,0,0,0,0,0,0,0,0,0,0,0,0
123605586,DEEPCOOL FD12 ARGB V2,0,0,0,0,0,"블랙_11,430",0,0,0,0,0,0,0,0,0,0,0,0,0
122677605,DEEPCOOL FD12 V2,0,0,"_3팩, 블랙_28,070|블랙_9,800|_화이트_9,380",0,0,0,0,0,0,0,0,0,0,0,0,0,0,0,0
122677592,DEEPCOOL FD12 V2,0,0,0,0,0,"_3팩, 블랙_28,070|_블랙_9,600|화이트_9,380",0,0,0,0,0,0,0,0,0,0,0,0,0
6996823,DEEPCOOL FH-04 FAN HUB,0,0,"9,900",0,0,"9,900",0,0,0,0,0,0,0,0,0,0,0,0,0
91038221,DEEPCOOL FL12,0,0,"_3팩, 블랙_81,000|_블랙_31,460|화이트_31,460|3팩, 화이트_81,000",0,0,0,0,0,0,0,0,0,0,0,0,0,0,0,0
91038182,DEEPCOOL FL12,0,0,0,0,0,"3팩, 블랙_81,000|_블랙_31,150|_화이트_31,150|3팩, 화이트_81,000",0,0,0,0,0,0,0,0,0,0,0,0,0
93445739,DEEPCOOL FL12R,0,0,"3팩, 블랙_81,000|블랙_31,460|_화이트_31,460|_3팩, 화이트_81,000",0,0,"3팩, 블랙_81,000|_블랙_31,150|_화이트_31,150|3팩, 화이트_81,000",0,0,0,0,0,0,0,0,0,0,0,0,0
79116074,DEEPCOOL FT12,0,0,"_3팩, 블랙_63,190|_블랙_28,380|화이트_28,860|3팩, 화이트_64,720",0,0,"_3팩, 블랙_63,190|블랙_28,380|화이트_28,580|_3팩, 화이트_64,080",0,0,0,0,0,0,0,0,0,0,0,0,0
94450874,DEEPCOOL FT14,0,0,"_블랙_30,950|_화이트_30,120",0,0,"_블랙_30,650|_화이트_30,120",0,0,0,0,0,0,0,0,0,0,0,0,0
6566680,DEEPCOOL GAMER STORM CAPTAIN 240 PRO,0,0,"178,070",0,0,"178,070",0,0,0,0,0,0,0,0,0,0,0,0,0
8300856,DEEPCOOL GAMER STORM CASTLE 240 RGB V2,0,0,"99,000",0,0,"99,000",0,0,0,0,0,0,0,0,0,0,0,0,0
9434892,DEEPCOOL GAMER STORM CASTLE 240EX,0,0,"_블랙_137,390|_화이트_152,000",0,0,"_블랙_137,390|_화이트_152,000",0,0,0,0,0,0,0,0,0,0,0,0,0
6830146,DEEPCOOL GAMER STORM CASTLE 360 RGB,0,0,"419,600",0,0,"419,600",0,0,0,0,0,0,0,0,0,0,0,0,0
9870876,DEEPCOOL GAMER STORM CASTLE 360EX,0,0,"_블랙_186,000|_화이트_196,000",0,0,"_블랙_186,000|_화이트_196,000",0,0,0,0,0,0,0,0,0,0,0,0,0
8063086,DEEPCOOL GAMER STORM G15,0,0,"1.5g_4,690",0,0,"1.5g_4,690",0,0,0,0,0,0,0,0,0,0,0,0,0
8063131,DEEPCOOL GAMER STORM G40,0,0,"4g_5,800",0,0,"4g_5,800",0,0,0,0,0,0,0,0,0,0,0,0,0
6016437,DEEPCOOL GAMER STORM MF120 RGB,0,0,"컨트롤러/3팩_47,620",0,0,"컨트롤러/3팩_47,620",0,0,0,0,0,0,0,0,0,0,0,0,0
11709143,DEEPCOOL GAMER STORM TF140S,0,0,"3팩, 블랙_54,350",0,0,"3팩, 블랙_54,350",0,0,0,0,0,0,0,0,0,0,0,0,0
3531783,DEEPCOOL GAMMAXX 200T,0,0,"19,800",0,0,"19,800",0,0,0,0,0,0,0,0,0,0,0,0,0
5303268,DEEPCOOL GAMMAXX 300R LED,0,0,"25,000",0,0,"25,000",0,0,0,0,0,0,0,0,0,0,0,0,0
37926617,DEEPCOOL LD360,0,0,"113,330",0,0,"113,330",0,0,0,0,0,0,0,0,0,0,0,0,0
89526308,DEEPCOOL LE240 V2 ARGB,0,0,"블랙_77,090",0,0,"블랙_77,090",0,0,0,0,0,0,0,0,0,0,0,0,0
77019449,DEEPCOOL LE360 V2 ARGB,0,0,"_블랙_85,750|_화이트_85,010",0,0,"_블랙_85,750|_화이트_85,010",0,0,0,0,0,0,0,0,0,0,0,0,0
108420584,DEEPCOOL LE360 V2 ZERO DARK,0,0,"블랙_88,990",0,0,"블랙_88,990",0,0,0,0,0,0,0,0,0,0,0,0,0
96584300,DEEPCOOL LM360,0,0,"_블랙_133,850|_화이트_135,800",0,0,"_블랙_133,850|_화이트_135,800",0,0,0,0,0,0,0,0,0,0,0,0,0
71905385,DEEPCOOL LP360,0,0,"152,500",0,0,"152,500",0,0,0,0,0,0,0,0,0,0,0,0,0
71426321,DEEPCOOL LQ360,0,0,"194,480",0,0,"194,480",0,0,0,0,0,0,0,0,0,0,0,0,0
78534764,DEEPCOOL LQ360 ULTRA,0,0,"_블랙_171,190|_화이트_171,850",0,0,"_블랙_171,190|_화이트_171,850",0,0,0,0,0,0,0,0,0,0,0,0,0
17057594,DEEPCOOL LS720 ARGB,0,0,"_블랙_119,000|_화이트_119,000",0,0,"_블랙_119,000|_화이트_119,000",0,0,0,0,0,0,0,0,0,0,0,0,0
106735007,DEEPCOOL LT360 VISION ARGB,0,0,"_블랙_144,590|_화이트_150,350",0,0,"_블랙_144,590|_화이트_150,350",0,0,0,0,0,0,0,0,0,0,0,0,0
19059212,DEEPCOOL LT520,0,0,"화이트_98,000",0,0,"화이트_98,000",0,0,0,0,0,0,0,0,0,0,0,0,0
19059248,DEEPCOOL LT720,0,0,"화이트_113,510",0,0,"화이트_113,510",0,0,0,0,0,0,0,0,0,0,0,0,0
11276571,DEEPCOOL MF120GT,0,0,"컨트롤러/3팩_29,490",0,0,"컨트롤러/3팩_29,490",0,0,0,0,0,0,0,0,0,0,0,0,0
51816119,DEEPCOOL MYSTIQUE 240,0,0,"142,600",0,0,"142,600",0,0,0,0,0,0,0,0,0,0,0,0,0
63143258,DEEPCOOL MYSTIQUE 360,0,0,"화이트_169,000",0,0,"화이트_169,000",0,0,0,0,0,0,0,0,0,0,0,0,0
68792027,DEEPCOOL MYSTIQUE 360 ARGB,0,0,"_블랙_233,400|_화이트_243,000",0,0,"_블랙_233,400|_화이트_243,000",0,0,0,0,0,0,0,0,0,0,0,0,0
5501200,DEEPCOOL RF120 RGB 아우라 싱크 PWM,0,0,"_1팩_21,000|_3팩_65,000",0,0,"_1팩_21,000|_3팩_65,000",0,0,0,0,0,0,0,0,0,0,0,0,0
6566760,DEEPCOOL RF120M RGB 아우라 싱크 PWM,0,0,"5팩_87,000",0,0,"5팩_87,000",0,0,0,0,0,0,0,0,0,0,0,0,0
3528606,DEEPCOOL RGB 330 LED,0,0,"37,400",0,0,"37,400",0,0,0,0,0,0,0,0,0,0,0,0,0
4089021,DEEPCOOL RGB 350 COLOR LED,0,0,"32,400",0,0,"32,400",0,0,0,0,0,0,0,0,0,0,0,0,0
122635400,DEEPCOOL SPARTACUS 360,0,0,"블랙_193,030",0,0,"블랙_193,030",0,0,0,0,0,0,0,0,0,0,0,0,0
122636218,DEEPCOOL SPARTACUS 420,0,0,"블랙_279,640",0,0,"블랙_279,640",0,0,0,0,0,0,0,0,0,0,0,0,0
15258752,DEEPCOOL UD551 ARGB,0,0,"19,250",0,0,"19,250",0,0,0,0,0,0,0,0,0,0,0,0,0
16593566,DYNATRON Q3,0,0,"66,870",0,0,"66,870",0,0,0,0,0,0,0,0,0,0,0,0,0
94084433,EVERCOOL COOLMARKER CM-12025 1290RPM 파워수리용,0,0,0,0,0,"2,200",0,0,0,0,0,0,0,0,0,0,0,0,0
17813039,EVERCOOL COOLMARKER CM-14025 PWM,0,0,"화이트_3,870",0,0,"화이트_3,870",0,0,0,0,0,0,0,0,0,0,0,0,0
70532615,EVERCOOL COOLMARKER CM-1700 ITX SLIM CU,0,0,"13,440",0,0,0,0,0,0,0,0,0,0,0,0,0,0,0,0
35224769,EVERCOOL COOLMARKER CM-1700/1200 PLUS,0,0,"4,300",0,0,"4,300",0,0,0,0,0,0,0,0,0,0,0,0,0
124183201,EVERCOOL COOLMARKER CM-AM5/4 2U 165W 서버,0,0,"53,700",0,0,"53,700",0,0,0,0,0,0,0,0,0,0,0,0,0
124183224,EVERCOOL COOLMARKER CM-AM5/4 2U 200W 서버,0,0,"69,260",0,0,"69,260",0,0,0,0,0,0,0,0,0,0,0,0,0
3890492,EVERCOOL DC120MM 파워수리용팬,0,0,"3,900",0,0,"3,900",0,0,0,0,0,0,0,0,0,0,0,0,0
28837313,EVERCOOL EC12025HH24B 2P,0,0,0,0,0,"10,520",0,0,0,0,0,0,0,0,0,0,0,0,0
124047061,EVERCOOL EC12025L12EA(3P/4P겸용),0,0,"5,590",0,0,"5,590",0,0,0,0,0,0,0,0,0,0,0,0,0
1155299,EVERCOOL EC12025M24B-2P,0,0,"10,380",0,0,"10,380",0,0,0,0,0,0,0,0,0,0,0,0,0
124046943,EVERCOOL EC14025H12BA(3P/4P겸용),0,0,"10,040",0,0,"10,040",0,0,0,0,0,0,0,0,0,0,0,0,0
124046960,EVERCOOL EC14025H12EA(3P/4P겸용),0,0,"6,360",0,0,"6,360",0,0,0,0,0,0,0,0,0,0,0,0,0
124046968,EVERCOOL EC14025L12CA(3P/4P겸용),0,0,"6,570",0,0,"6,570",0,0,0,0,0,0,0,0,0,0,0,0,0
5148359,EVERCOOL EC7025L12SA-3P,0,0,"2,950",0,0,"2,950",0,0,0,0,0,0,0,0,0,0,0,0,0
43565,EVERCOOL EC9225L12S-4P,0,0,0,0,0,"2,920",0,0,0,0,0,0,0,0,0,0,0,0,0
1155247,EVERCOOL EC9225M24B-2P DC24V(2B/25T),0,0,0,0,0,"8,480",0,0,0,0,0,0,0,0,0,0,0,0,0
1813517,EVERCOOL RVF-2F,0,0,"9,790",0,0,"9,790",0,0,0,0,0,0,0,0,0,0,0,0,0
124076223,EVERCOOL USB-EC12025M05B,0,0,"9,960",0,0,"9,960",0,0,0,0,0,0,0,0,0,0,0,0,0
13476665,EVERFLOW R128010BU,0,0,"7,340",0,0,"7,340",0,0,0,0,0,0,0,0,0,0,0,0,0
123743040,EZDIY-FAB RH01 aRGB 메모리 히트싱크,0,0,"_2팩, 블랙_34,900|_2팩, 화이트_34,900",0,0,"_2팩, 블랙_34,900|_2팩, 화이트_36,410",0,0,0,0,0,0,0,0,0,0,0,0,0
95849489,EZDIY-FAB SHIELD M.2 SSD 히트싱크 쿨링팬,0,0,"_블랙_29,900|_화이트_29,900",0,0,"_블랙_29,900|_화이트_29,900",0,0,0,0,0,0,0,0,0,0,0,0,0
95849420,EZDIY-FAB SHIELD aRGB M.2 SSD 히트싱크 쿨링팬,0,0,"_블랙_31,900|_화이트_31,900",0,0,"_블랙_31,900|_화이트_31,900",0,0,0,0,0,0,0,0,0,0,0,0,0
91351376,Fractal Design Adjust Pro Hub,0,0,"74,500",0,0,"74,500",0,0,0,0,0,0,0,0,0,0,0,0,0
14650862,Fractal Design Aspect 12 PWM,0,0,"블랙_21,000",0,0,"블랙_21,000",0,0,0,0,0,0,0,0,0,0,0,0,0
14651219,Fractal Design Aspect 12 RGB,0,0,"_블랙_21,000|_3팩, 블랙_29,000",0,0,"_블랙_21,000|_3팩, 블랙_29,000",0,0,0,0,0,0,0,0,0,0,0,0,0
14651396,Fractal Design Aspect 12 RGB PWM,0,0,"블랙_24,000|_3팩, 블랙_60,000|_화이트_24,000",0,0,"_블랙_24,000|_3팩, 블랙_60,000|화이트_24,000",0,0,0,0,0,0,0,0,0,0,0,0,0
14648354,Fractal Design Aspect 14,0,0,"화이트_24,000",0,0,"화이트_24,000",0,0,0,0,0,0,0,0,0,0,0,0,0
14648450,Fractal Design Aspect 14 PWM,0,0,"블랙_24,000",0,0,"블랙_23,430",0,0,0,0,0,0,0,0,0,0,0,0,0
14649155,Fractal Design Aspect 14 RGB,0,0,"화이트_23,440",0,0,"화이트_23,430",0,0,0,0,0,0,0,0,0,0,0,0,0
16999205,Fractal Design Aspect 14 RGB PWM,0,0,"_블랙_27,360|3팩, 블랙_72,240|_화이트_27,360",0,0,"_블랙_27,360|3팩, 블랙_72,230|_화이트_27,350",0,0,0,0,0,0,0,0,0,0,0,0,0
11403015,Fractal Design Celsius+ S24 Prisma,0,0,"267,000",0,0,"267,000",0,0,0,0,0,0,0,0,0,0,0,0,0
11403105,Fractal Design Celsius+ S28 Prisma,0,0,"298,000",0,0,"298,000",0,0,0,0,0,0,0,0,0,0,0,0,0
9696468,Fractal Design Dynamic X2 GP-12 PWM,0,0,"18,560",0,0,"18,560",0,0,0,0,0,0,0,0,0,0,0,0,0
5175639,Fractal Design Dynamic X2 GP-12W,0,0,"21,000",0,0,"21,000",0,0,0,0,0,0,0,0,0,0,0,0,0
5175655,Fractal Design Dynamic X2 GP-14W,0,0,"21,800",0,0,"21,800",0,0,0,0,0,0,0,0,0,0,0,0,0
122679870,Fractal Design Dynamic3 12,0,0,"블랙_23,630",0,0,"블랙_23,630",0,0,0,0,0,0,0,0,0,0,0,0,0
122679952,Fractal Design Dynamic3 12 RGB,0,0,"_블랙_26,400|_화이트_26,400",0,0,"_블랙_26,390|_화이트_26,390",0,0,0,0,0,0,0,0,0,0,0,0,0
122680198,Fractal Design Dynamic3 12 리버스,0,0,"_블랙_23,630|_화이트_23,630",0,0,"_블랙_23,630|_화이트_23,630",0,0,0,0,0,0,0,0,0,0,0,0,0
122679918,Fractal Design Dynamic3 12 리버스 RGB,0,0,"_블랙_26,400|_화이트_26,400",0,0,"_블랙_26,390|_화이트_26,390",0,0,0,0,0,0,0,0,0,0,0,0,0
122680007,Fractal Design Dynamic3 14,0,0,"블랙_25,510",0,0,"블랙_25,840",0,0,0,0,0,0,0,0,0,0,0,0,0
122680021,Fractal Design Dynamic3 14 RGB,0,0,"_3팩, 블랙_86,950||_화이트_30,210",0,0,"_3팩, 블랙_86,950||_화이트_30,210",0,0,0,0,0,0,0,0,0,0,0,0,0
18642809,Fractal Design Lumen S36 RGB V2,0,0,"174,760",0,0,"174,760",0,0,0,0,0,0,0,0,0,0,0,0,0
18642803,Fractal Design Lumen S36 V2,0,0,"194,160",0,0,"194,150",0,0,0,0,0,0,0,0,0,0,0,0,0
91560533,Fractal Design Momentum 12,0,0,"_블랙_36,000|_화이트_34,900",0,0,"_블랙_35,990|_화이트_34,890",0,0,0,0,0,0,0,0,0,0,0,0,0
91560698,Fractal Design Momentum 12 RGB,0,0,"블랙_39,100|_3팩, 블랙_112,870|_화이트_39,100",0,0,"블랙_39,100|_3팩, 블랙_103,870|_화이트_39,100",0,0,0,0,0,0,0,0,0,0,0,0,0
91560770,Fractal Design Momentum 14,0,0,"_블랙_40,880|_화이트_41,850",0,0,"_블랙_40,870|_화이트_40,360",0,0,0,0,0,0,0,0,0,0,0,0,0
91560833,Fractal Design Momentum 14 RGB,0,0,"블랙_46,300|_3팩, 블랙_131,630|_화이트_46,300",0,0,0,0,0,0,0,0,0,0,0,0,0,0,0,0
91560857,Fractal Design Momentum 14 RGB,0,0,0,0,0,"블랙_42,710|_3팩, 블랙_122,630|_화이트_46,300",0,0,0,0,0,0,0,0,0,0,0,0,0
7831504,Fractal Design Prisma AL-12,0,0,"_1팩_32,000|_3팩_129,950",0,0,"_1팩_32,000|_3팩_129,950",0,0,0,0,0,0,0,0,0,0,0,0,0
124364802,Fractal Design Radius 360,0,0,가격비교예정,0,0,"152,400",0,0,0,0,0,0,0,0,0,0,0,0,0
124364819,Fractal Design Radius 360 RGB,0,0,_블랙_가격비교예정|_화이트_가격비교예정,0,0,"_블랙_171,560|_화이트_171,560",0,0,0,0,0,0,0,0,0,0,0,0,0
7009570,Fractal Design Venturi HP-12W PWM,0,0,"28,000",0,0,"28,000",0,0,0,0,0,0,0,0,0,0,0,0,0
7009660,Fractal Design Venturi HP-14W PWM,0,0,"29,000",0,0,"29,000",0,0,0,0,0,0,0,0,0,0,0,0,0
13816700,G.SKILL ENKI 240,0,0,"164,000",0,0,"164,000",0,0,0,0,0,0,0,0,0,0,0,0,0
13816772,G.SKILL ENKI 280,0,0,"179,000",0,0,"179,000",0,0,0,0,0,0,0,0,0,0,0,0,0
13816853,G.SKILL ENKI 360,0,0,"216,000",0,0,"216,000",0,0,0,0,0,0,0,0,0,0,0,0,0
7937485,GAMDIAS AEOLUS M1 1403R,0,0,"컨트롤러/3팩_47,550",0,0,"컨트롤러/3팩_47,550",0,0,0,0,0,0,0,0,0,0,0,0,0
62652650,GAMDIAS AEOLUS P2,0,0,"_블랙_20,670|_화이트_21,960|3팩, 블랙_58,270|3팩, 화이트_59,890|컨트롤러/3팩, 블랙_105,270|컨트롤러/3팩, 화이트_111,880",0,0,"_블랙_20,670|_화이트_21,960|3팩, 블랙_58,270|3팩, 화이트_59,890|컨트롤러/3팩, 블랙_105,270|컨트롤러/3팩, 화이트_111,880",0,0,0,0,0,0,0,0,0,0,0,0,0
91493882,GAMDIAS AURA GL360 LITE,0,0,"블랙_63,760",0,0,"블랙_63,760",0,0,0,0,0,0,0,0,0,0,0,0,0
49742468,GAMDIAS AURA GL360 V2,0,0,"_블랙_79,790|_화이트_84,000",0,0,"_블랙_79,790|_화이트_84,000",0,0,0,0,0,0,0,0,0,0,0,0,0
101630804,GAMDIAS BOREAS M2-61L,0,0,"_블랙_113,310|_화이트_108,550",0,0,"_블랙_113,310|_화이트_108,550",0,0,0,0,0,0,0,0,0,0,0,0,0
7358482,GAMDIAS CHIONE P1A-360R,0,0,"149,516",0,0,"149,516",0,0,0,0,0,0,0,0,0,0,0,0,0
9642627,GAMDIAS CHIONE P2-360R,0,0,"85,640",0,0,"85,640",0,0,0,0,0,0,0,0,0,0,0,0,0
25222880,GAMDIAS CHIONE P3-240U,0,0,"160,280",0,0,"156,990",0,0,0,0,0,0,0,0,0,0,0,0,0
25216856,GAMDIAS CHIONE P3-360U,0,0,"187,000",0,0,"187,000",0,0,0,0,0,0,0,0,0,0,0,0,0
91494134,GAMDIAS CHIONE P5-360,0,0,"_블랙_185,790|_화이트_185,790",0,0,"_블랙_185,790|_화이트_185,790",0,0,0,0,0,0,0,0,0,0,0,0,0
91494227,GAMDIAS NOTUS M1-1201,0,0,"8,470",0,0,"8,470",0,0,0,0,0,0,0,0,0,0,0,0,0
91494272,GAMDIAS NOTUS M1-1201 aRGB,0,0,"_블랙_10,370|_화이트_11,290",0,0,"_블랙_10,370|_화이트_11,290",0,0,0,0,0,0,0,0,0,0,0,0,0
72915437,GAMEMAX FN12A-S3I,0,0,"_블랙_56,700|_화이트_59,220",0,0,"_블랙_56,700|_화이트_59,220",0,0,0,0,0,0,0,0,0,0,0,0,0
72915638,GAMEMAX FN12A-S5,0,0,"_블랙_7,560|_화이트_8,190",0,0,"_블랙_7,560|_화이트_8,190",0,0,0,0,0,0,0,0,0,0,0,0,0
72915806,GAMEMAX FN12A-S8I,0,0,"_블랙_10,080|_화이트_10,710",0,0,"_블랙_10,080|_화이트_10,710",0,0,0,0,0,0,0,0,0,0,0,0,0
72915872,GAMEMAX FN12A-S8I-R,0,0,"_블랙_10,080|_화이트_10,710",0,0,"_블랙_10,080|_화이트_10,710",0,0,0,0,0,0,0,0,0,0,0,0,0
72915947,GAMEMAX FN14A-S5,0,0,"_블랙_8,820|_화이트_9,450",0,0,"_블랙_8,820|_화이트_9,450",0,0,0,0,0,0,0,0,0,0,0,0,0
72229094,GAMEMAX Gamma90 Digital,0,0,"_블랙_24,410|_화이트_24,890",0,0,0,0,0,0,0,0,0,0,0,0,0,0,0,0
72229103,GAMEMAX Gamma90 Digital,0,0,0,0,0,"_블랙_24,410|_화이트_24,890",0,0,0,0,0,0,0,0,0,0,0,0,0
72348254,GAMEMAX Sigma520 Digital,0,0,"_블랙_33,390|_화이트_35,630",0,0,"_블랙_33,390|_화이트_35,630",0,0,0,0,0,0,0,0,0,0,0,0,0
4255158,GELID ANTARCTICA,0,0,"65,500",0,0,"65,500",0,0,0,0,0,0,0,0,0,0,0,0,0
1469707,GELID GC-2,0,0,"7g_11,500",0,0,"7g_11,500",0,0,0,0,0,0,0,0,0,0,0,0,0
2473268,GELID GC-EXTREME,0,0,"1g_4,500",0,0,"1g_4,500",0,0,0,0,0,0,0,0,0,0,0,0,0
3102410,GELID GC-SUPREME,0,0,"7g_13,500",0,0,"7g_13,500",0,0,0,0,0,0,0,0,0,0,0,0,0
4236924,GELID GP-EXTREME 80x40 써멀패드,0,0,"_0.5mm_6,900|1.5mm_12,620|2.0mm_15,110|_3.0mm_16,450",0,0,"_0.5mm_6,900|1.5mm_12,620|2.0mm_15,110|_3.0mm_16,450",0,0,0,0,0,0,0,0,0,0,0,0,0
67678904,GELID GP-ULTIMATE 90x50 써멀패드,0,0,0,0,0,"0.5mm_9,800|1.0mm_13,990|_1.5mm_15,220|_2.0mm_16,130",0,0,0,0,0,0,0,0,0,0,0,0,0
4412508,GELID IPX 8 PWM,0,0,"16,500",0,0,"16,500",0,0,0,0,0,0,0,0,0,0,0,0,0
3125149,GELID SLIM SILENCE AM1,0,0,"27,000",0,0,"27,000",0,0,0,0,0,0,0,0,0,0,0,0,0
2405745,GELID SLIMHERO,0,0,"41,000",0,0,"41,000",0,0,0,0,0,0,0,0,0,0,0,0,0
3102434,GELID SNOWSTORM,0,0,"30,000",0,0,"30,000",0,0,0,0,0,0,0,0,0,0,0,0,0
3125086,GELID TRANQUILLO Rev.3,0,0,"43,000",0,0,"43,000",0,0,0,0,0,0,0,0,0,0,0,0,0
1469717,GELID WING 12PL,0,0,"블루_23,500",0,0,"블루_23,500",0,0,0,0,0,0,0,0,0,0,0,0,0
15215552,GIGABYTE AORUS 워터포스 240 ARGB,0,0,"99,000",0,0,"99,000",0,0,0,0,0,0,0,0,0,0,0,0,0
37926086,GIGABYTE AORUS 워터포스 II 360,0,0,"149,000",0,0,"149,000",0,0,0,0,0,0,0,0,0,0,0,0,0
37926128,GIGABYTE AORUS 워터포스 II 360 ICE,0,0,"199,000",0,0,"199,000",0,0,0,0,0,0,0,0,0,0,0,0,0
37926194,GIGABYTE AORUS 워터포스 X II 240,0,0,"278,990",0,0,"278,990",0,0,0,0,0,0,0,0,0,0,0,0,0
37926248,GIGABYTE AORUS 워터포스 X II 360,0,0,"299,000",0,0,"299,000",0,0,0,0,0,0,0,0,0,0,0,0,0
37926290,GIGABYTE AORUS 워터포스 X II 360 ICE,0,0,"297,990",0,0,"297,990",0,0,0,0,0,0,0,0,0,0,0,0,0
123235201,GIGABYTE EAGLE 360,0,0,"77,320",0,0,"77,320",0,0,0,0,0,0,0,0,0,0,0,0,0
123235229,GIGABYTE EAGLE 360 ICE,0,0,"77,320",0,0,"77,320",0,0,0,0,0,0,0,0,0,0,0,0,0
89612903,GIGABYTE GAMING 360,0,0,"99,000",0,0,"99,000",0,0,0,0,0,0,0,0,0,0,0,0,0
89612948,GIGABYTE GAMING 360 ICE,0,0,"99,000",0,0,"99,000",0,0,0,0,0,0,0,0,0,0,0,0,0
101014424,HAVN H12,0,0,"_3팩, 블랙_54,220|_3팩, 화이트_54,220",0,0,"_3팩, 블랙_54,220|_3팩, 화이트_54,220",0,0,0,0,0,0,0,0,0,0,0,0,0
101014547,HAVN H14,0,0,"_3팩, 블랙_63,750|_3팩, 화이트_63,750",0,0,"_3팩, 블랙_63,750|_3팩, 화이트_63,750",0,0,0,0,0,0,0,0,0,0,0,0,0
101014619,HAVN H18,0,0,"2팩, 블랙_70,420",0,0,"2팩, 블랙_70,420",0,0,0,0,0,0,0,0,0,0,0,0,0
2703529,HY610 GOLD 써멀그리스,0,0,"30g_1,810",0,0,"30g_1,810",0,0,0,0,0,0,0,0,0,0,0,0,0
97702733,HYTE FLOW FA12,0,0,"4팩, 피치 블랙_47,770|_4팩, 스노우 화이트_47,770|4팩, 말차_57,510|_4팩, 스트로베리 밀크_58,940|4팩, 와일드 체리_56,000|4팩, 타로 밀크_58,940",0,0,"4팩, 피치 블랙_47,770|_4팩, 스노우 화이트_47,770|4팩, 말차_57,510|_4팩, 스트로베리 밀크_58,750|4팩, 와일드 체리_56,000|4팩, 타로 밀크_58,750",0,0,0,0,0,0,0,0,0,0,0,0,0
53524595,HYTE LS10 qRGB Light Strips,0,0,"330mm_73,420",0,0,"330mm_73,420",0,0,0,0,0,0,0,0,0,0,0,0,0
53524565,HYTE LS30 qRGB Light Strips,0,0,"1000mm_81,910",0,0,"1000mm_81,720",0,0,0,0,0,0,0,0,0,0,0,0,0
91042217,HYTE Noodle LN70,0,0,"_블랙_57,190|_화이트_57,190",0,0,0,0,0,0,0,0,0,0,0,0,0,0,0,0
91042196,HYTE Noodle LN70,0,0,0,0,0,"_블랙_57,190|_화이트_57,190",0,0,0,0,0,0,0,0,0,0,0,0,0
53524514,HYTE THICC FP12,0,0,"_3팩_170,310|_컨트롤러/3팩_196,000",0,0,"_3팩_170,310|_컨트롤러/3팩_196,000",0,0,0,0,0,0,0,0,0,0,0,0,0
17831141,Halnziye HY-P15 써멀그리스,0,0,"_2g_7,400|_4g_15,000",0,0,"_2g_7,400|_4g_15,000",0,0,0,0,0,0,0,0,0,0,0,0,0
15560318,Halnziye HY-T1 써멀그리스,0,0,"4g_7,890",0,0,"4g_7,890",0,0,0,0,0,0,0,0,0,0,0,0,0
15560351,Halnziye HY883 써멀그리스,0,0,"_2g_2,900|_4g_4,900|10g_9,800",0,0,"_2g_2,900|_4g_4,900|10g_9,800",0,0,0,0,0,0,0,0,0,0,0,0,0
122699610,ID-COOLING A8-SP3 데이븐,0,0,"블랙_78,100",0,0,"블랙_78,100",0,0,0,0,0,0,0,0,0,0,0,0,0
96775976,ID-COOLING ABF-1851 데이븐,0,0,"블랙_6,693",0,0,"블랙_6,693",0,0,0,0,0,0,0,0,0,0,0,0,0
96776039,ID-COOLING ABF-AM5 데이븐,0,0,"블랙_6,650",0,0,"블랙_6,650",0,0,0,0,0,0,0,0,0,0,0,0,0
101955617,ID-COOLING AF127 PINK TRIO,0,0,"3팩, 핑크_47,020",0,0,"3팩, 핑크_47,020",0,0,0,0,0,0,0,0,0,0,0,0,0
122699535,ID-COOLING AT-120-K 데이븐,0,0,"블랙_12,540",0,0,"블랙_12,540",0,0,0,0,0,0,0,0,0,0,0,0,0
122699545,ID-COOLING AT-120-W 데이븐,0,0,"화이트_12,540",0,0,"화이트_12,540",0,0,0,0,0,0,0,0,0,0,0,0,0
6739393,ID-COOLING DK-03i RGB PWM,0,0,"53,190",0,0,"53,190",0,0,0,0,0,0,0,0,0,0,0,0,0
97356452,ID-COOLING DK-07A RAINBOW 데이븐,0,0,"12,600",0,0,"12,600",0,0,0,0,0,0,0,0,0,0,0,0,0
97356572,ID-COOLING DK-07i RAINBOW 데이븐,0,0,"16,390",0,0,"16,390",0,0,0,0,0,0,0,0,0,0,0,0,0
76465550,ID-COOLING FROZN A410 SE 데이븐,0,0,"25,820",0,0,"25,820",0,0,0,0,0,0,0,0,0,0,0,0,0
76465676,ID-COOLING FROZN A620 PRO SE ARGB 데이븐,0,0,"_블랙_41,390|_스노우_46,200|화이트_54,160",0,0,"_블랙_41,390|_스노우_46,200|화이트_54,160",0,0,0,0,0,0,0,0,0,0,0,0,0
76465640,ID-COOLING FROZN A620 PRO SE 데이븐,0,0,"39,480",0,0,"39,480",0,0,0,0,0,0,0,0,0,0,0,0,0
106736450,ID-COOLING FROZN A620 PRO XE ARGB 데이븐,0,0,"_블랙_41,900|_스노우_47,270",0,0,"_블랙_41,900|_스노우_47,270",0,0,0,0,0,0,0,0,0,0,0,0,0
124153544,ID-COOLING FROZN A620 PRO XE 데이븐,0,0,"블랙_38,000",0,0,"블랙_38,000",0,0,0,0,0,0,0,0,0,0,0,0,0
122683450,ID-COOLING FROZN A620 SLK 데이븐,0,0,"58,390",0,0,"58,390",0,0,0,0,0,0,0,0,0,0,0,0,0
76465619,ID-COOLING FROZN A620 데이븐,0,0,"48,000",0,0,"48,000",0,0,0,0,0,0,0,0,0,0,0,0,0
76465757,ID-COOLING FROZN A720 데이븐,0,0,"86,320",0,0,"86,320",0,0,0,0,0,0,0,0,0,0,0,0,0
76465346,ID-COOLING FX 240 INF 데이븐,0,0,"_블랙_62,500|_화이트_62,500",0,0,"_블랙_62,500|_화이트_62,500",0,0,0,0,0,0,0,0,0,0,0,0,0
76465400,ID-COOLING FX 360 INF 데이븐,0,0,"_블랙_80,780|화이트_85,426|_핑크_142,020",0,0,"_블랙_80,780|화이트_85,426|_핑크_142,020",0,0,0,0,0,0,0,0,0,0,0,0,0
97357070,ID-COOLING FX240 LCD 데이븐,0,0,"_블랙_86,320|_화이트_85,580",0,0,"_블랙_86,320|_화이트_85,580",0,0,0,0,0,0,0,0,0,0,0,0,0
97357523,ID-COOLING FX360 LCD PE 데이븐,0,0,"_블랙_114,420|_화이트_114,226",0,0,"_블랙_114,420|_화이트_114,226",0,0,0,0,0,0,0,0,0,0,0,0,0
97357361,ID-COOLING FX360 LCD 데이븐,0,0,"_블랙_95,140|_화이트_100,870",0,0,"_블랙_95,140|_화이트_100,870",0,0,0,0,0,0,0,0,0,0,0,0,0
122693333,ID-COOLING HA-08 ARGB PWM HUB 데이븐,0,0,"13,000",0,0,"13,000",0,0,0,0,0,0,0,0,0,0,0,0,0
76464857,ID-COOLING IS-40-XT 데이븐,0,0,"26,090",0,0,"26,090",0,0,0,0,0,0,0,0,0,0,0,0,0
97356287,ID-COOLING IS-53 XT 데이븐,0,0,"블랙_40,314",0,0,"블랙_40,314",0,0,0,0,0,0,0,0,0,0,0,0,0
76464695,ID-COOLING IS-67-XT 데이븐,0,0,"52,880",0,0,"52,200",0,0,0,0,0,0,0,0,0,0,0,0,0
122699569,ID-COOLING IS-77-XT BLACK 데이븐,0,0,"블랙_56,960",0,0,"블랙_56,960",0,0,0,0,0,0,0,0,0,0,0,0,0
6274815,ID-COOLING NO-9225-SD,0,0,0,0,0,"4,200",0,0,0,0,0,0,0,0,0,0,0,0,0
96776129,ID-COOLING RC-ARGB 5V 컨트롤러 데이븐,0,0,"4,900",0,0,"4,900",0,0,0,0,0,0,0,0,0,0,0,0,0
124153441,ID-COOLING SE-214 XT G2 데이븐,0,0,"19,380",0,0,"19,380",0,0,0,0,0,0,0,0,0,0,0,0,0
104616701,ID-COOLING SE-214 XT V2 ARGB 데이븐,0,0,"블랙_24,040",0,0,"블랙_24,040",0,0,0,0,0,0,0,0,0,0,0,0,0
104616698,ID-COOLING SE-214 XT V2 BLACK 데이븐,0,0,"블랙_24,040",0,0,"블랙_24,040",0,0,0,0,0,0,0,0,0,0,0,0,0
103601963,ID-COOLING SE-214 XT V2 RGB 데이븐,0,0,"블랙_22,160",0,0,"블랙_22,160",0,0,0,0,0,0,0,0,0,0,0,0,0
77208827,ID-COOLING SE-214-XT ARGB 데이븐,0,0,"_블랙_24,040|_화이트_24,040",0,0,"_블랙_24,040|_화이트_24,040",0,0,0,0,0,0,0,0,0,0,0,0,0
76465085,ID-COOLING SE-214-XT 데이븐,0,0,"23,110",0,0,"23,110",0,0,0,0,0,0,0,0,0,0,0,0,0
76465028,ID-COOLING SE-214-XT 오토 RGB 데이븐,0,0,"22,160",0,0,"22,160",0,0,0,0,0,0,0,0,0,0,0,0,0
97356719,ID-COOLING SE-802 SD V3 데이븐,0,0,"블랙_9,510",0,0,"블랙_9,510",0,0,0,0,0,0,0,0,0,0,0,0,0
97356800,ID-COOLING SE-902 SD V3 데이븐,0,0,"블랙_10,460",0,0,"블랙_10,460",0,0,0,0,0,0,0,0,0,0,0,0,0
76465199,ID-COOLING SE-903 XT FRGB 데이븐,0,0,"16,210",0,0,"16,210",0,0,0,0,0,0,0,0,0,0,0,0,0
96776264,ID-COOLING ZERO M05 M.2 SSD 방열판 데이븐,0,0,"4,660",0,0,"4,760",0,0,0,0,0,0,0,0,0,0,0,0,0
122699588,ID-COOLING ZERO M15 M.2 SSD 방열판 데이븐,0,0,"12,890",0,0,"12,890",0,0,0,0,0,0,0,0,0,0,0,0,0
95845727,JBCNC JB-120M 3+4P,0,0,"_블랙_1,800|_화이트_1,900",0,0,"_블랙_1,800|_화이트_1,900",0,0,0,0,0,0,0,0,0,0,0,0,0
18374177,JIUSHARK 12th-13th LGA17XX 인텔 12-13세대 Cool Guide,0,0,"_블랙_10,370|_레드_7,060",0,0,"_블랙_10,370|_레드_7,060",0,0,0,0,0,0,0,0,0,0,0,0,0
17549768,JIUSHARK JF100,0,0,"_블랙_28,000|_화이트_28,000",0,0,"_블랙_28,000|_화이트_28,000",0,0,0,0,0,0,0,0,0,0,0,0,0
17621804,JIUSHARK JF100 ARGB,0,0,"블랙_33,000",0,0,"블랙_33,000",0,0,0,0,0,0,0,0,0,0,0,0,0
18532067,JIUSHARK JF100 Crystal,0,0,"_블랙_23,000|_화이트_23,000",0,0,"_블랙_23,000|_화이트_23,000",0,0,0,0,0,0,0,0,0,0,0,0,0
99287363,JIUSHARK JF100D Digital,0,0,"블랙_24,900",0,0,"블랙_24,900",0,0,0,0,0,0,0,0,0,0,0,0,0
18788102,JIUSHARK JF100RS Crystal,0,0,"_블랙_19,000|_화이트_20,000",0,0,"_블랙_19,000|_화이트_20,000",0,0,0,0,0,0,0,0,0,0,0,0,0
18788168,JIUSHARK JF100RS Crystal ARGB,0,0,"_블랙_21,000|_화이트_21,000",0,0,"_블랙_21,000|_화이트_21,000",0,0,0,0,0,0,0,0,0,0,0,0,0
19525793,JIUSHARK JF100RS Crystal Auto RGB,0,0,"_블랙_21,000|_화이트_21,000",0,0,"_블랙_21,000|_화이트_21,000",0,0,0,0,0,0,0,0,0,0,0,0,0
17549846,JIUSHARK JF100S,0,0,"블랙_34,000",0,0,"블랙_34,000",0,0,0,0,0,0,0,0,0,0,0,0,0
59763428,JIUSHARK JF120R Emerald,0,0,"_블랙_18,900|_화이트_18,900",0,0,"_블랙_18,900|_화이트_18,900",0,0,0,0,0,0,0,0,0,0,0,0,0
62792285,JIUSHARK JF120R Emerald ARGB,0,0,"_블랙_19,900|_화이트_19,900",0,0,"_블랙_19,900|_화이트_19,900",0,0,0,0,0,0,0,0,0,0,0,0,0
63268043,JIUSHARK JF120R Emerald RGB,0,0,"_블랙_19,900|_화이트_19,900",0,0,"_블랙_19,900|_화이트_19,900",0,0,0,0,0,0,0,0,0,0,0,0,0
95985374,JIUSHARK JF150RS Lily,0,0,"_블랙_21,900|_화이트_21,900",0,0,"_블랙_21,900|_화이트_21,900",0,0,0,0,0,0,0,0,0,0,0,0,0
95985602,JIUSHARK JF150RS Lily ARGB,0,0,"_블랙_23,900|_화이트_23,900",0,0,"_블랙_23,900|_화이트_23,900",0,0,0,0,0,0,0,0,0,0,0,0,0
95985494,JIUSHARK JF150RS Lily RGB,0,0,"_블랙_23,900|_화이트_23,900",0,0,"_블랙_23,900|_화이트_23,900",0,0,0,0,0,0,0,0,0,0,0,0,0
122701150,JIUSHARK JF160R Quiet ARGB,0,0,"_블랙_24,890|_화이트_24,890",0,0,0,0,0,0,0,0,0,0,0,0,0,0,0,0
122701151,JIUSHARK JF160R Quiet ARGB,0,0,0,0,0,"_블랙_24,890|_화이트_24,890",0,0,0,0,0,0,0,0,0,0,0,0,0
122701136,JIUSHARK JF160R Quiet RGB,0,0,"_블랙_24,890|_화이트_24,890",0,0,0,0,0,0,0,0,0,0,0,0,0,0,0,0
122701145,JIUSHARK JF160R Quiet RGB,0,0,0,0,0,"_블랙_24,890|_화이트_24,890",0,0,0,0,0,0,0,0,0,0,0,0,0
17621789,JIUSHARK JF200 ARGB,0,0,"_블랙_56,000|_화이트_59,000",0,0,"_블랙_56,000|_화이트_59,000",0,0,0,0,0,0,0,0,0,0,0,0,0
29934701,JIUSHARK JF200MINI Crystal,0,0,"_블랙_29,000|_화이트_29,000",0,0,"_블랙_29,000|_화이트_29,000",0,0,0,0,0,0,0,0,0,0,0,0,0
44415335,JIUSHARK JF200MINI Crystal ARGB,0,0,"_블랙_33,000|_화이트_33,000",0,0,"_블랙_33,000|_화이트_33,000",0,0,0,0,0,0,0,0,0,0,0,0,0
29935097,JIUSHARK JF200MINI Crystal Auto RGB,0,0,"_블랙_33,000|_화이트_33,000",0,0,"_블랙_33,000|_화이트_33,000",0,0,0,0,0,0,0,0,0,0,0,0,0
17549933,JIUSHARK JF200S,0,0,"블랙_55,000",0,0,"블랙_55,000",0,0,0,0,0,0,0,0,0,0,0,0,0
73697669,JIUSHARK JF500 Ruby,0,0,"_블랙_29,900|_화이트_29,900",0,0,"_블랙_29,900|_화이트_29,900",0,0,0,0,0,0,0,0,0,0,0,0,0
73692587,JIUSHARK JF500 Ruby ARGB,0,0,"_블랙_31,900|_화이트_31,900",0,0,"_블랙_31,900|_화이트_31,900",0,0,0,0,0,0,0,0,0,0,0,0,0
82471301,JIUSHARK JF500 Ruby RGB,0,0,"_블랙_31,900|_화이트_31,900",0,0,"_블랙_31,900|_화이트_31,900",0,0,0,0,0,0,0,0,0,0,0,0,0
98076224,JIUSHARK JF550 Elite,0,0,"_블랙_32,900|_화이트_31,530",0,0,"_블랙_31,530|_화이트_31,530",0,0,0,0,0,0,0,0,0,0,0,0,0
98076389,JIUSHARK JF550 Elite ARGB,0,0,"_블랙_36,900|_화이트_36,900",0,0,"_블랙_35,440|_화이트_35,440",0,0,0,0,0,0,0,0,0,0,0,0,0
98076353,JIUSHARK JF550 Elite RGB,0,0,"_블랙_33,900|_화이트_33,900",0,0,"_블랙_33,900|_화이트_32,930",0,0,0,0,0,0,0,0,0,0,0,0,0
74809868,JIUSHARK JF800 Diamond,0,0,"_블랙_59,000|_화이트_59,000",0,0,"_블랙_57,200|_화이트_56,460",0,0,0,0,0,0,0,0,0,0,0,0,0
74810027,JIUSHARK JF800 Diamond ARGB,0,0,"_블랙_63,500|_화이트_61,110",0,0,"_블랙_61,110|_화이트_61,110",0,0,0,0,0,0,0,0,0,0,0,0,0
106721708,JIUSHARK JK-F120 ARGB,0,0,"_블랙_14,900|_화이트_14,900",0,0,"_블랙_14,900|_화이트_14,900",0,0,0,0,0,0,0,0,0,0,0,0,0
106721696,JIUSHARK JK-F360 ARGB,0,0,"_블랙_39,000|_화이트_39,000",0,0,"_블랙_39,000|_화이트_39,000",0,0,0,0,0,0,0,0,0,0,0,0,0
106721702,JIUSHARK JK-F360 Reverse ARGB,0,0,"_블랙_39,000|_화이트_39,000",0,0,"_블랙_39,000|_화이트_39,000",0,0,0,0,0,0,0,0,0,0,0,0,0
106721684,JIUSHARK JK-S360 Crescent ARGB,0,0,"_블랙_72,900|_화이트_70,500",0,0,"_블랙_72,900|_화이트_70,500",0,0,0,0,0,0,0,0,0,0,0,0,0
20727932,JIUSHARK M.2-FIVE M1,0,0,"18,000",0,0,"18,000",0,0,0,0,0,0,0,0,0,0,0,0,0
18541574,JIUSHARK M.2-FOUR M1,0,0,"27,000",0,0,"27,000",0,0,0,0,0,0,0,0,0,0,0,0,0
18541649,JIUSHARK M.2-FOUR M1 ARGB,0,0,"_블랙_29,000|_실버_29,000",0,0,"_블랙_29,000|_실버_29,000",0,0,0,0,0,0,0,0,0,0,0,0,0
19561421,JIUSHARK M.2-ONE M1,0,0,"_블랙_5,500|_실버_5,500",0,0,"_블랙_5,500|_실버_5,500",0,0,0,0,0,0,0,0,0,0,0,0,0
17885666,JIUSHARK M.2-THREE M1,0,0,"25,000",0,0,"25,000",0,0,0,0,0,0,0,0,0,0,0,0,0
17951723,JIUSHARK M.2-TWO M1,0,0,"19,000",0,0,"19,000",0,0,0,0,0,0,0,0,0,0,0,0,0
122685832,JONSBO CA40 RGB,0,0,"_블랙_24,080|_화이트_24,860",0,0,"_블랙_24,080|_화이트_24,860",0,0,0,0,0,0,0,0,0,0,0,0,0
124129930,JONSBO CC90 DIGITAL,0,0,"_블랙_76,610|_화이트_81,460",0,0,"_블랙_76,610|_화이트_81,460",0,0,0,0,0,0,0,0,0,0,0,0,0
27685838,JONSBO CR-1000 EVO AUTO RGB,0,0,"_블랙_21,110|_화이트_21,890",0,0,"_블랙_21,110|_화이트_21,890",0,0,0,0,0,0,0,0,0,0,0,0,0
27685958,JONSBO CR-1000 EVO STANDARD,0,0,"블랙_19,200",0,0,"블랙_19,200",0,0,0,0,0,0,0,0,0,0,0,0,0
63559763,JONSBO CR-1300 EVO RGB,0,0,"_블랙_15,830|_화이트_15,830",0,0,"_블랙_15,830|_화이트_15,830",0,0,0,0,0,0,0,0,0,0,0,0,0
27498677,JONSBO CR-1400 EVO AUTO RGB,0,0,"블랙_18,980",0,0,"블랙_18,970",0,0,0,0,0,0,0,0,0,0,0,0,0
102759722,JONSBO CR-1400 오토 RGB,0,0,"_블랙_19,270|_화이트_18,990",0,0,"_블랙_19,270|_화이트_18,980",0,0,0,0,0,0,0,0,0,0,0,0,0
13182689,JONSBO CR-2100 AUTO RGB,0,0,"54,000",0,0,"54,000",0,0,0,0,0,0,0,0,0,0,0,0,0
96314390,JONSBO CR-3000 ARGB,0,0,"화이트_46,630",0,0,"화이트_46,630",0,0,0,0,0,0,0,0,0,0,0,0,0
81359483,JONSBO CR-3000E ARGB,0,0,"화이트_38,400",0,0,"화이트_38,400",0,0,0,0,0,0,0,0,0,0,0,0,0
63562469,JONSBO CR-3000E RGB,0,0,"_블랙_32,990|_화이트_33,250",0,0,"_블랙_32,990|_화이트_33,250",0,0,0,0,0,0,0,0,0,0,0,0,0
123621080,JONSBO DS916 LCD 디스플레이,0,0,"_블랙_50,230|_화이트_50,230",0,0,"_블랙_50,220|_화이트_50,220",0,0,0,0,0,0,0,0,0,0,0,0,0
78101369,JONSBO HX-6280 ARGB,0,0,"화이트_66,900",0,0,"화이트_66,900",0,0,0,0,0,0,0,0,0,0,0,0,0
16297367,JONSBO HX6200D WHITE ARGB,0,0,"66,830",0,0,"66,830",0,0,0,0,0,0,0,0,0,0,0,0,0
17220758,JONSBO HX6240,0,0,"화이트_62,190",0,0,"화이트_62,190",0,0,0,0,0,0,0,0,0,0,0,0,0
9591900,JONSBO JELLY M.2 SSD HEATSINK ARGB,0,0,"11,790",0,0,"11,790",0,0,0,0,0,0,0,0,0,0,0,0,0
9591861,JONSBO JELLY M.2 SSD HEATSINK AUTO RGB,0,0,"6,690",0,0,"6,650",0,0,0,0,0,0,0,0,0,0,0,0,0
6573102,JONSBO M.2 2280 SSD HEATSINK,0,0,"6,000",0,0,"6,000",0,0,0,0,0,0,0,0,0,0,0,0,0
10118379,JONSBO M2-3 SSD 방열판,0,0,"_그레이_11,790|_레드_8,000",0,0,"_그레이_11,790|_레드_8,000",0,0,0,0,0,0,0,0,0,0,0,0,0
52154417,JONSBO M2-7 SSD 방열판,0,0,"블랙_17,690",0,0,"블랙_17,690",0,0,0,0,0,0,0,0,0,0,0,0,0
104967356,JONSBO M201 SSD HEATSINK,0,0,"_블랙_8,250|_실버_8,250",0,0,"_블랙_8,250|_실버_8,250",0,0,0,0,0,0,0,0,0,0,0,0,0
104967371,JONSBO M202 SSD HEATSINK,0,0,"_블랙_8,200|_실버_8,350",0,0,"_블랙_8,200|_실버_8,350",0,0,0,0,0,0,0,0,0,0,0,0,0
5685304,JONSBO NC-1 RGB,0,0,"_블랙_12,900|_화이트_12,900",0,0,"_블랙_12,900|_화이트_12,900",0,0,0,0,0,0,0,0,0,0,0,0,0
63562193,JONSBO NF-2 ARGB 메모리 쿨러,0,0,"_블랙_17,900|_화이트_17,900",0,0,"_블랙_17,900|_화이트_17,900",0,0,0,0,0,0,0,0,0,0,0,0,0
10049721,JONSBO RC-01 ARGB 컨트롤러,0,0,"9,000",0,0,"9,000",0,0,0,0,0,0,0,0,0,0,0,0,0
47520149,JONSBO SL-120 ARGB 리버스,0,0,"화이트_9,440",0,0,"화이트_9,440",0,0,0,0,0,0,0,0,0,0,0,0,0
98759678,JONSBO TF3-360SC,0,0,"_블랙_267,700|_화이트_267,800",0,0,0,0,0,0,0,0,0,0,0,0,0,0,0,0
98759693,JONSBO TF3-360SC,0,0,0,0,0,"_블랙_267,700|_화이트_267,800",0,0,0,0,0,0,0,0,0,0,0,0,0
20037560,JONSBO TG-240 ARGB,0,0,"_블랙_80,640|_화이트_80,640",0,0,"_블랙_80,640|_화이트_80,640",0,0,0,0,0,0,0,0,0,0,0,0,0
20037935,JONSBO TG-360 ARGB,0,0,"_블랙_74,800|_화이트_74,800",0,0,0,0,0,0,0,0,0,0,0,0,0,0,0,0
20037764,JONSBO TG-360 ARGB,0,0,0,0,0,"_블랙_74,800|_화이트_74,800",0,0,0,0,0,0,0,0,0,0,0,0,0
122685452,JONSBO TH-240,0,0,"블랙_85,400",0,0,"블랙_85,400",0,0,0,0,0,0,0,0,0,0,0,0,0
75466196,JONSBO TH-360,0,0,"_블랙_94,090|_화이트_94,140",0,0,"_블랙_94,090|_화이트_94,140",0,0,0,0,0,0,0,0,0,0,0,0,0
104989583,JONSBO XA-120 ARGB,0,0,"_블랙_17,900|_화이트_17,090",0,0,"_블랙_17,900|_화이트_17,090",0,0,0,0,0,0,0,0,0,0,0,0,0
104989700,JONSBO XA-360 ARGB,0,0,"_블랙_56,700|_화이트_56,940",0,0,"_블랙_56,650|_화이트_56,930",0,0,0,0,0,0,0,0,0,0,0,0,0
104989709,JONSBO XA-360 ARGB 리버스,0,0,"_블랙_57,000|_화이트_56,940",0,0,"_블랙_57,000|_화이트_56,930",0,0,0,0,0,0,0,0,0,0,0,0,0
79022117,JONSBO ZA-120 ARGB,0,0,"_블랙_16,710|_화이트_17,500",0,0,"_블랙_16,710|_화이트_17,500",0,0,0,0,0,0,0,0,0,0,0,0,0
89864099,JONSBO ZA-120 ARGB 리버스,0,0,"_블랙_17,500|_화이트_17,500",0,0,"_블랙_17,500|_화이트_17,500",0,0,0,0,0,0,0,0,0,0,0,0,0
89864117,JONSBO ZA-240 ARGB,0,0,"_블랙_36,730|_화이트_35,990",0,0,"_블랙_36,730|_화이트_35,990",0,0,0,0,0,0,0,0,0,0,0,0,0
89864144,JONSBO ZA-240 ARGB 리버스,0,0,"_블랙_35,990|_화이트_36,850",0,0,"_블랙_35,990|_화이트_36,840",0,0,0,0,0,0,0,0,0,0,0,0,0
79030814,JONSBO ZA-360 ARGB,0,0,"_블랙_46,010|_화이트_46,000",0,0,"_블랙_46,010|_화이트_46,000",0,0,0,0,0,0,0,0,0,0,0,0,0
79034021,JONSBO ZA-360 ARGB 리버스,0,0,"_블랙_47,880|_화이트_46,980",0,0,"_블랙_47,870|_화이트_46,970",0,0,0,0,0,0,0,0,0,0,0,0,0
75464510,JONSBO ZB-120 ARGB,0,0,"_블랙_17,900|_화이트_17,500",0,0,"_블랙_17,900|_화이트_17,500",0,0,0,0,0,0,0,0,0,0,0,0,0
75464639,JONSBO ZB-120 ARGB 리버스,0,0,"_블랙_17,900|_화이트_17,900",0,0,0,0,0,0,0,0,0,0,0,0,0,0,0,0
75464648,JONSBO ZB-120 ARGB 리버스,0,0,0,0,0,"_블랙_17,900|_화이트_17,900",0,0,0,0,0,0,0,0,0,0,0,0,0
75464546,JONSBO ZB-240 ARGB,0,0,"_블랙_36,010|_화이트_36,700",0,0,"_블랙_36,010|_화이트_36,700",0,0,0,0,0,0,0,0,0,0,0,0,0
75464666,JONSBO ZB-240 ARGB 리버스,0,0,"_블랙_36,500|_화이트_36,810",0,0,"_블랙_36,500|_화이트_36,800",0,0,0,0,0,0,0,0,0,0,0,0,0
75464576,JONSBO ZB-360 ARGB,0,0,"_블랙_46,300|_화이트_46,300",0,0,"_블랙_46,300|_화이트_46,300",0,0,0,0,0,0,0,0,0,0,0,0,0
75464801,JONSBO ZB-360 ARGB 리버스,0,0,"_블랙_46,300|_화이트_46,300",0,0,"_블랙_46,300|_화이트_46,300",0,0,0,0,0,0,0,0,0,0,0,0,0
98771636,JONSBO ZC-360,0,0,"_3팩, 블랙_142,300|_3팩, 화이트_148,990",0,0,"_3팩, 블랙_142,300|_3팩, 화이트_148,890",0,0,0,0,0,0,0,0,0,0,0,0,0
124153662,JONSBO ZE-120 ARGB,0,0,"_블랙_14,290|_화이트_14,290",0,0,"_블랙_14,290|_화이트_14,290",0,0,0,0,0,0,0,0,0,0,0,0,0
124153692,JONSBO ZE-120 ARGB,0,0,"_블랙_14,290|_화이트_14,290",0,0,"_블랙_14,290|_화이트_14,290",0,0,0,0,0,0,0,0,0,0,0,0,0
124153698,JONSBO ZE-240 ARGB,0,0,"_블랙_28,060|_화이트_28,060",0,0,"_블랙_28,060|_화이트_28,060",0,0,0,0,0,0,0,0,0,0,0,0,0
124153702,JONSBO ZE-240 ARGB,0,0,"_블랙_28,060|_화이트_28,060",0,0,"_블랙_28,060|_화이트_28,060",0,0,0,0,0,0,0,0,0,0,0,0,0
124153733,JONSBO ZE-240 ARGB 리버스,0,0,"_블랙_28,060|_화이트_28,060",0,0,"_블랙_28,060|_화이트_28,060",0,0,0,0,0,0,0,0,0,0,0,0,0
124153751,JONSBO ZE-240 ARGB 리버스,0,0,"_블랙_28,060|_화이트_28,060",0,0,"_블랙_28,060|_화이트_28,060",0,0,0,0,0,0,0,0,0,0,0,0,0
124153709,JONSBO ZE-360 ARGB,0,0,"_블랙_37,590|_화이트_37,590",0,0,"_블랙_37,590|_화이트_37,590",0,0,0,0,0,0,0,0,0,0,0,0,0
124153713,JONSBO ZE-360 ARGB,0,0,"_블랙_37,590|_화이트_37,590",0,0,"_블랙_37,590|_화이트_37,590",0,0,0,0,0,0,0,0,0,0,0,0,0
124153756,JONSBO ZE-360 ARGB 리버스,0,0,"_블랙_37,590|_화이트_37,590",0,0,"_블랙_37,590|_화이트_37,590",0,0,0,0,0,0,0,0,0,0,0,0,0
124153758,JONSBO ZE-360 ARGB 리버스,0,0,"_블랙_37,590|_화이트_37,590",0,0,0,0,0,0,0,0,0,0,0,0,0,0,0,0
64375196,JONSBO ZL-120 ARGB 리버스,0,0,"3팩, 화이트_46,300",0,0,"3팩, 화이트_46,300",0,0,0,0,0,0,0,0,0,0,0,0,0
2293128,LAMPTRON FC5V2 Silver,0,0,"99,000",0,0,"99,000",0,0,0,0,0,0,0,0,0,0,0,0,0
2126759,LAMPTRON FC9 Black,0,0,"60,550",0,0,"60,550",0,0,0,0,0,0,0,0,0,0,0,0,0
11619248,LEADCOOL 120,0,0,"_블랙_3,900|_화이트_3,890",0,0,0,0,0,0,0,0,0,0,0,0,0,0,0,0
10981392,LEADCOOL 120,0,0,0,0,0,"_블랙_4,000|_화이트_3,890",0,0,0,0,0,0,0,0,0,0,0,0,0
11619323,LEADCOOL 120 ARGB,0,0,"_블랙_8,100|_화이트_4,450",0,0,"_블랙_8,100|_화이트_4,450",0,0,0,0,0,0,0,0,0,0,0,0,0
11756861,LEADCOOL 120 AUTO RGB,0,0,"6팩, 화이트_46,560",0,0,"6팩, 화이트_46,560",0,0,0,0,0,0,0,0,0,0,0,0,0
10981380,LEADCOOL 120 LED WHITE,0,0,"블랙_6,820",0,0,"블랙_6,820",0,0,0,0,0,0,0,0,0,0,0,0,0
11619293,LEADCOOL 120 PWM,0,0,"_화이트_3,600|3팩, 화이트_17,250|_6팩, 화이트_32,710",0,0,"_화이트_3,600|3팩, 화이트_17,250|_6팩, 화이트_32,710",0,0,0,0,0,0,0,0,0,0,0,0,0
10351578,LEADCOOL AC-1 ARGB 컨트롤러,0,0,"8,300",0,0,"8,300",0,0,0,0,0,0,0,0,0,0,0,0,0
99892157,LEADCOOL AC-1000 RGB,0,0,"블랙_15,880",0,0,"블랙_15,880",0,0,0,0,0,0,0,0,0,0,0,0,0
99892115,LEADCOOL AC-1100 RGB,0,0,"블랙_16,900",0,0,"블랙_16,900",0,0,0,0,0,0,0,0,0,0,0,0,0
106717160,LEADCOOL AC-2100 PRO RGB,0,0,"블랙_16,820",0,0,"블랙_16,820",0,0,0,0,0,0,0,0,0,0,0,0,0
99891908,LEADCOOL AC-3100 DIGITAL ARGB,0,0,"_블랙_22,460|_화이트_23,900",0,0,"_블랙_22,460|_화이트_23,900",0,0,0,0,0,0,0,0,0,0,0,0,0
99891959,LEADCOOL AC-3100 PRO ARGB,0,0,"블랙_17,770",0,0,"블랙_17,770",0,0,0,0,0,0,0,0,0,0,0,0,0
63747296,LEADCOOL AH-7 ARGB AND PWM HUB,0,0,"12,090",0,0,"12,090",0,0,0,0,0,0,0,0,0,0,0,0,0
104227829,LEADCOOL EVO-120 ARGB PWM,0,0,"_3팩, 블랙_17,400|_3팩, 화이트_17,400|블랙_5,900|컨트롤러/3팩, 블랙_28,180|컨트롤러/3팩, 화이트_28,180|화이트_5,900",0,0,"3팩, 블랙_17,400|_3팩, 화이트_17,400|_블랙_5,900|컨트롤러/3팩, 블랙_28,180|컨트롤러/3팩, 화이트_28,180|화이트_5,900",0,0,0,0,0,0,0,0,0,0,0,0,0
104228312,LEADCOOL EVO-120 ARGB PWM REVERSE,0,0,"3팩, 블랙_17,400|_3팩, 화이트_17,400|블랙_5,900|컨트롤러/3팩, 블랙_28,180|_컨트롤러/3팩, 화이트_28,180|화이트_5,900",0,0,"3팩, 블랙_17,400|_3팩, 화이트_17,400|블랙_5,900|컨트롤러/3팩, 블랙_28,180|_컨트롤러/3팩, 화이트_28,180|화이트_5,900",0,0,0,0,0,0,0,0,0,0,0,0,0
11618924,LEADCOOL GH-1 그래픽카드 지지대,0,0,"_블랙_3,600|_화이트_3,890",0,0,"_블랙_3,600|_화이트_3,890",0,0,0,0,0,0,0,0,0,0,0,0,0
81319658,LEADCOOL GH-1 미니 그래픽카드 지지대,0,0,"블랙_3,020",0,0,"블랙_3,020",0,0,0,0,0,0,0,0,0,0,0,0,0
106717250,LEADCOOL JD-1000 PWM 벌크,0,0,"블랙_29,500",0,0,"블랙_29,500",0,0,0,0,0,0,0,0,0,0,0,0,0
106717220,LEADCOOL JD-950 PWM 벌크,0,0,"블랙_25,200",0,0,"블랙_25,200",0,0,0,0,0,0,0,0,0,0,0,0,0
11618849,LEADCOOL M.2 SSD 방열판,0,0,"블랙_5,820",0,0,"블랙_5,820",0,0,0,0,0,0,0,0,0,0,0,0,0
11618885,LEADCOOL M.2 SSD 방열판 AUTO RGB,0,0,"블랙_7,410",0,0,"블랙_7,410",0,0,0,0,0,0,0,0,0,0,0,0,0
32003555,LEADCOOL POONG AC-2100 RAINBOW,0,0,"화이트_20,500",0,0,"화이트_20,500",0,0,0,0,0,0,0,0,0,0,0,0,0
52369547,LEADCOOL POONG AC-3100 ARGB,0,0,"화이트_23,000",0,0,"화이트_23,000",0,0,0,0,0,0,0,0,0,0,0,0,0
20512169,LEADCOOL POONG AC-6200 BOOSTER ARGB,0,0,"49,000",0,0,"49,000",0,0,0,0,0,0,0,0,0,0,0,0,0
9956583,LEADCOOL RH-1 ARGB 메모리 방열판,0,0,"블랙_13,990",0,0,"블랙_13,990",0,0,0,0,0,0,0,0,0,0,0,0,0
12627080,LEADCOOL RH-1 EVO ARGB 메모리 방열판 블랙,0,0,"_1팩_13,770|_2팩_26,160|4팩_49,610",0,0,0,0,0,0,0,0,0,0,0,0,0,0,0,0
13279277,LEADCOOL RH-1 EVO ARGB 메모리 방열판 블랙,0,0,0,0,0,"_1팩_13,770|_2팩_26,160|4팩_49,610",0,0,0,0,0,0,0,0,0,0,0,0,0
12681341,LEADCOOL RH-1 EVO ARGB 메모리 방열판 블랙 KIT,0,0,"_컨트롤러/1팩_21,960|_컨트롤러/2팩_26,900|컨트롤러/4팩_51,500",0,0,"_컨트롤러/1팩_21,960|_컨트롤러/2팩_26,900|컨트롤러/4팩_51,500",0,0,0,0,0,0,0,0,0,0,0,0,0
13279298,LEADCOOL RH-1 EVO ARGB 메모리 방열판 화이트,0,0,"1팩_14,830|_2팩_25,560|_4팩_51,500",0,0,"1팩_14,830|_2팩_25,560|_4팩_51,500",0,0,0,0,0,0,0,0,0,0,0,0,0
12681359,LEADCOOL RH-1 EVO ARGB 메모리 방열판 화이트 KIT,0,0,"컨트롤러/1팩_22,870|_컨트롤러/2팩_34,310|_컨트롤러/4팩_51,500",0,0,"컨트롤러/1팩_22,870|_컨트롤러/2팩_34,310|_컨트롤러/4팩_51,500",0,0,0,0,0,0,0,0,0,0,0,0,0
19306217,LEADCOOL SU LTC-240 ARGB,0,0,"블랙_83,100",0,0,"블랙_83,100",0,0,0,0,0,0,0,0,0,0,0,0,0
19306109,LEADCOOL SU LTC-360 ARGB,0,0,"블랙_114,950",0,0,"블랙_114,950",0,0,0,0,0,0,0,0,0,0,0,0,0
16134650,LEADCOOL 튜닝용 더미램,0,0,"1,480",0,0,"1,480",0,0,0,0,0,0,0,0,0,0,0,0,0
95346422,MAXTEK MT226 3M 접착 써멀패드 100x100mm,0,0,0,0,0,"2.0mm_4,400",0,0,0,0,0,0,0,0,0,0,0,0,0
96986489,MAXTEK MT587 2280 M.2 듀얼 히트 구리 파이프 SSD NVME 방열판,0,0,"블랙_14,300",0,0,"블랙_14,300",0,0,0,0,0,0,0,0,0,0,0,0,0
96425888,MAXTILL MAX3000 ARGB,0,0,"_블랙_91,200|_화이트_89,040",0,0,"_블랙_91,200|_화이트_89,040",0,0,0,0,0,0,0,0,0,0,0,0,0
96425942,MAXTILL MAX3100 ARGB,0,0,"_블랙_107,610|_화이트_111,070",0,0,"_블랙_107,610|_화이트_111,070",0,0,0,0,0,0,0,0,0,0,0,0,0
95929487,MAXTILL MAX400,0,0,"19,540",0,0,"19,540",0,0,0,0,0,0,0,0,0,0,0,0,0
96425588,MAXTILL MAX400 ARGB,0,0,"_블랙_25,900|_화이트_22,420",0,0,"_블랙_25,900|_화이트_22,420",0,0,0,0,0,0,0,0,0,0,0,0,0
96425630,MAXTILL MAX600,0,0,"31,540",0,0,"31,540",0,0,0,0,0,0,0,0,0,0,0,0,0
96425723,MAXTILL MAX600 ARGB,0,0,"_블랙_33,210|_화이트_34,050",0,0,"_블랙_33,210|_화이트_34,050",0,0,0,0,0,0,0,0,0,0,0,0,0
27947471,MONTECH AX120 PWM ARGB,0,0,"_블랙_15,890|_화이트_16,880",0,0,"_블랙_15,890|_화이트_16,880",0,0,0,0,0,0,0,0,0,0,0,0,0
33991949,MONTECH AX140 PWM ARGB,0,0,"_블랙_18,430|_화이트_20,370",0,0,0,0,0,0,0,0,0,0,0,0,0,0,0,0
33991961,MONTECH AX140 PWM ARGB,0,0,0,0,0,"_블랙_18,430|_화이트_20,370",0,0,0,0,0,0,0,0,0,0,0,0,0
27949712,MONTECH RX120 PWM ARGB,0,0,"_블랙_16,880|_화이트_17,390",0,0,"_블랙_16,880|_화이트_17,390",0,0,0,0,0,0,0,0,0,0,0,0,0
33991988,MONTECH RX140 PWM ARGB,0,0,"블랙_20,870",0,0,"블랙_20,870",0,0,0,0,0,0,0,0,0,0,0,0,0
76512572,MSI MAG 코어리퀴드 A13 240,0,0,"_블랙_65,000|_화이트_68,320",0,0,"_블랙_61,590|_화이트_65,590",0,0,0,0,0,0,0,0,0,0,0,0,0
76512596,MSI MAG 코어리퀴드 A13 360,0,0,"_블랙_80,800|_화이트_84,400",0,0,"_블랙_80,260|_화이트_84,390",0,0,0,0,0,0,0,0,0,0,0,0,0
28806287,MSI MAG 코어리퀴드 E360,0,0,"_블랙_119,710|_화이트_131,000",0,0,0,0,0,0,0,0,0,0,0,0,0,0,0,0
29863202,MSI MAG 코어리퀴드 E360,0,0,0,0,0,"_블랙_119,710|_화이트_131,000",0,0,0,0,0,0,0,0,0,0,0,0,0
67576196,MSI MAG 코어리퀴드 I360,0,0,"_블랙_132,000|_화이트_141,200",0,0,"_블랙_131,430|_화이트_141,190",0,0,0,0,0,0,0,0,0,0,0,0,0
96059660,MSI MAG 코어프로저 AA13 ARGB,0,0,"_블랙_23,150|_화이트_16,900",0,0,"_블랙_23,140|_화이트_16,900",0,0,0,0,0,0,0,0,0,0,0,0,0
16873394,MSI MEG 사일런트 게일 P12,0,0,"25,000",0,0,"25,000",0,0,0,0,0,0,0,0,0,0,0,0,0
64375889,MSI MPG EZ120 ARGB,0,0,"_3팩, 블랙_129,000|_3팩, 화이트_122,400",0,0,0,0,0,0,0,0,0,0,0,0,0,0,0,0
64375844,MSI MPG EZ120 ARGB,0,0,0,0,0,"_3팩, 블랙_129,000|_3팩, 화이트_122,390",0,0,0,0,0,0,0,0,0,0,0,0,0
124198572,MSI MPG 코어리퀴드 P22 360,0,0,"_블랙_132,000|_화이트_141,200",0,0,"_블랙_131,990|_화이트_141,190",0,0,0,0,0,0,0,0,0,0,0,0,0
7966159,MSI 레인보우 미스틱 120 ARGB,0,0,"컨트롤러/3팩_79,420",0,0,"컨트롤러/3팩_79,420",0,0,0,0,0,0,0,0,0,0,0,0,0
7438579,MSI 아틀라스 미스틱 ARGB 그래픽카드 지지대,0,0,"10,000",0,0,"10,000",0,0,0,0,0,0,0,0,0,0,0,0,0
124046561,Maxtor CTG12 써멀구리스 제이씨현,0,0,"_2g_7,000|_4g_9,000",0,0,"_2g_7,000|_4g_9,000",0,0,0,0,0,0,0,0,0,0,0,0,0
124046564,Maxtor CTG12 써멀구리스 제이씨현,0,0,"_2g_7,000|_4g_9,000",0,0,"_2g_7,000|_4g_9,000",0,0,0,0,0,0,0,0,0,0,0,0,0
124047042,Maxtor CTG8 써멀구리스 제이씨현,0,0,"_2g_5,000|_4g_7,000",0,0,"_2g_5,000|_4g_7,000",0,0,0,0,0,0,0,0,0,0,0,0,0
10257717,NOCTUA NF-A12x15 PWM chromax.black.swap,0,0,"40,280",0,0,"40,280",0,0,0,0,0,0,0,0,0,0,0,0,0
94810307,NOCTUA NF-A12x25 G2 LS-PWM,0,0,0,0,0,"58,180",0,0,0,0,0,0,0,0,0,0,0,0,0
94810055,NOCTUA NF-A12x25 G2 PWM,0,0,"58,180",0,0,"58,180",0,0,0,0,0,0,0,0,0,0,0,0,0
94810145,NOCTUA NF-A12x25 G2 PWM Sx2-PP,0,0,"2팩_111,800",0,0,"2팩_111,800",0,0,0,0,0,0,0,0,0,0,0,0,0
122679234,NOCTUA NF-A12x25 G2 PWM Sx2-PP chromax.black,0,0,"2팩_114,370",0,0,"2팩_114,370",0,0,0,0,0,0,0,0,0,0,0,0,0
122679260,NOCTUA NF-A12x25 G2 PWM chromax.black,0,0,"59,300",0,0,"59,300",0,0,0,0,0,0,0,0,0,0,0,0,0
6210389,NOCTUA NF-A12x25 PWM,0,0,"47,610",0,0,"47,610",0,0,0,0,0,0,0,0,0,0,0,0,0
2482896,NOCTUA NF-A14 PWM,0,0,"35,590",0,0,"35,590",0,0,0,0,0,0,0,0,0,0,0,0,0
69565580,NOCTUA NF-A14x25 G2 LS-PWM,0,0,"62,600",0,0,"62,600",0,0,0,0,0,0,0,0,0,0,0,0,0
69565319,NOCTUA NF-A14x25 G2 PWM,0,0,"62,600",0,0,"62,600",0,0,0,0,0,0,0,0,0,0,0,0,0
101072390,NOCTUA NF-A14x25 G2 PWM Sx2-PP chromax.black,0,0,"2팩_124,550",0,0,"2팩_124,550",0,0,0,0,0,0,0,0,0,0,0,0,0
101070332,NOCTUA NF-A14x25 G2 PWM chromax.black,0,0,"64,070",0,0,"64,070",0,0,0,0,0,0,0,0,0,0,0,0,0
12450677,NOCTUA NF-A20 PWM chromax.black.swap,0,0,"55,390",0,0,"55,390",0,0,0,0,0,0,0,0,0,0,0,0,0
1820149,NOCTUA NF-A4x10 FLX,0,0,"23,190",0,0,"23,190",0,0,0,0,0,0,0,0,0,0,0,0,0
5595617,NOCTUA NF-A6x25 PWM,0,0,"23,970",0,0,0,0,0,0,0,0,0,0,0,0,0,0,0,0
2862059,NOCTUA NF-A8 PWM,0,0,0,0,0,"25,990",0,0,0,0,0,0,0,0,0,0,0,0,0
2934587,NOCTUA NF-A9 FLX,0,0,"28,890",0,0,0,0,0,0,0,0,0,0,0,0,0,0,0,0
10536555,NOCTUA NF-A9x14 HS-PWM chromax.black.swap,0,0,"33,390",0,0,"33,390",0,0,0,0,0,0,0,0,0,0,0,0,0
2684519,NOCTUA NF-F12 IndustrialPPC-3000 PWM,0,0,"43,860",0,0,"43,860",0,0,0,0,0,0,0,0,0,0,0,0,0
1555171,NOCTUA NF-F12 PWM,0,0,"33,900",0,0,0,0,0,0,0,0,0,0,0,0,0,0,0,0
6150535,NOCTUA NF-P12 redux-1700 PWM,0,0,"24,290",0,0,"24,290",0,0,0,0,0,0,0,0,0,0,0,0,0
6492804,NOCTUA NF-P14S Redux 1500 PWM,0,0,"25,980",0,0,"25,980",0,0,0,0,0,0,0,0,0,0,0,0,0
2684635,NOCTUA NF-R8 redux-1800 PWM,0,0,"20,130",0,0,0,0,0,0,0,0,0,0,0,0,0,0,0,0
2684671,NOCTUA NF-S12B redux-1200 PWM,0,0,"24,290",0,0,"24,290",0,0,0,0,0,0,0,0,0,0,0,0,0
106220693,NOCTUA NH-D12L chromax.black,0,0,"165,200",0,0,"165,200",0,0,0,0,0,0,0,0,0,0,0,0,0
2996635,NOCTUA NH-D15,0,0,"165,980",0,0,"165,980",0,0,0,0,0,0,0,0,0,0,0,0,0
67683362,NOCTUA NH-D15 G2,0,0,"246,720",0,0,"246,720",0,0,0,0,0,0,0,0,0,0,0,0,0
67683296,NOCTUA NH-D15 G2 LBC,0,0,"247,480",0,0,"247,480",0,0,0,0,0,0,0,0,0,0,0,0,0
101072159,NOCTUA NH-D15 G2 chromax.black,0,0,"265,800",0,0,"265,800",0,0,0,0,0,0,0,0,0,0,0,0,0
2934619,NOCTUA NH-D9L,0,0,0,0,0,"92,180",0,0,0,0,0,0,0,0,0,0,0,0,0
5592367,NOCTUA NH-L12S,0,0,"101,360",0,0,"101,360",0,0,0,0,0,0,0,0,0,0,0,0,0
54817085,NOCTUA NH-L12Sx77,0,0,"125,490",0,0,"125,490",0,0,0,0,0,0,0,0,0,0,0,0,0
5592415,NOCTUA NH-L9a-AM4,0,0,"76,620",0,0,"76,620",0,0,0,0,0,0,0,0,0,0,0,0,0
10614258,NOCTUA NH-L9a-AM4 chromax.black,0,0,0,0,0,"85,750",0,0,0,0,0,0,0,0,0,0,0,0,0
19230314,NOCTUA NH-L9a-AM5,0,0,"75,400",0,0,"75,400",0,0,0,0,0,0,0,0,0,0,0,0,0
7639102,NOCTUA NH-U12A,0,0,"179,600",0,0,"179,600",0,0,0,0,0,0,0,0,0,0,0,0,0
15688298,NOCTUA NH-U12A chromax.black,0,0,"196,190",0,0,"196,190",0,0,0,0,0,0,0,0,0,0,0,0,0
27890018,NOCTUA NH-U14S DX-4677,0,0,"211,800",0,0,"211,800",0,0,0,0,0,0,0,0,0,0,0,0,0
122710717,NOCTUA NL-LC1-24,0,0,"370,200",0,0,"370,200",0,0,0,0,0,0,0,0,0,0,0,0,0
122710698,NOCTUA NL-LC1-36,0,0,"421,290",0,0,"421,290",0,0,0,0,0,0,0,0,0,0,0,0,0
122710625,NOCTUA NL-LC1-42,0,0,"469,490",0,0,"469,490",0,0,0,0,0,0,0,0,0,0,0,0,0
77859161,NZXT Control Hub,0,0,"62,410",0,0,"62,410",0,0,0,0,0,0,0,0,0,0,0,0,0
80547725,NZXT F120 RGB,0,0,"_블랙_27,550|_화이트_52,000",0,0,"_블랙_27,550|_화이트_52,000",0,0,0,0,0,0,0,0,0,0,0,0,0
92358872,NZXT F120 RGB CORE,0,0,"_컨트롤러/3팩, 블랙_101,180|_블랙_29,940|컨트롤러/3팩, 화이트_111,000",0,0,"_컨트롤러/3팩, 블랙_101,180|_블랙_29,940|컨트롤러/3팩, 화이트_111,000",0,0,0,0,0,0,0,0,0,0,0,0,0
77858105,NZXT F120 RGB DUO,0,0,"_블랙_45,990|컨트롤러/3팩, 블랙_177,230|화이트_43,500|_컨트롤러/3팩, 화이트_172,230",0,0,"_블랙_45,990|컨트롤러/3팩, 블랙_177,230|화이트_43,500|_컨트롤러/3팩, 화이트_172,230",0,0,0,0,0,0,0,0,0,0,0,0,0
79557500,NZXT F140 RGB,0,0,"_컨트롤러/2팩, 블랙_135,000|_컨트롤러/2팩, 화이트_135,000",0,0,"_컨트롤러/2팩, 블랙_135,000|_컨트롤러/2팩, 화이트_135,000",0,0,0,0,0,0,0,0,0,0,0,0,0
77858963,NZXT F140 RGB CORE,0,0,"_화이트_29,500|_컨트롤러/2팩, 화이트_78,480",0,0,"_화이트_29,500|_컨트롤러/2팩, 화이트_78,480",0,0,0,0,0,0,0,0,0,0,0,0,0
77858780,NZXT F140 RGB DUO,0,0,"블랙_43,490|컨트롤러/2팩, 블랙_54,990|_화이트_49,990|_컨트롤러/2팩, 화이트_119,000",0,0,"블랙_43,490|컨트롤러/2팩, 블랙_54,990|_화이트_49,990|_컨트롤러/2팩, 화이트_119,000",0,0,0,0,0,0,0,0,0,0,0,0,0
17140739,NZXT F140P,0,0,"매트화이트_19,900",0,0,"매트화이트_19,900",0,0,0,0,0,0,0,0,0,0,0,0,0
99914363,NZXT F140X,0,0,"_블랙_44,130|_화이트_44,140",0,0,0,0,0,0,0,0,0,0,0,0,0,0,0,0
79560734,NZXT F240 RGB CORE,0,0,"_블랙_59,000|_화이트_66,030",0,0,"_블랙_64,530|_화이트_66,030",0,0,0,0,0,0,0,0,0,0,0,0,0
79560896,NZXT F280 RGB CORE,0,0,"_블랙_69,000|_화이트_69,000",0,0,"_블랙_69,000|_화이트_69,000",0,0,0,0,0,0,0,0,0,0,0,0,0
99914636,NZXT F280X,0,0,0,0,0,"_블랙_90,210|_화이트_87,490",0,0,0,0,0,0,0,0,0,0,0,0,0
79560995,NZXT F360 RGB CORE,0,0,"_블랙_111,000|_화이트_99,000",0,0,"_블랙_111,000|_화이트_99,000",0,0,0,0,0,0,0,0,0,0,0,0,0
122721443,NZXT F360 RGB Reverse V2,0,0,"_블랙_77,400|_화이트_77,400",0,0,"_블랙_77,400|_화이트_77,400",0,0,0,0,0,0,0,0,0,0,0,0,0
99914711,NZXT F360X,0,0,"_블랙_120,500|_화이트_119,040",0,0,"_블랙_120,500|_화이트_119,040",0,0,0,0,0,0,0,0,0,0,0,0,0
90956546,NZXT F420 RGB CORE,0,0,"_블랙_99,000|_화이트_108,190",0,0,0,0,0,0,0,0,0,0,0,0,0,0,0,0
90956582,NZXT F420 RGB CORE,0,0,0,0,0,"_블랙_99,000|_화이트_108,190",0,0,0,0,0,0,0,0,0,0,0,0,0
17319296,NZXT High-Performance Thermal Paste,0,0,"_3g_15,000|_15g_31,000",0,0,"_3g_15,000|_15g_31,000",0,0,0,0,0,0,0,0,0,0,0,0,0
77859263,NZXT Internal USB Hub,0,0,"38,940",0,0,"38,940",0,0,0,0,0,0,0,0,0,0,0,0,0
79554248,NZXT Internal USB Hub Gen 3,0,0,"30,310",0,0,"30,060",0,0,0,0,0,0,0,0,0,0,0,0,0
79558892,NZXT KRAKEN 240 RGB,0,0,"화이트_229,000",0,0,"화이트_229,000",0,0,0,0,0,0,0,0,0,0,0,0,0
19867634,NZXT KRAKEN 240 RGB 브라보텍,0,0,"블랙_204,010",0,0,"블랙_204,010",0,0,0,0,0,0,0,0,0,0,0,0,0
79558349,NZXT KRAKEN 360,0,0,"304,360",0,0,"304,360",0,0,0,0,0,0,0,0,0,0,0,0,0
78976814,NZXT KRAKEN 360 RGB,0,0,"_블랙_265,000|_화이트_229,900",0,0,0,0,0,0,0,0,0,0,0,0,0,0,0,0
78976901,NZXT KRAKEN 360 RGB,0,0,0,0,0,"_블랙_265,000|_화이트_229,900",0,0,0,0,0,0,0,0,0,0,0,0,0
79559303,NZXT KRAKEN ELITE 240 RGB,0,0,"화이트_290,000",0,0,"화이트_290,000",0,0,0,0,0,0,0,0,0,0,0,0,0
19865516,NZXT KRAKEN ELITE 240 브라보텍,0,0,"339,000",0,0,"339,000",0,0,0,0,0,0,0,0,0,0,0,0,0
79559378,NZXT KRAKEN ELITE 280,0,0,"블랙_361,770",0,0,"블랙_361,770",0,0,0,0,0,0,0,0,0,0,0,0,0
79559525,NZXT KRAKEN ELITE 280 RGB,0,0,"_블랙_269,000|_화이트_250,170",0,0,"_블랙_269,000|_화이트_250,170",0,0,0,0,0,0,0,0,0,0,0,0,0
79559645,NZXT KRAKEN ELITE 360,0,0,"블랙_478,000",0,0,"블랙_478,000",0,0,0,0,0,0,0,0,0,0,0,0,0
79559816,NZXT KRAKEN ELITE 360 RGB,0,0,"블랙_399,000",0,0,"블랙_399,000",0,0,0,0,0,0,0,0,0,0,0,0,0
78976205,NZXT KRAKEN ELITE V2 240,0,0,"283,760",0,0,"286,130",0,0,0,0,0,0,0,0,0,0,0,0,0
77859836,NZXT KRAKEN ELITE V2 240 RGB,0,0,"_블랙_291,000|_화이트_315,270",0,0,"_블랙_291,000|_화이트_315,270",0,0,0,0,0,0,0,0,0,0,0,0,0
72757283,NZXT KRAKEN ELITE V2 240 RGB 브라보텍,0,0,"화이트_339,000",0,0,"화이트_339,000",0,0,0,0,0,0,0,0,0,0,0,0,0
79560122,NZXT KRAKEN ELITE V2 280 RGB,0,0,"화이트_349,450",0,0,"화이트_349,000",0,0,0,0,0,0,0,0,0,0,0,0,0
77860097,NZXT KRAKEN ELITE V2 360,0,0,"블랙_329,000",0,0,"블랙_329,000",0,0,0,0,0,0,0,0,0,0,0,0,0
77860247,NZXT KRAKEN ELITE V2 360 RGB,0,0,"_블랙_342,640|_화이트_385,000",0,0,"_블랙_342,640|_화이트_385,000",0,0,0,0,0,0,0,0,0,0,0,0,0
90955568,NZXT KRAKEN ELITE V2 420 RGB,0,0,"_블랙_358,510|_화이트_358,510",0,0,"_블랙_358,510|_화이트_358,510",0,0,0,0,0,0,0,0,0,0,0,0,0
90955772,NZXT KRAKEN PLUS 240,0,0,"167,630",0,0,"167,630",0,0,0,0,0,0,0,0,0,0,0,0,0
90956174,NZXT KRAKEN PLUS 240 RGB,0,0,"_블랙_204,000|_화이트_189,720",0,0,"_블랙_199,000|_화이트_189,720",0,0,0,0,0,0,0,0,0,0,0,0,0
90955871,NZXT KRAKEN PLUS 280,0,0,"191,000",0,0,"191,000",0,0,0,0,0,0,0,0,0,0,0,0,0
90955955,NZXT KRAKEN PLUS 360,0,0,"231,300",0,0,"231,290",0,0,0,0,0,0,0,0,0,0,0,0,0
90956414,NZXT KRAKEN PLUS 360 RGB,0,0,"_블랙_231,340|_화이트_231,340",0,0,"_블랙_231,340|_화이트_231,340",0,0,0,0,0,0,0,0,0,0,0,0,0
10455540,NZXT KRAKEN Z63,0,0,"385,000",0,0,"385,000",0,0,0,0,0,0,0,0,0,0,0,0,0
15333962,NZXT KRAKEN Z63 RGB,0,0,"매트블랙_507,000",0,0,"매트블랙_507,000",0,0,0,0,0,0,0,0,0,0,0,0,0
98486285,NZXT Kraken Core 240 RGB,0,0,"블랙_73,041",0,0,"블랙_74,990",0,0,0,0,0,0,0,0,0,0,0,0,0
98486375,NZXT Kraken Core 360 RGB,0,0,"블랙_240,770",0,0,"블랙_240,770",0,0,0,0,0,0,0,0,0,0,0,0,0
77859434,NZXT RGB & Fan Controller V2,0,0,"43,200",0,0,"43,200",0,0,0,0,0,0,0,0,0,0,0,0,0
96584753,Nidec D03X-12TL,0,0,"6,880",0,0,"6,880",0,0,0,0,0,0,0,0,0,0,0,0,0
7202719,PCCOOLER CORONA,0,0,"_3-in-1 FRGB 킷_42,580|_5-in-1 FRGB 킷_48,980",0,0,"_3-in-1 FRGB 킷_42,590|_5-in-1 FRGB 킷_48,980",0,0,0,0,0,0,0,0,0,0,0,0,0
62273768,PCCOOLER CPS DA360 ARGB,0,0,"블랙_69,900",0,0,"블랙_69,900",0,0,0,0,0,0,0,0,0,0,0,0,0
73250885,PCCOOLER CPS DC360 PRO ARGB DISPLAY,0,0,"_블랙_129,000|_화이트_129,000",0,0,"_블랙_128,810|_화이트_126,000",0,0,0,0,0,0,0,0,0,0,0,0,0
28885925,PCCOOLER CPS DE360,0,0,"_블랙_139,590|_화이트_139,000",0,0,"_블랙_139,590|_화이트_139,000",0,0,0,0,0,0,0,0,0,0,0,0,0
124153588,PCCOOLER CPS DT360 MAX ARGB DISPLAY,0,0,"블랙_269,000",0,0,"블랙_267,700",0,0,0,0,0,0,0,0,0,0,0,0,0
123803841,PCCOOLER CPS DV360 ARGB DISPLAY,0,0,"_블랙_321,439|_화이트_321,439",0,0,"_블랙_319,000|_화이트_318,000",0,0,0,0,0,0,0,0,0,0,0,0,0
76947149,PCCOOLER CPS F3 T120 ARGB,0,0,"_3팩, 블랙_19,880|_3팩, 화이트_24,900",0,0,"_3팩, 블랙_19,710|_3팩, 화이트_24,710",0,0,0,0,0,0,0,0,0,0,0,0,0
123981759,PCCOOLER CPS F7X120B ARGB,0,0,"_블랙_34,320|_화이트_34,320",0,0,"_블랙_34,310|_화이트_34,310",0,0,0,0,0,0,0,0,0,0,0,0,0
123696526,PCCOOLER CPS LR360D,0,0,"블랙_599,000",0,0,"블랙_598,810",0,0,0,0,0,0,0,0,0,0,0,0,0
123696477,PCCOOLER CPS LR360S,0,0,"블랙_370,000",0,0,"블랙_364,000",0,0,0,0,0,0,0,0,0,0,0,0,0
77623874,PCCOOLER CPS R400 ARGB,0,0,"_화이트_23,900|_블랙_23,900",0,0,"_화이트_23,890|_블랙_23,710",0,0,0,0,0,0,0,0,0,0,0,0,0
63560096,PCCOOLER CPS RC400-53,0,0,"42,900",0,0,"42,890",0,0,0,0,0,0,0,0,0,0,0,0,0
124198389,PCCOOLER CPS RJ400 RGB (AMD),0,0,"블랙_19,600",0,0,"블랙_19,590",0,0,0,0,0,0,0,0,0,0,0,0,0
65966438,PCCOOLER CPS RT400,0,0,"_블랙_22,900|_화이트_23,900",0,0,"_블랙_22,720|_화이트_23,090",0,0,0,0,0,0,0,0,0,0,0,0,0
103237559,PCCOOLER CPS RT400 TCL FULL ARGB,0,0,"_블랙_27,900|_화이트_27,880",0,0,"_블랙_26,990|_화이트_27,710",0,0,0,0,0,0,0,0,0,0,0,0,0
101073308,PCCOOLER CPS RT620 PRO ARGB 카본스틸,0,0,"_블랙_45,900|_화이트_48,900",0,0,"_블랙_45,600|_화이트_48,000",0,0,0,0,0,0,0,0,0,0,0,0,0
96059513,PCCOOLER CPS RT620 PRO 카본스틸,0,0,"_블랙_41,900|_화이트_40,400",0,0,"_블랙_39,210|_화이트_41,100",0,0,0,0,0,0,0,0,0,0,0,0,0
69053876,PCCOOLER CPS RZ820,0,0,"_블랙_169,000|_화이트_169,500",0,0,"_블랙_168,820|_화이트_171,810",0,0,0,0,0,0,0,0,0,0,0,0,0
122618419,PCCOOLER CPS RZ820 DISPLAY,0,0,"블랙_208,990",0,0,"블랙_208,820",0,0,0,0,0,0,0,0,0,0,0,0,0
17004971,PCCOOLER EF120 ARGB,0,0,"화이트_13,000",0,0,"화이트_13,000",0,0,0,0,0,0,0,0,0,0,0,0,0
108409373,PCCOOLER EX90,0,0,"_2g_6,900|_4g_10,130",0,0,"_2g_6,890|_4g_10,120",0,0,0,0,0,0,0,0,0,0,0,0,0
19709420,PCCOOLER G6,0,0,"화이트_44,930",0,0,"화이트_44,930",0,0,0,0,0,0,0,0,0,0,0,0,0
7202854,PCCOOLER HALO,0,0,"3-in-1 FRGB 킷_3,290",0,0,"3-in-1 FRGB 킷_3,290",0,0,0,0,0,0,0,0,0,0,0,0,0
19307408,PCCOOLER P120 PRO,0,0,"19,900",0,0,"19,890",0,0,0,0,0,0,0,0,0,0,0,0,0
14110475,PCCOOLER PALADIN 400,0,0,"_블랙_28,900|_화이트_32,880",0,0,"_블랙_28,900|_화이트_31,880",0,0,0,0,0,0,0,0,0,0,0,0,0
14705225,PCCOOLER PALADIN 400 ARGB,0,0,"31,800",0,0,"31,720",0,0,0,0,0,0,0,0,0,0,0,0,0
70532753,PCCOOLER PALADIN 400 DIGITAL,0,0,"32,900",0,0,"32,900",0,0,0,0,0,0,0,0,0,0,0,0,0
18677135,PCCOOLER PALADIN BCF,0,0,"7,990",0,0,"7,990",0,0,0,0,0,0,0,0,0,0,0,0,0
19282190,PCCOOLER PALADIN EX400,0,0,"블랙_33,600",0,0,"블랙_33,600",0,0,0,0,0,0,0,0,0,0,0,0,0
17002862,PCCOOLER PALADIN EX400 ARGB,0,0,"30,320",0,0,"30,320",0,0,0,0,0,0,0,0,0,0,0,0,0
29975516,PCCOOLER PALADIN EX400S,0,0,"23,900",0,0,"23,090",0,0,0,0,0,0,0,0,0,0,0,0,0
17182961,PCCOOLER PALADIN S9 ARGB,0,0,"47,660",0,0,"47,660",0,0,0,0,0,0,0,0,0,0,0,0,0
75541427,PCCOOLER R4000-I,0,0,"19,880",0,0,"19,710",0,0,0,0,0,0,0,0,0,0,0,0,0
16234136,PNC PARTNER EVEREST BK092 WHITE LED,0,0,"8,900",0,0,"8,900",0,0,0,0,0,0,0,0,0,0,0,0,0
73890899,POLARTHERM X-10,0,0,"5g_9,120|_10g_12,900|_40g_42,060",0,0,0,0,0,0,0,0,0,0,0,0,0,0,0,0
73890905,POLARTHERM X-10,0,0,0,0,0,"5g_9,120|_10g_12,900|_40g_41,940",0,0,0,0,0,0,0,0,0,0,0,0,0
73890857,POLARTHERM X-8,0,0,"_2g_3,900|5g_5,480|10g_9,120|_40g_26,900",0,0,0,0,0,0,0,0,0,0,0,0,0,0,0,0
73890812,POLARTHERM X-8,0,0,0,0,0,"_2g_3,900|5g_5,480|10g_9,120|_40g_26,900",0,0,0,0,0,0,0,0,0,0,0,0,0
64300121,PROLIMATECH GENESIS TWIN,0,0,"27,990",0,0,"27,990",0,0,0,0,0,0,0,0,0,0,0,0,0
102001841,PentaWave PF LP12E PWM TURBO,0,0,"34,900",0,0,"34,900",0,0,0,0,0,0,0,0,0,0,0,0,0
97705640,PentaWave Z03I-53 SRB,0,0,"34,900",0,0,"33,900",0,0,0,0,0,0,0,0,0,0,0,0,0
36835805,PentaWave Z04E SRB ARGB,0,0,"21,900",0,0,"21,200",0,0,0,0,0,0,0,0,0,0,0,0,0
102553373,PentaWave Z05C EX TURBO,0,0,"49,900",0,0,"49,900",0,0,0,0,0,0,0,0,0,0,0,0,0
20570498,PentaWave Z06D,0,0,"_블랙_109,490|_화이트_64,900",0,0,"_블랙_109,490|_화이트_64,370",0,0,0,0,0,0,0,0,0,0,0,0,0
123971747,PentaWave Z06D EVO,0,0,"74,890",0,0,"73,600",0,0,0,0,0,0,0,0,0,0,0,0,0
101080094,PentaWave Z06D EX TURBO,0,0,"_블랙_129,000|_화이트_129,000",0,0,"_블랙_127,000|_화이트_126,000",0,0,0,0,0,0,0,0,0,0,0,0,0
27686615,Phanteks GLACIER ONE 240 T30 V2,0,0,"187,060",0,0,"187,060",0,0,0,0,0,0,0,0,0,0,0,0,0
13155839,Phanteks GLACIER ONE 240MPH,0,0,"195,420",0,0,"195,420",0,0,0,0,0,0,0,0,0,0,0,0,0
20062160,Phanteks GLACIER ONE 360 T30 V2,0,0,"287,370",0,0,"287,370",0,0,0,0,0,0,0,0,0,0,0,0,0
123695742,Phanteks GLACIER ONE 360M25 LCD,0,0,"_블랙_213,920|_화이트_213,920",0,0,"_블랙_213,920|_화이트_213,920",0,0,0,0,0,0,0,0,0,0,0,0,0
20062226,Phanteks NEON DRGB LED STRIP COMBO,0,0,"_화이트_33,180|_블랙_28,870",0,0,"_화이트_33,180|_블랙_28,870",0,0,0,0,0,0,0,0,0,0,0,0,0
20062202,Phanteks NEON DRGB LED STRIP M1,0,0,"_화이트_37,430|_블랙_29,940",0,0,"_화이트_37,430|_블랙_29,940",0,0,0,0,0,0,0,0,0,0,0,0,0
20062214,Phanteks NEON DRGB LED STRIP M5,0,0,"화이트_22,450",0,0,"화이트_22,450",0,0,0,0,0,0,0,0,0,0,0,0,0
20062232,Phanteks PH-F120D30 REGULAR,0,0,"블랙_41,800|_3팩, 블랙_126,440|_화이트_41,800|3팩, 화이트_126,440",0,0,"_블랙_41,800|_3팩, 블랙_126,440|화이트_41,800|3팩, 화이트_126,440",0,0,0,0,0,0,0,0,0,0,0,0,0
20062241,Phanteks PH-F120D30 REVERSE,0,0,"_블랙_41,800|_3팩, 블랙_134,000|화이트_41,800|3팩, 화이트_126,440",0,0,"_블랙_41,800|_3팩, 블랙_134,000|화이트_41,800|3팩, 화이트_126,440",0,0,0,0,0,0,0,0,0,0,0,0,0
20327720,Phanteks PH-F120M25 DRGB PWM,0,0,"_블랙_20,370|3팩, 블랙_56,990|화이트_20,370|_3팩, 화이트_55,910",0,0,"_블랙_20,370|3팩, 블랙_56,990|화이트_20,370|_3팩, 화이트_55,910",0,0,0,0,0,0,0,0,0,0,0,0,0
16480151,Phanteks PH-F120T30,0,0,"_1팩_42,850|_3팩_124,340",0,0,"_1팩_42,850|_3팩_124,340",0,0,0,0,0,0,0,0,0,0,0,0,0
20328632,Phanteks PH-F140M25 DRGB PWM,0,0,"블랙_25,290|_3팩, 블랙_61,120|_화이트_24,040|3팩, 화이트_92,400",0,0,"블랙_25,290|_3팩, 블랙_61,120|_화이트_24,040|3팩, 화이트_92,400",0,0,0,0,0,0,0,0,0,0,0,0,0
17050571,Phanteks PH-F140SK DRGB PWM,0,0,"_블랙_22,980|_3팩, 화이트_70,000",0,0,"_블랙_22,980|_3팩, 화이트_70,000",0,0,0,0,0,0,0,0,0,0,0,0,0
2756764,REEVEN COLDWING 14-1200,0,0,"20,000",0,0,"20,000",0,0,0,0,0,0,0,0,0,0,0,0,0
2756753,REEVEN COLDWING 14-800,0,0,"20,200",0,0,"20,200",0,0,0,0,0,0,0,0,0,0,0,0,0
2756814,REEVEN COLDWING 14-P,0,0,"21,000",0,0,"21,000",0,0,0,0,0,0,0,0,0,0,0,0,0
3112085,REEVEN EUROS 16C-P,0,0,"19,240",0,0,"19,240",0,0,0,0,0,0,0,0,0,0,0,0,0
3112092,REEVEN EUROS 20C-P,0,0,"19,240",0,0,"19,240",0,0,0,0,0,0,0,0,0,0,0,0,0
2700232,REEVEN HANS,0,0,"55,000",0,0,"55,000",0,0,0,0,0,0,0,0,0,0,0,0,0
2976757,REEVEN OURANOS,0,0,"72,000",0,0,"72,000",0,0,0,0,0,0,0,0,0,0,0,0,0
16012331,SAPPHIRE CF1015H12D,0,0,"10,390",0,0,"10,390",0,0,0,0,0,0,0,0,0,0,0,0,0
32125523,SCYTHE FUMA 3,0,0,"40,870",0,0,"40,870",0,0,0,0,0,0,0,0,0,0,0,0,0
32125613,SCYTHE GRAND TORNADO 120 2000RPM,0,0,"23,720",0,0,0,0,0,0,0,0,0,0,0,0,0,0,0,0
3401607,SCYTHE IORI,0,0,"42,360",0,0,"42,360",0,0,0,0,0,0,0,0,0,0,0,0,0
13014467,SCYTHE KAZE FLEX 120 ARGB PWM,0,0,"18,290",0,0,"18,290",0,0,0,0,0,0,0,0,0,0,0,0,0
6244237,SCYTHE KAZE FLEX 120 PWM,0,0,"15,680",0,0,"15,680",0,0,0,0,0,0,0,0,0,0,0,0,0
6761002,SCYTHE KAZE FLEX 120 RGB PWM,0,0,"17,550",0,0,"17,550",0,0,0,0,0,0,0,0,0,0,0,0,0
13014401,SCYTHE KAZE FLEX 120 SLIM RGB PWM,0,0,"17,240",0,0,"17,240",0,0,0,0,0,0,0,0,0,0,0,0,0
13014500,SCYTHE KAZE FLEX 140 ARGB PWM,0,0,"20,900",0,0,"20,900",0,0,0,0,0,0,0,0,0,0,0,0,0
13000961,SCYTHE KOTETSU MARK II ARGB,0,0,"49,110",0,0,"49,110",0,0,0,0,0,0,0,0,0,0,0,0,0
11295096,SCYTHE SHURIKEN 2,0,0,"40,490",0,0,"40,490",0,0,0,0,0,0,0,0,0,0,0,0,0
13014677,SCYTHE WONDER SNAIL 120 1800RPM,0,0,"16,720",0,0,"16,720",0,0,0,0,0,0,0,0,0,0,0,0,0
106718570,SNOWMAN AS120 FDB 싸이번,0,0,"_블랙_8,260|_화이트_8,260",0,0,"_블랙_8,260|_화이트_8,260",0,0,0,0,0,0,0,0,0,0,0,0,0
122638596,SNOWMAN AX660 PRO-ARGB 뚜까리6,0,0,"_블랙_75,300|_화이트_76,000",0,0,"_블랙_75,300|_화이트_76,000",0,0,0,0,0,0,0,0,0,0,0,0,0
122638933,SNOWMAN AX880 PRO-ARGB 뚜까리8,0,0,"_블랙_80,360|_화이트_83,000",0,0,"_블랙_80,360|_화이트_83,000",0,0,0,0,0,0,0,0,0,0,0,0,0
107771720,SNOWMAN MT4-SE ARGB 싸이번,0,0,"_블랙_21,200|_화이트_21,100",0,0,"_블랙_21,200|_화이트_21,100",0,0,0,0,0,0,0,0,0,0,0,0,0
122710983,SNOWMAN MX660 ARGB,0,0,"_블랙_31,900|_화이트_30,710",0,0,0,0,0,0,0,0,0,0,0,0,0,0,0,0
122710862,SNOWMAN 인피니티 KS360 ARGB,0,0,"_블랙_57,890|_화이트_62,400",0,0,"_블랙_57,890|_화이트_62,400",0,0,0,0,0,0,0,0,0,0,0,0,0
16150331,SRHX NB779,0,0,"6,550",0,0,"6,550",0,0,0,0,0,0,0,0,0,0,0,0,0
123721552,SUDOKOO ENERGLO 360,0,0,"_블랙_198,000|_화이트_208,000",0,0,"_블랙_195,000|_화이트_205,000",0,0,0,0,0,0,0,0,0,0,0,0,0
123721792,SUDOKOO MACH120,0,0,"_3팩, 블랙_118,000|블랙_48,000|_화이트_48,000",0,0,"_3팩, 블랙_118,000|블랙_48,000|_화이트_48,000",0,0,0,0,0,0,0,0,0,0,0,0,0
123721808,SUDOKOO MACH140,0,0,"_블랙_58,000|_화이트_58,000",0,0,"_블랙_58,000|_화이트_58,000",0,0,0,0,0,0,0,0,0,0,0,0,0
123721523,SUDOKOO PROTEUS360,0,0,"블랙_358,000",0,0,"블랙_354,900",0,0,0,0,0,0,0,0,0,0,0,0,0
123721688,SUDOKOO SK620V,0,0,"_블랙_158,000|_화이트_158,000",0,0,"_블랙_156,000|_화이트_155,000",0,0,0,0,0,0,0,0,0,0,0,0,0
123721634,SUDOKOO SK700V MACH,0,0,"블랙_168,000",0,0,"블랙_165,000",0,0,0,0,0,0,0,0,0,0,0,0,0
94024157,Segotep EX120 ARGB PWM FULL LCP,0,0,"_블랙_29,080|2팩, 블랙_50,840|2팩, 화이트_50,840|3팩, 블랙_76,250|3팩, 화이트_76,250|_화이트_29,080",0,0,"_블랙_29,080|2팩, 블랙_50,840|2팩, 화이트_50,840|3팩, 블랙_76,250|3팩, 화이트_76,250|_화이트_29,080",0,0,0,0,0,0,0,0,0,0,0,0,0
40720451,Segotep HB12 ARGB PWM,0,0,"_블랙_7,600|3팩, 블랙_23,670|컨트롤러/3팩, 블랙_31,520|화이트_7,600|_3팩, 화이트_23,670|컨트롤러/3팩, 화이트_32,010",0,0,"_블랙_7,600|3팩, 블랙_23,700|컨트롤러/3팩, 블랙_31,520|_화이트_7,600|3팩, 화이트_23,700|컨트롤러/3팩, 화이트_32,010",0,0,0,0,0,0,0,0,0,0,0,0,0
40720592,Segotep HB12 리버스 ARGB PWM,0,0,"블랙_8,220|3팩, 블랙_23,700|_컨트롤러/3팩, 블랙_33,700|_화이트_8,220|3팩, 화이트_23,700|컨트롤러/3팩, 화이트_33,500",0,0,"블랙_8,220|3팩, 블랙_23,700|_컨트롤러/3팩, 블랙_33,700|_화이트_8,220|3팩, 화이트_23,700|컨트롤러/3팩, 화이트_33,500",0,0,0,0,0,0,0,0,0,0,0,0,0
103877363,Segotep NR12 ARGB PWM,0,0,"_화이트_5,510|_3팩, 블랙_16,370|3팩, 화이트_16,370|블랙_5,500",0,0,"화이트_5,510|_3팩, 블랙_16,370|3팩, 화이트_16,370|_블랙_5,500",0,0,0,0,0,0,0,0,0,0,0,0,0
96425264,Segotep NR12 ARGB PWM KIT,0,0,"_컨트롤러/3팩, 블랙_29,400|_컨트롤러/3팩, 화이트_27,780",0,0,"_컨트롤러/3팩, 블랙_29,400|_컨트롤러/3팩, 화이트_27,780",0,0,0,0,0,0,0,0,0,0,0,0,0
103877375,Segotep NR12 ARGB PWM 리버스,0,0,"화이트_5,510|_3팩, 블랙_16,370|_3팩, 화이트_16,370|블랙_5,500",0,0,"화이트_5,510|_3팩, 블랙_16,370|_3팩, 화이트_16,410|블랙_5,500",0,0,0,0,0,0,0,0,0,0,0,0,0
103877390,Segotep NR12 ARGB PWM 리버스 KIT,0,0,"_컨트롤러/3팩, 블랙_27,780|_컨트롤러/3팩, 화이트_29,400",0,0,"_컨트롤러/3팩, 블랙_27,780|_컨트롤러/3팩, 화이트_29,400",0,0,0,0,0,0,0,0,0,0,0,0,0
14992247,Segotep S4 AGHP,0,0,"12,900",0,0,"12,900",0,0,0,0,0,0,0,0,0,0,0,0,0
40721114,Segotep TEMPERATURE ARGB AND PWM HUB,0,0,"10,490",0,0,"10,490",0,0,0,0,0,0,0,0,0,0,0,0,0
9756891,SilverStone AB120i Lite STCOM,0,0,"컨트롤러/3팩_10,380",0,0,"컨트롤러/3팩_10,380",0,0,0,0,0,0,0,0,0,0,0,0,0
12389489,SilverStone IceGem 240P STCOM,0,0,"58,910",0,0,"58,910",0,0,0,0,0,0,0,0,0,0,0,0,0
12825986,SilverStone IceGem 280 STCOM,0,0,"62,300",0,0,"62,300",0,0,0,0,0,0,0,0,0,0,0,0,0
9695373,SilverStone SST-AP124-ARGB STCOM,0,0,"10,380",0,0,"10,380",0,0,0,0,0,0,0,0,0,0,0,0,0
16334033,SilverStone SST-AS120 STCOM,0,0,"12,850",0,0,"12,850",0,0,0,0,0,0,0,0,0,0,0,0,0
16334063,SilverStone SST-AS120-ARGB STCOM,0,0,"16,580",0,0,"16,580",0,0,0,0,0,0,0,0,0,0,0,0,0
100693940,SilverStone SST-FHS 140X 마이크로닉스,0,0,"35,900",0,0,"34,640",0,0,0,0,0,0,0,0,0,0,0,0,0
96260795,SilverStone SST-FHS 80X 마이크로닉스,0,0,"27,530",0,0,"27,530",0,0,0,0,0,0,0,0,0,0,0,0,0
86152847,SilverStone SST-FHS120X 마이크로닉스,0,0,"28,690",0,0,"28,690",0,0,0,0,0,0,0,0,0,0,0,0,0
9695418,SilverStone SST-FW124-ARGB STCOM,0,0,"9,410",0,0,"9,410",0,0,0,0,0,0,0,0,0,0,0,0,0
90436484,SilverStone SST-XAC-MK-4710 마이크로닉스,0,0,"87,310",0,0,"82,390",0,0,0,0,0,0,0,0,0,0,0,0,0
90436553,SilverStone SST-XAC-MK-SP5 마이크로닉스,0,0,"87,420",0,0,"82,390",0,0,0,0,0,0,0,0,0,0,0,0,0
94204886,SilverStone SST-XE02-1700S 마이크로닉스,0,0,"96,570",0,0,"96,570",0,0,0,0,0,0,0,0,0,0,0,0,0
32917871,SilverStone SST-XE02-4189 마이크로닉스,0,0,"91,190",0,0,"91,190",0,0,0,0,0,0,0,0,0,0,0,0,0
32917892,SilverStone SST-XE02-4677 마이크로닉스,0,0,"120,780",0,0,"120,780",0,0,0,0,0,0,0,0,0,0,0,0,0
103602080,SilverStone SST-XE02-SP3S 마이크로닉스,0,0,"90,400",0,0,"90,390",0,0,0,0,0,0,0,0,0,0,0,0,0
54327485,SilverStone SST-XE02-SP5 마이크로닉스,0,0,"120,890",0,0,"115,680",0,0,0,0,0,0,0,0,0,0,0,0,0
122696916,SilverStone SST-XE02-TR5B 마이크로닉스,0,0,"129,610",0,0,"129,610",0,0,0,0,0,0,0,0,0,0,0,0,0
32917958,SilverStone SST-XE04-4189 마이크로닉스,0,0,"123,980",0,0,"123,980",0,0,0,0,0,0,0,0,0,0,0,0,0
122661939,SilverStone SST-XE04-4677B 마이크로닉스,0,0,"136,250",0,0,"136,250",0,0,0,0,0,0,0,0,0,0,0,0,0
54327524,SilverStone SST-XE04-SP5 마이크로닉스,0,0,"144,150",0,0,"144,150",0,0,0,0,0,0,0,0,0,0,0,0,0
70767452,SilverStone SST-XE04-SP6P 마이크로닉스,0,0,"145,070",0,0,"145,070",0,0,0,0,0,0,0,0,0,0,0,0,0
72983834,SilverStone SST-XE360-4677 마이크로닉스,0,0,"581,970",0,0,"581,970",0,0,0,0,0,0,0,0,0,0,0,0,0
72983894,SilverStone SST-XE360-SP5 마이크로닉스,0,0,"608,530",0,0,"608,530",0,0,0,0,0,0,0,0,0,0,0,0,0
96984041,SilverStone SST-XE360-TR5 마이크로닉스,0,0,"611,000",0,0,"611,000",0,0,0,0,0,0,0,0,0,0,0,0,0
122829075,SilverStone SST-XE360-TR5-V2 마이크로닉스,0,0,"581,990",0,0,"581,990",0,0,0,0,0,0,0,0,0,0,0,0,0
90436376,SilverStone SST-XE360PDD 마이크로닉스,0,0,"931,460",0,0,"931,460",0,0,0,0,0,0,0,0,0,0,0,0,0
90436232,SilverStone SST-XED120S-WS 마이크로닉스,0,0,"236,790",0,0,"236,780",0,0,0,0,0,0,0,0,0,0,0,0,0
32917985,SilverStone XE04-4677V 마이크로닉스,0,0,"135,990",0,0,"135,360",0,0,0,0,0,0,0,0,0,0,0,0,0
63031013,Supermicro 4U Active SNK-P0081AP4,0,0,"121,000",0,0,"121,000",0,0,0,0,0,0,0,0,0,0,0,0,0
123589031,TCOMAS CUBE 360 ARGB,0,0,"_블랙_194,000|_화이트_194,000",0,0,"_블랙_194,000|_화이트_194,000",0,0,0,0,0,0,0,0,0,0,0,0,0
123605055,TCOMAS EDGE DUAL LCD 360 ARGB,0,0,"_블랙_348,000|_화이트_348,000",0,0,"_블랙_348,000|_화이트_348,000",0,0,0,0,0,0,0,0,0,0,0,0,0
124260003,TCOMAS EXIT D3 360 ARGB,0,0,"_블랙_388,660|_화이트_388,660",0,0,"_블랙_388,660|_화이트_388,660",0,0,0,0,0,0,0,0,0,0,0,0,0
123589117,TCOMAS EXIT D3 PRO 360 ARGB,0,0,"_블랙_517,000|_화이트_517,000",0,0,"_블랙_517,000|_화이트_517,000",0,0,0,0,0,0,0,0,0,0,0,0,0
123605101,TCOMAS LE200 360 ARGB,0,0,"_블랙_144,000|_화이트_144,000",0,0,"_블랙_144,000|_화이트_144,000",0,0,0,0,0,0,0,0,0,0,0,0,0
123605196,TCOMAS LYNK FC700 PRO ARGB,0,0,"_3팩, 블랙_164,820|_3팩, 화이트_164,820",0,0,"_3팩, 블랙_164,820|_3팩, 화이트_164,820",0,0,0,0,0,0,0,0,0,0,0,0,0
123605271,TCOMAS LYNK FC700 PRO ARGB 리버스,0,0,"_3팩, 블랙_164,820|_3팩, 화이트_164,820",0,0,"_3팩, 블랙_164,820|_3팩, 화이트_164,820",0,0,0,0,0,0,0,0,0,0,0,0,0
124260031,TCOMAS NEOX 360 ARGB,0,0,"_블랙_388,660|_화이트_388,660",0,0,"_블랙_388,660|_화이트_388,660",0,0,0,0,0,0,0,0,0,0,0,0,0
123589157,TCOMAS NEOX PRO 360 AMOLED ARGB,0,0,"_블랙_517,000|_화이트_517,000",0,0,"_블랙_517,000|_화이트_517,000",0,0,0,0,0,0,0,0,0,0,0,0,0
124115954,TRYX FOBR ARGB 360,0,0,"_블랙_66,920|_화이트_66,920",0,0,"_블랙_66,920|_화이트_66,920",0,0,0,0,0,0,0,0,0,0,0,0,0
124115920,TRYX HOLO ARGB 360,0,0,"_블랙_260,910|_화이트_260,910",0,0,"_블랙_260,910|_화이트_260,910",0,0,0,0,0,0,0,0,0,0,0,0,0
62162378,TRYX PANORAMA 3D 240 ARGB,0,0,"_블랙_454,230|_화이트_459,000",0,0,"_블랙_454,230|_화이트_459,000",0,0,0,0,0,0,0,0,0,0,0,0,0
62162681,TRYX PANORAMA 3D 280 ARGB,0,0,"_블랙_468,430|_화이트_479,000",0,0,"_블랙_468,430|_화이트_479,000",0,0,0,0,0,0,0,0,0,0,0,0,0
62163269,TRYX PANORAMA 3D 280 PRO,0,0,"_블랙_459,000|_화이트_459,000",0,0,"_블랙_459,000|_화이트_459,000",0,0,0,0,0,0,0,0,0,0,0,0,0
62163215,TRYX PANORAMA 3D 360 PRO,0,0,"블랙_544,000",0,0,"블랙_544,000",0,0,0,0,0,0,0,0,0,0,0,0,0
79553357,TRYX PANORAMA 3D ARGB 360 2025,0,0,"_블랙_548,880|_화이트_548,880",0,0,"_블랙_548,880|_화이트_548,880",0,0,0,0,0,0,0,0,0,0,0,0,0
79553213,TRYX PANORAMA 3D PRO 360 2025,0,0,"_블랙_527,100|_화이트_527,100",0,0,"_블랙_527,100|_화이트_527,100",0,0,0,0,0,0,0,0,0,0,0,0,0
122710921,TRYX PANORAMA 3D SE 240,0,0,"_블랙_391,190|_화이트_391,190",0,0,"_블랙_391,190|_화이트_391,190",0,0,0,0,0,0,0,0,0,0,0,0,0
75470159,TRYX PANORAMA 3D SE 360,0,0,"_블랙_332,900|_화이트_332,900",0,0,"_블랙_332,900|_화이트_332,900",0,0,0,0,0,0,0,0,0,0,0,0,0
104989715,TRYX PANORAMA 3D WB,0,0,"_블랙_377,310|_화이트_373,390",0,0,"_블랙_377,310|_화이트_373,390",0,0,0,0,0,0,0,0,0,0,0,0,0
63030983,TRYX ROTA PRO 120 LCP,0,0,"_블랙_38,460|_화이트_38,460",0,0,"_블랙_38,460|_화이트_38,460",0,0,0,0,0,0,0,0,0,0,0,0,0
63031100,TRYX ROTA PRO 140 LCP,0,0,"_블랙_48,160|_화이트_46,590",0,0,"_블랙_48,160|_화이트_46,590",0,0,0,0,0,0,0,0,0,0,0,0,0
87658877,TRYX ROTA SL ARGB 120,0,0,"1팩, 블랙_28,160|1팩, 화이트_28,120|_3팩, 블랙_77,630|_3팩, 화이트_77,640",0,0,"1팩, 블랙_28,160|1팩, 화이트_28,120|_3팩, 블랙_77,630|_3팩, 화이트_77,640",0,0,0,0,0,0,0,0,0,0,0,0,0
98072924,TRYX ROTA SL ARGB 리버스 120,0,0,"_3팩, 블랙_77,890|_3팩, 화이트_79,000",0,0,"_3팩, 블랙_77,890|_3팩, 화이트_79,000",0,0,0,0,0,0,0,0,0,0,0,0,0
104616686,TRYX STAGE ARGB 360,0,0,"_블랙_280,050|_화이트_280,050",0,0,"_블랙_280,050|_화이트_280,050",0,0,0,0,0,0,0,0,0,0,0,0,0
122623739,TRYX TURRIS 620,0,0,"_블랙_206,000|_화이트_204,070",0,0,"_블랙_206,000|_화이트_204,070",0,0,0,0,0,0,0,0,0,0,0,0,0
18227576,Thermal Grizzly AMD Ryzen 7000 CPU Guard,0,0,"17,190",0,0,"17,190",0,0,0,0,0,0,0,0,0,0,0,0,0
13507622,Thermal Grizzly Aeronaut,0,0,"_1g_5,450|_3.9g_8,820|7.8g_13,900|26g_37,900",0,0,"_1g_5,450|_3.9g_8,820|7.8g_13,900|26g_37,900",0,0,0,0,0,0,0,0,0,0,0,0,0
17578283,Thermal Grizzly CPU Lapping Tool,0,0,"8,960",0,0,"8,960",0,0,0,0,0,0,0,0,0,0,0,0,0
13536227,Thermal Grizzly Carbonaut 25x25,0,0,"0.2mm_21,820",0,0,"0.2mm_21,820",0,0,0,0,0,0,0,0,0,0,0,0,0
13536254,Thermal Grizzly Carbonaut 31x25,0,0,"0.2mm_23,800",0,0,"0.2mm_23,800",0,0,0,0,0,0,0,0,0,0,0,0,0
13536272,Thermal Grizzly Carbonaut 32x32,0,0,"0.2mm_22,500",0,0,"0.2mm_22,500",0,0,0,0,0,0,0,0,0,0,0,0,0
13536293,Thermal Grizzly Carbonaut 38x38,0,0,"0.2mm_29,500",0,0,"0.2mm_29,500",0,0,0,0,0,0,0,0,0,0,0,0,0
78239393,Thermal Grizzly Cleaning Wipes,0,0,"16,900",0,0,"16,900",0,0,0,0,0,0,0,0,0,0,0,0,0
3889047,Thermal Grizzly Conductonaut,0,0,"1g_19,000",0,0,"1g_19,000",0,0,0,0,0,0,0,0,0,0,0,0,0
78714392,Thermal Grizzly Duronaut,0,0,"2g_18,900|_30g_96,470|_6g_33,900",0,0,0,0,0,0,0,0,0,0,0,0,0,0,0,0
124075972,Thermal Grizzly Duronaut,0,0,"2g_18,900|_30g_96,470|_6g_33,900",0,0,"_2g_18,900|_30g_96,470|6g_33,900",0,0,0,0,0,0,0,0,0,0,0,0,0
124075988,Thermal Grizzly Duronaut Pro,0,0,"2g_31,130|_30g_145,180|_6g_50,620",0,0,"2g_31,130|_30g_145,180|_6g_50,620",0,0,0,0,0,0,0,0,0,0,0,0,0
124076001,Thermal Grizzly Duronaut Pro,0,0,"2g_31,130|_30g_145,180|_6g_50,620",0,0,"2g_31,130|_30g_145,180|_6g_50,620",0,0,0,0,0,0,0,0,0,0,0,0,0
3889040,Thermal Grizzly Hydronaut,0,0,"_1g_8,300|_3.9g_17,500|7.8g_29,810|26g_57,900",0,0,"_1g_8,300|_3.9g_17,500|7.8g_29,810|26g_57,900",0,0,0,0,0,0,0,0,0,0,0,0,0
124076057,Thermal Grizzly Hydronaut Pro,0,0,"_2g_29,220|_30g_102,290|6g_48,710",0,0,"_2g_29,220|30g_102,290|_6g_48,710",0,0,0,0,0,0,0,0,0,0,0,0,0
28596491,Thermal Grizzly KryoSheet 24x12,0,0,"0.2mm_25,790",0,0,"0.2mm_25,790",0,0,0,0,0,0,0,0,0,0,0,0,0
28596527,Thermal Grizzly KryoSheet 25x25,0,0,"0.2mm_29,870",0,0,"0.2mm_29,870",0,0,0,0,0,0,0,0,0,0,0,0,0
28596611,Thermal Grizzly KryoSheet 29x25,0,0,"0.2mm_32,730",0,0,"0.2mm_32,730",0,0,0,0,0,0,0,0,0,0,0,0,0
28596581,Thermal Grizzly KryoSheet 33x33,0,0,"0.2mm_38,900",0,0,"0.2mm_38,900",0,0,0,0,0,0,0,0,0,0,0,0,0
28596686,Thermal Grizzly KryoSheet 38x38,0,0,"0.2mm_38,900",0,0,"0.2mm_38,900",0,0,0,0,0,0,0,0,0,0,0,0,0
78613625,Thermal Grizzly KryoSheet 44x37,0,0,"0.2mm_39,900",0,0,"0.2mm_39,900",0,0,0,0,0,0,0,0,0,0,0,0,0
28596830,Thermal Grizzly KryoSheet 50x50,0,0,"0.2mm_36,070",0,0,"0.2mm_36,070",0,0,0,0,0,0,0,0,0,0,0,0,0
7161883,Thermal Grizzly Kryonaut,0,0,"_1g_9,500|5.55g_35,890|11.1g_49,500|_37g_138,990",0,0,"_1g_9,500|5.55g_35,890|_11.1g_49,500|37g_138,990",0,0,0,0,0,0,0,0,0,0,0,0,0
13509155,Thermal Grizzly Kryonaut Extreme,0,0,"_2g_35,870|33.84g_177,760|_6g_73,070",0,0,"_2g_35,860|33.84g_177,760|_6g_73,070",0,0,0,0,0,0,0,0,0,0,0,0,0
78100754,Thermal Grizzly Minus Pad Advance 100x100,0,0,"_0.5mm_32,000|1.0mm_37,340|1.5mm_32,000|_2.0mm_39,900",0,0,"_0.5mm_32,000|1.0mm_37,340|1.5mm_32,000|_2.0mm_39,900",0,0,0,0,0,0,0,0,0,0,0,0,0
78100889,Thermal Grizzly Minus Pad Advance 120x20,0,0,"_0.5mm_32,000|1.0mm_32,000|_1.5mm_32,000|2.0mm_32,000",0,0,"_0.5mm_32,000|1.0mm_32,000|_1.5mm_32,000|2.0mm_32,000",0,0,0,0,0,0,0,0,0,0,0,0,0
78100397,Thermal Grizzly Minus Pad Basic 100x100,0,0,"_0.5mm_23,900|1.0mm_23,900|_1.5mm_23,900|2.0mm_32,000",0,0,0,0,0,0,0,0,0,0,0,0,0,0,0,0
78100505,Thermal Grizzly Minus Pad Basic 100x100,0,0,0,0,0,"_0.5mm_23,900|1.0mm_23,900|_1.5mm_23,900|2.0mm_32,000",0,0,0,0,0,0,0,0,0,0,0,0,0
78100550,Thermal Grizzly Minus Pad Basic 120x20,0,0,"_0.5mm_23,900|_1.0mm_23,900|1.5mm_23,900|2.0mm_23,900",0,0,"_0.5mm_23,900|_1.0mm_23,900|1.5mm_23,900|2.0mm_23,900",0,0,0,0,0,0,0,0,0,0,0,0,0
122618435,Thermal Grizzly Minus Pad High Compression 120x100,0,0,"_2.0mm_48,000|_3.0mm_47,010",0,0,"_2.0mm_48,000|_3.0mm_47,010",0,0,0,0,0,0,0,0,0,0,0,0,0
78239255,Thermal Grizzly Minus Pad Pro 100x100,0,0,"_0.5mm_48,000|_1.0mm_57,200|1.5mm_65,960|2.0mm_75,270",0,0,"_0.5mm_48,000|_1.0mm_57,200|1.5mm_65,960|2.0mm_75,270",0,0,0,0,0,0,0,0,0,0,0,0,0
78239150,Thermal Grizzly Minus Pad Pro 120x20,0,0,"0.5mm_48,000|_1.0mm_48,000|_1.5mm_48,000|2.0mm_48,000",0,0,"_0.5mm_48,000|_1.0mm_48,000|1.5mm_48,000|2.0mm_48,000",0,0,0,0,0,0,0,0,0,0,0,0,0
71011127,Thermal Grizzly PhaseSheet PTM 서린,0,0,"0.2mm_19,900",0,0,"0.2mm_19,900",0,0,0,0,0,0,0,0,0,0,0,0,0
78714803,Thermal Grizzly Putty Advance,0,0,"30g_46,900",0,0,"30g_46,900",0,0,0,0,0,0,0,0,0,0,0,0,0
78714740,Thermal Grizzly Putty Basic,0,0,"30g_26,900",0,0,"30g_26,900",0,0,0,0,0,0,0,0,0,0,0,0,0
79561334,Thermal Grizzly Putty Pro,0,0,"30g_74,030",0,0,"30g_74,030",0,0,0,0,0,0,0,0,0,0,0,0,0
124076144,Thermal Grizzly WireView Pro II GPU,0,0,"329,000",0,0,"329,000",0,0,0,0,0,0,0,0,0,0,0,0,0
17173742,Thermal Grizzly minus pad extreme 100x100,0,0,"2.0mm_418,000",0,0,"2.0mm_418,000",0,0,0,0,0,0,0,0,0,0,0,0,0
17173655,Thermal Grizzly minus pad extreme 120x20,0,0,"3.0mm_179,000",0,0,"3.0mm_179,000",0,0,0,0,0,0,0,0,0,0,0,0,0
13536569,Thermal Grizzly minus pad8 100x100,0,0,"_1.5mm_51,000|_2.0mm_61,000",0,0,"_1.5mm_51,000|_2.0mm_61,000",0,0,0,0,0,0,0,0,0,0,0,0,0
13536644,Thermal Grizzly minus pad8 120x20,0,0,"1.0mm_14,100",0,0,"1.0mm_14,100",0,0,0,0,0,0,0,0,0,0,0,0,0
13563809,Thermal Grizzly minus pad8 120x20 2장,0,0,"1.0mm_21,500",0,0,"1.0mm_21,500",0,0,0,0,0,0,0,0,0,0,0,0,0
17492093,Thermal Grizzly minus pad8 30x30,0,0,"0.5mm_9,500|1.0mm_10,900|_1.5mm_12,300|_2.0mm_14,600",0,0,"0.5mm_9,500|1.0mm_10,900|_1.5mm_12,300|_2.0mm_14,600",0,0,0,0,0,0,0,0,0,0,0,0,0
18340541,Thermalright AM5 Secure Frame,0,0,"_블랙_7,500|_레드_7,900",0,0,"_블랙_7,500|_레드_7,900",0,0,0,0,0,0,0,0,0,0,0,0,0
18460511,Thermalright AM5 Secure Frame 서린,0,0,"블랙_11,160",0,0,"블랙_11,050",0,0,0,0,0,0,0,0,0,0,0,0,0
72979304,Thermalright AQUA ELITE 240 ARGB V3 벌크 서린,0,0,"_블랙_58,890|_화이트_53,480",0,0,"_블랙_58,550|_화이트_59,110",0,0,0,0,0,0,0,0,0,0,0,0,0
71903879,Thermalright AQUA ELITE 360 ARGB V3 벌크 서린,0,0,"_블랙_75,990|_화이트_75,000",0,0,"_블랙_75,990|_화이트_75,000",0,0,0,0,0,0,0,0,0,0,0,0,0
37480442,Thermalright AQUA ELITE 360 ARGB V3 서린,0,0,"_블랙_86,000|_화이트_85,910",0,0,"_블랙_86,000|_화이트_83,320",0,0,0,0,0,0,0,0,0,0,0,0,0
15747116,Thermalright ARGB HUB Controller Rev.A 서린,0,0,"11,300",0,0,"11,300",0,0,0,0,0,0,0,0,0,0,0,0,0
4673746,Thermalright AXP-100RH,0,0,"94,500",0,0,"94,500",0,0,0,0,0,0,0,0,0,0,0,0,0
2232721,Thermalright AXP-200,0,0,"118,000",0,0,"118,000",0,0,0,0,0,0,0,0,0,0,0,0,0
17469008,Thermalright AXP120-X67 ARGB 서린,0,0,"_블랙_79,000|_화이트_72,270",0,0,"_블랙_79,000|_화이트_75,280",0,0,0,0,0,0,0,0,0,0,0,0,0
17047709,Thermalright AXP120-X67 서린,0,0,"63,840",0,0,"63,830",0,0,0,0,0,0,0,0,0,0,0,0,0
15937445,Thermalright AXP90-X36 서린,0,0,"_블랙_51,900|_그레이_39,900",0,0,"_블랙_51,800|_그레이_43,760",0,0,0,0,0,0,0,0,0,0,0,0,0
15937877,Thermalright AXP90-X47 FULL 서린,0,0,"78,360",0,0,"78,250",0,0,0,0,0,0,0,0,0,0,0,0,0
15937622,Thermalright AXP90-X47 서린,0,0,"_그레이_46,120|화이트_56,240|_블랙_65,000",0,0,"_그레이_44,410|화이트_56,240|_블랙_65,000",0,0,0,0,0,0,0,0,0,0,0,0,0
33992429,Thermalright AXP90-X53 FULL 서린,0,0,"82,910",0,0,"82,820",0,0,0,0,0,0,0,0,0,0,0,0,0
15937730,Thermalright AXP90-X53 서린,0,0,"_그레이_57,900|_블랙_66,000|화이트_62,880",0,0,0,0,0,0,0,0,0,0,0,0,0,0,0,0
15937751,Thermalright AXP90-X53 서린,0,0,0,0,0,"_그레이_55,200|_블랙_65,900|화이트_62,880",0,0,0,0,0,0,0,0,0,0,0,0,0
2852606,Thermalright Archon IB-E X2,0,0,"137,000",0,0,"137,000",0,0,0,0,0,0,0,0,0,0,0,0,0
31317590,Thermalright Assassin King 120 MINI V2 서린,0,0,"28,600",0,0,"28,600",0,0,0,0,0,0,0,0,0,0,0,0,0
15884915,Thermalright Assassin King 120 MINI WHITE ARGB 서린,0,0,"63,800",0,0,"63,800",0,0,0,0,0,0,0,0,0,0,0,0,0
66138173,Thermalright Assassin King 120 Mini ARGB V3 서린,0,0,"화이트_32,900",0,0,"화이트_32,900",0,0,0,0,0,0,0,0,0,0,0,0,0
17468486,Thermalright Assassin King 120 SE ARGB,0,0,"_실버_31,460|_화이트_34,000",0,0,"_실버_31,360|_화이트_34,000",0,0,0,0,0,0,0,0,0,0,0,0,0
17143517,Thermalright Assassin King 120 SE 서린,0,0,"28,470",0,0,"28,470",0,0,0,0,0,0,0,0,0,0,0,0,0
71009951,Thermalright Assassin King 90 V2 서린,0,0,"43,400",0,0,"43,350",0,0,0,0,0,0,0,0,0,0,0,0,0
33992594,Thermalright Assassin Spirit 120 EVO ARGB 서린,0,0,"화이트_40,480",0,0,"화이트_40,480",0,0,0,0,0,0,0,0,0,0,0,0,0
33992507,Thermalright Assassin Spirit 120 EVO DARK 서린,0,0,"37,200",0,0,"37,200",0,0,0,0,0,0,0,0,0,0,0,0,0
30210149,Thermalright Assassin Spirit 120 EVO 서린,0,0,"40,480",0,0,"40,480",0,0,0,0,0,0,0,0,0,0,0,0,0
72592652,Thermalright Assassin Spirit 120 Vision ARGB 서린,0,0,"화이트_40,740",0,0,"화이트_40,740",0,0,0,0,0,0,0,0,0,0,0,0,0
81062618,Thermalright Assassin X 120 R Digital ARGB 서린,0,0,"_블랙_36,400|_화이트_35,900",0,0,"_블랙_36,400|_화이트_35,900",0,0,0,0,0,0,0,0,0,0,0,0,0
81062801,Thermalright Assassin X 120 R Digital 서린,0,0,"_블랙_35,870|_화이트_35,870",0,0,"_블랙_35,770|_화이트_35,770",0,0,0,0,0,0,0,0,0,0,0,0,0
16209023,Thermalright Assassin X 120 Refined SE ARGB 서린,0,0,"21,890",0,0,"21,880",0,0,0,0,0,0,0,0,0,0,0,0,0
27696548,Thermalright Assassin X 120 Refined SE PLUS 서린,0,0,"28,480",0,0,"25,480",0,0,0,0,0,0,0,0,0,0,0,0,0
17047442,Thermalright Assassin X 120 Refined SE WHITE ARGB 서린,0,0,"25,420",0,0,"25,420",0,0,0,0,0,0,0,0,0,0,0,0,0
16208849,Thermalright Assassin X 120 Refined SE 서린,0,0,"_블랙_21,590|_화이트_20,870",0,0,"_블랙_20,880|_화이트_20,870",0,0,0,0,0,0,0,0,0,0,0,0,0
30093860,Thermalright Assassin X 90 SE ARGB 서린,0,0,"27,600",0,0,"27,600",0,0,0,0,0,0,0,0,0,0,0,0,0
62794622,Thermalright Assassin X 90 SE V2 서린,0,0,"23,990",0,0,"23,990",0,0,0,0,0,0,0,0,0,0,0,0,0
1291185,Thermalright CF3,0,0,"12,500",0,0,"12,500",0,0,0,0,0,0,0,0,0,0,0,0,0
20502161,Thermalright COGAGE IMPACT 120 서린,0,0,"23,000",0,0,"23,000",0,0,0,0,0,0,0,0,0,0,0,0,0
20502488,Thermalright COGAGE Sanction 120 서린,0,0,"48,000",0,0,"48,000",0,0,0,0,0,0,0,0,0,0,0,0,0
15747071,Thermalright FAN HUB Controller Rev.A 서린,0,0,"9,890",0,0,"9,800",0,0,0,0,0,0,0,0,0,0,0,0,0
94029023,Thermalright FROZEN HORIZON 360 ARGB V2 서린,0,0,"_블랙_149,000|_화이트_149,000",0,0,"_블랙_149,000|_화이트_141,900",0,0,0,0,0,0,0,0,0,0,0,0,0
17739581,Thermalright FROZEN HORIZON 360 ARGB 서린,0,0,"_블랙_163,900|_화이트_149,000",0,0,"_블랙_163,900|_화이트_149,000",0,0,0,0,0,0,0,0,0,0,0,0,0
101955806,Thermalright FROZEN HORIZON 360 Digital ARGB 서린,0,0,"_블랙_85,240|_화이트_85,240",0,0,"_블랙_85,240|_화이트_85,240",0,0,0,0,0,0,0,0,0,0,0,0,0
67373048,Thermalright FROZEN MAGIC 120 V2,0,0,"73,690",0,0,"73,690",0,0,0,0,0,0,0,0,0,0,0,0,0
16859798,Thermalright FROZEN MAGIC 360 ARGB,0,0,"화이트_129,900",0,0,"화이트_129,900",0,0,0,0,0,0,0,0,0,0,0,0,0
14903627,Thermalright FROZEN MAGIC 360 SCENIC,0,0,"169,780",0,0,"172,790",0,0,0,0,0,0,0,0,0,0,0,0,0
18200021,Thermalright FROZEN MAGIC 360 SCENIC V2 서린,0,0,"151,490",0,0,"151,490",0,0,0,0,0,0,0,0,0,0,0,0,0
33386564,Thermalright FROZEN VISION 360,0,0,"_블랙_264,190|_화이트_264,190",0,0,0,0,0,0,0,0,0,0,0,0,0,0,0,0
33386591,Thermalright FROZEN VISION 360,0,0,0,0,0,"_블랙_255,190|_화이트_255,190",0,0,0,0,0,0,0,0,0,0,0,0,0
42725909,Thermalright FROZEN WARFRAME 240 ARGB 서린,0,0,"화이트_129,000",0,0,"화이트_129,000",0,0,0,0,0,0,0,0,0,0,0,0,0
42725942,Thermalright FROZEN WARFRAME 360 ARGB 서린,0,0,"화이트_121,180",0,0,"화이트_121,180",0,0,0,0,0,0,0,0,0,0,0,0,0
42725891,Thermalright FROZEN WARFRAME 360 서린,0,0,"145,820",0,0,"145,820",0,0,0,0,0,0,0,0,0,0,0,0,0
63032366,Thermalright FROZEN WARFRAME 420 ARGB 서린,0,0,"_블랙_170,810|_화이트_175,030",0,0,"_블랙_173,220|_화이트_175,030",0,0,0,0,0,0,0,0,0,0,0,0,0
19134395,Thermalright Frozen Fusion 360 ARGB,0,0,"블랙_268,640",0,0,"블랙_268,630",0,0,0,0,0,0,0,0,0,0,0,0,0
20472245,Thermalright HR-09 2280 PRO BLACK 서린,0,0,"20,800",0,0,"20,790",0,0,0,0,0,0,0,0,0,0,0,0,0
17143298,Thermalright HR-09 2280 PRO 서린,0,0,"19,070",0,0,"19,070",0,0,0,0,0,0,0,0,0,0,0,0,0
17143214,Thermalright HR-09 2280 서린,0,0,"14,880",0,0,"14,790",0,0,0,0,0,0,0,0,0,0,0,0,0
27695159,Thermalright HR-10 2280 PRO BLACK 서린,0,0,"27,040",0,0,"27,040",0,0,0,0,0,0,0,0,0,0,0,0,0
20765660,Thermalright HR-10 2280 PRO 서린,0,0,"29,600",0,0,"29,590",0,0,0,0,0,0,0,0,0,0,0,0,0
90156497,Thermalright Hyper Vision 360 ARGB 서린,0,0,"_블랙_275,280|_화이트_275,280",0,0,"_블랙_275,270|_화이트_275,270",0,0,0,0,0,0,0,0,0,0,0,0,0
122635317,Thermalright LEVITA VISION 360 ARGB,0,0,"_블랙_312,300|_화이트_313,560",0,0,"_블랙_312,300|_화이트_313,560",0,0,0,0,0,0,0,0,0,0,0,0,0
34337342,Thermalright LGA17XX-BCF V2 서린,0,0,"블랙_6,790",0,0,"블랙_6,790",0,0,0,0,0,0,0,0,0,0,0,0,0
89533991,Thermalright LGA1851-BCF 서린,0,0,"블랙_6,570",0,0,"블랙_6,570",0,0,0,0,0,0,0,0,0,0,0,0,0
108419630,Thermalright M.2 HR-10 2280 PRO Digital BLACK 서린,0,0,"38,020",0,0,"38,020",0,0,0,0,0,0,0,0,0,0,0,0,0
108419651,Thermalright M.2 HR-10 2280 PRO Digital WHITE 서린,0,0,"38,020",0,0,"38,020",0,0,0,0,0,0,0,0,0,0,0,0,0
122690098,Thermalright MC-2 ARGB,0,0,"_블랙_28,480|_화이트_28,490",0,0,"_블랙_28,480|_화이트_28,490",0,0,0,0,0,0,0,0,0,0,0,0,0
122690100,Thermalright MC-3 DIGITAL,0,0,"_블랙_41,830|_화이트_41,830",0,0,"_블랙_41,830|_화이트_41,830",0,0,0,0,0,0,0,0,0,0,0,0,0
3662668,Thermalright Macho Zero,0,0,"91,000",0,0,"91,000",0,0,0,0,0,0,0,0,0,0,0,0,0
94025141,Thermalright Mjolnir Vision 360 ARGB 벌크 서린,0,0,"_블랙_160,900|_화이트_161,900",0,0,"_블랙_160,900|_화이트_161,900",0,0,0,0,0,0,0,0,0,0,0,0,0
75938954,Thermalright Mjolnir Vision 360 ARGB 서린,0,0,"_블랙_199,120|_화이트_199,120",0,0,0,0,0,0,0,0,0,0,0,0,0,0,0,0
75938909,Thermalright Mjolnir Vision 360 ARGB 서린,0,0,0,0,0,"_블랙_199,110|_화이트_199,110",0,0,0,0,0,0,0,0,0,0,0,0,0
15747941,Thermalright ODYSSEY THERMAL PAD 120x120 서린,0,0,"_0.5mm_17,000|_1.0mm_26,000",0,0,"_0.5mm_17,000|_1.0mm_26,000",0,0,0,0,0,0,0,0,0,0,0,0,0
15747779,Thermalright ODYSSEY THERMAL PAD 120x20 서린,0,0,"1.0mm_9,400",0,0,"1.0mm_9,400",0,0,0,0,0,0,0,0,0,0,0,0,0
15747314,Thermalright ODYSSEY THERMAL PAD 85x45 서린,0,0,"0.5mm_10,280",0,0,"0.5mm_10,280",0,0,0,0,0,0,0,0,0,0,0,0,0
15674972,Thermalright Peerless Assassin 120 BLACK 서린,0,0,"69,000",0,0,"69,000",0,0,0,0,0,0,0,0,0,0,0,0,0
81281426,Thermalright Peerless Assassin 120 Digital ARGB 서린,0,0,"_블랙_72,710|_화이트_77,900",0,0,"_블랙_71,130|_화이트_77,900",0,0,0,0,0,0,0,0,0,0,0,0,0
81249239,Thermalright Peerless Assassin 120 Digital 서린,0,0,"_블랙_72,930|_화이트_70,050",0,0,"_블랙_72,830|_화이트_70,050",0,0,0,0,0,0,0,0,0,0,0,0,0
37927877,Thermalright Peerless Assassin 120 MINI 서린,0,0,"_블랙_63,020|_화이트_64,930",0,0,"_블랙_63,020|_화이트_64,830",0,0,0,0,0,0,0,0,0,0,0,0,0
15969608,Thermalright Peerless Assassin 120 SE,0,0,0,0,0,"38,000",0,0,0,0,0,0,0,0,0,0,0,0,0
15969662,Thermalright Peerless Assassin 120 SE ARGB,0,0,"46,363",0,0,"46,363",0,0,0,0,0,0,0,0,0,0,0,0,0
16525448,Thermalright Peerless Assassin 120 SE ARGB 서린,0,0,"43,260",0,0,"41,760",0,0,0,0,0,0,0,0,0,0,0,0,0
123670068,Thermalright Peerless Assassin 120 SE V3 서린,0,0,"44,600",0,0,"44,600",0,0,0,0,0,0,0,0,0,0,0,0,0
16852175,Thermalright Peerless Assassin 120 SE WHITE ARGB 서린,0,0,"43,900",0,0,"47,600",0,0,0,0,0,0,0,0,0,0,0,0,0
16525058,Thermalright Peerless Assassin 120 SE 서린,0,0,"38,000",0,0,"37,400",0,0,0,0,0,0,0,0,0,0,0,0,0
102914432,Thermalright Peerless Assassin 120 VISION ARGB 서린,0,0,"_블랙_94,590|_화이트_95,020",0,0,"_블랙_94,590|_화이트_95,020",0,0,0,0,0,0,0,0,0,0,0,0,0
102914408,Thermalright Peerless Assassin 120 VISION 서린,0,0,"블랙_89,160",0,0,"블랙_89,160",0,0,0,0,0,0,0,0,0,0,0,0,0
106735181,Thermalright Peerless Assassin 120 Vision MAX ARGB 서린,0,0,"_블랙_135,990|_화이트_135,980",0,0,"_블랙_135,990|_화이트_135,980",0,0,0,0,0,0,0,0,0,0,0,0,0
15911942,Thermalright Peerless Assassin 120 WHITE ARGB 서린,0,0,"72,160",0,0,"72,160",0,0,0,0,0,0,0,0,0,0,0,0,0
15674840,Thermalright Peerless Assassin 120 서린,0,0,"68,000",0,0,"68,000",0,0,0,0,0,0,0,0,0,0,0,0,0
96776843,Thermalright Peerless Assassin 140 Digital 서린,0,0,"_블랙_81,770|_화이트_84,620",0,0,0,0,0,0,0,0,0,0,0,0,0,0,0,0
96776846,Thermalright Peerless Assassin 140 Digital 서린,0,0,0,0,0,"_블랙_78,860|_화이트_78,860",0,0,0,0,0,0,0,0,0,0,0,0,0
102618698,Thermalright Peerless Assassin 140 SE ARGB 서린,0,0,"63,200",0,0,"63,190",0,0,0,0,0,0,0,0,0,0,0,0,0
102618656,Thermalright Peerless Assassin 140 SE 서린,0,0,"60,890",0,0,"60,190",0,0,0,0,0,0,0,0,0,0,0,0,0
71423771,Thermalright Peerless Assassin 140 서린,0,0,"_블랙_75,260|_화이트_78,910",0,0,"_블랙_75,260|_화이트_74,190",0,0,0,0,0,0,0,0,0,0,0,0,0
67369196,Thermalright Peerless Assassin 90 SE 서린,0,0,"_기본색상_34,810|블랙_38,000|_화이트_37,990",0,0,"_기본색상_34,810|블랙_37,990|_화이트_37,990",0,0,0,0,0,0,0,0,0,0,0,0,0
31317452,Thermalright Phantom Spirit 120 EVO 서린,0,0,"88,000",0,0,"88,000",0,0,0,0,0,0,0,0,0,0,0,0,0
19240877,Thermalright Phantom Spirit 120 SE,0,0,"62,710",0,0,"62,710",0,0,0,0,0,0,0,0,0,0,0,0,0
19240931,Thermalright Phantom Spirit 120 SE ARGB,0,0,"61,340",0,0,"61,340",0,0,0,0,0,0,0,0,0,0,0,0,0
102914444,Thermalright Phantom Spirit 120 VISION EVO 서린,0,0,"133,220",0,0,"133,220",0,0,0,0,0,0,0,0,0,0,0,0,0
102914450,Thermalright Phantom Spirit 120 VISION SNOW 서린,0,0,"130,500",0,0,"130,500",0,0,0,0,0,0,0,0,0,0,0,0,0
15786335,Thermalright RGB FAN CONTROLLER 5V 서린,0,0,"8,900",0,0,"8,790",0,0,0,0,0,0,0,0,0,0,0,0,0
16842290,Thermalright RGB HUB Controller Rev.A,0,0,"8,000",0,0,"8,000",0,0,0,0,0,0,0,0,0,0,0,0,0
101955992,Thermalright Rainbow Vision 360 Turbo ARGB,0,0,"_블랙_418,120|_화이트_456,240",0,0,"_블랙_456,230|_화이트_456,230",0,0,0,0,0,0,0,0,0,0,0,0,0
73433396,Thermalright Royal Knight 120 SE 서린,0,0,"60,500",0,0,"60,500",0,0,0,0,0,0,0,0,0,0,0,0,0
73433390,Thermalright Royal Knight 120 서린,0,0,"65,140",0,0,"64,630",0,0,0,0,0,0,0,0,0,0,0,0,0
73692356,Thermalright Royal Pretor 130 서린,0,0,"일반_83,810|_블랙_88,800|_화이트_87,840",0,0,0,0,0,0,0,0,0,0,0,0,0,0,0,0
73692326,Thermalright Royal Pretor 130 서린,0,0,0,0,0,"일반_81,210|_블랙_88,790|_화이트_88,790",0,0,0,0,0,0,0,0,0,0,0,0,0
19240649,Thermalright SI-100 WHITE ARGB,0,0,"66,930",0,0,"63,840",0,0,0,0,0,0,0,0,0,0,0,0,0
19240523,Thermalright SI-100 서린,0,0,"_그레이_49,390|_블랙_60,830",0,0,"_그레이_47,890|_블랙_63,840",0,0,0,0,0,0,0,0,0,0,0,0,0
16853087,Thermalright SILVER SOUL 110 서린,0,0,"_블랙_83,000|_화이트_79,410",0,0,"_블랙_83,000|_화이트_83,000",0,0,0,0,0,0,0,0,0,0,0,0,0
17484725,Thermalright SST-AMD 서린,0,0,"4,800",0,0,"4,800",0,0,0,0,0,0,0,0,0,0,0,0,0
96652241,Thermalright STREAM VISION 360,0,0,"화이트_219,000",0,0,"화이트_208,630",0,0,0,0,0,0,0,0,0,0,0,0,0
3777900,Thermalright Silver Arrow ITX,0,0,"124,900",0,0,"124,900",0,0,0,0,0,0,0,0,0,0,0,0,0
15902564,Thermalright TA120 EX,0,0,"그레이_61,900",0,0,"그레이_61,900",0,0,0,0,0,0,0,0,0,0,0,0,0
16143656,Thermalright TF3,0,0,"2g_2,600",0,0,"2g_2,600",0,0,0,0,0,0,0,0,0,0,0,0,0
16143788,Thermalright TF4 서린,0,0,"_1.5g_2,400|_4g_6,820",0,0,"_1.5g_2,390|_4g_5,460",0,0,0,0,0,0,0,0,0,0,0,0,0
16143974,Thermalright TF7 서린,0,0,"2g_6,720",0,0,"2g_6,710",0,0,0,0,0,0,0,0,0,0,0,0,0
16144397,Thermalright TF8 서린,0,0,"_1.2g_15,800|_5.8g_25,720",0,0,"_1.2g_15,800|_5.8g_25,610",0,0,0,0,0,0,0,0,0,0,0,0,0
16144778,Thermalright TFX 서린,0,0,"2g_12,400",0,0,"2g_11,890",0,0,0,0,0,0,0,0,0,0,0,0,0
19280372,Thermalright TL-8015 서린,0,0,"11,200",0,0,"11,190",0,0,0,0,0,0,0,0,0,0,0,0,0
19280234,Thermalright TL-8015W 서린,0,0,"11,200",0,0,"11,110",0,0,0,0,0,0,0,0,0,0,0,0,0
15666401,Thermalright TL-9015 서린,0,0,"12,070",0,0,"12,070",0,0,0,0,0,0,0,0,0,0,0,0,0
15666521,Thermalright TL-9015B,0,0,"12,770",0,0,"12,770",0,0,0,0,0,0,0,0,0,0,0,0,0
30068750,Thermalright TL-B12 EXTREM LCP 서린,0,0,"3팩_87,000",0,0,"3팩_87,000",0,0,0,0,0,0,0,0,0,0,0,0,0
30027212,Thermalright TL-B12-S 서린,0,0,"29,760",0,0,"23,810",0,0,0,0,0,0,0,0,0,0,0,0,0
17559557,Thermalright TL-B12S 서린,0,0,"3팩_73,000",0,0,"3팩_73,000",0,0,0,0,0,0,0,0,0,0,0,0,0
19918592,Thermalright TL-B14W EXTREM 서린,0,0,"31,920",0,0,"31,920",0,0,0,0,0,0,0,0,0,0,0,0,0
124182484,Thermalright TL-B4020 서린,0,0,"9,320",0,0,"9,320",0,0,0,0,0,0,0,0,0,0,0,0,0
124182492,Thermalright TL-B4020W 서린,0,0,"9,320",0,0,"9,320",0,0,0,0,0,0,0,0,0,0,0,0,0
37927028,Thermalright TL-B6B 서린,0,0,"10,290",0,0,"10,200",0,0,0,0,0,0,0,0,0,0,0,0,0
27697313,Thermalright TL-B8 서린,0,0,"11,600",0,0,"11,590",0,0,0,0,0,0,0,0,0,0,0,0,0
19526123,Thermalright TL-B8W 서린,0,0,"11,790",0,0,"11,690",0,0,0,0,0,0,0,0,0,0,0,0,0
16841516,Thermalright TL-B9,0,0,"16,900",0,0,"16,780",0,0,0,0,0,0,0,0,0,0,0,0,0
16841969,Thermalright TL-B9W,0,0,"16,800",0,0,"16,790",0,0,0,0,0,0,0,0,0,0,0,0,0
15667307,Thermalright TL-C12 PRO-W 서린,0,0,"24,890",0,0,"24,890",0,0,0,0,0,0,0,0,0,0,0,0,0
15667793,Thermalright TL-C12 서린,0,0,"15,760",0,0,"15,760",0,0,0,0,0,0,0,0,0,0,0,0,0
15668444,Thermalright TL-C12-W 서린,0,0,"16,210",0,0,"16,210",0,0,0,0,0,0,0,0,0,0,0,0,0
15670355,Thermalright TL-C12015W-S ARGB,0,0,"23,280",0,0,"22,280",0,0,0,0,0,0,0,0,0,0,0,0,0
18789701,Thermalright TL-C12B-S ARGB 서린,0,0,"3팩_38,000",0,0,"3팩_37,990",0,0,0,0,0,0,0,0,0,0,0,0,0
30026039,Thermalright TL-C12B-S V3 서린,0,0,"1팩_14,240",0,0,"1팩_14,230",0,0,0,0,0,0,0,0,0,0,0,0,0
95987564,Thermalright TL-C12C 벌크 서린,0,0,"6,040",0,0,"6,040",0,0,0,0,0,0,0,0,0,0,0,0,0
72722606,Thermalright TL-C12C 서린,0,0,"5팩_28,470",0,0,"5팩_28,380",0,0,0,0,0,0,0,0,0,0,0,0,0
95987591,Thermalright TL-C12C-S ARGB 벌크 서린,0,0,"7,950",0,0,"7,950",0,0,0,0,0,0,0,0,0,0,0,0,0
72722624,Thermalright TL-C12C-S ARGB 서린,0,0,"5팩_36,000",0,0,"5팩_32,750",0,0,0,0,0,0,0,0,0,0,0,0,0
124182426,Thermalright TL-C12C-X28 V2 서린,0,0,"8,580",0,0,"8,580",0,0,0,0,0,0,0,0,0,0,0,0,0
91113647,Thermalright TL-C12C-X28 서린,0,0,"9,600",0,0,"9,600",0,0,0,0,0,0,0,0,0,0,0,0,0
91113692,Thermalright TL-C12C-X28-S 서린,0,0,"9,900",0,0,"9,900",0,0,0,0,0,0,0,0,0,0,0,0,0
95987606,Thermalright TL-C12CW 벌크 서린,0,0,"6,040",0,0,"6,040",0,0,0,0,0,0,0,0,0,0,0,0,0
19919729,Thermalright TL-C12CW 서린,0,0,"6,562",0,0,"6,562",0,0,0,0,0,0,0,0,0,0,0,0,0
95987621,Thermalright TL-C12CW-S ARGB 벌크 서린,0,0,"7,950",0,0,"7,950",0,0,0,0,0,0,0,0,0,0,0,0,0
72722645,Thermalright TL-C12CW-S ARGB 서린,0,0,"5팩_37,460",0,0,"5팩_31,550",0,0,0,0,0,0,0,0,0,0,0,0,0
124182439,Thermalright TL-C12CW-X28 V2 서린,0,0,"8,580",0,0,"8,580",0,0,0,0,0,0,0,0,0,0,0,0,0
91113707,Thermalright TL-C12CW-X28 서린,0,0,"7,600",0,0,"7,590",0,0,0,0,0,0,0,0,0,0,0,0,0
91113722,Thermalright TL-C12CW-X28-S 서린,0,0,"9,600",0,0,"9,590",0,0,0,0,0,0,0,0,0,0,0,0,0
15669338,Thermalright TL-C12S ARGB 서린,0,0,"1팩_23,500",0,0,"1팩_23,500",0,0,0,0,0,0,0,0,0,0,0,0,0
18789857,Thermalright TL-C12W-S ARGB 서린,0,0,"1팩_23,500",0,0,"1팩_23,500",0,0,0,0,0,0,0,0,0,0,0,0,0
15670502,Thermalright TL-C14 서린,0,0,"18,160",0,0,"18,160",0,0,0,0,0,0,0,0,0,0,0,0,0
33334007,Thermalright TL-C14C 서린,0,0,"9,290",0,0,"9,190",0,0,0,0,0,0,0,0,0,0,0,0,0
33334025,Thermalright TL-C14C-S 서린,0,0,"10,800",0,0,"10,790",0,0,0,0,0,0,0,0,0,0,0,0,0
33334043,Thermalright TL-C14CW 서린,0,0,"8,300",0,0,"7,880",0,0,0,0,0,0,0,0,0,0,0,0,0
33334058,Thermalright TL-C14CW-S 서린,0,0,"10,400",0,0,"10,400",0,0,0,0,0,0,0,0,0,0,0,0,0
17047883,Thermalright TL-C14W-S 서린,0,0,"3팩_76,800",0,0,"3팩_76,800",0,0,0,0,0,0,0,0,0,0,0,0,0
15670595,Thermalright TL-C14X 서린,0,0,"25,000",0,0,"25,000",0,0,0,0,0,0,0,0,0,0,0,0,0
15670937,Thermalright TL-D12B,0,0,"12,000",0,0,"12,000",0,0,0,0,0,0,0,0,0,0,0,0,0
15671015,Thermalright TL-D14,0,0,"19,120",0,0,"19,110",0,0,0,0,0,0,0,0,0,0,0,0,0
18790268,Thermalright TL-E12B EXTREM 서린,0,0,"16,240",0,0,"16,240",0,0,0,0,0,0,0,0,0,0,0,0,0
18790334,Thermalright TL-E12W-S 서린,0,0,"3팩_41,310",0,0,"3팩_41,310",0,0,0,0,0,0,0,0,0,0,0,0,0
33989942,Thermalright TL-FAN HUB x4 서린,0,0,"7,890",0,0,"7,780",0,0,0,0,0,0,0,0,0,0,0,0,0
17143142,Thermalright TL-FAN and ARGB HUB x8 서린,0,0,"19,480",0,0,"19,390",0,0,0,0,0,0,0,0,0,0,0,0,0
85677605,Thermalright TL-H12-X28 서린,0,0,"13,280",0,0,"11,780",0,0,0,0,0,0,0,0,0,0,0,0,0
86393270,Thermalright TL-H12-X28-S 서린,0,0,"13,100",0,0,"13,090",0,0,0,0,0,0,0,0,0,0,0,0,0
86432780,Thermalright TL-H12015B 서린,0,0,"15,280",0,0,"15,270",0,0,0,0,0,0,0,0,0,0,0,0,0
86449430,Thermalright TL-H12015B-S 서린,0,0,"16,240",0,0,"16,230",0,0,0,0,0,0,0,0,0,0,0,0,0
86439086,Thermalright TL-H12015W 서린,0,0,"15,270",0,0,"15,220",0,0,0,0,0,0,0,0,0,0,0,0,0
86453828,Thermalright TL-H12015W-S 서린,0,0,"16,240",0,0,"16,230",0,0,0,0,0,0,0,0,0,0,0,0,0
85683551,Thermalright TL-H12W-X28 서린,0,0,"13,280",0,0,"13,270",0,0,0,0,0,0,0,0,0,0,0,0,0
86402066,Thermalright TL-H12W-X28-S 서린,0,0,"14,240",0,0,"14,230",0,0,0,0,0,0,0,0,0,0,0,0,0
37927112,Thermalright TL-M12 서린,0,0,"9,000",0,0,"9,000",0,0,0,0,0,0,0,0,0,0,0,0,0
91113776,Thermalright TL-M12-S 벌크 서린,0,0,"8,580",0,0,"8,580",0,0,0,0,0,0,0,0,0,0,0,0,0
122694602,Thermalright TL-M12Q-S X3 서린,0,0,"3팩, 블랙_31,560",0,0,"3팩, 블랙_31,560",0,0,0,0,0,0,0,0,0,0,0,0,0
122694582,Thermalright TL-M12QR-S X3 서린,0,0,"3팩, 블랙_31,560",0,0,"3팩, 블랙_31,560",0,0,0,0,0,0,0,0,0,0,0,0,0
122694589,Thermalright TL-M12QRW-S X3 서린,0,0,"3팩, 화이트_31,560",0,0,"3팩, 화이트_31,560",0,0,0,0,0,0,0,0,0,0,0,0,0
122694605,Thermalright TL-M12QW-S X3 서린,0,0,"3팩, 화이트_31,560",0,0,"3팩, 화이트_31,560",0,0,0,0,0,0,0,0,0,0,0,0,0
91113830,Thermalright TL-M12R-S 벌크 서린,0,0,"8,580",0,0,"8,580",0,0,0,0,0,0,0,0,0,0,0,0,0
97705562,Thermalright TL-M12RW-S 벌크 서린,0,0,"8,580",0,0,"8,580",0,0,0,0,0,0,0,0,0,0,0,0,0
74011946,Thermalright TL-M12RW-S 서린,0,0,"9,270",0,0,"9,270",0,0,0,0,0,0,0,0,0,0,0,0,0
37927124,Thermalright TL-M12W 서린,0,0,"9,000",0,0,"9,000",0,0,0,0,0,0,0,0,0,0,0,0,0
91113812,Thermalright TL-M12W-S 벌크 서린,0,0,"8,900",0,0,"8,900",0,0,0,0,0,0,0,0,0,0,0,0,0
33334079,Thermalright TL-P12-S 서린,0,0,"9,600",0,0,"9,590",0,0,0,0,0,0,0,0,0,0,0,0,0
33334082,Thermalright TL-P12W-S 서린,0,0,"9,600",0,0,"9,590",0,0,0,0,0,0,0,0,0,0,0,0,0
30026300,Thermalright TL-P9 서린,0,0,"7,600",0,0,"7,590",0,0,0,0,0,0,0,0,0,0,0,0,0
30026378,Thermalright TL-P9-S 서린,0,0,"8,900",0,0,"8,900",0,0,0,0,0,0,0,0,0,0,0,0,0
30026570,Thermalright TL-P9W 서린,0,0,"7,100",0,0,"7,600",0,0,0,0,0,0,0,0,0,0,0,0,0
15671327,Thermalright TL-R12-W,0,0,"9,900",0,0,"9,900",0,0,0,0,0,0,0,0,0,0,0,0,0
15671531,Thermalright TL-RS12 ARGB,0,0,"3팩_58,900",0,0,"3팩_58,900",0,0,0,0,0,0,0,0,0,0,0,0,0
20765558,Thermalright TL-S12 서린,0,0,"1팩_9,000",0,0,"1팩_9,000",0,0,0,0,0,0,0,0,0,0,0,0,0
106435907,Thermalright TL-S12-S ARGB 벌크 서린,0,0,"블랙_9,320",0,0,"블랙_9,320",0,0,0,0,0,0,0,0,0,0,0,0,0
58918448,Thermalright TL-S12R 벌크 서린,0,0,"9,000",0,0,"9,000",0,0,0,0,0,0,0,0,0,0,0,0,0
58918457,Thermalright TL-S12RW 벌크 서린,0,0,"8,580",0,0,"8,580",0,0,0,0,0,0,0,0,0,0,0,0,0
20765579,Thermalright TL-S12W 서린,0,0,"1팩_9,600",0,0,"1팩_9,600",0,0,0,0,0,0,0,0,0,0,0,0,0
106437383,Thermalright TL-S12W-S ARGB 벌크 서린,0,0,"화이트_9,320",0,0,"화이트_9,320",0,0,0,0,0,0,0,0,0,0,0,0,0
122693094,Thermalright TL-UB24 서린,0,0,"블랙_36,000",0,0,"블랙_35,990",0,0,0,0,0,0,0,0,0,0,0,0,0
122693150,Thermalright TL-UB24R 서린,0,0,"블랙_36,000",0,0,"블랙_35,990",0,0,0,0,0,0,0,0,0,0,0,0,0
122693156,Thermalright TL-UB24RW 서린,0,0,"화이트_36,000",0,0,"화이트_35,990",0,0,0,0,0,0,0,0,0,0,0,0,0
122693168,Thermalright TL-UB24W 서린,0,0,"화이트_36,000",0,0,"화이트_35,990",0,0,0,0,0,0,0,0,0,0,0,0,0
122693229,Thermalright TL-UB36 서린,0,0,"블랙_48,000",0,0,"블랙_44,980",0,0,0,0,0,0,0,0,0,0,0,0,0
122693262,Thermalright TL-UB36R 서린,0,0,"블랙_43,890",0,0,"블랙_47,990",0,0,0,0,0,0,0,0,0,0,0,0,0
122693290,Thermalright TL-UB36RW 서린,0,0,"화이트_47,990",0,0,"화이트_47,990",0,0,0,0,0,0,0,0,0,0,0,0,0
122693274,Thermalright TL-UB36W 서린,0,0,"화이트_47,990",0,0,"화이트_47,990",0,0,0,0,0,0,0,0,0,0,0,0,0
15886913,Thermalright TR-GCSF ARGB,0,0,"28,420",0,0,"28,420",0,0,0,0,0,0,0,0,0,0,0,0,0
96652106,Thermalright TROFEO VISION 360 ARGB,0,0,"_블랙_254,520|_화이트_279,000",0,0,"_블랙_254,510|_화이트_279,000",0,0,0,0,0,0,0,0,0,0,0,0,0
106721381,Thermalright TROFEO VISION 9.16 LCD,0,0,"_블랙_68,170|_화이트_71,160",0,0,"_블랙_71,050|_화이트_71,050",0,0,0,0,0,0,0,0,0,0,0,0,0
101632253,Thermalright TROFEO VISION LCD,0,0,"블랙_79,000",0,0,"블랙_79,000",0,0,0,0,0,0,0,0,0,0,0,0,0
15903707,Thermalright TRUE SPIRIT 120 REV.B 서린,0,0,"57,500",0,0,"57,500",0,0,0,0,0,0,0,0,0,0,0,0,0
4673723,Thermalright TRUE Spirit 140 Direct,0,0,"64,000",0,0,"64,000",0,0,0,0,0,0,0,0,0,0,0,0,0
1279962,Thermalright TRUE Spirit Ni,0,0,"53,000",0,0,"53,000",0,0,0,0,0,0,0,0,0,0,0,0,0
2446756,Thermalright TY-14013,0,0,"15,500",0,0,"15,200",0,0,0,0,0,0,0,0,0,0,0,0,0
2446784,Thermalright TY-14013R,0,0,"15,500",0,0,"15,200",0,0,0,0,0,0,0,0,0,0,0,0,0
1536172,Thermalright True Spirit 140,0,0,"60,000",0,0,"60,000",0,0,0,0,0,0,0,0,0,0,0,0,0
106735421,Thermalright USB 2.0 HUB X5 서린,0,0,"_블랙_12,800|_화이트_12,400",0,0,"_블랙_12,790|_화이트_12,400",0,0,0,0,0,0,0,0,0,0,0,0,0
16934357,Thermalright VALOR ODIN THERMAL PAD 120x120 서린,0,0,"_0.5mm_26,400|_1.0mm_28,000|1.5mm_37,600",0,0,"0.5mm_26,400|_1.0mm_23,920|_1.5mm_37,590",0,0,0,0,0,0,0,0,0,0,0,0,0
16592969,Thermalright VALOR ODIN THERMAL PAD 95x50 서린,0,0,"0.5mm_10,400|_1.0mm_11,980|_1.5mm_15,080",0,0,0,0,0,0,0,0,0,0,0,0,0,0,0,0
30094664,Thermalright VALOR ODIN THERMAL PAD 95x50 서린,0,0,0,0,0,"_0.5mm_10,400|_1.0mm_11,890|1.5mm_14,980",0,0,0,0,0,0,0,0,0,0,0,0,0
122692436,Thermalright W360 EPYC SP6 듀얼 서린,0,0,"블랙_370,750",0,0,"블랙_370,750",0,0,0,0,0,0,0,0,0,0,0,0,0
122692432,Thermalright W360 EPYC SP6 서린,0,0,"블랙_246,850",0,0,"블랙_246,850",0,0,0,0,0,0,0,0,0,0,0,0,0
122692438,Thermalright W360 XEON LGA4677 듀얼 서린,0,0,"블랙_370,750",0,0,"블랙_370,750",0,0,0,0,0,0,0,0,0,0,0,0,0
122692443,Thermalright W360 XEON LGA4677 서린,0,0,"블랙_244,760",0,0,"블랙_244,650",0,0,0,0,0,0,0,0,0,0,0,0,0
96652343,Thermalright WONDER VISION 360 UB ARGB,0,0,"_블랙_380,200|_화이트_347,670",0,0,"_블랙_344,540|_화이트_347,670",0,0,0,0,0,0,0,0,0,0,0,0,0
1504774,Thermalright X-Silent 120,0,0,"13,390",0,0,"13,390",0,0,0,0,0,0,0,0,0,0,0,0,0
61422626,XASTRA NAVIGATOR FT120 ARGB,0,0,"_블랙_9,700|3팩, 블랙_28,600|_화이트_10,900|3팩, 화이트_32,500",0,0,"_블랙_9,700|3팩, 블랙_28,600|_화이트_10,900|3팩, 화이트_32,500",0,0,0,0,0,0,0,0,0,0,0,0,0
16755317,XIGMATEK AIR-KILLER PRO ARGB,0,0,"34,480",0,0,"34,480",0,0,0,0,0,0,0,0,0,0,0,0,0
9671943,XIGMATEK AURORA 240,0,0,"94,000",0,0,"94,000",0,0,0,0,0,0,0,0,0,0,0,0,0
1959996,XIGMATEK Dark Knight SD1283 Night Hawk Edition,0,0,"54,500",0,0,"54,500",0,0,0,0,0,0,0,0,0,0,0,0,0
1363740,XIGMATEK Gaia SD1283,0,0,"34,900",0,0,"34,900",0,0,0,0,0,0,0,0,0,0,0,0,0
2843184,XIGMATEK LOKI II,0,0,"27,400",0,0,"27,400",0,0,0,0,0,0,0,0,0,0,0,0,0
14674061,XIGMATEK Windpower WP1266 RGB,0,0,"34,490",0,0,"34,490",0,0,0,0,0,0,0,0,0,0,0,0,0
2347681,XIGMATEK Xi- Ray Red,0,0,"11,000",0,0,"11,000",0,0,0,0,0,0,0,0,0,0,0,0,0
62640926,be quiet DARK ROCK 5,0,0,"139,000",0,0,"132,390",0,0,0,0,0,0,0,0,0,0,0,0,0
29846852,be quiet DARK ROCK ELITE,0,0,"209,000",0,0,"209,000",0,0,0,0,0,0,0,0,0,0,0,0,0
29847737,be quiet DARK ROCK PRO 5,0,0,"167,680",0,0,"176,000",0,0,0,0,0,0,0,0,0,0,0,0,0
14588288,be quiet DARK ROCK SLIM 서린,0,0,"91,430",0,0,"91,430",0,0,0,0,0,0,0,0,0,0,0,0,0
71425271,be quiet LIGHT WINGS LX 120mm PWM high-speed 서린,0,0,"_블랙_31,900|_3팩, 블랙_92,900|3팩, 화이트_92,900",0,0,"_블랙_30,390|_3팩, 블랙_88,470|3팩, 화이트_88,470",0,0,0,0,0,0,0,0,0,0,0,0,0
93382475,be quiet LIGHT WINGS LX 120mm PWM 리버스,0,0,"_블랙_31,900|_화이트_30,400",0,0,0,0,0,0,0,0,0,0,0,0,0,0,0,0
93382436,be quiet LIGHT WINGS LX 120mm PWM 리버스,0,0,0,0,0,"_블랙_31,900|_화이트_30,390",0,0,0,0,0,0,0,0,0,0,0,0,0
71424683,be quiet LIGHT WINGS LX 120mm PWM 서린,0,0,"블랙_31,900|_3팩, 블랙_92,900|_3팩, 화이트_92,900",0,0,"블랙_30,390|_3팩, 블랙_88,470|_3팩, 화이트_88,470",0,0,0,0,0,0,0,0,0,0,0,0,0
71425511,be quiet LIGHT WINGS LX 140mm PWM high-speed 서린,0,0,"블랙_33,900|_3팩, 블랙_97,900|_3팩, 화이트_97,900",0,0,0,0,0,0,0,0,0,0,0,0,0,0,0,0
71425448,be quiet LIGHT WINGS LX 140mm PWM high-speed 서린,0,0,0,0,0,"블랙_33,900|_3팩, 블랙_93,270|_3팩, 화이트_93,270",0,0,0,0,0,0,0,0,0,0,0,0,0
71424893,be quiet LIGHT WINGS LX 140mm PWM 서린,0,0,"_블랙_33,900|_3팩, 블랙_97,900|3팩, 화이트_97,900",0,0,0,0,0,0,0,0,0,0,0,0,0,0,0,0
71424782,be quiet LIGHT WINGS LX 140mm PWM 서린,0,0,0,0,0,"_블랙_32,310|_3팩, 블랙_93,270|3팩, 화이트_93,270",0,0,0,0,0,0,0,0,0,0,0,0,0
92969672,be quiet PURE ROCK 3 LX,0,0,"59,920",0,0,"59,910",0,0,0,0,0,0,0,0,0,0,0,0,0
92969423,be quiet PURE ROCK 3 블랙,0,0,"51,350",0,0,"51,350",0,0,0,0,0,0,0,0,0,0,0,0,0
92969810,be quiet PURE ROCK PRO 3,0,0,"73,000",0,0,"69,590",0,0,0,0,0,0,0,0,0,0,0,0,0
92969909,be quiet PURE ROCK PRO 3 LX,0,0,"94,320",0,0,"94,310",0,0,0,0,0,0,0,0,0,0,0,0,0
92969831,be quiet PURE ROCK PRO 3 블랙,0,0,"81,920",0,0,"81,910",0,0,0,0,0,0,0,0,0,0,0,0,0
14626859,be quiet PURE WINGS 2 PWM 80mm 서린,0,0,"12,900",0,0,"12,900",0,0,0,0,0,0,0,0,0,0,0,0,0
14627657,be quiet PURE WINGS 2 PWM high-speed 140mm 서린,0,0,"19,170",0,0,"19,170",0,0,0,0,0,0,0,0,0,0,0,0,0
29870801,be quiet PURE WINGS 3 PWM 120mm,0,0,"_블랙_17,680|_화이트_17,000",0,0,"_블랙_17,670|_화이트_17,000",0,0,0,0,0,0,0,0,0,0,0,0,0
49738016,be quiet PURE WINGS 3 PWM 140mm,0,0,"_블랙_20,000|_화이트_18,160",0,0,"_블랙_19,990|_화이트_18,150",0,0,0,0,0,0,0,0,0,0,0,0,0
49737905,be quiet PURE WINGS 3 PWM high-speed 120mm,0,0,"_블랙_17,680|_화이트_16,240",0,0,"_블랙_17,670|_화이트_16,230",0,0,0,0,0,0,0,0,0,0,0,0,0
49738067,be quiet PURE WINGS 3 PWM high-speed 140mm,0,0,"_블랙_20,000|_화이트_18,160",0,0,"_블랙_19,990|_화이트_18,150",0,0,0,0,0,0,0,0,0,0,0,0,0
12532517,be quiet SHADOW ROCK 3 WHITE,0,0,"74,200",0,0,"74,200",0,0,0,0,0,0,0,0,0,0,0,0,0
14600561,be quiet SHADOW ROCK 3 WHITE 서린,0,0,"83,500",0,0,"79,590",0,0,0,0,0,0,0,0,0,0,0,0,0
14600501,be quiet SHADOW ROCK 3 서린,0,0,"86,990",0,0,"64,720",0,0,0,0,0,0,0,0,0,0,0,0,0
15345638,be quiet SHADOW ROCK SLIM 2,0,0,"74,290",0,0,"74,290",0,0,0,0,0,0,0,0,0,0,0,0,0
9669288,be quiet SHADOW WINGS 2 120mm,0,0,"화이트_18,877",0,0,"화이트_18,877",0,0,0,0,0,0,0,0,0,0,0,0,0
9669324,be quiet SHADOW WINGS 2 140mm,0,0,"_블랙_20,200|_화이트_22,300",0,0,"_블랙_20,200|_화이트_22,300",0,0,0,0,0,0,0,0,0,0,0,0,0
14637446,be quiet SHADOW WINGS 2 140mm 서린,0,0,"화이트_23,000",0,0,"화이트_23,000",0,0,0,0,0,0,0,0,0,0,0,0,0
7553023,be quiet SHADOW WINGS 2 PWM 140mm,0,0,"블랙_23,000",0,0,"블랙_23,000",0,0,0,0,0,0,0,0,0,0,0,0,0
14637623,be quiet SHADOW WINGS 2 PWM 140mm 서린,0,0,"블랙_23,640",0,0,"블랙_23,640",0,0,0,0,0,0,0,0,0,0,0,0,0
93381869,be quiet SILENT LOOP 3 240,0,0,"188,640",0,0,"188,630",0,0,0,0,0,0,0,0,0,0,0,0,0
93382205,be quiet SILENT LOOP 3 420,0,0,"275,280",0,0,"275,270",0,0,0,0,0,0,0,0,0,0,0,0,0
17909585,be quiet SILENT WINGS 4 120mm,0,0,"38,000",0,0,"37,990",0,0,0,0,0,0,0,0,0,0,0,0,0
17909654,be quiet SILENT WINGS 4 140mm,0,0,"39,920",0,0,"39,920",0,0,0,0,0,0,0,0,0,0,0,0,0
17789975,be quiet SILENT WINGS 4 PWM 120mm,0,0,"_블랙_39,900|_화이트_36,160",0,0,"_블랙_39,900|_화이트_33,160",0,0,0,0,0,0,0,0,0,0,0,0,0
17790044,be quiet SILENT WINGS 4 PWM 140mm,0,0,"_블랙_39,920|_화이트_38,000",0,0,"_블랙_39,920|_화이트_38,000",0,0,0,0,0,0,0,0,0,0,0,0,0
49738439,be quiet SILENT WINGS 4 PWM high-speed 120mm,0,0,"_블랙_38,000|_화이트_36,160",0,0,"_블랙_38,000|_화이트_36,160",0,0,0,0,0,0,0,0,0,0,0,0,0
49738499,be quiet SILENT WINGS 4 PWM high-speed 140mm,0,0,"_블랙_39,920|_화이트_38,000",0,0,"_블랙_39,920|_화이트_38,000",0,0,0,0,0,0,0,0,0,0,0,0,0
17790311,be quiet SILENT WINGS PRO 4 PWM 120mm,0,0,"_블랙_53,280|_화이트_49,440",0,0,"_블랙_53,280|_화이트_49,440",0,0,0,0,0,0,0,0,0,0,0,0,0
17790392,be quiet SILENT WINGS PRO 4 PWM 140mm,0,0,"_블랙_55,190|_화이트_52,320",0,0,"_블랙_55,200|_화이트_52,320",0,0,0,0,0,0,0,0,0,0,0,0,0
10359315,darkFlash ARGB Master RC1 REMOTE KIT,0,0,"12,170",0,0,"12,170",0,0,0,0,0,0,0,0,0,0,0,0,0
18061535,darkFlash AURA DA-280 RGB,0,0,"화이트_75,040",0,0,"화이트_75,040",0,0,0,0,0,0,0,0,0,0,0,0,0
73696922,darkFlash BIT-12 ARGB 픽셀,0,0,"_블랙_42,300|_화이트_42,750",0,0,"_블랙_42,490|_화이트_42,750",0,0,0,0,0,0,0,0,0,0,0,0,0
73696973,darkFlash BIT-12R ARGB 픽셀,0,0,"_블랙_42,150|_화이트_42,750",0,0,"_블랙_42,150|_화이트_42,750",0,0,0,0,0,0,0,0,0,0,0,0,0
73697228,darkFlash BIT-360 ARGB 픽셀,0,0,"_블랙_235,000|_화이트_223,250",0,0,"_블랙_235,000|_화이트_223,250",0,0,0,0,0,0,0,0,0,0,0,0,0
108401849,darkFlash C22 120 ARGB PWM,0,0,"_블랙_8,470|_화이트_8,470",0,0,"_블랙_8,470|_화이트_8,470",0,0,0,0,0,0,0,0,0,0,0,0,0
108401864,darkFlash C22R 120 ARGB PWM Reverse,0,0,"_블랙_8,470|_화이트_8,290",0,0,"_블랙_8,470|_화이트_8,290",0,0,0,0,0,0,0,0,0,0,0,0,0
54100982,darkFlash C6AM 120 ARGB,0,0,"블랙_8,500",0,0,"블랙_8,500",0,0,0,0,0,0,0,0,0,0,0,0,0
11878807,darkFlash C6M 140 RGB,0,0,"핑크_10,500",0,0,0,0,0,0,0,0,0,0,0,0,0,0,0,0
11230008,darkFlash C6MS RGB,0,0,"_3팩, 네오민트_23,000|_3팩, 핑크_23,000",0,0,0,0,0,0,0,0,0,0,0,0,0,0,0,0
11230023,darkFlash C6MS RGB,0,0,0,0,0,"_3팩, 네오민트_23,000|_3팩, 핑크_23,000",0,0,0,0,0,0,0,0,0,0,0,0,0
9642240,darkFlash C6S 120 RGB,0,0,"_블랙_7,770|네오민트_7,890|핑크_7,790|_화이트_7,800",0,0,"_블랙_7,770|네오민트_7,890|핑크_7,790|_화이트_7,800",0,0,0,0,0,0,0,0,0,0,0,0,0
28562261,darkFlash C6S 120 RGB Reverse,0,0,"_블랙_7,990|_화이트_7,990",0,0,"_블랙_7,990|_화이트_7,990",0,0,0,0,0,0,0,0,0,0,0,0,0
11878705,darkFlash C6S 140 RGB,0,0,"_블랙_8,580|네오민트_9,290|핑크_9,490|_화이트_9,290",0,0,"_블랙_8,580|네오민트_9,290|핑크_9,310|_화이트_9,290",0,0,0,0,0,0,0,0,0,0,0,0,0
10359267,darkFlash C7 ARGB,0,0,"_1팩_18,000|_리모트 콤보 킷_29,000",0,0,"_1팩_18,000|_리모트 콤보 킷_29,000",0,0,0,0,0,0,0,0,0,0,0,0,0
47488289,darkFlash C7A 120 ARGB,0,0,"_블랙_7,440|_화이트_7,440",0,0,"_블랙_7,440|_화이트_7,440",0,0,0,0,0,0,0,0,0,0,0,0,0
98084852,darkFlash C7A14 140 ARGB,0,0,"_블랙_8,590|_화이트_8,670",0,0,"_블랙_8,590|_화이트_8,670",0,0,0,0,0,0,0,0,0,0,0,0,0
47488331,darkFlash C7RA 120 ARGB Reverse,0,0,"_블랙_7,490|_화이트_7,490",0,0,0,0,0,0,0,0,0,0,0,0,0,0,0,0
47488313,darkFlash C7RA 120 ARGB Reverse,0,0,0,0,0,"_블랙_7,490|_화이트_7,490",0,0,0,0,0,0,0,0,0,0,0,0,0
98085050,darkFlash C7RA14 140 ARGB Reverse,0,0,"_블랙_9,090|_화이트_9,290",0,0,"_블랙_9,090|_화이트_9,290",0,0,0,0,0,0,0,0,0,0,0,0,0
47488859,darkFlash C7RS 120 RGB Reverse,0,0,"_블랙_5,390|_화이트_5,490",0,0,"_블랙_5,390|_화이트_5,490",0,0,0,0,0,0,0,0,0,0,0,0,0
47488511,darkFlash C7S 120 RGB,0,0,"_블랙_5,290|_화이트_5,190",0,0,"_블랙_5,290|_화이트_5,190",0,0,0,0,0,0,0,0,0,0,0,0,0
10502829,darkFlash CF140 PRO ARGB,0,0,"_1팩_12,640|_리모트 콤보 킷_23,990",0,0,0,0,0,0,0,0,0,0,0,0,0,0,0,0
10502727,darkFlash CF140 PRO ARGB,0,0,0,0,0,"_1팩_12,640|_리모트 콤보 킷_23,800",0,0,0,0,0,0,0,0,0,0,0,0,0
21588170,darkFlash D6S 120 RGB Reverse,0,0,"_블랙_8,490|_화이트_8,490",0,0,"_블랙_8,490|_화이트_8,490",0,0,0,0,0,0,0,0,0,0,0,0,0
21587762,darkFlash D6S 140 RGB,0,0,"_블랙_9,000|_화이트_9,000",0,0,"_블랙_9,000|_화이트_9,000",0,0,0,0,0,0,0,0,0,0,0,0,0
100384505,darkFlash DF12 120 ARGB PWM,0,0,"_블랙_7,490|_화이트_7,490",0,0,"_블랙_7,490|_화이트_7,490",0,0,0,0,0,0,0,0,0,0,0,0,0
100384625,darkFlash DF12R 120 ARGB PWM Reverse,0,0,"_블랙_7,590|_화이트_7,590",0,0,"_블랙_7,590|_화이트_7,590",0,0,0,0,0,0,0,0,0,0,0,0,0
12529994,darkFlash DL240 ARGB 그래픽카드 지지대,0,0,"블랙_20,530",0,0,"블랙_20,530",0,0,0,0,0,0,0,0,0,0,0,0,0
11997590,darkFlash DM1 M.2 SSD 방열판,0,0,"실버_11,000",0,0,"실버_11,000",0,0,0,0,0,0,0,0,0,0,0,0,0
54964001,darkFlash DM12 PRO 120 PWM ARGB,0,0,"_블랙_7,980|_화이트_7,690",0,0,"_블랙_7,980|_화이트_7,690",0,0,0,0,0,0,0,0,0,0,0,0,0
60009602,darkFlash DM12R PRO 120 PWM ARGB Reverse,0,0,"_블랙_7,990|_화이트_7,640",0,0,"_블랙_7,990|_화이트_7,640",0,0,0,0,0,0,0,0,0,0,0,0,0
12444635,darkFlash DM3 M.2 SSD 방열판,0,0,"9,900",0,0,"9,900",0,0,0,0,0,0,0,0,0,0,0,0,0
70676693,darkFlash DM8 인피니티 120 ARGB PWM,0,0,"_블랙_18,800|_화이트_18,920",0,0,"_블랙_18,800|_화이트_18,920",0,0,0,0,0,0,0,0,0,0,0,0,0
70676774,darkFlash DM8 인피니티 120 ARGB PWM Reverse,0,0,"_블랙_18,560|_화이트_18,920",0,0,"_블랙_18,560|_화이트_18,920",0,0,0,0,0,0,0,0,0,0,0,0,0
17288972,darkFlash DP7 Thermal Paste,0,0,"_2g_6,000|_4g_11,000",0,0,"_2g_6,000|_4g_11,000",0,0,0,0,0,0,0,0,0,0,0,0,0
100621754,darkFlash DVS7 GPU STAND,0,0,"_블랙_3,430|_화이트_3,430",0,0,"_블랙_3,430|_화이트_3,430",0,0,0,0,0,0,0,0,0,0,0,0,0
98780894,darkFlash ELLSWORTH S31,0,0,"_블랙_18,290|_화이트_16,960",0,0,0,0,0,0,0,0,0,0,0,0,0,0,0,0
98780957,darkFlash ELLSWORTH S31,0,0,0,0,0,"_블랙_18,290|_화이트_16,960",0,0,0,0,0,0,0,0,0,0,0,0,0
122675452,darkFlash ELLSWORTH S31 CORE RGB,0,0,"_블랙_17,520|_화이트_17,500",0,0,"_블랙_17,520|_화이트_17,500",0,0,0,0,0,0,0,0,0,0,0,0,0
98781146,darkFlash ELLSWORTH S31 PRO ARGB,0,0,"_블랙_18,210|_화이트_19,140",0,0,"_블랙_18,210|_화이트_19,140",0,0,0,0,0,0,0,0,0,0,0,0,0
102883715,darkFlash EXPLORE DE360 ARGB,0,0,"_블랙_130,070|_화이트_131,630",0,0,0,0,0,0,0,0,0,0,0,0,0,0,0,0
102883718,darkFlash EXPLORE DE360 ARGB,0,0,0,0,0,"_블랙_130,070|_화이트_131,630",0,0,0,0,0,0,0,0,0,0,0,0,0
101695601,darkFlash EXPLORE E400 PLUS ARGB,0,0,"_블랙_33,240|_화이트_35,140",0,0,"_블랙_33,240|_화이트_35,140",0,0,0,0,0,0,0,0,0,0,0,0,0
30032303,darkFlash Ellsworth D21,0,0,"_블랙_41,730|_화이트_56,640",0,0,"_블랙_41,730|_화이트_56,640",0,0,0,0,0,0,0,0,0,0,0,0,0
30032663,darkFlash Ellsworth D21 ARGB,0,0,"_블랙_45,460|_화이트_48,110",0,0,"_블랙_45,460|_화이트_48,110",0,0,0,0,0,0,0,0,0,0,0,0,0
122706264,darkFlash Ellsworth D31,0,0,"_블랙_37,800|_화이트_39,890",0,0,"_블랙_37,800|_화이트_39,890",0,0,0,0,0,0,0,0,0,0,0,0,0
122706275,darkFlash Ellsworth D31 PRO,0,0,"_블랙_39,890|_화이트_41,790",0,0,"_블랙_39,890|_화이트_41,790",0,0,0,0,0,0,0,0,0,0,0,0,0
122706301,darkFlash Ellsworth D31 PRO ARGB,0,0,"_블랙_40,840|_화이트_42,740",0,0,"_블랙_40,840|_화이트_42,740",0,0,0,0,0,0,0,0,0,0,0,0,0
16046939,darkFlash Ellsworth S11 PRO ARGB,0,0,"_블랙_29,500|_화이트_31,000",0,0,"_블랙_29,500|_화이트_31,000",0,0,0,0,0,0,0,0,0,0,0,0,0
18633506,darkFlash Ellsworth S21,0,0,"_블랙_26,610|_화이트_25,880",0,0,"_블랙_26,610|_화이트_25,880",0,0,0,0,0,0,0,0,0,0,0,0,0
18633476,darkFlash Ellsworth S21 ARGB,0,0,"_블랙_28,760|_화이트_29,500",0,0,"_블랙_28,760|_화이트_29,500",0,0,0,0,0,0,0,0,0,0,0,0,0
63140096,darkFlash Gauss G24 FAN TO FAN,0,0,"5,940",0,0,"5,940",0,0,0,0,0,0,0,0,0,0,0,0,0
63139511,darkFlash Gauss G24 마그네틱 ARGB,0,0,"_블랙_17,090|_3팩, 블랙_55,090|화이트_17,290|3팩, 화이트_54,980",0,0,"_블랙_17,090|_3팩, 블랙_55,090|화이트_17,290|3팩, 화이트_54,980",0,0,0,0,0,0,0,0,0,0,0,0,0
65974898,darkFlash Gauss G24R 마그네틱 ARGB 리버스,0,0,"_3팩, 블랙_54,510|_3팩, 화이트_58,000",0,0,"_3팩, 블랙_54,510|_3팩, 화이트_58,000",0,0,0,0,0,0,0,0,0,0,0,0,0
11788744,darkFlash LP30 ARGB PSU 커버,0,0,"블랙_13,500|_네오민트_13,690|핑크_13,590|_화이트_13,590",0,0,"블랙_13,500|_네오민트_13,690|핑크_13,590|_화이트_13,590",0,0,0,0,0,0,0,0,0,0,0,0,0
13098329,darkFlash LP40 ARGB PSU 커버,0,0,"_블랙_17,000|네오민트_16,880|핑크_16,780|_화이트_17,000",0,0,"_블랙_17,000|네오민트_16,880|핑크_16,780|_화이트_17,000",0,0,0,0,0,0,0,0,0,0,0,0,0
72979256,darkFlash LP900 ARGB PSU 커버,0,0,"_블랙_13,690|_화이트_13,690",0,0,"_블랙_13,690|_화이트_13,690",0,0,0,0,0,0,0,0,0,0,0,0,0
90159317,darkFlash MH-10 ARGB 5V 컨트롤러,0,0,"3,790",0,0,"3,790",0,0,0,0,0,0,0,0,0,0,0,0,0
13018505,darkFlash MH-30 ARGB 5V 컨트롤러,0,0,"8,530",0,0,"8,530",0,0,0,0,0,0,0,0,0,0,0,0,0
28485641,darkFlash NEBULA DN-240 ARGB,0,0,"_블랙_62,900|_화이트_63,800",0,0,"_블랙_62,900|_화이트_63,800",0,0,0,0,0,0,0,0,0,0,0,0,0
28485173,darkFlash NEBULA DN-360 ARGB,0,0,"_블랙_80,740|_화이트_65,000",0,0,"_블랙_80,740|_화이트_65,000",0,0,0,0,0,0,0,0,0,0,0,0,0
64377734,darkFlash NEBULA DN-360D ARGB,0,0,"_블랙_90,170|_화이트_96,040",0,0,"_블랙_90,170|_화이트_96,040",0,0,0,0,0,0,0,0,0,0,0,0,0
64377899,darkFlash NEBULA DN-360S ARGB,0,0,"_블랙_127,000|_화이트_132,460",0,0,"_블랙_127,000|_화이트_132,460",0,0,0,0,0,0,0,0,0,0,0,0,0
19355732,darkFlash RC2 ARGB AND PWM HUB,0,0,"11,550",0,0,"11,550",0,0,0,0,0,0,0,0,0,0,0,0,0
16143122,darkFlash S100 FDB,0,0,"블랙_43,500|5팩, 블랙_43,500|_화이트_11,500|_5팩, 화이트_45,000",0,0,"블랙_43,500|5팩, 블랙_43,500|_화이트_11,500|_5팩, 화이트_44,800",0,0,0,0,0,0,0,0,0,0,0,0,0
16143392,darkFlash S101 FDB ARGB,0,0,"_블랙_13,290|_5팩, 블랙_53,500|화이트_14,500|5팩, 화이트_55,000",0,0,"_블랙_13,290|_5팩, 블랙_53,300|화이트_13,800|5팩, 화이트_54,800",0,0,0,0,0,0,0,0,0,0,0,0,0
10958937,darkFlash TALON PRO ARGB,0,0,"_1팩_14,840|_리모트 콤보 킷_26,000",0,0,"_1팩_14,840|_리모트 콤보 킷_26,000",0,0,0,0,0,0,0,0,0,0,0,0,0
12055538,darkFlash Twister DX-360 ARGB,0,0,"핑크_87,000",0,0,"핑크_87,000",0,0,0,0,0,0,0,0,0,0,0,0,0
78976547,darkFlash WAVE DH-360D ARGB,0,0,"_블랙_92,950|_화이트_94,040",0,0,"_블랙_92,950|_화이트_94,040",0,0,0,0,0,0,0,0,0,0,0,0,0
122638275,darkFlash WAVE DV360S MAX ARGB 디스플레이,0,0,"_블랙_113,900|_화이트_117,900",0,0,"_블랙_113,900|_화이트_117,400",0,0,0,0,0,0,0,0,0,0,0,0,0
95525072,darkFlash 아쿠아루믹 DL-360 ARGB,0,0,"_블랙_60,920|_화이트_64,910",0,0,"_블랙_60,920|_화이트_64,910",0,0,0,0,0,0,0,0,0,0,0,0,0
17318492,darkFlash 인피니티8 ARGB,0,0,"_블랙_10,770|화이트_10,990|네오민트_11,000|핑크_11,000|_3팩, 블랙_29,380|3팩, 화이트_29,500||",0,0,0,0,0,0,0,0,0,0,0,0,0,0,0,0
17318324,darkFlash 인피니티8 ARGB,0,0,0,0,0,"_블랙_10,770|화이트_10,500|네오민트_10,800|핑크_11,000|_3팩, 블랙_29,300|3팩, 화이트_29,500||",0,0,0,0,0,0,0,0,0,0,0,0,0
68242172,iHTP 12025-FAN 4pin,0,0,"1,570",0,0,"1,570",0,0,0,0,0,0,0,0,0,0,0,0,0
19905035,upHere N1055CF SIMPLE,0,0,"화이트_33,000",0,0,"화이트_33,000",0,0,0,0,0,0,0,0,0,0,0,0,0
72111326,다산코퍼레이션 디프렌드 D620 ARGB 솔더링,0,0,"_블랙_54,980|_화이트_57,110",0,0,"_블랙_54,980|_화이트_57,110",0,0,0,0,0,0,0,0,0,0,0,0,0
72063182,다산코퍼레이션 디프렌드 D620 LITE ARGB,0,0,"_블랙_37,900|_화이트_39,410",0,0,"_블랙_37,900|_화이트_39,410",0,0,0,0,0,0,0,0,0,0,0,0,0
88133357,다산코퍼레이션 디프렌드 DF100 5V 3Pin to SATA ARGB 컨트롤러,0,0,"_1팩_3,530|_20팩_55,000",0,0,"1팩_3,530",0,0,0,0,0,0,0,0,0,0,0,0,0
20624213,다산코퍼레이션 디프렌드 DX-9 써멀그리스,0,0,"4g_4,290",0,0,"4g_4,290",0,0,0,0,0,0,0,0,0,0,0,0,0
21435419,다산코퍼레이션 디프렌드 ODIN C200 RGB mini,0,0,"9,900",0,0,"9,900",0,0,0,0,0,0,0,0,0,0,0,0,0
89731496,다산코퍼레이션 디프렌드 ODIN C400S Mini,0,0,"15,000",0,0,"15,000",0,0,0,0,0,0,0,0,0,0,0,0,0
89731535,다산코퍼레이션 디프렌드 ODIN C400S RGB Mini,0,0,"16,370",0,0,"15,400",0,0,0,0,0,0,0,0,0,0,0,0,0
20645612,다산코퍼레이션 디프렌드 ODIN DA-613,0,0,"24,920",0,0,"24,920",0,0,0,0,0,0,0,0,0,0,0,0,0
20646221,다산코퍼레이션 디프렌드 ODIN DA-613 ARGB,0,0,"28,990",0,0,"28,990",0,0,0,0,0,0,0,0,0,0,0,0,0
2652574,라이트컴 COMS BE067 쿨러 구리스 White,0,0,30g_960,0,0,0,0,0,0,0,0,0,0,0,0,0,0,0,0
55043348,라이트컴 COMS BF008 DC BLOWER FAN,0,0,"3,230",0,0,0,0,0,0,0,0,0,0,0,0,0,0,0,0
7106620,라이트컴 COMS BF010,0,0,"12,950",0,0,"12,950",0,0,0,0,0,0,0,0,0,0,0,0,0
6441456,라이트컴 COMS BF033 알루미늄 쿨러 방열판,0,0,"1,580",0,0,"1,580",0,0,0,0,0,0,0,0,0,0,0,0,0
50125388,라이트컴 COMS BF226 그래픽카드 지지대,0,0,"6,700",0,0,0,0,0,0,0,0,0,0,0,0,0,0,0,0
6791776,라이트컴 COMS BT200,0,0,"4,600",0,0,"4,600",0,0,0,0,0,0,0,0,0,0,0,0,0
78785342,라이트컴 COMS HB575 M.2 2280 SSD 방열판,0,0,"2,730",0,0,"2,730",0,0,0,0,0,0,0,0,0,0,0,0,0
90437009,라이트컴 COMS IH475 쿨러구리스,0,0,"5g_2,260",0,0,0,0,0,0,0,0,0,0,0,0,0,0,0,0
7004947,라이트컴 COMS NA146,0,0,"5,220",0,0,"5,220",0,0,0,0,0,0,0,0,0,0,0,0,0
7056562,라이트컴 COMS NA147,0,0,"4,680",0,0,"4,680",0,0,0,0,0,0,0,0,0,0,0,0,0
5546513,라이트컴 COMS NA959,0,0,"1,880",0,0,"1,880",0,0,0,0,0,0,0,0,0,0,0,0,0
78786770,라이트컴 COMS NC031 인텔 12/13/14세대 CPU 가이드,0,0,0,0,0,"5,940",0,0,0,0,0,0,0,0,0,0,0,0,0
6528695,라이트컴 COMS ND769,0,0,"2,090",0,0,0,0,0,0,0,0,0,0,0,0,0,0,0,0
6669181,라이트컴 COMS ND782,0,0,"3,320",0,0,"3,320",0,0,0,0,0,0,0,0,0,0,0,0,0
91912031,라이트컴 COMS TB553 다용도 환풍 사각 쿨러,0,0,"16,600",0,0,0,0,0,0,0,0,0,0,0,0,0,0,0,0
78972821,라이트컴 COMS TB604 쿨러구리스,0,0,"30g_11,780",0,0,"30g_11,780",0,0,0,0,0,0,0,0,0,0,0,0,0
123982468,러빙쿨 AK-240-03 ARGB 디지털 2열 수랭쿨러,0,0,"_블랙_62,000|_화이트_67,000",0,0,"_블랙_62,000|_화이트_67,000",0,0,0,0,0,0,0,0,0,0,0,0,0
123982409,러빙쿨 AK-360-03 ARGB 디지털 3열 수랭쿨러,0,0,"_블랙_66,900|_화이트_72,000",0,0,"_블랙_67,000|_화이트_72,000",0,0,0,0,0,0,0,0,0,0,0,0,0
123982692,러빙쿨 AP1000 듀얼타워 공랭쿨러,0,0,"_블랙_38,000|_화이트_39,500",0,0,0,0,0,0,0,0,0,0,0,0,0,0,0,0
123982681,러빙쿨 AP1000 듀얼타워 공랭쿨러,0,0,0,0,0,"_블랙_38,000|_화이트_39,500",0,0,0,0,0,0,0,0,0,0,0,0,0
123982649,러빙쿨 AP300 싱글타워 공랭쿨러,0,0,"_블랙_19,500|_화이트_20,000",0,0,"_블랙_19,500|_화이트_20,000",0,0,0,0,0,0,0,0,0,0,0,0,0
123982582,러빙쿨 DP-360-01 ARGB LCD 3열 수랭쿨러,0,0,"_블랙_105,000|_화이트_109,000",0,0,"_블랙_105,000|_화이트_109,000",0,0,0,0,0,0,0,0,0,0,0,0,0
123982548,러빙쿨 HK-240-01 ARGB 2열 수랭쿨러,0,0,"_블랙_52,000|_화이트_57,000",0,0,"_블랙_52,000|_화이트_57,000",0,0,0,0,0,0,0,0,0,0,0,0,0
123982498,러빙쿨 HK-360-01 ARGB 3열 수랭쿨러,0,0,"_블랙_54,000|_화이트_59,000",0,0,"_블랙_54,000|_화이트_59,000",0,0,0,0,0,0,0,0,0,0,0,0,0
124046624,러빙쿨 JM4-120 ARGB PWM 쿨링팬,0,0,"_3팩, 블랙_28,000|3팩, 화이트_29,000|_블랙_9,500|화이트_10,000",0,0,"_3팩, 블랙_28,000|3팩, 화이트_29,000|_블랙_9,500|화이트_10,000",0,0,0,0,0,0,0,0,0,0,0,0,0
123993737,러빙쿨 K10 ARGB PWM 쿨링팬 허브 컨트롤러,0,0,"_블랙_7,500|_화이트_7,900",0,0,"_블랙_7,500|_화이트_7,900",0,0,0,0,0,0,0,0,0,0,0,0,0
123993750,러빙쿨 K47 ARGB PWM F-USB 9핀 쿨링팬 허브 컨트롤러,0,0,"블랙_13,000",0,0,"블랙_13,000",0,0,0,0,0,0,0,0,0,0,0,0,0
123993733,러빙쿨 K7 ARGB 컨트롤러,0,0,"3,000",0,0,"3,000",0,0,0,0,0,0,0,0,0,0,0,0,0
123982816,러빙쿨 LG PRO-240-Y ARGB,0,0,"_블랙_23,000|_화이트_23,000",0,0,"_블랙_23,000|_화이트_23,000",0,0,0,0,0,0,0,0,0,0,0,0,0
123982839,러빙쿨 LG PRO-360-Y ARGB,0,0,"_블랙_28,000|_화이트_28,000",0,0,"_블랙_28,000|_화이트_28,000",0,0,0,0,0,0,0,0,0,0,0,0,0
123982750,러빙쿨 LG-240-Y ARGB PWM 2열 쿨링팬,0,0,"_블랙_22,000|_화이트_22,000",0,0,"_블랙_22,000|_화이트_22,000",0,0,0,0,0,0,0,0,0,0,0,0,0
123982786,러빙쿨 LG-360-Y ARGB PWM 3열 쿨링팬,0,0,"_블랙_27,000|_화이트_27,000",0,0,"_블랙_27,000|_화이트_27,000",0,0,0,0,0,0,0,0,0,0,0,0,0
123982607,러빙쿨 R600 ARGB 싱글타워,0,0,"_블랙_27,000|_화이트_27,500",0,0,"_블랙_27,000|_화이트_27,500",0,0,0,0,0,0,0,0,0,0,0,0,0
123981480,러빙쿨 SC70-Third Place ARGB LCD 360,0,0,"_블랙_270,000|_화이트_275,000",0,0,"_블랙_270,000|_화이트_275,000",0,0,0,0,0,0,0,0,0,0,0,0,0
11492265,리버네트워크 NEXI NX-HS03 (NX1057),0,0,"2,270",0,0,"2,270",0,0,0,0,0,0,0,0,0,0,0,0,0
11492280,리버네트워크 NEXI NX-HS06 (NX1058),0,0,"2,090",0,0,"2,090",0,0,0,0,0,0,0,0,0,0,0,0,0
18779012,리버네트워크 NEXI NX858,0,0,"12,400",0,0,"12,400",0,0,0,0,0,0,0,0,0,0,0,0,0
123133608,리안리 B4-mATX Vertical AeroDeck,0,0,"_비치화이트_50,930|_월넛 블랙_50,930",0,0,0,0,0,0,0,0,0,0,0,0,0,0,0,0
123133601,리안리 B4-mATX Vertical AeroDeck,0,0,0,0,0,"_비치화이트_50,930|_월넛 블랙_50,930",0,0,0,0,0,0,0,0,0,0,0,0,0
6315182,리안리 BORA LITE 120 RGB FAN,0,0,"3팩, 실버_54,500",0,0,"3팩, 실버_54,500",0,0,0,0,0,0,0,0,0,0,0,0,0
30158024,리안리 GALAHAD II LCD 280,0,0,"_블랙_275,280|_화이트_275,270",0,0,"_블랙_275,270|_화이트_275,260",0,0,0,0,0,0,0,0,0,0,0,0,0
99710594,리안리 GALAHAD II LCD 280 UNI FAN TL Wireless,0,0,"_블랙_291,330|_화이트_284,800",0,0,"_블랙_291,330|_화이트_284,790",0,0,0,0,0,0,0,0,0,0,0,0,0
30158225,리안리 GALAHAD II LCD 360,0,0,"블랙_360,960",0,0,"블랙_360,950",0,0,0,0,0,0,0,0,0,0,0,0,0
89529725,리안리 GALAHAD II Lite Performance 240,0,0,"148,000",0,0,"148,000",0,0,0,0,0,0,0,0,0,0,0,0,0
89529788,리안리 GALAHAD II Lite Performance 360,0,0,"179,000",0,0,"178,000",0,0,0,0,0,0,0,0,0,0,0,0,0
89529842,리안리 GALAHAD II Lite RGB 240,0,0,"141,300",0,0,"141,300",0,0,0,0,0,0,0,0,0,0,0,0,0
89529911,리안리 GALAHAD II Lite RGB 360,0,0,"178,810",0,0,"178,620",0,0,0,0,0,0,0,0,0,0,0,0,0
21550985,리안리 GALAHAD II Trinity 240,0,0,"_블랙_157,300|_화이트_160,450",0,0,"_블랙_181,730|_화이트_160,450",0,0,0,0,0,0,0,0,0,0,0,0,0
21551483,리안리 GALAHAD II Trinity SL-INF 240,0,0,"_블랙_213,000|_화이트_213,000",0,0,"_블랙_213,000|_화이트_213,000",0,0,0,0,0,0,0,0,0,0,0,0,0
21551651,리안리 GALAHAD II Trinity SL-INF 360,0,0,"블랙_282,000",0,0,"블랙_282,000",0,0,0,0,0,0,0,0,0,0,0,0,0
8025700,리안리 GB-001 그래픽카드 지지대,0,0,"25,360",0,0,"25,360",0,0,0,0,0,0,0,0,0,0,0,0,0
15049559,리안리 GB-002 그래픽카드 지지대,0,0,"12,000",0,0,"12,000",0,0,0,0,0,0,0,0,0,0,0,0,0
122930582,리안리 HydroShift II OLED Curved 360Fanless,0,0,"_블랙_498,240|_화이트_498,240",0,0,"_블랙_498,230|_화이트_498,230",0,0,0,0,0,0,0,0,0,0,0,0,0
122930556,리안리 HydroShift II OLED Curved 360P28,0,0,"_블랙_555,840|_화이트_555,840",0,0,"_블랙_555,830|_화이트_555,830",0,0,0,0,0,0,0,0,0,0,0,0,0
122930512,리안리 HydroShift II OLED Curved 360TL,0,0,"_블랙_625,980|_화이트_625,970",0,0,"_블랙_625,980|_화이트_625,970",0,0,0,0,0,0,0,0,0,0,0,0,0
98088437,리안리 Hydroshift II LCD-C 360CL,0,0,"_블랙_278,700|_화이트_309,000",0,0,"_블랙_278,510|_화이트_309,000",0,0,0,0,0,0,0,0,0,0,0,0,0
98088701,리안리 Hydroshift II LCD-C 360N,0,0,"_블랙_258,500|_화이트_260,200",0,0,"_블랙_258,500|_화이트_260,200",0,0,0,0,0,0,0,0,0,0,0,0,0
98088569,리안리 Hydroshift II LCD-C 360TL,0,0,"_블랙_368,600|_화이트_419,000",0,0,"_블랙_368,410|_화이트_419,000",0,0,0,0,0,0,0,0,0,0,0,0,0
124168015,리안리 Hydroshift II LCD-C 360TL FLEX,0,0,"_블랙_419,000|_화이트_408,250",0,0,"_블랙_419,000|_화이트_408,250",0,0,0,0,0,0,0,0,0,0,0,0,0
109680974,리안리 Hydroshift II LCD-S 360N,0,0,"_블랙_267,830|_화이트_268,320",0,0,"_블랙_267,820|_화이트_267,830",0,0,0,0,0,0,0,0,0,0,0,0,0
124167979,리안리 Hydroshift II LCD-S 360TL FLEX,0,0,"_블랙_421,440|_화이트_421,440",0,0,"_블랙_421,430|_화이트_421,430",0,0,0,0,0,0,0,0,0,0,0,0,0
89603153,리안리 Hydroshift LCD 360 non fan,0,0,"블랙_239,000",0,0,"블랙_227,660",0,0,0,0,0,0,0,0,0,0,0,0,0
60239276,리안리 Hydroshift LCD 360S,0,0,"_블랙_279,000|_화이트_265,760",0,0,0,0,0,0,0,0,0,0,0,0,0,0,0,0
60239294,리안리 Hydroshift LCD 360S,0,0,0,0,0,"_블랙_265,750|_화이트_265,760",0,0,0,0,0,0,0,0,0,0,0,0,0
74254031,리안리 L-Wireless Controller,0,0,"_블랙_29,900|_화이트_29,900",0,0,"_블랙_29,900|_화이트_29,900",0,0,0,0,0,0,0,0,0,0,0,0,0
108419732,리안리 L-Wireless Controller V2,0,0,"_블랙_27,960|_화이트_27,720",0,0,"_블랙_27,960|_화이트_27,340",0,0,0,0,0,0,0,0,0,0,0,0,0
123236254,리안리 O11 Vision-M 9.2” LCD Kit,0,0,"_블랙_115,960|_화이트_115,960",0,0,"_블랙_115,960|_화이트_115,960",0,0,0,0,0,0,0,0,0,0,0,0,0
13106777,리안리 ST120,0,0,"3팩, 블랙_62,000",0,0,"3팩, 블랙_62,000",0,0,0,0,0,0,0,0,0,0,0,0,0
14943719,리안리 UNI FAN AL120,0,0,"3팩, 화이트_131,000",0,0,"3팩, 화이트_131,000",0,0,0,0,0,0,0,0,0,0,0,0,0
19763996,리안리 UNI FAN AL120 V2,0,0,"3팩, 블랙_109,890",0,0,"3팩, 블랙_109,890",0,0,0,0,0,0,0,0,0,0,0,0,0
124034184,리안리 UNI FAN CL FLEX 120,0,0,"3팩, 블랙_90,140|_3팩, 화이트_90,140|_블랙_27,750|화이트_27,750",0,0,"3팩, 블랙_90,140|_3팩, 화이트_90,140|_블랙_27,740|화이트_28,160",0,0,0,0,0,0,0,0,0,0,0,0,0
124034228,리안리 UNI FAN CL FLEX 120,0,0,"3팩, 블랙_90,140|_3팩, 화이트_90,140|_블랙_27,750|화이트_27,750",0,0,"3팩, 블랙_90,140|_3팩, 화이트_90,140|_블랙_27,740|화이트_28,160",0,0,0,0,0,0,0,0,0,0,0,0,0
124034307,리안리 UNI FAN CL FLEX 120 리버스,0,0,"_3팩, 블랙_90,140|3팩, 화이트_90,140|_블랙_27,750|화이트_27,750",0,0,"_3팩, 블랙_90,140|3팩, 화이트_90,140|_블랙_28,160|화이트_28,160",0,0,0,0,0,0,0,0,0,0,0,0,0
98089037,리안리 UNI FAN CL Wireless 120,0,0,"블랙_19,880|_3팩, 블랙_63,830|화이트_19,880|_3팩, 화이트_63,830",0,0,0,0,0,0,0,0,0,0,0,0,0,0,0,0
98089022,리안리 UNI FAN CL Wireless 120,0,0,0,0,0,"블랙_19,690|_3팩, 블랙_63,640|_화이트_19,690|3팩, 화이트_63,630",0,0,0,0,0,0,0,0,0,0,0,0,0
98089247,리안리 UNI FAN CL Wireless 120 리버스,0,0,"블랙_19,880|_3팩, 블랙_62,710|화이트_19,900|_3팩, 화이트_92,400",0,0,0,0,0,0,0,0,0,0,0,0,0,0,0,0
98089130,리안리 UNI FAN CL Wireless 120 리버스,0,0,0,0,0,"_블랙_19,690|_3팩, 블랙_62,710|화이트_19,900|3팩, 화이트_92,390",0,0,0,0,0,0,0,0,0,0,0,0,0
20710796,리안리 UNI FAN P28 사이드 ARGB 킷,0,0,"블랙_29,900",0,0,"블랙_29,900",0,0,0,0,0,0,0,0,0,0,0,0,0
124034596,리안리 UNI FAN SL FLEX 120,0,0,"_3팩, 블랙_123,790|_3팩, 화이트_123,790|블랙_36,960",0,0,"_3팩, 블랙_123,790|_3팩, 화이트_123,790|블랙_37,900",0,0,0,0,0,0,0,0,0,0,0,0,0
124034606,리안리 UNI FAN SL FLEX 120,0,0,"_3팩, 블랙_123,790|_3팩, 화이트_123,790|블랙_36,960",0,0,0,0,0,0,0,0,0,0,0,0,0,0,0,0
124034651,리안리 UNI FAN SL FLEX 120 리버스,0,0,"_3팩, 블랙_123,790|3팩, 화이트_127,000|블랙_37,900|_화이트_36,950",0,0,"_3팩, 블랙_123,790|_3팩, 화이트_127,000|화이트_36,950",0,0,0,0,0,0,0,0,0,0,0,0,0
124034638,리안리 UNI FAN SL FLEX 120 리버스,0,0,"_3팩, 블랙_123,790|3팩, 화이트_127,000|블랙_37,900|_화이트_36,950",0,0,0,0,0,0,0,0,0,0,0,0,0,0,0,0
124034659,리안리 UNI FAN SL FLEX 120 리버스,0,0,0,0,0,"_3팩, 블랙_123,790|_3팩, 화이트_127,000|화이트_36,950",0,0,0,0,0,0,0,0,0,0,0,0,0
72305726,리안리 UNI FAN SL Wireless 120,0,0,"_블랙_30,000|_3팩, 블랙_111,880|화이트_39,900|3팩, 화이트_132,400",0,0,"_블랙_30,000|_3팩, 블랙_111,700|화이트_39,900|3팩, 화이트_132,390",0,0,0,0,0,0,0,0,0,0,0,0,0
72305987,리안리 UNI FAN SL Wireless 120 리버스,0,0,"_블랙_32,900|_화이트_39,900|3팩, 화이트_139,000",0,0,"_블랙_32,900|_화이트_39,900|3팩, 화이트_139,000",0,0,0,0,0,0,0,0,0,0,0,0,0
72303590,리안리 UNI FAN SL Wireless LCD 120,0,0,"블랙_62,900|_3팩, 블랙_174,880|_화이트_62,900|3팩, 화이트_199,000",0,0,"블랙_62,900|_3팩, 블랙_174,880|_화이트_62,900|3팩, 화이트_199,000",0,0,0,0,0,0,0,0,0,0,0,0,0
72304055,리안리 UNI FAN SL Wireless LCD 120 리버스,0,0,"_블랙_52,850|_3팩, 블랙_149,600|화이트_62,900",0,0,0,0,0,0,0,0,0,0,0,0,0,0,0,0
72303950,리안리 UNI FAN SL Wireless LCD 120 리버스,0,0,0,0,0,"_블랙_52,660|_3팩, 블랙_149,600|화이트_62,900",0,0,0,0,0,0,0,0,0,0,0,0,0
17740076,리안리 UNI FAN SL-INF 120 RGB,0,0,"블랙_44,710|컨트롤러/3팩, 블랙_141,920|_화이트_44,700|_컨트롤러/3팩, 화이트_141,920",0,0,"블랙_44,700|컨트롤러/3팩, 블랙_141,900|_화이트_44,630|_컨트롤러/3팩, 화이트_141,910",0,0,0,0,0,0,0,0,0,0,0,0,0
28051874,리안리 UNI FAN SL-INF 120 RGB 리버스,0,0,"_블랙_44,720|_화이트_44,700",0,0,"_블랙_44,710|_화이트_44,630",0,0,0,0,0,0,0,0,0,0,0,0,0
18864695,리안리 UNI FAN SL-INF 140 RGB,0,0,"_블랙_47,600|_화이트_47,600",0,0,"_블랙_47,060|_화이트_44,190",0,0,0,0,0,0,0,0,0,0,0,0,0
53523941,리안리 UNI FAN SL-INF 140 RGB 리버스,0,0,"_블랙_47,600|_화이트_47,600",0,0,"_블랙_47,060|_화이트_44,190",0,0,0,0,0,0,0,0,0,0,0,0,0
124045566,리안리 UNI FAN SL-INF FLEX 120,0,0,"_3팩, 블랙_179,200|3팩, 화이트_179,200|_블랙_55,200|화이트_55,200",0,0,"_3팩, 블랙_179,190|3팩, 화이트_179,190|_블랙_55,190|화이트_55,190",0,0,0,0,0,0,0,0,0,0,0,0,0
124045547,리안리 UNI FAN SL-INF FLEX 120,0,0,"_3팩, 블랙_179,200|3팩, 화이트_179,200|_블랙_55,200|화이트_55,200",0,0,"_3팩, 블랙_179,190|3팩, 화이트_179,190|_블랙_55,190|화이트_55,190",0,0,0,0,0,0,0,0,0,0,0,0,0
124045613,리안리 UNI FAN SL-INF FLEX 120 리버스,0,0,"_3팩, 블랙_182,250|3팩, 화이트_182,250|블랙_56,440|_화이트_56,440",0,0,"_3팩, 블랙_179,190|3팩, 화이트_179,190|블랙_55,190|_화이트_55,190",0,0,0,0,0,0,0,0,0,0,0,0,0
124045591,리안리 UNI FAN SL-INF FLEX 120 리버스,0,0,"_3팩, 블랙_182,250|3팩, 화이트_182,250|블랙_56,440|_화이트_56,440",0,0,0,0,0,0,0,0,0,0,0,0,0,0,0,0
124045888,리안리 UNI FAN SL-INF LCD FLEX 120,0,0,"3팩, 블랙_248,640|3팩, 화이트_248,640|_블랙_84,380|_화이트_84,380",0,0,"3팩, 블랙_252,350|3팩, 화이트_248,630|_블랙_84,380|_화이트_84,380",0,0,0,0,0,0,0,0,0,0,0,0,0
124045814,리안리 UNI FAN SL-INF LCD FLEX 120,0,0,"3팩, 블랙_248,640|3팩, 화이트_248,640|_블랙_84,380|_화이트_84,380",0,0,"3팩, 블랙_252,350|3팩, 화이트_248,630|_블랙_84,380|_화이트_84,380",0,0,0,0,0,0,0,0,0,0,0,0,0
124045933,리안리 UNI FAN SL-INF LCD FLEX 120 리버스,0,0,"_3팩, 블랙_252,350|_3팩, 화이트_252,350|블랙_84,380|화이트_84,380",0,0,"_3팩, 블랙_248,630|3팩, 화이트_248,630|_블랙_84,380|화이트_84,380",0,0,0,0,0,0,0,0,0,0,0,0,0
98087987,리안리 UNI FAN SL-INF Wireless 120,0,0,"블랙_59,990|_3팩, 블랙_128,870|_3팩, 화이트_125,900",0,0,"블랙_59,990|_3팩, 블랙_128,680|_3팩, 화이트_125,900",0,0,0,0,0,0,0,0,0,0,0,0,0
98088011,리안리 UNI FAN SL-INF Wireless 120 리버스,0,0,"_블랙_39,850|_3팩, 블랙_128,870",0,0,0,0,0,0,0,0,0,0,0,0,0,0,0,0
98088065,리안리 UNI FAN SL-INF Wireless 120 리버스,0,0,0,0,0,"_블랙_39,670|_3팩, 블랙_128,680",0,0,0,0,0,0,0,0,0,0,0,0,0
105679607,리안리 UNI FAN SL-INF Wireless 140,0,0,"_블랙_40,870|_화이트_40,870",0,0,"_블랙_40,870|_화이트_40,870",0,0,0,0,0,0,0,0,0,0,0,0,0
105679637,리안리 UNI FAN SL-INF Wireless 140 리버스,0,0,"_블랙_40,870|_화이트_40,870",0,0,"_블랙_40,870|_화이트_40,870",0,0,0,0,0,0,0,0,0,0,0,0,0
12712601,리안리 UNI FAN SL140,0,0,"화이트_45,610",0,0,"화이트_45,610",0,0,0,0,0,0,0,0,0,0,0,0,0
124046027,리안리 UNI FAN TL FLEX 120,0,0,"_3팩, 블랙_171,840|3팩, 화이트_171,840|_블랙_55,770|화이트_52,700",0,0,"_3팩, 블랙_171,830|3팩, 화이트_171,830|_블랙_55,770|화이트_52,700",0,0,0,0,0,0,0,0,0,0,0,0,0
124046022,리안리 UNI FAN TL FLEX 120,0,0,"_3팩, 블랙_171,840|3팩, 화이트_171,840|_블랙_55,770|화이트_52,700",0,0,"_3팩, 블랙_171,830|3팩, 화이트_171,830|_블랙_55,770|화이트_52,700",0,0,0,0,0,0,0,0,0,0,0,0,0
124046061,리안리 UNI FAN TL FLEX 120 리버스,0,0,"_3팩, 화이트_171,840|_블랙_58,330|화이트_52,710",0,0,"_3팩, 화이트_171,830|_블랙_58,330|화이트_52,700",0,0,0,0,0,0,0,0,0,0,0,0,0
124046036,리안리 UNI FAN TL FLEX 120 리버스,0,0,"_3팩, 화이트_171,840|_블랙_58,330|화이트_52,710",0,0,"_3팩, 화이트_171,830|_블랙_58,330|화이트_52,700",0,0,0,0,0,0,0,0,0,0,0,0,0
32488757,리안리 UNI FAN TL LCD 120,0,0,"_컨트롤러/3팩, 블랙_185,400|_컨트롤러/3팩, 화이트_187,320",0,0,"_컨트롤러/3팩, 블랙_185,400|_컨트롤러/3팩, 화이트_187,320",0,0,0,0,0,0,0,0,0,0,0,0,0
32489330,리안리 UNI FAN TL LCD 140,0,0,"블랙_86,420",0,0,"블랙_86,420",0,0,0,0,0,0,0,0,0,0,0,0,0
124046156,리안리 UNI FAN TL LCD FLEX 120,0,0,"3팩, 블랙_242,610|_3팩, 화이트_242,610|블랙_82,820|_화이트_82,820",0,0,"_3팩, 블랙_239,030|3팩, 화이트_239,030|블랙_80,790|_화이트_82,810",0,0,0,0,0,0,0,0,0,0,0,0,0
124046142,리안리 UNI FAN TL LCD FLEX 120,0,0,"3팩, 블랙_242,610|_3팩, 화이트_242,610|블랙_82,820|_화이트_82,820",0,0,"_3팩, 블랙_239,030|3팩, 화이트_239,030|블랙_80,790|_화이트_82,810",0,0,0,0,0,0,0,0,0,0,0,0,0
124046208,리안리 UNI FAN TL LCD FLEX 120 리버스,0,0,"_3팩, 블랙_242,620|3팩, 화이트_242,620|블랙_82,820|_화이트_82,820",0,0,"3팩, 블랙_239,030|3팩, 화이트_239,030|_블랙_80,790|_화이트_80,790",0,0,0,0,0,0,0,0,0,0,0,0,0
124046186,리안리 UNI FAN TL LCD FLEX 120 리버스,0,0,0,0,0,"3팩, 블랙_239,030|3팩, 화이트_239,030|_블랙_80,790|_화이트_80,790",0,0,0,0,0,0,0,0,0,0,0,0,0
75465134,리안리 UNI FAN TL Wireless 120,0,0,"블랙_166,940|_3팩, 블랙_129,000|_3팩, 화이트_128,870",0,0,"블랙_166,910|_3팩, 블랙_129,000|_3팩, 화이트_128,680",0,0,0,0,0,0,0,0,0,0,0,0,0
75465545,리안리 UNI FAN TL Wireless 120 리버스,0,0,"_3팩, 블랙_170,000|_화이트_54,900",0,0,"_3팩, 블랙_170,000|_화이트_54,900",0,0,0,0,0,0,0,0,0,0,0,0,0
92359304,리안리 UNI FAN TL Wireless 140,0,0,"_블랙_39,850|_화이트_39,850",0,0,"_블랙_39,670|_화이트_39,670",0,0,0,0,0,0,0,0,0,0,0,0,0
92359439,리안리 UNI FAN TL Wireless 140 리버스,0,0,"_블랙_37,700|_화이트_39,900",0,0,"_블랙_37,700|_화이트_39,900",0,0,0,0,0,0,0,0,0,0,0,0,0
75465443,리안리 UNI FAN TL Wireless LCD 120,0,0,"3팩, 블랙_198,780|_3팩, 화이트_273,000|_화이트_122,780",0,0,"3팩, 블랙_198,600|_3팩, 화이트_239,000|_화이트_122,780",0,0,0,0,0,0,0,0,0,0,0,0,0
92359784,리안리 UNI FAN TL Wireless LCD 140 리버스,0,0,"블랙_69,830",0,0,"블랙_69,640",0,0,0,0,0,0,0,0,0,0,0,0,0
10900908,마이크로닉스 COOLMAX AID W240 ARGB,0,0,"블랙_66,700",0,0,"블랙_66,700",0,0,0,0,0,0,0,0,0,0,0,0,0
100697534,마이크로닉스 ICEROCK C30 120 aRGB PWM RVS,0,0,"_블랙_7,410|_화이트_7,410",0,0,"_블랙_7,410|_화이트_7,410",0,0,0,0,0,0,0,0,0,0,0,0,0
100697456,마이크로닉스 ICEROCK C30 120 aRGB PWM STD,0,0,"_블랙_7,410|_화이트_7,410",0,0,"_블랙_7,410|_화이트_7,410",0,0,0,0,0,0,0,0,0,0,0,0,0
122628555,마이크로닉스 ICEROCK CL-360,0,0,"_블랙_55,570|_화이트_61,290",0,0,"_블랙_58,900|_화이트_63,900",0,0,0,0,0,0,0,0,0,0,0,0,0
122628603,마이크로닉스 ICEROCK EL-360 DIGITAL,0,0,"_블랙_74,270|_화이트_78,180",0,0,"_블랙_75,060|_화이트_79,020",0,0,0,0,0,0,0,0,0,0,0,0,0
96652508,마이크로닉스 ICEROCK G30-120 인피니티 aRGB PWM RVS,0,0,"블랙_8,000",0,0,"블랙_7,990",0,0,0,0,0,0,0,0,0,0,0,0,0
102126239,마이크로닉스 ICEROCK G30-120 인피니티 aRGB PWM RVS 벌크,0,0,"화이트_8,450",0,0,"화이트_8,470",0,0,0,0,0,0,0,0,0,0,0,0,0
96585302,마이크로닉스 ICEROCK G30-120 인피니티 aRGB PWM STD,0,0,"블랙_8,450",0,0,"블랙_8,680",0,0,0,0,0,0,0,0,0,0,0,0,0
102126227,마이크로닉스 ICEROCK G30-120 인피니티 aRGB PWM STD 벌크,0,0,"화이트_8,900",0,0,"화이트_8,900",0,0,0,0,0,0,0,0,0,0,0,0,0
35953094,마이크로닉스 ICEROCK MA-410,0,0,"_블랙_19,890|_화이트_21,740",0,0,"_블랙_19,690|_화이트_22,680",0,0,0,0,0,0,0,0,0,0,0,0,0
123622057,마이크로닉스 ICEROCK MA-500,0,0,"_블랙_21,170|_화이트_22,990",0,0,"_블랙_21,180|_화이트_22,990",0,0,0,0,0,0,0,0,0,0,0,0,0
103325393,마이크로닉스 ICEROCK MA-500 ARGB,0,0,"_블랙_23,500|_화이트_24,180",0,0,"_블랙_23,260|_화이트_25,240",0,0,0,0,0,0,0,0,0,0,0,0,0
44906780,마이크로닉스 ICEROCK MA-600T,0,0,"블랙_35,900",0,0,"블랙_35,900",0,0,0,0,0,0,0,0,0,0,0,0,0
73697573,마이크로닉스 ICEROCK MA-92 RGB,0,0,"화이트_17,100",0,0,"화이트_17,100",0,0,0,0,0,0,0,0,0,0,0,0,0
97566044,마이크로닉스 ICEROCK MH 120 엣지 aRGB PWM RVS,0,0,"_블랙_7,900|_화이트_7,900",0,0,"_블랙_7,900|_화이트_7,900",0,0,0,0,0,0,0,0,0,0,0,0,0
97566011,마이크로닉스 ICEROCK MH 120 엣지 aRGB PWM STD,0,0,"_블랙_7,900|_화이트_7,830",0,0,"_블랙_7,900|_화이트_7,900",0,0,0,0,0,0,0,0,0,0,0,0,0
32862647,마이크로닉스 ICEROCK MLD-420,0,0,"블랙_159,000",0,0,"블랙_159,000",0,0,0,0,0,0,0,0,0,0,0,0,0
18780407,마이크로닉스 MA-100,0,0,"18,900",0,0,"18,900",0,0,0,0,0,0,0,0,0,0,0,0,0
20102228,마이크로닉스 MA-4 Frigate,0,0,"_블랙_27,900|_화이트_28,900",0,0,"_블랙_27,900|_화이트_28,900",0,0,0,0,0,0,0,0,0,0,0,0,0
16353515,마이크로닉스 MA420 스웰로우 ARGB,0,0,"22,900",0,0,"22,900",0,0,0,0,0,0,0,0,0,0,0,0,0
6366433,마이크로닉스 MANIC 트윙클 Digital RGB Sync,0,0,"_1팩_5,690|컨트롤러/1팩_46,500|_컨트롤러/3팩_17,890",0,0,"_1팩_5,770|컨트롤러/1팩_46,500|_컨트롤러/3팩_17,950",0,0,0,0,0,0,0,0,0,0,0,0,0
7654666,마이크로닉스 MANIC 트윙클 Digital RGB Sync 팬 컨트롤러,0,0,"5,880",0,0,"5,880",0,0,0,0,0,0,0,0,0,0,0,0,0
14675126,마이크로닉스 MN-GL20 써멀그리스,0,0,"16,420",0,0,"16,420",0,0,0,0,0,0,0,0,0,0,0,0,0
14675192,마이크로닉스 MN-GL4 써멀그리스,0,0,"4,500",0,0,"4,500",0,0,0,0,0,0,0,0,0,0,0,0,0
47324447,마이크로닉스 WARP C2 M.2 히트싱크,0,0,"5,880",0,0,"5,880",0,0,0,0,0,0,0,0,0,0,0,0,0
109680638,마이크로닉스 WIZMAX POWER UP KIT+G30 3PACK,0,0,"블랙_27,530",0,0,"블랙_27,530",0,0,0,0,0,0,0,0,0,0,0,0,0
33427412,마하링크 ML-MTC 써멀그리스,0,0,"_1g_1,600|_20g_11,000|2g_2,200|4g_3,400|8g_5,800",0,0,"_1g_1,600|_20g_11,000|2g_2,200|4g_3,400|8g_5,800",0,0,0,0,0,0,0,0,0,0,0,0,0
16401962,맥스엘리트 MOTHRA 240 AIO ARGB,0,0,"블랙_88,030",0,0,"블랙_88,030",0,0,0,0,0,0,0,0,0,0,0,0,0
18978314,맥스엘리트 MT-WING 120,0,0,"블랙_8,800",0,0,"블랙_8,800",0,0,0,0,0,0,0,0,0,0,0,0,0
63028994,몬스타 가츠 X620A 벌크,0,0,"화이트_5,230",0,0,"화이트_5,230",0,0,0,0,0,0,0,0,0,0,0,0,0
28236323,발키리 A360 ARGB,0,0,"화이트_187,790",0,0,"화이트_187,790",0,0,0,0,0,0,0,0,0,0,0,0,0
74011784,발키리 AL125 LCD ARGB,0,0,"_블랙_33,950|_화이트_35,570",0,0,"_블랙_35,520|_화이트_36,960",0,0,0,0,0,0,0,0,0,0,0,0,0
94081352,발키리 AQ125,0,0,"_블랙_17,580|_화이트_18,650",0,0,"_블랙_17,570|_화이트_18,220",0,0,0,0,0,0,0,0,0,0,0,0,0
94085105,발키리 AQ125 ARGB,0,0,"_블랙_21,440|_화이트_22,620",0,0,"_블랙_20,920|_화이트_22,040",0,0,0,0,0,0,0,0,0,0,0,0,0
76332176,발키리 B240 LCD ARGB,0,0,"_블랙_106,000|_화이트_107,720",0,0,"_블랙_105,980|_화이트_104,990",0,0,0,0,0,0,0,0,0,0,0,0,0
72064043,발키리 B360 LCD ARGB,0,0,"_블랙_144,990|_화이트_125,620",0,0,"_블랙_122,000|_화이트_123,780",0,0,0,0,0,0,0,0,0,0,0,0,0
94024913,발키리 B360-GT LCD ARGB,0,0,"_블랙_143,500|_화이트_148,990",0,0,"_블랙_130,950|_화이트_134,550",0,0,0,0,0,0,0,0,0,0,0,0,0
20482646,발키리 C480 ARGB,0,0,"_블랙_149,387|_화이트_148,900",0,0,"_블랙_149,387|_화이트_148,900",0,0,0,0,0,0,0,0,0,0,0,0,0
94081727,발키리 CL140,0,0,"_블랙_42,230|_화이트_41,497",0,0,"_블랙_41,190|_화이트_43,420",0,0,0,0,0,0,0,0,0,0,0,0,0
104595461,발키리 DQ125 쿼드빔,0,0,"_블랙_37,630|_화이트_38,800",0,0,"_블랙_37,470|_화이트_37,850",0,0,0,0,0,0,0,0,0,0,0,0,0
104595539,발키리 DQ125 쿼드빔 ARGB,0,0,"_블랙_41,380|_화이트_41,120",0,0,"_블랙_41,290|_화이트_41,110",0,0,0,0,0,0,0,0,0,0,0,0,0
124034039,발키리 DQ125 쿼드빔 ARGB(DTH),0,0,"블랙_36,500",0,0,"블랙_36,500",0,0,0,0,0,0,0,0,0,0,0,0,0
124034001,발키리 DQ125 쿼드빔(DTH),0,0,"블랙_34,500",0,0,"블랙_34,500",0,0,0,0,0,0,0,0,0,0,0,0,0
94086347,발키리 DX140 LCD ARGB,0,0,"_블랙_144,590|_화이트_150,490",0,0,"_블랙_141,080|_화이트_146,750",0,0,0,0,0,0,0,0,0,0,0,0,0
94081172,발키리 EL125 ARGB,0,0,"_블랙_47,424|_화이트_54,450",0,0,"_블랙_49,320|_화이트_53,100",0,0,0,0,0,0,0,0,0,0,0,0,0
20565833,발키리 GL360 ARGB,0,0,"_블랙_164,060|_화이트_170,420",0,0,"_블랙_158,140|_화이트_163,850",0,0,0,0,0,0,0,0,0,0,0,0,0
99322973,발키리 GLA-360 DIGITAL ARGB,0,0,"_블랙_92,550|_화이트_98,790",0,0,"_블랙_89,740|_화이트_95,350",0,0,0,0,0,0,0,0,0,0,0,0,0
63143075,발키리 GT-10B 써멀컴파운드,0,0,"2g_7,900",0,0,"2g_7,890",0,0,0,0,0,0,0,0,0,0,0,0,0
122654099,발키리 M12 ARGB Wireless,0,0,"_블랙_9,900|_화이트_9,900",0,0,"_블랙_9,890|_화이트_9,890",0,0,0,0,0,0,0,0,0,0,0,0,0
122654183,발키리 M12R ARGB Wireless Reverse,0,0,"_블랙_9,900|_화이트_9,900",0,0,"_블랙_9,890|_화이트_9,890",0,0,0,0,0,0,0,0,0,0,0,0,0
124237454,발키리 MA360 루빅큐브 ARGB,0,0,"_블랙_109,000|_화이트_109,000",0,0,"_블랙_109,000|_화이트_109,000",0,0,0,0,0,0,0,0,0,0,0,0,0
122621105,발키리 N360 AMOLED ARGB,0,0,"_블랙_298,680|_화이트_298,680",0,0,"_블랙_288,680|_화이트_295,000",0,0,0,0,0,0,0,0,0,0,0,0,0
94080935,발키리 R125-L LCD ARGB,0,0,"_블랙_104,547|_화이트_115,220",0,0,"_블랙_107,770|_화이트_112,340",0,0,0,0,0,0,0,0,0,0,0,0,0
40018805,발키리 S12 ARGB,0,0,"_블랙_34,860|_화이트_34,900",0,0,"_블랙_34,850|_화이트_34,900",0,0,0,0,0,0,0,0,0,0,0,0,0
40018937,발키리 S12R ARGB,0,0,"_블랙_34,860|_화이트_34,500",0,0,"_블랙_34,850|_화이트_34,500",0,0,0,0,0,0,0,0,0,0,0,0,0
20570915,발키리 V12F ARGB,0,0,"_블랙_14,990|_화이트_17,470",0,0,"_블랙_14,980|_화이트_17,460",0,0,0,0,0,0,0,0,0,0,0,0,0
20571179,발키리 V12FR ARGB,0,0,"_블랙_15,000|_화이트_17,500",0,0,"_블랙_14,990|_화이트_17,500",0,0,0,0,0,0,0,0,0,0,0,0,0
33361697,발키리 V360 ARGB,0,0,"_블랙_398,500|_화이트_329,000",0,0,"_블랙_398,500|_화이트_329,000",0,0,0,0,0,0,0,0,0,0,0,0,0
20565011,발키리 X12 ARGB,0,0,"_블랙_32,000|_화이트_31,970",0,0,0,0,0,0,0,0,0,0,0,0,0,0,0,0
20564912,발키리 X12 ARGB,0,0,0,0,0,"_블랙_31,990|_화이트_31,960",0,0,0,0,0,0,0,0,0,0,0,0,0
20565278,발키리 X12R ARGB,0,0,"_블랙_31,970|_화이트_31,970",0,0,"_블랙_31,960|_화이트_31,960",0,0,0,0,0,0,0,0,0,0,0,0,0
20704202,삼척전자 RCB-M3 램 쿨러 브라켓,0,0,"18,750",0,0,"18,750",0,0,0,0,0,0,0,0,0,0,0,0,0
6564470,샤칸 XTC-4,0,0,"4g_5,000",0,0,"4g_5,000",0,0,0,0,0,0,0,0,0,0,0,0,0
19828871,시소닉 MAGFLOW 120,0,0,"_1팩_22,000|_3팩_162,000",0,0,"_1팩_22,000|_3팩_162,000",0,0,0,0,0,0,0,0,0,0,0,0,0
79656776,싸이번 AP-60 ARGB FAN HUB,0,0,"_블랙_9,500|_화이트_9,010",0,0,"_블랙_9,500|_화이트_9,010",0,0,0,0,0,0,0,0,0,0,0,0,0
94025528,싸이번 BREEZE AC92,0,0,"_블랙_14,500|_화이트_14,250",0,0,"_블랙_14,500|_화이트_14,250",0,0,0,0,0,0,0,0,0,0,0,0,0
104224964,싸이번 CB12 그래픽카드 지지대,0,0,"블랙_3,290",0,0,"블랙_3,300",0,0,0,0,0,0,0,0,0,0,0,0,0
78978029,싸이번 VIENTO BT120 BONITO,0,0,"블랙_11,590|_3팩, 블랙_30,490|_화이트_11,750|3팩, 화이트_30,490",0,0,"블랙_11,760|_3팩, 블랙_30,710|_화이트_11,760|3팩, 화이트_30,710",0,0,0,0,0,0,0,0,0,0,0,0,0
78978125,싸이번 VIENTO BT120 BONITO 리버스,0,0,"블랙_11,740|_3팩, 블랙_30,190|화이트_11,100|_3팩, 화이트_30,700",0,0,0,0,0,0,0,0,0,0,0,0,0,0,0,0
78978095,싸이번 VIENTO BT120 BONITO 리버스,0,0,0,0,0,"_블랙_11,760|_3팩, 블랙_30,710|화이트_11,110|3팩, 화이트_30,710",0,0,0,0,0,0,0,0,0,0,0,0,0
91869263,싸이번 VIENTO CY120,0,0,"_블랙_8,200|_화이트_8,500",0,0,"_블랙_8,260|_화이트_8,500",0,0,0,0,0,0,0,0,0,0,0,0,0
118646332,써멀라이트 Peerless Assassin 120,0,0,"43,590",0,0,"43,150",0,0,0,0,0,0,0,0,0,0,0,0,0
100191773,써멀테이크 AW360,0,0,"528,740",0,0,"528,740",0,0,0,0,0,0,0,0,0,0,0,0,0
124129751,써멀테이크 TH360 V3 Ultra ARGB Sync,0,0,"_블랙_191,590|_화이트_191,590",0,0,"_블랙_191,590|_화이트_191,590",0,0,0,0,0,0,0,0,0,0,0,0,0
14163620,써멀테이크 TOUGHFAN 12 라디에이터 팬,0,0,"_블랙_26,050|_2팩, 블랙_47,000|화이트_30,000|레이싱그린_31,000|터콰이즈_31,000",0,0,0,0,0,0,0,0,0,0,0,0,0,0,0,0
18679469,써멀테이크 TOUGHLIQUID 360 ARGB TRX40,0,0,"226,890",0,0,"222,300",0,0,0,0,0,0,0,0,0,0,0,0,0
93445550,써멀테이크 UX400,0,0,"16,950",0,0,"16,950",0,0,0,0,0,0,0,0,0,0,0,0,0
102357791,써멀테이크 WAir,0,0,0,0,0,"172,180",0,0,0,0,0,0,0,0,0,0,0,0,0
123606522,아이구주 GA360 PWM ARGB,0,0,"_블랙_23,830|_화이트_23,830",0,0,"_블랙_24,350|_화이트_24,350",0,0,0,0,0,0,0,0,0,0,0,0,0
92186882,아이구주 GH10 ARGB AND PWM HUB,0,0,"_블랙_10,580|_화이트_10,420",0,0,"_블랙_10,580|_화이트_10,420",0,0,0,0,0,0,0,0,0,0,0,0,0
66049958,아이구주 GL120 PWM ARGB 리버스,0,0,0,0,0,"_블랙_8,790|_화이트_8,790",0,0,0,0,0,0,0,0,0,0,0,0,0
122677078,아이구주 GX120 PWM ARGB,0,0,"_블랙_11,410|_화이트_11,410",0,0,"_블랙_11,640|_화이트_11,640",0,0,0,0,0,0,0,0,0,0,0,0,0
122677279,아이구주 GX240 PWM ARGB,0,0,"_블랙_27,710|_화이트_27,710",0,0,"_블랙_28,160|_화이트_28,160",0,0,0,0,0,0,0,0,0,0,0,0,0
122677435,아이구주 GX240 PWM ARGB 리버스,0,0,"_블랙_27,490|_화이트_27,710",0,0,"_블랙_28,160|_화이트_28,160",0,0,0,0,0,0,0,0,0,0,0,0,0
122677470,아이구주 GX360 PWM ARGB,0,0,"_블랙_37,130|_화이트_37,130",0,0,"_블랙_37,910|_화이트_37,910",0,0,0,0,0,0,0,0,0,0,0,0,0
122677495,아이구주 GX360 PWM ARGB 리버스,0,0,"_블랙_37,130|_화이트_37,130",0,0,"_블랙_37,910|_화이트_37,910",0,0,0,0,0,0,0,0,0,0,0,0,0
124237397,아이보라 2U-3647N,0,0,"118,600",0,0,"118,600",0,0,0,0,0,0,0,0,0,0,0,0,0
124180495,아이보라 HT360-TR5,0,0,"226,620",0,0,"226,620",0,0,0,0,0,0,0,0,0,0,0,0,0
103414664,아이티젠 MH-P104 ARGB 메모리 방열판,0,0,"_블랙_9,200|_화이트_9,200",0,0,"_블랙_9,200|_화이트_9,200",0,0,0,0,0,0,0,0,0,0,0,0,0
51415508,아이티젠 비티즈 T400 LED RGB,0,0,"블랙_14,500",0,0,0,0,0,0,0,0,0,0,0,0,0,0,0,0
108388802,아이티젠 비티즈 T600 NON-LED,0,0,"_블랙_26,900|_화이트_26,900",0,0,0,0,0,0,0,0,0,0,0,0,0,0,0,0
93629729,앱코 H9 120 ARGB PWM,0,0,"_블랙_15,000|_화이트_15,000",0,0,"_블랙_15,000|_화이트_15,000",0,0,0,0,0,0,0,0,0,0,0,0,0
93629918,앱코 H9 120 ARGB PWM 리버스,0,0,"_블랙_15,000|_화이트_15,000",0,0,"_블랙_15,000|_화이트_15,000",0,0,0,0,0,0,0,0,0,0,0,0,0
13359080,앱코 NCORE L240 RGB,0,0,"블랙_64,500",0,0,"블랙_64,500",0,0,0,0,0,0,0,0,0,0,0,0,0
11627540,앱코 SUITMASTER M.2 SSD 방열판 AUTO RGB,0,0,"11,000",0,0,"11,000",0,0,0,0,0,0,0,0,0,0,0,0,0
4280981,앱코 SUITMASTER RGB SHIELD BAR,0,0,"3,500",0,0,"3,500",0,0,0,0,0,0,0,0,0,0,0,0,0
6308632,앱코 SUITMASTER SPIDER 120F RGB SPECTRUM,0,0,"리모트킷/3팩_10,700",0,0,"리모트킷/3팩_10,700",0,0,0,0,0,0,0,0,0,0,0,0,0
8028751,앱코 SUITMASTER VSP1 그래픽카드 지지대,0,0,"레드_9,900",0,0,"레드_9,900",0,0,0,0,0,0,0,0,0,0,0,0,0
9828390,앱코 SUITMASTER 자이로스 X201 RGB,0,0,"22,000",0,0,"22,000",0,0,0,0,0,0,0,0,0,0,0,0,0
12649094,앱코 SUITMASTER 크리스탈 크롬,0,0,"12,500",0,0,"12,500",0,0,0,0,0,0,0,0,0,0,0,0,0
21638450,앱코 엣지 120 FRGB 스마트쿨링,0,0,"_블랙_6,500|_화이트_6,500",0,0,"_블랙_6,500|_화이트_6,500",0,0,0,0,0,0,0,0,0,0,0,0,0
21646349,앱코 엣지 듀얼 120 ARGB 스마트쿨링,0,0,"_블랙_11,500|_화이트_11,500",0,0,"_블랙_11,500|_화이트_11,500",0,0,0,0,0,0,0,0,0,0,0,0,0
21646562,앱코 엣지 듀얼 140 ARGB 스마트쿨링,0,0,"블랙_14,500",0,0,"블랙_14,500",0,0,0,0,0,0,0,0,0,0,0,0,0
96775685,앱코 타이폰 DT120X6,0,0,"_블랙_35,900|_화이트_38,500",0,0,"_블랙_35,900|_화이트_38,500",0,0,0,0,0,0,0,0,0,0,0,0,0
71010143,앱코 포세이돈 P360 ARGB,0,0,"_블랙_56,900|_화이트_62,900",0,0,"_블랙_56,900|_화이트_62,900",0,0,0,0,0,0,0,0,0,0,0,0,0
91870913,앱코 포세이돈 P360D ARGB 디스플레이,0,0,"_블랙_91,000|_화이트_91,000",0,0,"_블랙_91,000|_화이트_91,000",0,0,0,0,0,0,0,0,0,0,0,0,0
103128641,앱코 포세이돈 P360L LCD ARGB 디스플레이,0,0,"_블랙_114,000|_화이트_125,000",0,0,"_블랙_114,000|_화이트_125,000",0,0,0,0,0,0,0,0,0,0,0,0,0
13908842,얼티메이크 EPIC 120 ARGB FAN,0,0,"7,900",0,0,"7,900",0,0,0,0,0,0,0,0,0,0,0,0,0
16181276,얼티메이크 XIN 120 STORM Mesh FAN,0,0,"_블랙_4,880|_화이트_5,900",0,0,"_블랙_4,880|_화이트_5,900",0,0,0,0,0,0,0,0,0,0,0,0,0
94886735,얼티메이크 XIN CRYSTON 120 PWM ARGB,0,0,"3팩, 화이트_34,310",0,0,"3팩, 화이트_34,310",0,0,0,0,0,0,0,0,0,0,0,0,0
6969556,에너지옵티머스 ERC 100,0,0,"11,200",0,0,"11,200",0,0,0,0,0,0,0,0,0,0,0,0,0
95849714,에디 CY100,0,0,0,0,0,"블랙_20,990",0,0,0,0,0,0,0,0,0,0,0,0,0
104940188,오쓰 CV-420,0,0,"_블랙_20,730|_화이트_22,800",0,0,"_블랙_20,730|_화이트_22,800",0,0,0,0,0,0,0,0,0,0,0,0,0
124276605,오쓰 CV-420 RGB,0,0,"_블랙_23,000|_화이트_25,000",0,0,"_블랙_23,000|_화이트_25,000",0,0,0,0,0,0,0,0,0,0,0,0,0
104940170,오쓰 CV-620,0,0,"_블랙_34,730|_화이트_37,230",0,0,"_블랙_34,730|_화이트_37,230",0,0,0,0,0,0,0,0,0,0,0,0,0
124276505,오쓰 CV-620 ARGB,0,0,"_블랙_37,000|_화이트_40,200",0,0,"_블랙_37,000|_화이트_40,200",0,0,0,0,0,0,0,0,0,0,0,0,0
63032369,이엠텍 레드빗 120 ARGB PWM,0,0,"화이트_8,470",0,0,"화이트_8,550",0,0,0,0,0,0,0,0,0,0,0,0,0
49833287,이엠텍 레드빗 240 45T 라디에이터,0,0,"72,540",0,0,"72,540",0,0,0,0,0,0,0,0,0,0,0,0,0
13102442,이엠텍 레드빗 280 ARGB,0,0,"블랙_109,000",0,0,"블랙_109,000",0,0,0,0,0,0,0,0,0,0,0,0,0
49833275,이엠텍 레드빗 2U RESERVOIRS,0,0,"69,280",0,0,"69,280",0,0,0,0,0,0,0,0,0,0,0,0,0
49833296,이엠텍 레드빗 360 65T 라디에이터,0,0,"118,110",0,0,"118,110",0,0,0,0,0,0,0,0,0,0,0,0,0
58849097,이엠텍 레드빗 CPU DT 워터블럭,0,0,"53,010",0,0,"53,010",0,0,0,0,0,0,0,0,0,0,0,0,0
57500141,이엠텍 레드빗 CPU DT 펌프,0,0,"106,020",0,0,"106,020",0,0,0,0,0,0,0,0,0,0,0,0,0
59761013,이엠텍 레드빗 CPU SV 워터블럭,0,0,"65,100",0,0,"65,100",0,0,0,0,0,0,0,0,0,0,0,0,0
18391406,이엠텍 레드빗 GPU W-BLOCK 3080 3090 + BP,0,0,"146,940",0,0,"146,940",0,0,0,0,0,0,0,0,0,0,0,0,0
38455715,이엠텍 레드빗 GR GPU W-BLOCK 4090 + BP,0,0,"198,160",0,0,"198,160",0,0,0,0,0,0,0,0,0,0,0,0,0
72973826,이엠텍 레드빗 ICE 360 ARGB,0,0,"_블랙_77,000|_화이트_83,000",0,0,0,0,0,0,0,0,0,0,0,0,0,0,0,0
72973853,이엠텍 레드빗 ICE 360 ARGB,0,0,0,0,0,"_블랙_77,000|_화이트_83,000",0,0,0,0,0,0,0,0,0,0,0,0,0
72973778,이엠텍 레드빗 ICEFULL 360 ARGB,0,0,"81,840",0,0,"81,840",0,0,0,0,0,0,0,0,0,0,0,0,0
122621237,이엠텍 레드빗 ICEFULL 360 ARGB SE,0,0,"58,980",0,0,"58,980",0,0,0,0,0,0,0,0,0,0,0,0,0
17321855,이엠텍 레드빗 RB-1225LF,0,0,"14,600",0,0,"14,590",0,0,0,0,0,0,0,0,0,0,0,0,0
16801550,이엠텍 레드빗 RB-2 ARGB 그래픽카드 지지대,0,0,"_블랙_9,100|_화이트_12,240",0,0,"_블랙_9,100|_화이트_12,240",0,0,0,0,0,0,0,0,0,0,0,0,0
10796130,이엠텍 레드빗 TURBO JET FAN 120E R2,0,0,"컨트롤러/2팩_22,080",0,0,"컨트롤러/2팩_22,080",0,0,0,0,0,0,0,0,0,0,0,0,0
8437785,이엠텍 레드빗 TURBO JET FAN 140E,0,0,"_1팩_20,630|_컨트롤러/2팩_28,000",0,0,"_1팩_20,630|_컨트롤러/2팩_28,000",0,0,0,0,0,0,0,0,0,0,0,0,0
10796214,이엠텍 레드빗 TURBO JET FAN 140E R2,0,0,"컨트롤러/2팩_23,250",0,0,"컨트롤러/2팩_23,250",0,0,0,0,0,0,0,0,0,0,0,0,0
75541496,이코벨라 FR120M ARGB PWM,0,0,"_블랙_7,900|벌크, 블랙_7,400|_벌크, 화이트_7,400|화이트_7,900",0,0,"_블랙_7,900|벌크, 블랙_7,400|_벌크, 화이트_7,400|화이트_7,900",0,0,0,0,0,0,0,0,0,0,0,0,0
75541514,이코벨라 FR120M ARGB PWM 리버스,0,0,"블랙_7,840|벌크, 블랙_7,400|_벌크, 화이트_6,880|_화이트_7,900",0,0,"블랙_7,840|벌크, 블랙_7,400|_벌크, 화이트_6,880|_화이트_7,900",0,0,0,0,0,0,0,0,0,0,0,0,0
75541475,이코벨라 FR120S ARGB PWM,0,0,"_블랙_7,760|벌크, 블랙_6,880|벌크, 화이트_7,400|_화이트_7,900",0,0,"_블랙_7,760|벌크, 블랙_6,880|벌크, 화이트_7,400|_화이트_7,900",0,0,0,0,0,0,0,0,0,0,0,0,0
75541487,이코벨라 FR120S ARGB PWM 리버스,0,0,"_화이트_7,900|_벌크, 화이트_6,880",0,0,"_화이트_7,900|_벌크, 화이트_6,880",0,0,0,0,0,0,0,0,0,0,0,0,0
75541448,이코벨라 FR120U PWM,0,0,"_블랙_6,900|_화이트_6,900",0,0,"_블랙_6,900|_화이트_6,900",0,0,0,0,0,0,0,0,0,0,0,0,0
75541457,이코벨라 FR140U PWM,0,0,"_블랙_8,900|_화이트_8,900",0,0,"_블랙_8,900|_화이트_8,900",0,0,0,0,0,0,0,0,0,0,0,0,0
16319306,인텔 Laminar RM1,0,0,"10,600",0,0,"10,490",0,0,0,0,0,0,0,0,0,0,0,0,0
4359705,인텔 소켓1156 정품,0,0,"_일반형_4,680|_고급형_5,600",0,0,"_일반형_4,660|_고급형_5,600",0,0,0,0,0,0,0,0,0,0,0,0,0
3425024,인텔 인텔 115X 정품,0,0,"4,780",0,0,"4,780",0,0,0,0,0,0,0,0,0,0,0,0,0
13365653,인텔 인텔 115X 정품 중고,0,0,"2,000",0,0,0,0,0,0,0,0,0,0,0,0,0,0,0,0
73325201,잘만 ALPHA II DS A24,0,0,"_블랙_158,830|_화이트_164,820",0,0,"_블랙_152,310|_화이트_155,820",0,0,0,0,0,0,0,0,0,0,0,0,0
73325060,잘만 ALPHA II DS A36,0,0,"_블랙_178,810|_화이트_188,790",0,0,"_블랙_175,000|_화이트_185,000",0,0,0,0,0,0,0,0,0,0,0,0,0
98180225,잘만 ALPHA II SE A24,0,0,"_블랙_74,920|_화이트_78,910",0,0,"_블랙_73,000|_화이트_75,100",0,0,0,0,0,0,0,0,0,0,0,0,0
98180129,잘만 ALPHA II SE A36,0,0,"_블랙_84,800|_화이트_88,800",0,0,"_블랙_82,900|_화이트_84,000",0,0,0,0,0,0,0,0,0,0,0,0,0
31996583,잘만 Alpha II A24,0,0,"_블랙_99,000|_화이트_104,890",0,0,"_블랙_97,900|_화이트_99,890",0,0,0,0,0,0,0,0,0,0,0,0,0
31996439,잘만 Alpha II A36,0,0,"_블랙_123,560|_화이트_132,850",0,0,"_블랙_123,560|_화이트_125,990",0,0,0,0,0,0,0,0,0,0,0,0,0
100845719,잘만 Alpha II V2 A24,0,0,"_블랙_99,000|_화이트_105,000",0,0,"_블랙_94,900|_화이트_102,000",0,0,0,0,0,0,0,0,0,0,0,0,0
100759091,잘만 Alpha II V2 A36,0,0,"_블랙_123,560|_화이트_133,000",0,0,"_블랙_119,000|_화이트_129,000",0,0,0,0,0,0,0,0,0,0,0,0,0
16048124,잘만 Alpha24,0,0,"_블랙_104,000|_화이트_109,000",0,0,"_블랙_104,000|_화이트_109,000",0,0,0,0,0,0,0,0,0,0,0,0,0
16048925,잘만 Alpha28,0,0,"화이트_129,000",0,0,"화이트_126,900",0,0,0,0,0,0,0,0,0,0,0,0,0
16049006,잘만 Alpha36,0,0,"_블랙_94,040|_화이트_96,120",0,0,"_블랙_94,030|_화이트_96,110",0,0,0,0,0,0,0,0,0,0,0,0,0
12023681,잘만 CNPS10X OPTIMA II RGB,0,0,"화이트_39,900",0,0,"화이트_39,900",0,0,0,0,0,0,0,0,0,0,0,0,0
16084124,잘만 CNPS10X PERFORMA,0,0,"화이트_58,000",0,0,"화이트_57,990",0,0,0,0,0,0,0,0,0,0,0,0,0
14144915,잘만 CNPS10X PERFORMA ST,0,0,"46,740",0,0,"46,730",0,0,0,0,0,0,0,0,0,0,0,0,0
123032247,잘만 CNPS12X BP 휨제로,0,0,"블랙_35,220",0,0,"블랙_35,600",0,0,0,0,0,0,0,0,0,0,0,0,0
123032269,잘만 CNPS12X BP 휨제로 ARGB,0,0,"블랙_36,200",0,0,"블랙_36,510",0,0,0,0,0,0,0,0,0,0,0,0,0
31413920,잘만 CNPS13X,0,0,"블랙_44,950",0,0,"블랙_44,500",0,0,0,0,0,0,0,0,0,0,0,0,0
42193148,잘만 CNPS13X DS,0,0,"블랙_57,930",0,0,"블랙_57,350",0,0,0,0,0,0,0,0,0,0,0,0,0
35843018,잘만 CNPS14X DUO,0,0,"51,120",0,0,"51,110",0,0,0,0,0,0,0,0,0,0,0,0,0
122728459,잘만 CNPS15X BP 휨제로,0,0,"블랙_57,740",0,0,"블랙_58,350",0,0,0,0,0,0,0,0,0,0,0,0,0
122829056,잘만 CNPS15X BP 휨제로 ARGB,0,0,"블랙_58,710",0,0,"블랙_59,340",0,0,0,0,0,0,0,0,0,0,0,0,0
10822347,잘만 CNPS16X,0,0,"_블랙_66,870|_화이트_75,330",0,0,"_블랙_66,870|_화이트_75,330",0,0,0,0,0,0,0,0,0,0,0,0,0
10029645,잘만 CNPS17X,0,0,"22,000",0,0,"21,990",0,0,0,0,0,0,0,0,0,0,0,0,0
10029720,잘만 CNPS20X,0,0,"126,000",0,0,"126,000",0,0,0,0,0,0,0,0,0,0,0,0,0
78310442,잘만 CNPS4X V2,0,0,"블랙_15,880",0,0,"블랙_15,580",0,0,0,0,0,0,0,0,0,0,0,0,0
15700661,잘만 CNPS7600 ARGB,0,0,"17,140",0,0,"17,140",0,0,0,0,0,0,0,0,0,0,0,0,0
17984129,잘만 CNPS80G Rev.3,0,0,"8,600",0,0,"8,590",0,0,0,0,0,0,0,0,0,0,0,0,0
143925,잘만 CNPS9500 AT,0,0,"90,000",0,0,"90,000",0,0,0,0,0,0,0,0,0,0,0,0,0
284022,잘만 CNPS9700 LED,0,0,"90,000",0,0,"90,000",0,0,0,0,0,0,0,0,0,0,0,0,0
1206375,잘만 CNPS9900 MAX 블루,0,0,"90,000",0,0,"90,000",0,0,0,0,0,0,0,0,0,0,0,0,0
96059915,잘만 CNPS9X ECO DS,0,0,"27,870",0,0,"27,580",0,0,0,0,0,0,0,0,0,0,0,0,0
75470216,잘만 CNPS9X OPTIMA II ARGB,0,0,"블랙_19,900",0,0,"블랙_19,890",0,0,0,0,0,0,0,0,0,0,0,0,0
90580034,잘만 CNPS9X OPTIMA II RGB,0,0,"블랙_18,790",0,0,"블랙_18,890",0,0,0,0,0,0,0,0,0,0,0,0,0
17658305,잘만 CNPS9X PERFORMA,0,0,"블랙_26,900",0,0,"블랙_26,900",0,0,0,0,0,0,0,0,0,0,0,0,0
18827993,잘만 CNPS9X PERFORMA ARGB,0,0,"_블랙_35,900|_화이트_38,500",0,0,"_블랙_35,900|_화이트_38,500",0,0,0,0,0,0,0,0,0,0,0,0,0
72064343,잘만 CNPS9X PERFORMA ARGB PLUS,0,0,"_블랙_35,870|_화이트_38,460",0,0,"_블랙_35,500|_화이트_38,070",0,0,0,0,0,0,0,0,0,0,0,0,0
71066846,잘만 CNPS9X PERFORMA PLUS,0,0,"블랙_27,870",0,0,"블랙_27,580",0,0,0,0,0,0,0,0,0,0,0,0,0
29631110,잘만 CNPS9X PERFORMA RGB,0,0,"실버_49,890",0,0,"실버_49,890",0,0,0,0,0,0,0,0,0,0,0,0,0
43997,잘만 RC-56 3핀,0,0,990,0,0,990,0,0,0,0,0,0,0,0,0,0,0,0,0
14979128,잘만 Reserator5 Z24,0,0,"_블랙_83,580|_화이트_78,370",0,0,"_블랙_83,570|_화이트_78,360",0,0,0,0,0,0,0,0,0,0,0,0,0
14979431,잘만 Reserator5 Z36,0,0,"_블랙_168,000|_화이트_114,930",0,0,"_블랙_168,000|_화이트_114,920",0,0,0,0,0,0,0,0,0,0,0,0,0
2610039,잘만 VF1050,0,0,"25,000",0,0,"25,000",0,0,0,0,0,0,0,0,0,0,0,0,0
94523459,잘만 ZET 5 솔더링,0,0,"_블랙_71,160|_화이트_78,000",0,0,"_블랙_71,160|_화이트_77,990",0,0,0,0,0,0,0,0,0,0,0,0,0
46745780,잘만 ZM-4PALC ARGB 컨트롤러,0,0,"6,900",0,0,"6,890",0,0,0,0,0,0,0,0,0,0,0,0,0
30612059,잘만 ZM-AF120 PWM,0,0,"블랙_7,370",0,0,"블랙_7,360",0,0,0,0,0,0,0,0,0,0,0,0,0
30612005,잘만 ZM-AF120 PWM ARGB,0,0,"_블랙_7,900|_화이트_10,700",0,0,"_블랙_7,900|_화이트_10,590",0,0,0,0,0,0,0,0,0,0,0,0,0
72421397,잘만 ZM-AF120R PWM ARGB 리버스,0,0,"_블랙_10,470|_화이트_10,800",0,0,"_블랙_10,400|_화이트_10,600",0,0,0,0,0,0,0,0,0,0,0,0,0
16561682,잘만 ZM-AF135B PWM,0,0,"9,980",0,0,"9,970",0,0,0,0,0,0,0,0,0,0,0,0,0
106711232,잘만 ZM-DF120 PWM ARGB 데이지체인팬,0,0,"_3팩, 블랙_50,000|_3팩, 화이트_50,000|블랙_17,940|화이트_17,940",0,0,"_3팩, 블랙_50,000|_3팩, 화이트_50,000|블랙_17,930|화이트_17,930",0,0,0,0,0,0,0,0,0,0,0,0,0
107768453,잘만 ZM-DF120R PWM ARGB 데이지체인 리버스팬,0,0,"_3팩, 블랙_48,990|_3팩, 화이트_48,990|블랙_17,940|화이트_17,940",0,0,"_3팩, 블랙_48,980|_3팩, 화이트_48,980|블랙_17,930|화이트_17,930",0,0,0,0,0,0,0,0,0,0,0,0,0
17016092,잘만 ZM-IF120 ARGB,0,0,"1팩_10,450",0,0,"1팩_10,440",0,0,0,0,0,0,0,0,0,0,0,0,0
17016239,잘만 ZM-IF120A3 ARGB,0,0,"컨트롤러/3팩_33,000",0,0,"컨트롤러/3팩_33,000",0,0,0,0,0,0,0,0,0,0,0,0,0
75992123,잘만 ZM-LPH40 벌크,0,0,"9,000",0,0,"8,990",0,0,0,0,0,0,0,0,0,0,0,0,0
105446069,잘만 ZM-MF916 시스템 모니터링 LCD 디스플레이,0,0,"_블랙_66,930|_화이트_67,920",0,0,"_블랙_66,260|_화이트_67,240",0,0,0,0,0,0,0,0,0,0,0,0,0
17005448,잘만 ZM-MH10 ARGB 메모리 방열판,0,0,"_1팩_12,870|_2팩_25,770",0,0,"_1팩_12,700|_2팩_25,520",0,0,0,0,0,0,0,0,0,0,0,0,0
19281692,잘만 ZM-PF120 PWM ARGB,0,0,"블랙_10,670",0,0,"블랙_11,000",0,0,0,0,0,0,0,0,0,0,0,0,0
7544503,잘만 ZM-RFD120 SPECTRUM RGB,0,0,"7,000",0,0,"7,000",0,0,0,0,0,0,0,0,0,0,0,0,0
9910437,잘만 ZM-RFD120A SPECTRUM RGB,0,0,"12,000",0,0,"11,990",0,0,0,0,0,0,0,0,0,0,0,0,0
10267659,잘만 ZM-SF120 ARGB,0,0,"_1팩_24,000|_컨트롤러/3팩_78,720",0,0,0,0,0,0,0,0,0,0,0,0,0,0,0,0
10267623,잘만 ZM-SF120 ARGB,0,0,0,0,0,"_1팩_23,990|_컨트롤러/3팩_78,710",0,0,0,0,0,0,0,0,0,0,0,0,0
10267833,잘만 ZM-SF140 ARGB,0,0,"컨트롤러/3팩_91,920",0,0,"컨트롤러/3팩_91,920",0,0,0,0,0,0,0,0,0,0,0,0,0
29631194,잘만 ZM-STC10,0,0,"2g_3,730",0,0,"2g_3,720",0,0,0,0,0,0,0,0,0,0,0,0,0
7425745,잘만 ZM-STC7,0,0,"4g_6,670",0,0,"4g_6,660",0,0,0,0,0,0,0,0,0,0,0,0,0
9723438,잘만 ZM-STC8,0,0,"1.5g_1,900",0,0,"1.5g_1,890",0,0,0,0,0,0,0,0,0,0,0,0,0
7425823,잘만 ZM-STC9,0,0,"4g_13,000",0,0,"4g_13,000",0,0,0,0,0,0,0,0,0,0,0,0,0
3392773,잘만 ZM-STG2M,0,0,1g_990,0,0,1g_990,0,0,0,0,0,0,0,0,0,0,0,0,0
18914144,잘만 ZM-VS1 그래픽카드 지지대,0,0,"_블랙_8,900|_화이트_8,900",0,0,"_블랙_8,890|_화이트_8,700",0,0,0,0,0,0,0,0,0,0,0,0,0
103879241,잘만 ZM-VS3 DS 그래픽카드 지지대,0,0,"_블랙_19,550|_화이트_21,850",0,0,0,0,0,0,0,0,0,0,0,0,0,0,0,0
103879328,잘만 ZM-VS3 DS 그래픽카드 지지대,0,0,0,0,0,"_블랙_19,540|_화이트_21,690",0,0,0,0,0,0,0,0,0,0,0,0,0
124117213,잘만 ZM-XF120 PWM,0,0,"블랙_5,620",0,0,"블랙_5,610",0,0,0,0,0,0,0,0,0,0,0,0,0
124117235,잘만 ZM-XF120 PWM ARGB,0,0,"_블랙_6,890|_화이트_6,890",0,0,"_블랙_6,880|_화이트_6,880",0,0,0,0,0,0,0,0,0,0,0,0,0
124117250,잘만 ZM-XF360 PWM ARGB,0,0,"_블랙_16,210|_화이트_16,210",0,0,"_블랙_16,200|_화이트_16,200",0,0,0,0,0,0,0,0,0,0,0,0,0
124117273,잘만 ZM-XF360R PWM ARGB,0,0,"_블랙_16,210|_화이트_16,210",0,0,"_블랙_16,200|_화이트_16,200",0,0,0,0,0,0,0,0,0,0,0,0,0
5647865,장우컴퍼니 JW-HTK01 M.2 방열판,0,0,"1,960",0,0,"1,960",0,0,0,0,0,0,0,0,0,0,0,0,0
17491808,장우컴퍼니 JW-HTK03 PRO M.2 SSD 방열판,0,0,"_블랙_4,840|_그레이_4,840",0,0,0,0,0,0,0,0,0,0,0,0,0,0,0,0
19300613,장우컴퍼니 JW-HTK05 GRP M.2 SSD 방열판,0,0,"1,720",0,0,"1,720",0,0,0,0,0,0,0,0,0,0,0,0,0
12263558,장우컴퍼니 JW-HTK05 M.2 SSD 방열판,0,0,"4,290",0,0,"4,290",0,0,0,0,0,0,0,0,0,0,0,0,0
19729643,장우컴퍼니 JW-HTKM01 메모리 방열판,0,0,"블랙_5,350|그레이_5,220|_라이트핑크_4,940|실버_5,370|핑크_4,990|_화이트_5,380",0,0,"블랙_5,350|그레이_5,220|_라이트핑크_4,940|실버_5,370|핑크_4,990|_화이트_5,380",0,0,0,0,0,0,0,0,0,0,0,0,0
17200886,조이쿨 ITX39-4HEAT90,0,0,"22,390",0,0,"22,390",0,0,0,0,0,0,0,0,0,0,0,0,0
14244044,조이쿨 JC-500 써멀그리스,0,0,0,0,0,"_2g_330|30g_1,380|_150g_5,900",0,0,0,0,0,0,0,0,0,0,0,0,0
94205378,조이쿨 JF140 ARGB PWM PST,0,0,"_블랙_8,500|_화이트_7,580",0,0,"_블랙_8,500|_화이트_7,580",0,0,0,0,0,0,0,0,0,0,0,0,0
124057200,조이쿨 MC45-6 ARGB,0,0,"화이트_31,240",0,0,"화이트_31,240",0,0,0,0,0,0,0,0,0,0,0,0,0
13831103,조이쿨 MRM-90 SLIM,0,0,"6,260",0,0,0,0,0,0,0,0,0,0,0,0,0,0,0,0
19474619,조이쿨 MVC-90 PWM,0,0,"12,460",0,0,0,0,0,0,0,0,0,0,0,0,0,0,0,0
42858455,조이쿨 NMB-04028DA-12T-AKH-PWM,0,0,"13,480",0,0,"13,990",0,0,0,0,0,0,0,0,0,0,0,0,0
13083413,조이쿨 RGB-90CU SILENT,0,0,"8,510",0,0,"8,510",0,0,0,0,0,0,0,0,0,0,0,0,0
13000994,조이쿨 진동방지 실리콘핀,0,0,_블랙_520|_화이트_550,0,0,_블랙_520|_화이트_550,0,0,0,0,0,0,0,0,0,0,0,0,0
9262665,쿨러마스터 A-RGB 1-to-3 Splitter Cable,0,0,"11,610",0,0,"11,610",0,0,0,0,0,0,0,0,0,0,0,0,0
11036238,쿨러마스터 ARGB 1-to-5 Splitter Cable,0,0,"15,180",0,0,"15,180",0,0,0,0,0,0,0,0,0,0,0,0,0
13690781,쿨러마스터 ARGB GPU Support Bracket,0,0,"38,610",0,0,"38,610",0,0,0,0,0,0,0,0,0,0,0,0,0
34741583,쿨러마스터 ATLAS ARGB GPU Support,0,0,"70,800",0,0,"70,800",0,0,0,0,0,0,0,0,0,0,0,0,0
101079677,쿨러마스터 ATMOS II Flex-Kit: LCD,0,0,"_블랙_58,000|_화이트_57,240",0,0,"_블랙_58,000|_화이트_57,240",0,0,0,0,0,0,0,0,0,0,0,0,0
101079533,쿨러마스터 ATMOS II Flex-Kit: Pixel LED,0,0,"_블랙_68,000|_화이트_68,000",0,0,"_블랙_68,000|_화이트_68,000",0,0,0,0,0,0,0,0,0,0,0,0,0
101079944,쿨러마스터 ATMOS II Flex-Kit: VRM Fan,0,0,"_블랙_49,110|_화이트_49,110",0,0,"_블랙_49,110|_화이트_49,110",0,0,0,0,0,0,0,0,0,0,0,0,0
19706882,쿨러마스터 CF120 ARGB,0,0,"13,010",0,0,"13,740",0,0,0,0,0,0,0,0,0,0,0,0,0
15192242,쿨러마스터 CryoFuze,0,0,"10,220",0,0,"10,220",0,0,0,0,0,0,0,0,0,0,0,0,0
122828935,쿨러마스터 DT600,0,0,"_블랙_42,790|_화이트_42,140",0,0,"_블랙_42,790|_화이트_42,130",0,0,0,0,0,0,0,0,0,0,0,0,0
122705799,쿨러마스터 DT621,0,0,"_블랙_55,010|_화이트_57,180",0,0,"_블랙_55,010|_화이트_57,180",0,0,0,0,0,0,0,0,0,0,0,0,0
19707470,쿨러마스터 HYPER 212 HALO,0,0,"화이트_19,050",0,0,"화이트_19,050",0,0,0,0,0,0,0,0,0,0,0,0,0
28024406,쿨러마스터 HYPER 212 HALO SF6 RYU WHITE,0,0,"62,000",0,0,"62,000",0,0,0,0,0,0,0,0,0,0,0,0,0
93631772,쿨러마스터 HYPER 212 SPECTRUM V3 ARGB,0,0,"19,050",0,0,"19,050",0,0,0,0,0,0,0,0,0,0,0,0,0
90272207,쿨러마스터 HYPER 411 NANO,0,0,"22,760",0,0,"24,000",0,0,0,0,0,0,0,0,0,0,0,0,0
90272192,쿨러마스터 HYPER 411 NANO ARGB,0,0,"24,490",0,0,"24,490",0,0,0,0,0,0,0,0,0,0,0,0,0
75600674,쿨러마스터 HYPER 612 APEX,0,0,"_블랙_78,800|_화이트_79,800",0,0,"_블랙_78,800|_화이트_79,800",0,0,0,0,0,0,0,0,0,0,0,0,0
122701293,쿨러마스터 HYPER 612 APEX PRO,0,0,"_블랙_101,660|_실버_101,660|",0,0,"_블랙_101,660||_화이트_101,660",0,0,0,0,0,0,0,0,0,0,0,0,0
19690001,쿨러마스터 HYPER 620S ARGB,0,0,"55,200",0,0,"55,200",0,0,0,0,0,0,0,0,0,0,0,0,0
21766538,쿨러마스터 HYPER 622 HALO,0,0,"_블랙_63,530|_화이트_70,000",0,0,"_블랙_63,530|_화이트_70,000",0,0,0,0,0,0,0,0,0,0,0,0,0
100193432,쿨러마스터 Hyper 212 3DHP,0,0,"블랙_21,340",0,0,"블랙_21,340",0,0,0,0,0,0,0,0,0,0,0,0,0
100193450,쿨러마스터 Hyper 212 3DHP ARGB,0,0,"블랙_25,560",0,0,"블랙_25,560",0,0,0,0,0,0,0,0,0,0,0,0,0
100193369,쿨러마스터 INFINITY ARGB 120mm PWM REVERSE 벌크,0,0,"_블랙_11,330|_화이트_11,330",0,0,0,0,0,0,0,0,0,0,0,0,0,0,0,0
100193354,쿨러마스터 INFINITY ARGB 120mm PWM REVERSE 벌크,0,0,0,0,0,"_블랙_11,330|_화이트_11,330",0,0,0,0,0,0,0,0,0,0,0,0,0
100193288,쿨러마스터 INFINITY ARGB 120mm PWM 벌크,0,0,"_블랙_11,000|_화이트_11,330",0,0,"_블랙_11,330|_화이트_11,330",0,0,0,0,0,0,0,0,0,0,0,0,0
15193160,쿨러마스터 LED Tube Sleeve A1,0,0,"12mm_60,040",0,0,"12mm_63,000",0,0,0,0,0,0,0,0,0,0,0,0,0
3772008,쿨러마스터 MASTERAIR MAKER 8,0,0,"195,000",0,0,"195,000",0,0,0,0,0,0,0,0,0,0,0,0,0
10270674,쿨러마스터 MASTERFAN ARGB AND PWM HUB,0,0,"23,430",0,0,"23,430",0,0,0,0,0,0,0,0,0,0,0,0,0
10270584,쿨러마스터 MASTERFAN MF120 HALO,0,0,"16,730",0,0,"17,590",0,0,0,0,0,0,0,0,0,0,0,0,0
11773075,쿨러마스터 MASTERFAN MF120 HALO 3IN1,0,0,"56,720",0,0,"60,350",0,0,0,0,0,0,0,0,0,0,0,0,0
14903891,쿨러마스터 MASTERFAN MF120 HALO 3IN1 WHITE EDITION,0,0,"57,470",0,0,"60,490",0,0,0,0,0,0,0,0,0,0,0,0,0
11468913,쿨러마스터 MASTERFAN MF120 HALO WHITE EDITION,0,0,"18,690",0,0,"18,690",0,0,0,0,0,0,0,0,0,0,0,0,0
13121114,쿨러마스터 MASTERFAN MF140 HALO,0,0,"29,250",0,0,"30,790",0,0,0,0,0,0,0,0,0,0,0,0,0
16125800,쿨러마스터 MASTERFAN MF140 HALO WHITE EDITION,0,0,"31,970",0,0,"32,990",0,0,0,0,0,0,0,0,0,0,0,0,0
9663372,쿨러마스터 MASTERFAN SF120M,0,0,"30,300",0,0,"31,890",0,0,0,0,0,0,0,0,0,0,0,0,0
7907362,쿨러마스터 MASTERFAN SF360R ARGB,0,0,"42,890",0,0,"42,890",0,0,0,0,0,0,0,0,0,0,0,0,0
32867126,쿨러마스터 MASTERLIQUID 240 ATMOS,0,0,"_블랙_151,920|_화이트_160,920",0,0,"_블랙_151,920|_화이트_160,920",0,0,0,0,0,0,0,0,0,0,0,0,0
95848784,쿨러마스터 MASTERLIQUID 240 ATMOS II LCD,0,0,"블랙_170,600",0,0,"블랙_170,600",0,0,0,0,0,0,0,0,0,0,0,0,0
95848871,쿨러마스터 MASTERLIQUID 240 ATMOS II Pixel LED,0,0,"블랙_190,400",0,0,"블랙_190,400",0,0,0,0,0,0,0,0,0,0,0,0,0
95848535,쿨러마스터 MASTERLIQUID 240 ATMOS II VRM Fan,0,0,"블랙_155,580",0,0,"블랙_155,580",0,0,0,0,0,0,0,0,0,0,0,0,0
32867237,쿨러마스터 MASTERLIQUID 360 ATMOS,0,0,"_블랙_178,000|_화이트_183,980",0,0,"_블랙_178,000|_화이트_183,980",0,0,0,0,0,0,0,0,0,0,0,0,0
95847233,쿨러마스터 MASTERLIQUID 360 ATMOS II LCD,0,0,"_블랙_190,710|_화이트_198,970",0,0,"_블랙_190,710|_화이트_198,970",0,0,0,0,0,0,0,0,0,0,0,0,0
95847668,쿨러마스터 MASTERLIQUID 360 ATMOS II Pixel LED,0,0,"_블랙_209,100|_화이트_220,960",0,0,"_블랙_209,100|_화이트_220,960",0,0,0,0,0,0,0,0,0,0,0,0,0
95846972,쿨러마스터 MASTERLIQUID 360 ATMOS II VRM Fan,0,0,"_블랙_171,370|_화이트_175,530",0,0,"_블랙_171,370|_화이트_175,530",0,0,0,0,0,0,0,0,0,0,0,0,0
75466031,쿨러마스터 MASTERLIQUID 360 ATMOS Stealth,0,0,"164,100",0,0,"164,100",0,0,0,0,0,0,0,0,0,0,0,0,0
97364441,쿨러마스터 MASTERLIQUID 360 CORE II ARGB,0,0,"_블랙_114,220|_화이트_120,400",0,0,"_블랙_114,220|_화이트_120,400",0,0,0,0,0,0,0,0,0,0,0,0,0
97364258,쿨러마스터 MASTERLIQUID 360 CORE NEX ARGB,0,0,"_블랙_85,100|_화이트_91,300",0,0,"_블랙_85,100|_화이트_91,300",0,0,0,0,0,0,0,0,0,0,0,0,0
104616695,쿨러마스터 MASTERLIQUID 360 CORE NEX DIGITAL ARGB,0,0,"_블랙_119,440|_화이트_124,640",0,0,0,0,0,0,0,0,0,0,0,0,0,0,0,0
104616692,쿨러마스터 MASTERLIQUID 360 CORE NEX DIGITAL ARGB,0,0,0,0,0,"_블랙_119,440|_화이트_124,640",0,0,0,0,0,0,0,0,0,0,0,0,0
68578307,쿨러마스터 MASTERLIQUID 360 ION LCD,0,0,"_블랙_308,950|_화이트_322,900",0,0,"_블랙_328,330|_화이트_322,900",0,0,0,0,0,0,0,0,0,0,0,0,0
19688804,쿨러마스터 MOBIUS 120 OC,0,0,"43,800",0,0,"43,800",0,0,0,0,0,0,0,0,0,0,0,0,0
122829009,쿨러마스터 MasterFan A120,0,0,"블랙_43,410",0,0,"블랙_43,410",0,0,0,0,0,0,0,0,0,0,0,0,0
124116511,쿨러마스터 MasterFan A120 FC,0,0,"블랙_53,470",0,0,"블랙_53,470",0,0,0,0,0,0,0,0,0,0,0,0,0
123972011,쿨러마스터 MasterFan A140,0,0,"블랙_51,290",0,0,"블랙_51,290",0,0,0,0,0,0,0,0,0,0,0,0,0
124116537,쿨러마스터 MasterFan A140 FC,0,0,"블랙_61,420",0,0,"블랙_61,420",0,0,0,0,0,0,0,0,0,0,0,0,0
122829043,쿨러마스터 MasterFan M120 ARGB,0,0,"블랙_28,070",0,0,"블랙_28,070",0,0,0,0,0,0,0,0,0,0,0,0,0
124116562,쿨러마스터 MasterFan M140 ARGB,0,0,"블랙_36,000",0,0,"블랙_36,000",0,0,0,0,0,0,0,0,0,0,0,0,0
122648937,쿨러마스터 MasterLiquid 240 Atmos II Stealth,0,0,"블랙_156,400",0,0,"블랙_156,400",0,0,0,0,0,0,0,0,0,0,0,0,0
122648913,쿨러마스터 MasterLiquid 360 Atmos II Stealth,0,0,"블랙_180,890",0,0,"블랙_180,890",0,0,0,0,0,0,0,0,0,0,0,0,0
122648784,쿨러마스터 MasterLiquid Core LCD 4인치 360 ARGB,0,0,"_블랙_141,200|_화이트_141,200",0,0,"_블랙_141,200|_화이트_141,200",0,0,0,0,0,0,0,0,0,0,0,0,0
122728501,쿨러마스터 MasterLiquid Core LCD 6인치 360 ARGB,0,0,"_블랙_184,000|_화이트_188,420",0,0,"_블랙_183,990|_화이트_188,410",0,0,0,0,0,0,0,0,0,0,0,0,0
14296820,쿨러마스터 MasterLiquid ML240 Illusion,0,0,"_블랙_117,420|_화이트_88,370",0,0,"_블랙_117,420|_화이트_88,360",0,0,0,0,0,0,0,0,0,0,0,0,0
13691198,쿨러마스터 MasterLiquid ML240L V2 RGB,0,0,"화이트_73,590",0,0,"화이트_73,580",0,0,0,0,0,0,0,0,0,0,0,0,0
6377394,쿨러마스터 MasterLiquid ML240RS,0,0,"88,390",0,0,"88,390",0,0,0,0,0,0,0,0,0,0,0,0,0
9662934,쿨러마스터 MasterLiquid ML360P SILVER EDITION,0,0,"153,680",0,0,"153,680",0,0,0,0,0,0,0,0,0,0,0,0,0
16125284,쿨러마스터 MasterLiquid PL240 FLUX,0,0,"블랙_82,600",0,0,"블랙_82,600",0,0,0,0,0,0,0,0,0,0,0,0,0
16125488,쿨러마스터 MasterLiquid PL360 FLUX,0,0,"블랙_102,990",0,0,"블랙_102,990",0,0,0,0,0,0,0,0,0,0,0,0,0
19393199,쿨러마스터 Mobius 120,0,0,"44,670",0,0,"46,080",0,0,0,0,0,0,0,0,0,0,0,0,0
5374858,쿨러마스터 RGB LED 컨트롤러,0,0,"43,570",0,0,"43,570",0,0,0,0,0,0,0,0,0,0,0,0,0
11492712,쿨러마스터 SICKLEFLOW 120 ARGB,0,0,"3팩_69,750",0,0,"3팩_69,750",0,0,0,0,0,0,0,0,0,0,0,0,0
13120760,쿨러마스터 SICKLEFLOW 120 ARGB WHITE EDITION,0,0,"3팩_42,560",0,0,"3팩_42,950",0,0,0,0,0,0,0,0,0,0,0,0,0
60065909,쿨러마스터 SICKLEFLOW EDGE 120 ARGB,0,0,"_3팩, 블랙_60,750|_3팩, 화이트_63,240",0,0,"_3팩, 블랙_61,990|_3팩, 화이트_66,990",0,0,0,0,0,0,0,0,0,0,0,0,0
5852917,쿨러마스터 STANDARD A30,0,0,"7,710",0,0,"7,710",0,0,0,0,0,0,0,0,0,0,0,0,0
17009219,쿨러마스터 Silent Fan 120 SI2 4in1,0,0,"29,410",0,0,"30,790",0,0,0,0,0,0,0,0,0,0,0,0,0
15192626,쿨러마스터 Thermal Pad,0,0,"_0.5mm_7,840|1.0mm_8,680|2.0mm_13,980|_3.0mm_15,150",0,0,"_0.5mm_7,840|1.0mm_8,680|2.0mm_13,980|_3.0mm_15,150",0,0,0,0,0,0,0,0,0,0,0,0,0
15192713,쿨러마스터 Thermal Pad Pro,0,0,"_1.0mm_14,620|_2.0mm_23,090",0,0,"_1.0mm_14,620|_2.0mm_23,090",0,0,0,0,0,0,0,0,0,0,0,0,0
4398106,쿨러마스터 Universal VGA Holder,0,0,"39,990",0,0,"36,990",0,0,0,0,0,0,0,0,0,0,0,0,0
100193501,쿨러마스터 V4 Alpha 3DHP,0,0,"블랙_37,380",0,0,"블랙_37,380",0,0,0,0,0,0,0,0,0,0,0,0,0
123695783,쿨러마스터 V8 ACE 3DHP AMD Optimized,0,0,"블랙_155,870",0,0,"블랙_155,870",0,0,0,0,0,0,0,0,0,0,0,0,0
123695792,쿨러마스터 V8 ACE 3DHP INTEL Optimized,0,0,"블랙_155,870",0,0,"블랙_155,870",0,0,0,0,0,0,0,0,0,0,0,0,0
8659370,쿨러마스터 WIRED RGB CONTROLLER C10L,0,0,"6,500",0,0,"6,500",0,0,0,0,0,0,0,0,0,0,0,0,0
92107424,타무즈 T4-V3 ARGB,0,0,"_블랙_22,820|_화이트_22,820",0,0,"_블랙_22,820|_화이트_22,820",0,0,0,0,0,0,0,0,0,0,0,0,0
97778825,타무즈 T4-V4,0,0,"블랙_20,950",0,0,"블랙_20,950",0,0,0,0,0,0,0,0,0,0,0,0,0
92107589,타무즈 T4-V4D,0,0,"블랙_24,790",0,0,"블랙_24,790",0,0,0,0,0,0,0,0,0,0,0,0,0
92108021,타무즈 T4-V4D-ARGB,0,0,"_블랙_27,910|_화이트_27,660",0,0,0,0,0,0,0,0,0,0,0,0,0,0,0,0
92107994,타무즈 T4-V4D-ARGB,0,0,0,0,0,"_블랙_27,910|_화이트_27,660",0,0,0,0,0,0,0,0,0,0,0,0,0
92108099,타무즈 T6-V4D-ARGB,0,0,"_블랙_34,390|_화이트_33,970",0,0,"_블랙_34,390|_화이트_33,970",0,0,0,0,0,0,0,0,0,0,0,0,0
92108159,타무즈 T660-V4D,0,0,"블랙_45,490",0,0,"블랙_45,490",0,0,0,0,0,0,0,0,0,0,0,0,0
92108243,타무즈 T660-V4D-ARGB,0,0,"_블랙_51,990|_화이트_51,990",0,0,"_블랙_51,990|_화이트_51,990",0,0,0,0,0,0,0,0,0,0,0,0,0
92108297,타무즈 T880-V4D,0,0,"블랙_55,990",0,0,"블랙_55,990",0,0,0,0,0,0,0,0,0,0,0,0,0
92108375,타무즈 T880-V4D-ARGB,0,0,"_블랙_62,210|_화이트_62,880",0,0,"_블랙_62,210|_화이트_62,880",0,0,0,0,0,0,0,0,0,0,0,0,0
97778387,타무즈 TC400 RGB,0,0,"블랙_15,560",0,0,"블랙_15,560",0,0,0,0,0,0,0,0,0,0,0,0,0
92108567,타무즈 TC45-4 WD,0,0,"블랙_19,000",0,0,"블랙_19,000",0,0,0,0,0,0,0,0,0,0,0,0,0
100329635,타무즈 TC600 ARGB,0,0,"블랙_30,840",0,0,"블랙_30,840",0,0,0,0,0,0,0,0,0,0,0,0,0
97847723,타무즈 TL360,0,0,"블랙_79,650",0,0,"블랙_79,650",0,0,0,0,0,0,0,0,0,0,0,0,0
98072642,타무즈 TL360 ARGB,0,0,"_블랙_83,980|_화이트_83,990",0,0,"_블랙_83,980|_화이트_83,990",0,0,0,0,0,0,0,0,0,0,0,0,0
74963399,투민시스템 THERMANOVA NOVA1 RGB,0,0,"7,630",0,0,"7,630",0,0,0,0,0,0,0,0,0,0,0,0,0
74954237,투민시스템 THERMANOVA NOVA6 ARGB,0,0,"19,440",0,0,0,0,0,0,0,0,0,0,0,0,0,0,0,0
79407998,티테크놀로지 T-SC-HS 파워 3.5 HDD 조립용 나사,0,0,"_20개, 실버_660|_50개, 실버_1,190",0,0,"_20개, 실버_670|_50개, 실버_1,190",0,0,0,0,0,0,0,0,0,0,0,0,0
79044590,티테크놀로지 쿨링팬 나사,0,0,0,0,0,"_20개, 블랙_690|20개, 실버_590|_50개, 블랙_1,390|50개, 실버_1,290",0,0,0,0,0,0,0,0,0,0,0,0,0
