Id,Name,2026-08-01 19:46:41,2026-08-02 07:05:35,2026-08-02 19:47:21,2026-08-03 07:02:14,2026-08-03 21:33:39,2026-08-04 07:14:58,2026-08-04 20:32:22,2026-08-05 07:20:16,2026-08-05 20:27:47,2026-08-06 07:18:20,2026-08-06 20:30:52,2026-08-07 10:04:03,2026-08-07 19:07:34,2026-08-08 06:47:49,2026-08-08 18:46:21,2026-08-09 06:38:32,2026-08-09 18:48:34
89607479,AMD EPYC 4584PX (라파엘),"멀티팩 정품_814,620","멀티팩 정품_814,620","멀티팩 정품_814,620","멀티팩 정품_814,620","멀티팩 정품_814,620","멀티팩 정품_814,620","멀티팩 정품_814,620","멀티팩 정품_814,620","멀티팩 정품_814,620","멀티팩 정품_814,620","멀티팩 정품_814,620","멀티팩 정품_814,620","멀티팩 정품_814,620","멀티팩 정품_814,620","멀티팩 정품_814,620","멀티팩 정품_814,620","멀티팩 정품_814,620"
92678627,AMD EPYC 4585PX (그라도),"멀티팩 정품_877,540","멀티팩 정품_877,510","멀티팩 정품_877,430","멀티팩 정품_877,410","멀티팩 정품_877,310","멀티팩 정품_877,300","멀티팩 정품_879,880","멀티팩 정품_879,880","멀티팩 정품_879,880","멀티팩 정품_879,980","멀티팩 정품_878,970","멀티팩 정품_878,910","멀티팩 정품_878,870","멀티팩 정품_878,850","멀티팩 정품_878,800","멀티팩 정품_878,780","멀티팩 정품_878,690"
9736752,AMD EPYC 7302 (롬),"정품_700,000","정품_700,000","정품_700,000","정품_700,000","정품_700,000","정품_700,000","정품_700,000","정품_700,000","정품_700,000","정품_700,000","정품_700,000","정품_700,000",0,0,0,0,0
9736764,AMD EPYC 7302P (롬),"정품_1,038,360","정품_1,038,340",0,0,0,0,0,0,0,0,0,0,0,0,0,0,0
99127040,AMD EPYC 7313P (밀라노),0,0,0,0,0,0,0,0,0,0,0,0,0,0,"벌크 병행_1,350,000","벌크 병행_1,350,000","벌크 병행_1,350,000"
4143917,AMD FX 8300 (비쉐라),"중고_18,780","중고_18,780","중고_18,780","중고_18,780",0,0,0,0,0,0,0,0,0,0,0,0,0
11035590,AMD 라이젠 스레드리퍼 1900X (화이트헤븐),"해외구매_1,351,930","해외구매_1,351,930","해외구매_1,339,000","해외구매_1,339,000","해외구매_1,337,560","해외구매_1,337,560","해외구매_1,337,560","해외구매_1,337,560","해외구매_1,337,560","해외구매_1,337,560","해외구매_1,337,560","해외구매_1,337,560","해외구매_1,337,560","해외구매_1,337,560","해외구매_1,337,560","해외구매_1,337,560","해외구매_1,337,560"
5565155,AMD 라이젠 스레드리퍼 1920X (화이트헤븐),"해외구매_205,390","해외구매_205,390","해외구매_203,420","해외구매_203,420","해외구매_203,420","해외구매_203,420","해외구매_203,420","해외구매_203,420","해외구매_203,420","해외구매_203,420","해외구매_203,420","해외구매_203,420","해외구매_203,420","해외구매_203,420","해외구매_203,420","해외구매_203,420","해외구매_203,420"
5565728,AMD 라이젠 스레드리퍼 1950X (화이트헤븐),"해외구매_587,570","해외구매_587,570","해외구매_587,570","해외구매_587,570","해외구매_587,570","해외구매_587,570","해외구매_587,570","해외구매_587,570","해외구매_587,570","해외구매_587,570","해외구매_587,570","해외구매_587,570","해외구매_587,570","해외구매_587,570","해외구매_587,570","해외구매_587,570","해외구매_587,570"
10946196,AMD 라이젠 스레드리퍼 2920X (콜팩스),"해외구매_755,300","해외구매_755,300","해외구매_755,300","해외구매_755,300","해외구매_755,300","해외구매_755,300","해외구매_755,300","해외구매_755,300","해외구매_755,300","해외구매_755,300","해외구매_755,300","해외구매_755,300","해외구매_755,300","해외구매_755,300","해외구매_755,300","해외구매_755,300","해외구매_755,300"
11036559,AMD 라이젠 스레드리퍼 2950X (콜팩스),"해외구매_915,510","해외구매_915,510","해외구매_915,510","해외구매_915,510","해외구매_915,510","해외구매_915,510","해외구매_915,510","해외구매_915,510","해외구매_915,510","해외구매_915,510","해외구매_915,510","해외구매_878,900","해외구매_878,900","해외구매_878,900","해외구매_878,900","해외구매_878,900","해외구매_878,900"
11038053,AMD 라이젠 스레드리퍼 2970WX (콜팩스),"해외구매_2,350,000","해외구매_2,350,000","해외구매_2,350,000","해외구매_2,350,000","해외구매_2,350,000","해외구매_2,350,000","해외구매_2,350,000","해외구매_2,350,000","해외구매_2,350,000","해외구매_2,350,000","해외구매_2,350,000","해외구매_2,350,000","해외구매_2,350,000","해외구매_2,350,000","해외구매_2,350,000","해외구매_2,350,000","해외구매_2,350,000"
11035740,AMD 라이젠 스레드리퍼 2990WX (콜팩스),"해외구매_1,304,460","해외구매_1,304,460","해외구매_1,304,460","해외구매_1,304,460","해외구매_1,304,460","해외구매_1,304,460","해외구매_1,304,460","해외구매_1,304,460","해외구매_1,304,460","해외구매_1,304,460","해외구매_1,304,460","해외구매_1,304,460","해외구매_1,304,460","해외구매_1,304,460","해외구매_1,304,460","해외구매_1,304,460","해외구매_1,304,460"
11035356,AMD 라이젠 스레드리퍼 3960X (캐슬 픽),"해외구매_1,013,100","해외구매_1,013,100","해외구매_1,013,100","해외구매_1,013,100","해외구매_1,013,100","해외구매_1,013,100","해외구매_1,013,100","해외구매_1,013,100","해외구매_1,013,100","해외구매_1,013,100","해외구매_1,013,100","해외구매_1,013,100","해외구매_1,013,100","해외구매_1,013,100","해외구매_1,013,100","해외구매_1,013,100","해외구매_1,013,100"
14079716,AMD 라이젠 스레드리퍼 3970X (캐슬 픽),"해외구매_2,655,050","해외구매_2,655,050","해외구매_2,655,050","해외구매_2,655,050","해외구매_2,655,050","해외구매_2,655,050","해외구매_2,655,050","해외구매_2,655,050","해외구매_2,655,050","해외구매_2,655,050","해외구매_2,655,050","해외구매_2,655,050","해외구매_2,655,050","해외구매_2,655,050","해외구매_2,655,050","해외구매_2,655,050","해외구매_2,655,050"
30131825,AMD 라이젠 스레드리퍼 7960X (스톰 픽),"_정품_1,935,280|_멀티팩 정품_1,899,000","_정품_1,935,280|_멀티팩 정품_1,899,000","_정품_1,935,280|_멀티팩 정품_1,899,000","_정품_1,935,280|_멀티팩 정품_1,899,000","_정품_1,935,280|_멀티팩 정품_1,899,000","_정품_1,935,280|_멀티팩 정품_1,899,000","_정품_1,935,280|_멀티팩 정품_1,899,000","_정품_1,935,280|_멀티팩 정품_1,899,000","_정품_1,935,280|_멀티팩 정품_1,899,000","_정품_1,935,280|_멀티팩 정품_1,899,000","_정품_1,935,280|_멀티팩 정품_1,899,000","_정품_1,935,280|_멀티팩 정품_1,899,000","_정품_1,935,280|_멀티팩 정품_1,899,000","_정품_1,935,280|_멀티팩 정품_1,899,000","_정품_1,935,280|_멀티팩 정품_1,899,000","_정품_1,935,280|_멀티팩 정품_1,899,000","_정품_1,935,280|_멀티팩 정품_1,899,000"
30131816,AMD 라이젠 스레드리퍼 7970X (스톰 픽),"_정품_3,667,030|_멀티팩 정품_3,498,610","_정품_3,667,030|_멀티팩 정품_3,498,610","_정품_3,667,030|_멀티팩 정품_3,498,530","_정품_3,667,030|_멀티팩 정품_3,498,510","_정품_3,400,000|_멀티팩 정품_3,498,430","_정품_3,400,000|_멀티팩 정품_3,498,410","_정품_3,400,000|_멀티팩 정품_3,498,320","_정품_3,400,000|_멀티팩 정품_3,498,290","_정품_3,400,000|_멀티팩 정품_3,498,290","_정품_3,690,000|_멀티팩 정품_3,498,290","_정품_3,690,000|_멀티팩 정품_3,498,200","_정품_3,690,000|_멀티팩 정품_3,498,170","_정품_3,690,000|_멀티팩 정품_3,498,170","_정품_3,690,000|_멀티팩 정품_3,498,170","_정품_3,690,000|_멀티팩 정품_3,498,090","_정품_3,690,000|_멀티팩 정품_3,498,050","_정품_3,690,000|_멀티팩 정품_3,498,050"
30131798,AMD 라이젠 스레드리퍼 7980X (스톰 픽),"_정품_6,919,720|_멀티팩 정품_6,841,790","_정품_6,919,680|_멀티팩 정품_6,841,790","_정품_6,919,680|_멀티팩 정품_6,841,790","_정품_6,919,680|_멀티팩 정품_6,841,790","_정품_6,919,580|_멀티팩 정품_6,841,790","_정품_6,919,570|_멀티팩 정품_6,841,790","_정품_6,919,990|_멀티팩 정품_6,841,790","_정품_6,919,990|_멀티팩 정품_6,841,790","_정품_6,919,990|_멀티팩 정품_6,841,790","_정품_6,919,990|_멀티팩 정품_6,841,790","_정품_6,919,990|_멀티팩 정품_6,841,790","_정품_6,919,990|_멀티팩 정품_6,841,790","_정품_6,919,990|_멀티팩 정품_6,841,790","_정품_6,919,990|_멀티팩 정품_6,841,790","_정품_6,919,990|_멀티팩 정품_6,841,790","_정품_6,919,990|_멀티팩 정품_6,841,790","_정품_6,919,990|_멀티팩 정품_6,841,790"
94932623,AMD 라이젠 스레드리퍼 9960X (시마다 픽),"멀티팩 정품_2,328,760","멀티팩 정품_2,328,760","멀티팩 정품_2,328,760","멀티팩 정품_2,328,760","멀티팩 정품_2,328,760","멀티팩 정품_2,328,760","멀티팩 정품_2,328,760","멀티팩 정품_2,328,760","멀티팩 정품_2,328,760","멀티팩 정품_2,328,760","멀티팩 정품_2,328,760","멀티팩 정품_2,328,760","멀티팩 정품_2,328,760","멀티팩 정품_2,328,760","멀티팩 정품_2,328,760","멀티팩 정품_2,328,760","멀티팩 정품_2,328,760"
94932554,AMD 라이젠 스레드리퍼 9970X (시마다 픽),"멀티팩 정품_3,855,610","멀티팩 정품_3,855,590","멀티팩 정품_3,855,520","멀티팩 정품_3,855,490","멀티팩 정품_3,855,410","멀티팩 정품_3,855,400","멀티팩 정품_3,889,980","멀티팩 정품_3,889,980","멀티팩 정품_3,889,980","멀티팩 정품_3,889,980","멀티팩 정품_3,889,980","멀티팩 정품_3,889,980","멀티팩 정품_3,889,980","멀티팩 정품_3,889,980","멀티팩 정품_3,889,980","멀티팩 정품_3,889,980","멀티팩 정품_3,889,980"
94932239,AMD 라이젠 스레드리퍼 9980X (시마다 픽),"멀티팩 정품_7,749,880","멀티팩 정품_7,749,860","멀티팩 정품_7,749,770","멀티팩 정품_7,749,740","멀티팩 정품_7,749,650","멀티팩 정품_7,749,630","멀티팩 정품_7,749,630","멀티팩 정품_7,749,630","멀티팩 정품_7,749,990","멀티팩 정품_7,749,990","멀티팩 정품_7,749,990","멀티팩 정품_7,749,990","멀티팩 정품_7,749,990","멀티팩 정품_7,749,990","멀티팩 정품_7,749,990","멀티팩 정품_7,749,990","멀티팩 정품_7,749,990"
13491257,AMD 라이젠 스레드리퍼 PRO 3955WX (캐슬 픽-W),"_정품_902,850|_해외구매_909,000","_정품_902,850|_해외구매_909,000","_정품_902,850|_해외구매_909,000","_정품_902,850|_해외구매_909,000","_정품_902,850|_해외구매_909,000","_정품_902,850|_해외구매_909,000","_정품_902,850|_해외구매_909,000","_정품_902,850|_해외구매_909,000","_정품_902,850|_해외구매_909,000","_정품_902,850|_해외구매_909,000","_정품_902,850|_해외구매_909,000","_정품_902,850|_해외구매_909,000","_정품_902,850|_해외구매_909,000","_정품_902,850|_해외구매_909,000","_정품_902,850|_해외구매_909,000","_정품_902,850|_해외구매_909,000","_정품_902,850|_해외구매_909,000"
18614342,AMD 라이젠 스레드리퍼 PRO 3975WX (캐슬 픽-W),"_벌크 병행_2,180,800|_해외구매_1,306,900|중고_1,490,000","_벌크 병행_2,180,800|_해외구매_1,306,900|중고_1,490,000","_벌크 병행_2,180,800|_해외구매_1,306,900|중고_1,490,000","_벌크 병행_2,180,800|_해외구매_1,306,900|중고_1,490,000","_벌크 병행_2,180,800|_해외구매_1,306,900|중고_1,490,000","_벌크 병행_2,180,800|_해외구매_1,306,900|중고_1,490,000","_벌크 병행_2,180,800|_해외구매_1,306,900|중고_1,490,000","_벌크 병행_2,180,800|_해외구매_1,306,900|중고_1,490,000","_벌크 병행_2,180,800|_해외구매_1,306,900|중고_1,490,000","_벌크 병행_2,180,800|_해외구매_1,306,900|중고_1,490,000","_벌크 병행_2,227,200|_해외구매_1,306,900|중고_1,490,000","_벌크 병행_2,227,200|_해외구매_1,306,900|중고_1,490,000","_벌크 병행_2,227,200|_해외구매_1,306,900|중고_1,490,000","_벌크 병행_2,227,200|_해외구매_1,306,900|중고_1,490,000","_벌크 병행_2,227,200|_해외구매_1,306,900|중고_1,490,000","_벌크 병행_2,227,200|_해외구매_1,306,900|중고_1,490,000","_벌크 병행_2,227,200|_해외구매_1,306,900|중고_1,490,000"
18000296,AMD 라이젠 스레드리퍼 PRO 3995WX (캐슬 픽-W),"해외구매_12,500,000","해외구매_12,500,000","해외구매_12,500,000","해외구매_12,500,000","해외구매_12,500,000","해외구매_12,500,000","해외구매_12,500,000","해외구매_12,500,000","해외구매_12,500,000","해외구매_12,500,000","해외구매_12,500,000","해외구매_12,500,000","해외구매_12,500,000","해외구매_12,500,000","해외구매_12,500,000","해외구매_12,500,000","해외구매_12,500,000"
18055820,AMD 라이젠 스레드리퍼 PRO 5955WX (샤갈 프로),"_정품_1,625,680|_벌크 병행_1,504,750|해외구매_2,236,000","_정품_1,625,650|_벌크 병행_1,504,710|해외구매_2,236,000","_정품_1,625,650|_벌크 병행_1,504,710|해외구매_2,236,000","_정품_1,625,650|_벌크 병행_1,504,710|해외구매_2,236,000","_정품_1,625,550|_벌크 병행_1,504,610|해외구매_2,236,000","_정품_1,625,530|_벌크 병행_1,504,580|해외구매_2,236,000","_정품_1,625,530|_벌크 병행_1,504,490|해외구매_2,236,000","_정품_1,625,530|_벌크 병행_1,504,470|해외구매_2,236,000","_정품_1,625,430|_벌크 병행_1,504,370|해외구매_2,236,000","_정품_1,625,410|_벌크 병행_1,504,350|해외구매_2,236,000","_정품_1,625,410|_벌크 병행_1,504,250|해외구매_2,236,000","_정품_1,625,380|_벌크 병행_1,504,200|해외구매_2,236,000","_정품_1,625,320|_벌크 병행_1,504,140|해외구매_2,236,000","_정품_1,625,290|_벌크 병행_1,504,110|해외구매_2,236,000","_정품_1,625,290|_벌크 병행_1,504,030|해외구매_2,236,000","_정품_1,625,290|_벌크 병행_1,503,990|해외구매_2,236,000","_정품_1,625,210|_벌크 병행_1,503,910|해외구매_2,236,000"
17570816,AMD 라이젠 스레드리퍼 PRO 5965WX (샤갈 프로),"정품_2,100,000","정품_2,100,000","정품_2,100,000","정품_2,100,000","정품_2,100,000","정품_2,100,000","정품_2,100,000","정품_2,100,000","정품_2,100,000","정품_2,100,000","정품_2,100,000","정품_2,100,000","정품_2,100,000","정품_2,100,000","정품_2,100,000","정품_2,100,000","정품_2,100,000"
20685467,AMD 라이젠 스레드리퍼 PRO 5975WX (샤갈 프로),"멀티팩 정품_3,114,000|_정품_3,051,750|_해외구매_5,578,000","멀티팩 정품_3,114,000|_정품_3,051,750|_해외구매_5,578,000","멀티팩 정품_3,114,000|_정품_3,051,750|_해외구매_5,578,000","멀티팩 정품_3,114,000|_정품_3,051,750|_해외구매_5,578,000","멀티팩 정품_3,114,000|_정품_3,051,750|_해외구매_5,578,000","멀티팩 정품_3,114,000|_정품_3,051,750|_해외구매_5,578,000","멀티팩 정품_3,114,000|_정품_3,051,750|_해외구매_5,578,000","멀티팩 정품_3,114,000|_정품_3,051,750|_해외구매_5,578,000","멀티팩 정품_3,114,000|_정품_3,051,750|_해외구매_5,578,000","멀티팩 정품_3,114,000|_정품_3,051,750|_해외구매_5,578,000","멀티팩 정품_3,114,000|_정품_3,051,750|_해외구매_5,578,000","멀티팩 정품_3,114,000|_정품_3,051,750|_해외구매_5,578,000","멀티팩 정품_3,114,000|_정품_3,051,750|_해외구매_5,578,000","멀티팩 정품_3,114,000|_정품_3,051,750|_해외구매_5,578,000","멀티팩 정품_3,114,000|_정품_3,051,750|_해외구매_5,578,000","멀티팩 정품_3,114,000|_정품_3,051,750|_해외구매_5,578,000","멀티팩 정품_3,114,000|_정품_3,051,750|_해외구매_5,578,000"
17570783,AMD 라이젠 스레드리퍼 PRO 5995WX (샤갈 프로),"정품_7,074,300","정품_7,074,300","정품_7,074,300","정품_7,074,300","정품_7,074,300","정품_7,074,300","정품_7,074,300","정품_7,074,300","정품_7,074,300","정품_7,074,300","정품_7,074,300","정품_7,074,300","정품_7,074,300","정품_7,074,300","정품_7,074,300","정품_7,074,300","정품_7,074,300"
72674036,AMD 라이젠 스레드리퍼 PRO 7955WX (스톰 픽),"_멀티팩 정품_4,023,000|_정품_2,902,540","_멀티팩 정품_4,023,000|_정품_2,902,540","_멀티팩 정품_4,023,000|_정품_2,902,540","_멀티팩 정품_4,023,000|_정품_2,902,540","_멀티팩 정품_4,023,000|_정품_2,902,540","_멀티팩 정품_4,023,000|_정품_2,902,540","_멀티팩 정품_4,023,000|_정품_2,902,540","_멀티팩 정품_4,023,000|_정품_2,902,540","_멀티팩 정품_4,023,000|_정품_2,902,540","_멀티팩 정품_4,023,000|_정품_2,902,540","_멀티팩 정품_4,023,000|_정품_2,902,540","_멀티팩 정품_4,023,000|_정품_2,902,540","_멀티팩 정품_4,023,000|_정품_2,902,540","_멀티팩 정품_4,023,000|_정품_2,902,540","_멀티팩 정품_4,023,000|_정품_2,902,540","_멀티팩 정품_4,023,000|_정품_2,902,540","_멀티팩 정품_4,023,000|_정품_2,902,540"
30143039,AMD 라이젠 스레드리퍼 PRO 7965WX (스톰 픽),"멀티팩 정품_4,232,290","멀티팩 정품_4,232,280","멀티팩 정품_4,232,200","멀티팩 정품_4,232,170","멀티팩 정품_4,232,170","멀티팩 정품_4,232,160","멀티팩 정품_4,232,160","멀티팩 정품_4,232,160","멀티팩 정품_4,232,160","멀티팩 정품_4,232,160","멀티팩 정품_4,232,160","멀티팩 정품_4,232,160","멀티팩 정품_4,232,160","멀티팩 정품_4,232,160","멀티팩 정품_4,232,160","멀티팩 정품_4,232,160","멀티팩 정품_4,232,160"
30143105,AMD 라이젠 스레드리퍼 PRO 7975WX (스톰 픽),"_멀티팩 정품_6,089,840|_해외구매_9,200,000","_멀티팩 정품_6,089,800|_해외구매_9,200,000","_멀티팩 정품_6,089,800|_해외구매_9,200,000","_멀티팩 정품_6,089,800|_해외구매_9,200,000","_멀티팩 정품_6,089,700|_해외구매_9,200,000","_멀티팩 정품_6,089,670|_해외구매_9,200,000","_멀티팩 정품_6,089,670|_해외구매_9,200,000","_멀티팩 정품_6,089,670|_해외구매_9,200,000","_멀티팩 정품_6,089,670|_해외구매_9,200,000","_멀티팩 정품_6,089,670|_해외구매_9,200,000","_멀티팩 정품_6,089,670|_해외구매_9,200,000","_멀티팩 정품_6,089,670|_해외구매_9,200,000","_멀티팩 정품_6,089,670|_해외구매_9,200,000","_멀티팩 정품_6,089,670|_해외구매_9,200,000","_멀티팩 정품_6,089,670|_해외구매_9,200,000","_멀티팩 정품_6,089,670|_해외구매_9,200,000","_멀티팩 정품_6,089,670|_해외구매_9,200,000"
30143060,AMD 라이젠 스레드리퍼 PRO 7985WX (스톰 픽),"_멀티팩 정품_9,862,320|_정품_10,050,000","_멀티팩 정품_9,862,300|_정품_10,050,000","_멀티팩 정품_9,862,210|_정품_10,050,000","_멀티팩 정품_9,862,180|_정품_10,050,000","_멀티팩 정품_9,862,180|_정품_10,050,000","_멀티팩 정품_9,862,180|_정품_10,050,000","_멀티팩 정품_9,862,080|_정품_10,050,000","_멀티팩 정품_9,862,060|_정품_10,050,000","_멀티팩 정품_9,861,960|_정품_10,050,000","_멀티팩 정품_9,861,930|_정품_10,050,000","_멀티팩 정품_9,889,490|_정품_10,050,000","_멀티팩 정품_9,882,490|_정품_10,050,000","_멀티팩 정품_9,875,490|_정품_10,050,000","_멀티팩 정품_9,899,990|_정품_10,050,000","_멀티팩 정품_9,864,990|_정품_10,050,000","_멀티팩 정품_9,861,490|_정품_10,050,000","_멀티팩 정품_9,878,990|_정품_10,050,000"
30142979,AMD 라이젠 스레드리퍼 PRO 7995WX (스톰 픽),"_멀티팩 정품_14,142,380|_정품_14,000,000|해외구매_13,551,300","_멀티팩 정품_14,142,380|_정품_14,000,000|해외구매_13,551,300","_멀티팩 정품_14,142,380|_정품_14,000,000|해외구매_13,551,300","_멀티팩 정품_14,142,380|_정품_14,000,000|해외구매_13,551,300","_멀티팩 정품_14,142,380|_정품_14,000,000|해외구매_13,551,300","_멀티팩 정품_14,142,380|_정품_14,000,000|해외구매_13,551,300","_멀티팩 정품_14,142,380|_정품_14,000,000|해외구매_13,551,300","_멀티팩 정품_14,142,380|_정품_14,000,000|해외구매_13,551,300","_멀티팩 정품_14,142,380|_정품_14,000,000|해외구매_13,551,300","_멀티팩 정품_14,142,380|_정품_14,000,000|해외구매_13,551,300","_멀티팩 정품_14,142,380|_정품_14,000,000|해외구매_13,551,300","_멀티팩 정품_14,142,380|_정품_14,000,000|해외구매_13,551,300","_멀티팩 정품_14,142,380|_정품_14,000,000|해외구매_13,551,300","_멀티팩 정품_14,142,380|_정품_14,000,000|해외구매_13,551,300","_멀티팩 정품_14,142,380|_정품_14,000,000|해외구매_13,551,300","_멀티팩 정품_14,142,380|_정품_14,000,000|해외구매_13,551,300","_멀티팩 정품_14,142,380|_정품_14,000,000|해외구매_13,551,300"
94691237,AMD 라이젠 스레드리퍼 PRO 9955WX (시마다 픽),"멀티팩 정품_2,593,390","멀티팩 정품_2,593,390","멀티팩 정품_2,593,390","멀티팩 정품_2,593,390","멀티팩 정품_2,593,390","멀티팩 정품_2,593,390","멀티팩 정품_2,593,390","멀티팩 정품_2,593,390","멀티팩 정품_2,593,390","멀티팩 정품_2,593,390","멀티팩 정품_2,593,390","멀티팩 정품_2,593,390","멀티팩 정품_2,593,390","멀티팩 정품_2,593,390","멀티팩 정품_2,593,390","멀티팩 정품_2,593,390","멀티팩 정품_2,593,390"
94690922,AMD 라이젠 스레드리퍼 PRO 9965WX (시마다 픽),"멀티팩 정품_4,519,390","멀티팩 정품_4,518,890","멀티팩 정품_4,516,920","멀티팩 정품_4,516,410","멀티팩 정품_4,514,440","멀티팩 정품_4,513,950","멀티팩 정품_4,513,950","멀티팩 정품_4,513,950","멀티팩 정품_4,513,950","멀티팩 정품_4,513,950","멀티팩 정품_4,513,950","멀티팩 정품_4,513,950","멀티팩 정품_4,513,950","멀티팩 정품_4,513,950","멀티팩 정품_4,513,950","멀티팩 정품_4,513,950","멀티팩 정품_4,513,950"
94690814,AMD 라이젠 스레드리퍼 PRO 9975WX (시마다 픽),"멀티팩 정품_6,496,710","멀티팩 정품_6,496,690","멀티팩 정품_6,496,620","멀티팩 정품_6,496,590","멀티팩 정품_6,496,590","멀티팩 정품_6,496,590","멀티팩 정품_6,496,510","멀티팩 정품_6,496,490","멀티팩 정품_6,496,410","멀티팩 정품_6,496,390","멀티팩 정품_6,496,360","멀티팩 정품_6,496,980","멀티팩 정품_6,496,980","멀티팩 정품_6,496,980","멀티팩 정품_6,496,980","멀티팩 정품_6,496,980","멀티팩 정품_6,496,980"
94690649,AMD 라이젠 스레드리퍼 PRO 9985WX (시마다 픽),"멀티팩 정품_12,299,990","멀티팩 정품_12,299,990","멀티팩 정품_12,299,990","멀티팩 정품_12,299,990","멀티팩 정품_12,299,990","멀티팩 정품_12,299,990","멀티팩 정품_12,299,990","멀티팩 정품_12,299,990","멀티팩 정품_12,299,990","멀티팩 정품_12,299,990","멀티팩 정품_12,299,990","멀티팩 정품_12,299,990","멀티팩 정품_12,299,990","멀티팩 정품_12,299,990","멀티팩 정품_12,299,990","멀티팩 정품_12,299,990","멀티팩 정품_12,299,990"
94690457,AMD 라이젠 스레드리퍼 PRO 9995WX (시마다 픽),"멀티팩 정품_18,377,020","멀티팩 정품_18,375,000","멀티팩 정품_18,368,970","멀티팩 정품_18,366,940","멀티팩 정품_18,360,920","멀티팩 정품_18,362,900","멀티팩 정품_18,360,820","멀티팩 정품_18,360,780","멀티팩 정품_18,360,690","멀티팩 정품_18,360,670","멀티팩 정품_18,360,570","멀티팩 정품_18,360,520","멀티팩 정품_18,360,460","멀티팩 정품_18,360,430","멀티팩 정품_18,360,350","멀티팩 정품_18,360,310","멀티팩 정품_18,360,230"
18704354,AMD 라이젠3 PRO 4350G (르누아르),"중고_101,250","중고_101,250","중고_101,250","중고_101,250","중고_101,250","중고_101,250","중고_101,250","중고_101,250","중고_101,250","중고_105,750","중고_108,000","중고_108,000","중고_108,000","중고_108,000","중고_108,000","중고_108,000","중고_108,000"
11022333,AMD 라이젠3-1세대 2200G (레이븐 릿지),"_해외구매_48,300|_중고_23,540","_해외구매_48,300|_중고_23,510","_해외구매_48,300|_중고_23,510","_해외구매_48,300|_중고_23,500","_해외구매_48,300|_중고_23,500","_해외구매_48,300|_중고_23,510","_해외구매_48,300|_중고_23,690","_해외구매_48,300|_중고_23,690","_해외구매_48,300|_중고_23,690","_해외구매_48,300|_중고_23,690","_해외구매_48,300|_중고_23,690","_해외구매_48,300|_중고_23,690","_해외구매_48,300|_중고_23,690","_해외구매_48,300|_중고_23,690","_해외구매_48,300|_중고_23,690","_해외구매_48,300|_중고_23,690","_해외구매_48,300|_중고_23,690"
12401438,AMD 라이젠3-2세대 3200G (피카소),"_멀티팩 정품_89,000|정품_87,700|_해외구매_73,450|중고_61,920","_멀티팩 정품_89,000|정품_87,700|_해외구매_73,450|중고_61,920","_멀티팩 정품_89,000|정품_87,700|_해외구매_73,450|중고_61,920","_멀티팩 정품_89,000|정품_87,700|_해외구매_73,450|중고_61,920","_멀티팩 정품_89,000|정품_87,700|_해외구매_73,450|중고_61,920","_멀티팩 정품_89,000|정품_87,700|_해외구매_73,450|중고_61,920","_멀티팩 정품_89,000|정품_87,700|_해외구매_73,450|중고_61,920","_멀티팩 정품_89,000|정품_87,700|_해외구매_73,450|중고_61,920","_멀티팩 정품_92,300|_정품_87,700|해외구매_73,450|중고_61,920","_멀티팩 정품_92,300|_정품_87,700|해외구매_73,450|중고_62,990","_멀티팩 정품_92,300|정품_87,700|_해외구매_71,870|중고_62,990","_멀티팩 정품_91,840|정품_87,700|_해외구매_71,860|중고_62,990","_멀티팩 정품_91,800|정품_87,700|_해외구매_71,660|중고_62,990","_멀티팩 정품_91,800|정품_87,700|_해외구매_71,650|중고_62,990","_멀티팩 정품_91,800|정품_87,700|_해외구매_71,650|중고_62,990","_멀티팩 정품_91,800|정품_87,700|_해외구매_71,650|중고_62,990","_멀티팩 정품_91,800|정품_87,700|_해외구매_71,650|중고_62,990"
12200864,AMD 라이젠3-3세대 3100 (마티스),0,"해외구매_283,400","해외구매_283,400","해외구매_283,400","해외구매_283,400","해외구매_283,400","해외구매_283,400","해외구매_283,400","해외구매_283,400","해외구매_283,400","해외구매_283,400","해외구매_283,400","해외구매_283,400","해외구매_283,400","해외구매_283,400","해외구매_283,400","해외구매_283,400"
12625094,AMD 라이젠3-3세대 3300X (마티스),"_멀티팩 정품_270,000|_해외구매_95,600|중고_50,670","_멀티팩 정품_270,000|_해외구매_95,600|중고_50,670","_멀티팩 정품_270,000|_해외구매_95,600|중고_50,670","_멀티팩 정품_270,000|_해외구매_95,600|중고_50,670","_멀티팩 정품_270,000|_해외구매_95,600|중고_50,670","_멀티팩 정품_270,000|_해외구매_95,600|중고_50,670","_멀티팩 정품_270,000|_해외구매_95,600|중고_50,670","_멀티팩 정품_270,000|_해외구매_95,600|중고_50,670","_멀티팩 정품_270,000|_해외구매_95,600|중고_50,670","_멀티팩 정품_270,000|_해외구매_95,600|중고_52,930","_멀티팩 정품_270,000|_해외구매_95,600|중고_54,050","_멀티팩 정품_270,000|_해외구매_95,600|중고_54,050","_멀티팩 정품_270,000|_해외구매_95,600|중고_54,050","_멀티팩 정품_270,000|_해외구매_95,600|중고_54,050","_멀티팩 정품_270,000|_해외구매_95,600|중고_54,050","_멀티팩 정품_270,000|_해외구매_95,600|중고_54,050","_멀티팩 정품_270,000|_해외구매_95,600|중고_54,050"
16740590,AMD 라이젠3-3세대 4100 (르누아르-X),"멀티팩 정품_81,000","멀티팩 정품_81,000","멀티팩 정품_81,000","멀티팩 정품_81,000","멀티팩 정품_81,000","멀티팩 정품_81,000","멀티팩 정품_81,000","멀티팩 정품_81,000","멀티팩 정품_81,000","멀티팩 정품_81,000","멀티팩 정품_81,000","멀티팩 정품_81,000","멀티팩 정품_81,000","멀티팩 정품_81,000","멀티팩 정품_81,000","멀티팩 정품_81,000","멀티팩 정품_81,000"
70254251,AMD 라이젠3-4세대 5300G (세잔),"멀티팩 정품_178,670","멀티팩 정품_178,670","멀티팩 정품_178,670","멀티팩 정품_178,670","멀티팩 정품_178,670","멀티팩 정품_178,670","멀티팩 정품_178,670","멀티팩 정품_178,670","멀티팩 정품_178,670","멀티팩 정품_178,670","멀티팩 정품_178,670","멀티팩 정품_178,670","멀티팩 정품_178,670","멀티팩 정품_178,670","멀티팩 정품_178,670","멀티팩 정품_178,670","멀티팩 정품_178,670"
11876443,AMD 라이젠5 PRO 4650G (르누아르),"_멀티팩 정품_220,000|_해외구매_336,690","_멀티팩 정품_220,000|_해외구매_336,690","_멀티팩 정품_220,000|_해외구매_333,470","_멀티팩 정품_220,000|_해외구매_333,470","_멀티팩 정품_220,000|_해외구매_333,110","_멀티팩 정품_220,000|_해외구매_333,110","_멀티팩 정품_220,000|_해외구매_333,110","_멀티팩 정품_220,000|_해외구매_333,110","_멀티팩 정품_220,000|_해외구매_333,110","_멀티팩 정품_220,000|_해외구매_333,110","_멀티팩 정품_220,000|_해외구매_333,110","_멀티팩 정품_220,000|_해외구매_333,110","_멀티팩 정품_220,000|_해외구매_333,110","_멀티팩 정품_220,000|_해외구매_333,110","_멀티팩 정품_220,000|_해외구매_333,110","_멀티팩 정품_220,000|_해외구매_333,110","_멀티팩 정품_220,000|_해외구매_333,110"
29658575,AMD 라이젠5 PRO 7645 (라파엘),"멀티팩 정품_349,470","멀티팩 정품_349,470","멀티팩 정품_349,470","멀티팩 정품_349,470","멀티팩 정품_349,470","멀티팩 정품_349,470","멀티팩 정품_349,470","멀티팩 정품_349,470","멀티팩 정품_349,470","멀티팩 정품_349,470","멀티팩 정품_349,470","멀티팩 정품_349,470","멀티팩 정품_349,470","멀티팩 정품_349,470","멀티팩 정품_349,470","멀티팩 정품_349,470","멀티팩 정품_349,470"
122621789,AMD 라이젠5 PRO 8500G (피닉스),"멀티팩 정품_240,590","멀티팩 정품_240,590","멀티팩 정품_240,590","멀티팩 정품_240,590","멀티팩 정품_240,590","멀티팩 정품_240,590","멀티팩 정품_240,590","멀티팩 정품_240,590","멀티팩 정품_240,590","멀티팩 정품_240,590","멀티팩 정품_240,590","멀티팩 정품_240,590","멀티팩 정품_240,590","멀티팩 정품_240,590","멀티팩 정품_240,590","멀티팩 정품_240,590","멀티팩 정품_240,590"
106222460,AMD 라이젠5 PRO 8600G (피닉스),"멀티팩 정품_309,310","멀티팩 정품_309,310","멀티팩 정품_309,310","멀티팩 정품_309,310","멀티팩 정품_309,310","멀티팩 정품_309,310","멀티팩 정품_309,310","멀티팩 정품_309,310","멀티팩 정품_309,310","멀티팩 정품_309,310","멀티팩 정품_309,310","멀티팩 정품_309,310","멀티팩 정품_309,310","멀티팩 정품_309,310","멀티팩 정품_309,310","멀티팩 정품_309,310","멀티팩 정품_309,310"
5401751,AMD 라이젠5-1세대 1400 (서밋 릿지),"_해외구매_28,900|_중고_21,760","_해외구매_28,900|_중고_21,760","_해외구매_28,900|_중고_21,760","_해외구매_28,900|_중고_21,760","_해외구매_28,900|_중고_21,760","_해외구매_28,900|_중고_21,760","_해외구매_28,900|_중고_21,760","_해외구매_28,900|_중고_21,760","_해외구매_28,900|_중고_21,760","_해외구매_28,900|_중고_21,760","_해외구매_28,900|_중고_21,760","_해외구매_28,900|_중고_21,760","_해외구매_28,900|_중고_21,760","_해외구매_28,900|_중고_21,760","_해외구매_28,900|_중고_21,760","_해외구매_28,900|_중고_21,760","_해외구매_28,900|_중고_21,760"
5401735,AMD 라이젠5-1세대 1500X (서밋 릿지),"_해외구매_38,500|_중고_23,410","_해외구매_38,500|_중고_23,410","_해외구매_38,500|_중고_23,410","_해외구매_38,500|_중고_23,410","_해외구매_38,500|_중고_23,410","_해외구매_38,500|_중고_23,410","_해외구매_38,500|_중고_23,410","_해외구매_38,500|_중고_23,410","_해외구매_38,500|_중고_23,410","_해외구매_38,500|_중고_23,410","_해외구매_38,500|_중고_23,910","_해외구매_38,500|_중고_23,910","_해외구매_38,500|_중고_23,910","_해외구매_38,500|_중고_23,910","_해외구매_38,500|_중고_23,910","_해외구매_38,500|_중고_23,910","_해외구매_38,500|_중고_23,910"
13822442,AMD 라이젠5-1세대 1600 (서밋 릿지),0,0,"중고_34,500","중고_34,500","중고_34,500","중고_34,500","중고_34,500","중고_34,500","중고_34,500","중고_35,250","중고_36,000","중고_36,000","중고_36,000","중고_36,000","중고_36,000","중고_36,000","중고_36,000"
6333162,AMD 라이젠5-2세대 2600 (피나클 릿지),"해외구매_58,050","해외구매_58,050","해외구매_58,050","해외구매_58,050","해외구매_58,050","해외구매_58,050","해외구매_58,050","해외구매_58,050","해외구매_62,170","해외구매_62,170","해외구매_62,170","해외구매_62,170","해외구매_62,170","해외구매_62,170","해외구매_62,170","해외구매_62,170","해외구매_62,170"
11026104,AMD 라이젠5-2세대 2600X (피나클 릿지),"_해외구매_68,740|_중고_106,030","_해외구매_68,730|_중고_106,030","_해외구매_68,730|_중고_106,030","_해외구매_68,730|_중고_106,030","_해외구매_68,730|_중고_106,030","_해외구매_68,730|_중고_106,030","_해외구매_68,730|_중고_106,030","_해외구매_69,550|_중고_106,030","_해외구매_74,520|_중고_106,030","_해외구매_74,520|_중고_106,030","_해외구매_74,520|_중고_108,240","_해외구매_74,520|_중고_108,240","_해외구매_74,520|_중고_108,240","_해외구매_74,520|_중고_108,240","_해외구매_74,520|_중고_108,240","_해외구매_74,520|_중고_108,240","_해외구매_74,520|_중고_108,240"
10176534,AMD 라이젠5-2세대 3400G (피카소),"_멀티팩 정품_104,880|_해외구매_100,340","_멀티팩 정품_104,850|_해외구매_100,340","_멀티팩 정품_104,850|_해외구매_100,340","_멀티팩 정품_99,690|_해외구매_100,340","_멀티팩 정품_104,770|_해외구매_100,340","_멀티팩 정품_104,770|_해외구매_100,340","_멀티팩 정품_104,990|_해외구매_100,340","_멀티팩 정품_104,990|_해외구매_100,340","_멀티팩 정품_104,990|_해외구매_100,340","_멀티팩 정품_104,990|_해외구매_100,340","_멀티팩 정품_104,980|_해외구매_98,440","_멀티팩 정품_104,990|_해외구매_98,430","_멀티팩 정품_104,990|_해외구매_98,430","_멀티팩 정품_104,990|_해외구매_98,430","_멀티팩 정품_104,990|_해외구매_98,430","_멀티팩 정품_104,990|_해외구매_98,430","_멀티팩 정품_104,990|_해외구매_98,430"
75936140,AMD 라이젠5-3세대 3500 (마티스),"_중고_165,640|_해외구매_88,950","_중고_165,640|_해외구매_88,950","_중고_165,640|_해외구매_88,950","_중고_166,220|_해외구매_88,950","_중고_166,220|_해외구매_88,950","_중고_166,220|_해외구매_88,950","_중고_166,220|_해외구매_88,950","_중고_166,220|_해외구매_88,950","_중고_166,220|_해외구매_88,950","_중고_166,220|_해외구매_88,950","_중고_166,220|_해외구매_88,950","_중고_166,220|_해외구매_88,950","_중고_166,220|_해외구매_88,950","_중고_166,220|_해외구매_88,950","_중고_166,220|_해외구매_88,950","_중고_166,220|_해외구매_88,950","_중고_166,220|_해외구매_88,950"
17744591,AMD 라이젠5-3세대 3500X (마티스),"중고_190,840","중고_190,840","중고_190,840","중고_191,500","중고_191,500","중고_191,500",0,0,"중고_191,500","중고_191,500","중고_191,500","중고_191,500",0,0,0,0,0
10861092,AMD 라이젠5-3세대 3600 (마티스),"_멀티팩 정품_115,440|벌크 병행_119,000|_해외구매_101,400|중고_84,420","_멀티팩 정품_115,430|벌크 병행_119,000|_해외구매_101,400|중고_84,420","_멀티팩 정품_115,430|벌크 병행_119,000|_해외구매_101,400|중고_84,420","_멀티팩 정품_115,430|벌크 병행_119,000|_해외구매_101,400|중고_84,420","_멀티팩 정품_115,380|벌크 병행_119,000|_해외구매_101,400|중고_84,420","_멀티팩 정품_115,380|벌크 병행_119,000|_해외구매_101,400|중고_84,420","_멀티팩 정품_115,380|벌크 병행_119,000|_해외구매_101,400|중고_84,420","_멀티팩 정품_115,380|벌크 병행_119,000|_해외구매_101,400|중고_84,420","_멀티팩 정품_115,380|벌크 병행_119,000|_해외구매_92,860|중고_84,420","_멀티팩 정품_115,380|벌크 병행_119,000|_해외구매_92,860|중고_93,790","_멀티팩 정품_115,380|벌크 병행_119,000|_해외구매_92,860|중고_93,790","_멀티팩 정품_115,380|벌크 병행_119,000|_해외구매_92,860|중고_93,790","_멀티팩 정품_115,380|벌크 병행_119,000|_해외구매_92,860|중고_93,790","_멀티팩 정품_115,380|벌크 병행_119,000|_해외구매_92,860|중고_93,790","_멀티팩 정품_115,380|벌크 병행_119,000|_해외구매_92,860|중고_93,790","_멀티팩 정품_115,380|벌크 병행_119,000|_해외구매_92,860|중고_93,790","_멀티팩 정품_115,380|벌크 병행_119,000|_해외구매_92,860|중고_93,790"
11024358,AMD 라이젠5-3세대 3600X (마티스),"해외구매_109,700","해외구매_109,700","해외구매_109,170","해외구매_109,170","해외구매_109,040","해외구매_109,040","해외구매_109,040","해외구매_109,040","해외구매_109,040","해외구매_109,040","해외구매_109,040","해외구매_109,040","해외구매_109,040","해외구매_109,040","해외구매_109,040","해외구매_109,040","해외구매_109,040"
12339050,AMD 라이젠5-3세대 3600XT (마티스),0,0,"중고_106,880","중고_106,880","중고_106,880","중고_106,880","중고_106,880","중고_106,880","중고_106,880","중고_106,880","중고_106,880","중고_106,880","중고_106,880","중고_106,880","중고_106,880","중고_106,880","중고_106,880"
16740674,AMD 라이젠5-3세대 4500 (르누아르-X),"_멀티팩 정품_134,000|_해외구매_104,740","_멀티팩 정품_134,000|_해외구매_104,740","_멀티팩 정품_134,000|_해외구매_104,740","_멀티팩 정품_134,000|_해외구매_104,740","_멀티팩 정품_134,000|_해외구매_104,740","_멀티팩 정품_134,000|_해외구매_104,740","_멀티팩 정품_134,000|_해외구매_104,740","_멀티팩 정품_134,000|_해외구매_104,740","_멀티팩 정품_134,000|_해외구매_110,260","_멀티팩 정품_134,000|_해외구매_110,260","_멀티팩 정품_134,000|_해외구매_110,260","_멀티팩 정품_134,000|_해외구매_110,260","_멀티팩 정품_134,000|_해외구매_110,260","_멀티팩 정품_134,000|_해외구매_110,260","_멀티팩 정품_134,000|_해외구매_110,260","_멀티팩 정품_134,000|_해외구매_110,260","_멀티팩 정품_134,000|_해외구매_110,260"
17287790,AMD 라이젠5-3세대 4600G (르누아르),"_해외구매_163,640|_중고_146,000","_해외구매_163,640|_중고_146,000","_해외구매_161,870|_중고_146,000","_해외구매_161,870|_중고_146,000","_해외구매_161,670|_중고_146,000","_해외구매_161,670|_중고_146,000","_해외구매_161,670|_중고_146,000","_해외구매_161,670|_중고_146,000","_해외구매_161,670|_중고_146,000","_해외구매_161,670|_중고_146,000","_해외구매_161,670|_중고_146,000","_해외구매_161,670|_중고_146,000","_해외구매_161,670|_중고_146,000","_해외구매_161,670|_중고_146,000","_해외구매_161,670|_중고_146,000","_해외구매_161,670|_중고_146,000","_해외구매_161,670|_중고_146,000"
106688090,AMD 라이젠5-4세대 5500 (세잔),"_벌크 정품_159,690|중고_156,000|_해외구매_106,300","_벌크 정품_159,690|중고_156,000|_해외구매_106,300","_벌크 정품_159,690|중고_156,000|_해외구매_106,300","_벌크 정품_159,650|중고_156,000|_해외구매_106,300","_벌크 정품_159,650|중고_156,000|_해외구매_106,300","_벌크 정품_159,690|중고_156,000|_해외구매_106,300","_벌크 정품_159,690|중고_156,000|_해외구매_106,300","_벌크 정품_159,690|중고_156,000|_해외구매_106,300","_벌크 정품_159,690|중고_156,000|_해외구매_106,300","_벌크 정품_159,690|중고_156,000|_해외구매_106,300","_벌크 정품_159,690|중고_156,000|_해외구매_106,300","_벌크 정품_159,690|중고_156,000|_해외구매_106,300","_벌크 정품_159,700|중고_156,000|_해외구매_106,300","_벌크 정품_159,700|중고_156,000|_해외구매_106,300","_벌크 정품_159,700|중고_156,000|_해외구매_106,300","_벌크 정품_159,700|중고_156,000|_해외구매_106,300","_벌크 정품_159,700|중고_156,000|_해외구매_106,300"
64465532,AMD 라이젠5-4세대 5500 (세잔),0,0,0,0,0,0,"_벌크 정품_159,690|중고_156,000|_해외구매_106,300",0,"_벌크 정품_159,690|중고_156,000|_해외구매_106,300",0,"_벌크 정품_159,690|중고_156,000|_해외구매_106,300",0,0,0,0,0,0
54218171,AMD 라이젠5-4세대 5500GT (세잔),"_멀티팩 정품_195,970|_정품_194,000|벌크 병행_196,280","_멀티팩 정품_195,960|_정품_194,000|벌크 병행_196,280","_멀티팩 정품_195,960|_정품_194,000|벌크 병행_196,280","_멀티팩 정품_195,950|_정품_194,000|벌크 병행_196,280","_멀티팩 정품_195,910|_정품_194,000|벌크 병행_196,280","_멀티팩 정품_195,900|_정품_194,000|벌크 병행_196,280","_멀티팩 정품_195,910|_정품_194,000|벌크 병행_196,280","_멀티팩 정품_195,910|_정품_194,000|벌크 병행_196,280","_멀티팩 정품_195,910|_정품_194,000|벌크 병행_196,280","_멀티팩 정품_195,910|_정품_194,000|벌크 병행_196,280","_멀티팩 정품_195,910|_정품_194,000|벌크 병행_196,280","_멀티팩 정품_195,910|_정품_194,000|벌크 병행_196,280","_멀티팩 정품_195,910|_정품_202,000|벌크 병행_196,280","_멀티팩 정품_195,910|_정품_202,000|벌크 병행_196,280","_멀티팩 정품_195,910|_정품_202,000|벌크 병행_196,280","_멀티팩 정품_195,910|_정품_202,000|벌크 병행_196,280","_멀티팩 정품_195,910|_정품_202,000|벌크 병행_196,280"
16741211,AMD 라이젠5-4세대 5600 (버미어),"_멀티팩 정품_164,990|_정품_164,990|벌크 병행_165,000|해외구매_160,080","_멀티팩 정품_164,990|_정품_164,990|벌크 병행_165,000|해외구매_160,080","_멀티팩 정품_164,990|_정품_164,990|벌크 병행_165,000|해외구매_160,080","_멀티팩 정품_164,990|_정품_164,990|벌크 병행_165,000|해외구매_160,080","_멀티팩 정품_164,990|_정품_164,990|벌크 병행_165,000|해외구매_160,080","_멀티팩 정품_164,990|_정품_164,990|벌크 병행_165,000|해외구매_160,080","_멀티팩 정품_164,990|_정품_164,970|벌크 병행_165,000|해외구매_160,080","_멀티팩 정품_164,990|_정품_164,970|벌크 병행_165,000|해외구매_160,080","_멀티팩 정품_164,990|_정품_164,960|벌크 병행_165,000|해외구매_171,820","_멀티팩 정품_164,990|_정품_164,960|벌크 병행_165,000|해외구매_171,820","_멀티팩 정품_164,990|_정품_164,960|벌크 병행_165,000|해외구매_171,820","_멀티팩 정품_164,990|_정품_164,960|벌크 병행_165,000|해외구매_171,820","_멀티팩 정품_164,990|_정품_164,960|벌크 병행_165,000|해외구매_171,820","_멀티팩 정품_164,990|_정품_164,960|벌크 병행_165,000|해외구매_171,820","_멀티팩 정품_164,990|_정품_164,960|벌크 병행_165,000|해외구매_171,820","_멀티팩 정품_164,990|_정품_164,960|벌크 병행_165,000|해외구매_171,820","_멀티팩 정품_164,990|_정품_164,960|벌크 병행_165,000|해외구매_171,820"
14927675,AMD 라이젠5-4세대 5600G (세잔),"_멀티팩 정품_215,200|_정품_210,000|벌크 병행_205,000|해외구매_197,460","_멀티팩 정품_215,200|_정품_210,000|벌크 병행_205,000|해외구매_197,460","_멀티팩 정품_215,200|_정품_210,000|벌크 병행_205,000|해외구매_195,320","_멀티팩 정품_215,200|_정품_210,000|벌크 병행_205,000|해외구매_195,320","_멀티팩 정품_215,200|_정품_210,000|벌크 병행_205,000|해외구매_195,080","_멀티팩 정품_215,200|_정품_210,000|벌크 병행_205,000|해외구매_195,080","_멀티팩 정품_215,200|_정품_210,000|벌크 병행_205,000|해외구매_195,080","_멀티팩 정품_215,200|_정품_210,000|벌크 병행_205,000|해외구매_195,080","_멀티팩 정품_215,200|_정품_213,000|벌크 병행_205,000|해외구매_195,080","_멀티팩 정품_215,200|_정품_213,000|벌크 병행_205,000|해외구매_195,080","_멀티팩 정품_215,200|_정품_213,000|벌크 병행_205,000|해외구매_195,080","_멀티팩 정품_215,200|_정품_213,000|벌크 병행_205,000|해외구매_195,080","_멀티팩 정품_215,200|_정품_214,820|벌크 병행_205,000|해외구매_195,080","_멀티팩 정품_215,200|_정품_214,820|벌크 병행_205,000|해외구매_195,080","_멀티팩 정품_215,200|_정품_214,820|벌크 병행_205,000|해외구매_195,080","_멀티팩 정품_215,200|_정품_214,820|벌크 병행_205,000|해외구매_195,080","_멀티팩 정품_215,200|_정품_214,820|벌크 병행_205,000|해외구매_195,080"
34337192,AMD 라이젠5-4세대 5600GT (세잔),"_멀티팩 정품_204,590|_정품_215,000|벌크 병행_209,680","_멀티팩 정품_204,560|_정품_215,000|벌크 병행_209,680","_멀티팩 정품_204,490|_정품_215,000|벌크 병행_209,680","_멀티팩 정품_204,450|_정품_215,000|벌크 병행_209,680","_멀티팩 정품_204,450|_정품_215,000|벌크 병행_209,680","_멀티팩 정품_204,460|_정품_215,000|벌크 병행_209,680","_멀티팩 정품_206,500|_정품_215,000|벌크 병행_209,680","_멀티팩 정품_206,500|_정품_215,000|벌크 병행_209,680","_멀티팩 정품_206,500|_정품_215,000|벌크 병행_209,680","_멀티팩 정품_206,500|_정품_215,000|벌크 병행_209,680","_멀티팩 정품_206,500|_정품_215,000|벌크 병행_209,680","_멀티팩 정품_206,500|_정품_215,000|벌크 병행_209,680","_멀티팩 정품_206,500|_정품_215,000|벌크 병행_209,680","_멀티팩 정품_206,500|_정품_215,000|벌크 병행_209,680","_멀티팩 정품_206,500|_정품_215,000|벌크 병행_209,680","_멀티팩 정품_206,500|_정품_215,000|벌크 병행_209,680","_멀티팩 정품_206,500|_정품_215,000|벌크 병행_209,680"
60167690,AMD 라이젠5-4세대 5600GT (세잔),"_멀티팩 정품_204,590|_정품_215,000|벌크 병행_209,680","_멀티팩 정품_204,560|_정품_215,000|벌크 병행_209,680","_멀티팩 정품_204,490|_정품_215,000|벌크 병행_209,680","_멀티팩 정품_204,450|_정품_215,000|벌크 병행_209,680","_멀티팩 정품_204,450|_정품_215,000|벌크 병행_209,680","_멀티팩 정품_204,460|_정품_215,000|벌크 병행_209,680","_멀티팩 정품_206,500|_정품_215,000|벌크 병행_209,680","_멀티팩 정품_206,500|_정품_215,000|벌크 병행_209,680","_멀티팩 정품_206,500|_정품_215,000|벌크 병행_209,680","_멀티팩 정품_206,500|_정품_215,000|벌크 병행_209,680","_멀티팩 정품_206,500|_정품_215,000|벌크 병행_209,680","_멀티팩 정품_206,500|_정품_215,000|벌크 병행_209,680","_멀티팩 정품_206,500|_정품_215,000|벌크 병행_209,680","_멀티팩 정품_206,500|_정품_215,000|벌크 병행_209,680","_멀티팩 정품_206,500|_정품_215,000|벌크 병행_209,680","_멀티팩 정품_206,500|_정품_215,000|벌크 병행_209,680","_멀티팩 정품_206,500|_정품_215,000|벌크 병행_209,680"
12625265,AMD 라이젠5-4세대 5600X (버미어),"_멀티팩 정품_940,000|프리즘 멀티팩 정품_550,000||_해외구매_146,210|","_멀티팩 정품_940,000|프리즘 멀티팩 정품_550,000||_해외구매_146,210|","_멀티팩 정품_940,000|프리즘 멀티팩 정품_550,000||_해외구매_146,210|","_멀티팩 정품_940,000|프리즘 멀티팩 정품_550,000||_해외구매_146,210|","_멀티팩 정품_940,000|프리즘 멀티팩 정품_550,000||_해외구매_146,210|","_멀티팩 정품_940,000|프리즘 멀티팩 정품_550,000||_해외구매_146,210|","_멀티팩 정품_940,000|프리즘 멀티팩 정품_550,000||_해외구매_183,600|","_멀티팩 정품_940,000|프리즘 멀티팩 정품_550,000||_해외구매_183,600|","_멀티팩 정품_940,000|프리즘 멀티팩 정품_550,000||_해외구매_183,600|","_멀티팩 정품_940,000|프리즘 멀티팩 정품_550,000||_해외구매_183,600|","_멀티팩 정품_960,000|프리즘 멀티팩 정품_550,000||_해외구매_183,600|","_멀티팩 정품_960,000|프리즘 멀티팩 정품_550,000||_해외구매_183,600|","_멀티팩 정품_960,000|프리즘 멀티팩 정품_550,000||_해외구매_183,600|","_멀티팩 정품_960,000|프리즘 멀티팩 정품_550,000||_해외구매_183,600|","_멀티팩 정품_960,000|프리즘 멀티팩 정품_550,000||_해외구매_183,600|","_멀티팩 정품_960,000|프리즘 멀티팩 정품_550,000||_해외구매_183,600|","_멀티팩 정품_960,000|프리즘 멀티팩 정품_550,000||_해외구매_183,600|"
74051159,AMD 라이젠5-4세대 5600XT (버미어),"멀티팩 정품_390,000","멀티팩 정품_390,000","멀티팩 정품_390,000","멀티팩 정품_390,000","멀티팩 정품_390,000","멀티팩 정품_390,000","멀티팩 정품_390,000","멀티팩 정품_390,000","멀티팩 정품_390,000","멀티팩 정품_390,000","멀티팩 정품_390,000","멀티팩 정품_390,000","멀티팩 정품_390,000","멀티팩 정품_390,000","멀티팩 정품_390,000","멀티팩 정품_390,000","멀티팩 정품_390,000"
97705163,AMD 라이젠5-5세대 7400 (라파엘),"_멀티팩 정품_191,370|_벌크 정품_209,990","_멀티팩 정품_191,370|_벌크 정품_209,990","_멀티팩 정품_191,370|_벌크 정품_209,990","_멀티팩 정품_191,370|_벌크 정품_209,990","_멀티팩 정품_191,370|_벌크 정품_209,990","_멀티팩 정품_191,380|_벌크 정품_210,000","_멀티팩 정품_191,380|_벌크 정품_210,000","_멀티팩 정품_191,380|_벌크 정품_210,000","_멀티팩 정품_191,380|_벌크 정품_210,000","_멀티팩 정품_191,380|_벌크 정품_210,000","_멀티팩 정품_191,380|_벌크 정품_210,000","_멀티팩 정품_191,380|_벌크 정품_210,000","_멀티팩 정품_191,380|_벌크 정품_210,000","_멀티팩 정품_191,380|_벌크 정품_210,000","_멀티팩 정품_191,380|_벌크 정품_210,000","_멀티팩 정품_191,380|_벌크 정품_210,000","_멀티팩 정품_191,380|_벌크 정품_210,000"
97705328,AMD 라이젠5-5세대 7400F (라파엘),"_멀티팩 정품_171,060|_해외구매_231,100","_멀티팩 정품_171,020|_해외구매_231,100","_멀티팩 정품_171,020|_해외구매_231,100","_멀티팩 정품_171,020|_해외구매_231,100","_멀티팩 정품_170,910|_해외구매_231,100","_멀티팩 정품_170,900|_해외구매_231,100","_멀티팩 정품_170,800|_해외구매_231,100","_멀티팩 정품_170,780|_해외구매_206,250","_멀티팩 정품_170,680|_해외구매_206,250","_멀티팩 정품_170,660|_해외구매_206,250","_멀티팩 정품_172,410|_해외구매_206,250","_멀티팩 정품_172,410|_해외구매_206,250","_멀티팩 정품_172,410|_해외구매_206,250","_멀티팩 정품_172,400|_해외구매_206,250","_멀티팩 정품_173,070|_해외구매_206,250","_멀티팩 정품_172,400|_해외구매_206,250","_멀티팩 정품_172,400|_해외구매_206,250"
21694499,AMD 라이젠5-5세대 7500F (라파엘),"_멀티팩 정품_173,940|벌크 정품_175,180|_벌크 병행_174,000|해외구매_177,920","_멀티팩 정품_173,930|벌크 정품_175,180|_벌크 병행_174,000|해외구매_177,920","_멀티팩 정품_173,930|벌크 정품_175,180|_벌크 병행_174,000|해외구매_177,920","_멀티팩 정품_171,690|벌크 정품_171,690|_벌크 병행_174,000|해외구매_177,920","_멀티팩 정품_173,630|벌크 정품_173,750|_벌크 병행_174,000|해외구매_177,920","_멀티팩 정품_173,620|벌크 정품_173,740|_벌크 병행_174,000|해외구매_177,920","_멀티팩 정품_173,620|벌크 정품_173,740|_벌크 병행_174,000|해외구매_177,920","_멀티팩 정품_173,620|벌크 정품_173,740|_벌크 병행_174,000|해외구매_177,920","_멀티팩 정품_173,620|벌크 정품_173,740|_벌크 병행_174,000|해외구매_177,920","_멀티팩 정품_173,620|벌크 정품_173,740|_벌크 병행_174,000|해외구매_177,920","_멀티팩 정품_173,620|벌크 정품_173,740|_벌크 병행_175,000|해외구매_177,920","_멀티팩 정품_173,620|벌크 정품_173,740|_벌크 병행_175,000|해외구매_177,920","_멀티팩 정품_173,620|벌크 정품_173,740|_벌크 병행_175,000|해외구매_177,920","_멀티팩 정품_173,620|벌크 정품_173,740|_벌크 병행_175,000|해외구매_177,920","_멀티팩 정품_173,620|_벌크 정품_173,740|벌크 병행_175,000|해외구매_177,920","_멀티팩 정품_173,620|_벌크 정품_173,740|벌크 병행_175,000|해외구매_177,920","_멀티팩 정품_173,620|_벌크 정품_173,740|벌크 병행_175,000|해외구매_177,920"
104223188,AMD 라이젠5-5세대 7500X3D (라파엘),"멀티팩 정품_315,790","멀티팩 정품_315,770","멀티팩 정품_315,690","멀티팩 정품_315,650","멀티팩 정품_315,650","멀티팩 정품_315,660","멀티팩 정품_315,990","멀티팩 정품_315,990","멀티팩 정품_315,990","멀티팩 정품_315,990","멀티팩 정품_313,000","멀티팩 정품_312,200","멀티팩 정품_313,000","멀티팩 정품_313,000","멀티팩 정품_313,000","멀티팩 정품_313,000","멀티팩 정품_313,000"
18718496,AMD 라이젠5-5세대 7600 (라파엘),"_멀티팩 정품_288,990|벌크 정품_278,000|벌크 병행_295,660|_해외구매_319,640","_멀티팩 정품_288,990|벌크 정품_278,000|벌크 병행_295,660|_해외구매_333,400","_멀티팩 정품_288,990|벌크 정품_278,000|벌크 병행_295,660|_해외구매_333,400","_멀티팩 정품_288,990|벌크 정품_278,000|벌크 병행_295,660|_해외구매_333,400","_멀티팩 정품_288,990|벌크 정품_278,000|벌크 병행_295,660|_해외구매_323,080","_멀티팩 정품_289,000|벌크 정품_278,000|벌크 병행_295,660|_해외구매_326,510","_멀티팩 정품_289,000|벌크 정품_278,000|벌크 병행_295,660|_해외구매_333,400","_멀티팩 정품_289,000|벌크 정품_278,000|벌크 병행_295,660|_해외구매_333,400","_멀티팩 정품_288,980|벌크 정품_278,000|벌크 병행_295,660|_해외구매_339,970","_멀티팩 정품_288,990|벌크 정품_278,000|벌크 병행_295,660|_해외구매_339,970","_멀티팩 정품_288,990|벌크 정품_278,000|벌크 병행_295,660|_해외구매_339,970","_멀티팩 정품_288,990|벌크 정품_278,000|벌크 병행_295,660|_해외구매_339,970","_멀티팩 정품_288,990|벌크 정품_278,000|벌크 병행_295,660|_해외구매_339,970","_멀티팩 정품_288,990|벌크 정품_278,000|벌크 병행_295,660|_해외구매_339,970","_멀티팩 정품_288,990|벌크 정품_278,000|벌크 병행_295,660|_해외구매_339,970","_멀티팩 정품_288,990|벌크 정품_278,000|벌크 병행_295,660|_해외구매_339,970","_멀티팩 정품_288,990|벌크 정품_278,000|벌크 병행_295,660|_해외구매_339,970"
27757619,AMD 라이젠5-5세대 7600X (라파엘),"_멀티팩 정품_330,000|정품_357,000|_해외구매_325,540","_멀티팩 정품_330,000|정품_357,000|_해외구매_325,540","_멀티팩 정품_330,000|정품_357,000|_해외구매_325,540","_멀티팩 정품_330,000|정품_357,000|_해외구매_328,970","_멀티팩 정품_330,000|정품_357,000|_해외구매_328,970","_멀티팩 정품_330,000|정품_357,000|_해외구매_328,970","_멀티팩 정품_330,000|정품_357,000|_해외구매_289,560","_멀티팩 정품_330,000|정품_357,000|_해외구매_289,560","_멀티팩 정품_330,000|정품_357,000|_해외구매_289,560","_멀티팩 정품_330,000|정품_357,000|_해외구매_289,560","_멀티팩 정품_330,000|정품_357,000|_해외구매_289,560","_멀티팩 정품_330,000|정품_357,000|_해외구매_289,560","_멀티팩 정품_330,000|정품_357,000|_해외구매_289,560","_멀티팩 정품_330,000|정품_357,000|_해외구매_289,560","_멀티팩 정품_330,000|정품_357,000|_해외구매_289,560","_멀티팩 정품_330,000|정품_357,000|_해외구매_289,560","_멀티팩 정품_330,000|정품_357,000|_해외구매_289,560"
53626130,AMD 라이젠5-5세대 8400F (피닉스),"_멀티팩 정품_176,100|_벌크 병행_176,650","_멀티팩 정품_176,070|_벌크 병행_176,650","_멀티팩 정품_175,990|_벌크 병행_176,650","_멀티팩 정품_172,790|_벌크 병행_176,650","_멀티팩 정품_172,780|_벌크 병행_176,650","_멀티팩 정품_176,170|_벌크 병행_176,650","_멀티팩 정품_176,170|_벌크 병행_175,100","_멀티팩 정품_176,170|_벌크 병행_175,100","_멀티팩 정품_174,640|_벌크 병행_175,100","_멀티팩 정품_174,640|_벌크 병행_175,100","_멀티팩 정품_174,640|_벌크 병행_175,100","_멀티팩 정품_174,640|_벌크 병행_175,100","_멀티팩 정품_174,640|_벌크 병행_176,650","_멀티팩 정품_174,640|_벌크 병행_176,650","_멀티팩 정품_176,180|_벌크 병행_176,650","_멀티팩 정품_176,180|_벌크 병행_176,650","_멀티팩 정품_176,180|_벌크 병행_176,650"
34336130,AMD 라이젠5-5세대 8500G (피닉스),"_멀티팩 정품_235,900|_정품_965,000|벌크 병행_253,500|해외구매_297,000","_멀티팩 정품_235,860|_정품_965,000|벌크 병행_253,500|해외구매_297,000","_멀티팩 정품_235,860|_정품_965,000|벌크 병행_253,500|해외구매_296,000","_멀티팩 정품_235,190|_정품_965,000|벌크 병행_253,500|해외구매_296,000","_멀티팩 정품_235,110|_정품_965,000|벌크 병행_253,500|해외구매_295,680","_멀티팩 정품_235,090|_정품_965,000|벌크 병행_253,500|해외구매_295,680","_멀티팩 정품_235,090|_정품_965,000|벌크 병행_253,500|해외구매_295,680","_멀티팩 정품_235,090|_정품_965,000|벌크 병행_253,500|해외구매_295,680","_멀티팩 정품_235,990|_정품_965,000|벌크 병행_253,500|해외구매_295,680","_멀티팩 정품_235,990|_정품_965,000|벌크 병행_253,500|해외구매_295,680","_멀티팩 정품_235,000|_정품_965,000|벌크 병행_253,500|해외구매_295,680","_멀티팩 정품_235,000|_정품_965,000|벌크 병행_253,500|해외구매_295,680","_멀티팩 정품_235,000|_정품_965,000|벌크 병행_253,500|해외구매_295,680","_멀티팩 정품_235,000|_정품_965,000|벌크 병행_253,500|해외구매_295,680","_멀티팩 정품_235,000|_정품_965,000|벌크 병행_253,500|해외구매_295,680","_멀티팩 정품_235,000|_정품_965,000|벌크 병행_253,500|해외구매_295,680","_멀티팩 정품_235,000|_정품_965,000|벌크 병행_253,500|해외구매_295,680"
60170150,AMD 라이젠5-5세대 8500G (피닉스),"_멀티팩 정품_235,900|_정품_965,000|벌크 병행_253,500|해외구매_297,000","_멀티팩 정품_235,860|_정품_965,000|벌크 병행_253,500|해외구매_297,000","_멀티팩 정품_235,860|_정품_965,000|벌크 병행_253,500|해외구매_296,000","_멀티팩 정품_235,190|_정품_965,000|벌크 병행_253,500|해외구매_296,000","_멀티팩 정품_235,110|_정품_965,000|벌크 병행_253,500|해외구매_295,680","_멀티팩 정품_235,090|_정품_965,000|벌크 병행_253,500|해외구매_295,680","_멀티팩 정품_235,090|_정품_965,000|벌크 병행_253,500|해외구매_295,680","_멀티팩 정품_235,090|_정품_965,000|벌크 병행_253,500|해외구매_295,680","_멀티팩 정품_235,990|_정품_965,000|벌크 병행_253,500|해외구매_295,680","_멀티팩 정품_235,990|_정품_965,000|벌크 병행_253,500|해외구매_295,680","_멀티팩 정품_235,000|_정품_965,000|벌크 병행_253,500|해외구매_295,680","_멀티팩 정품_235,000|_정품_965,000|벌크 병행_253,500|해외구매_295,680","_멀티팩 정품_235,000|_정품_965,000|벌크 병행_253,500|해외구매_295,680","_멀티팩 정품_235,000|_정품_965,000|벌크 병행_253,500|해외구매_295,680","_멀티팩 정품_235,000|_정품_965,000|벌크 병행_253,500|해외구매_295,680","_멀티팩 정품_235,000|_정품_965,000|벌크 병행_253,500|해외구매_295,680","_멀티팩 정품_235,000|_정품_965,000|벌크 병행_253,500|해외구매_295,680"
34336475,AMD 라이젠5-5세대 8600G (피닉스),"_멀티팩 정품_269,700|_정품_272,000|해외구매_366,090","_멀티팩 정품_269,700|_정품_272,000|해외구매_366,090","_멀티팩 정품_269,700|_정품_272,000|해외구매_366,090","_멀티팩 정품_269,590|_정품_272,000|해외구매_366,090","_멀티팩 정품_269,490|_정품_272,000|해외구매_366,090","_멀티팩 정품_269,490|_정품_272,000|해외구매_366,090","_멀티팩 정품_269,700|_정품_272,000|해외구매_366,090","_멀티팩 정품_269,700|_정품_272,000|해외구매_366,090","_멀티팩 정품_269,700|_정품_272,000|해외구매_366,090","_멀티팩 정품_269,700|_정품_272,000|해외구매_366,090","_멀티팩 정품_269,700|_정품_272,000|해외구매_366,090","_멀티팩 정품_269,700|_정품_272,000|해외구매_366,090","_멀티팩 정품_269,700|_정품_272,000|해외구매_366,090","_멀티팩 정품_269,700|_정품_272,000|해외구매_366,090","_멀티팩 정품_269,700|_정품_272,000|해외구매_366,090","_멀티팩 정품_269,700|_정품_272,000|해외구매_366,090","_멀티팩 정품_269,700|_정품_272,000|해외구매_366,090"
60170204,AMD 라이젠5-5세대 8600G (피닉스),"_멀티팩 정품_269,700|_정품_272,000|해외구매_366,090","_멀티팩 정품_269,700|_정품_272,000|해외구매_366,090","_멀티팩 정품_269,700|_정품_272,000|해외구매_366,090","_멀티팩 정품_269,590|_정품_272,000|해외구매_366,090","_멀티팩 정품_269,490|_정품_272,000|해외구매_366,090","_멀티팩 정품_269,490|_정품_272,000|해외구매_366,090","_멀티팩 정품_269,700|_정품_272,000|해외구매_366,090","_멀티팩 정품_269,700|_정품_272,000|해외구매_366,090","_멀티팩 정품_269,700|_정품_272,000|해외구매_366,090","_멀티팩 정품_269,700|_정품_272,000|해외구매_366,090","_멀티팩 정품_269,700|_정품_272,000|해외구매_366,090","_멀티팩 정품_269,700|_정품_272,000|해외구매_366,090","_멀티팩 정품_269,700|_정품_272,000|해외구매_366,090","_멀티팩 정품_269,700|_정품_272,000|해외구매_366,090","_멀티팩 정품_269,700|_정품_272,000|해외구매_366,090","_멀티팩 정품_269,700|_정품_272,000|해외구매_366,090","_멀티팩 정품_269,700|_정품_272,000|해외구매_366,090"
97704881,AMD 라이젠5-6세대 9500F (그래니트 릿지),"_멀티팩 정품_238,990|_벌크 정품_237,790","_멀티팩 정품_238,990|_벌크 정품_237,790","_멀티팩 정품_238,990|_벌크 정품_237,790","_멀티팩 정품_238,990|_벌크 정품_237,790","_멀티팩 정품_238,990|_벌크 정품_237,790","_멀티팩 정품_239,000|_벌크 정품_237,790","_멀티팩 정품_239,000|_벌크 정품_237,790","_멀티팩 정품_239,000|_벌크 정품_237,790","_멀티팩 정품_239,000|_벌크 정품_237,790","_멀티팩 정품_239,000|_벌크 정품_237,790","_멀티팩 정품_239,000|_벌크 정품_244,360","_멀티팩 정품_239,000|_벌크 정품_244,360","_멀티팩 정품_239,000|_벌크 정품_244,360","_멀티팩 정품_239,000|_벌크 정품_244,360","_멀티팩 정품_239,000|_벌크 정품_244,360","_멀티팩 정품_239,000|_벌크 정품_244,360","_멀티팩 정품_239,000|_벌크 정품_244,360"
76465280,AMD 라이젠5-6세대 9600 (그래니트 릿지),"_멀티팩 정품_264,570|_벌크 정품_262,910","_멀티팩 정품_264,570|_벌크 정품_262,900","_멀티팩 정품_264,570|_벌크 정품_262,900","_멀티팩 정품_264,570|_벌크 정품_262,900","_멀티팩 정품_264,570|_벌크 정품_262,800","_멀티팩 정품_264,570|_벌크 정품_262,790","_멀티팩 정품_264,570|_벌크 정품_262,910","_멀티팩 정품_264,570|_벌크 정품_262,910","_멀티팩 정품_264,560|_벌크 정품_262,910","_멀티팩 정품_264,560|_벌크 정품_262,910","_멀티팩 정품_264,500|_벌크 정품_262,910","_멀티팩 정품_264,500|_벌크 정품_262,910","_멀티팩 정품_264,400|_벌크 정품_262,910","_멀티팩 정품_264,400|_벌크 정품_262,910","_멀티팩 정품_264,400|_벌크 정품_262,910","_멀티팩 정품_264,400|_벌크 정품_262,910","_멀티팩 정품_264,400|_벌크 정품_262,910"
62794079,AMD 라이젠5-6세대 9600X (그래니트 릿지),"_멀티팩 정품_258,990|벌크 정품_263,370|_벌크 병행_265,000|해외구매_238,810","_멀티팩 정품_258,990|벌크 정품_263,370|_벌크 병행_265,000|해외구매_238,810","_멀티팩 정품_258,990|벌크 정품_263,370|벌크 병행_265,000|_해외구매_238,810","_멀티팩 정품_258,990|벌크 정품_262,590|벌크 병행_265,000|_해외구매_238,810","_멀티팩 정품_258,990|벌크 정품_262,550|벌크 병행_265,000|_해외구매_238,810","_멀티팩 정품_259,000|벌크 정품_262,550|벌크 병행_265,000|_해외구매_238,810","_멀티팩 정품_259,000|벌크 정품_262,550|벌크 병행_265,000|_해외구매_238,810","_멀티팩 정품_259,000|벌크 정품_262,550|벌크 병행_265,000|_해외구매_238,810","_멀티팩 정품_259,000|벌크 정품_262,550|_벌크 병행_270,000|해외구매_251,920","_멀티팩 정품_259,000|벌크 정품_262,550|_벌크 병행_270,000|해외구매_296,880","_멀티팩 정품_264,400|벌크 정품_268,260|_벌크 병행_264,460|해외구매_264,750","_멀티팩 정품_264,400|벌크 정품_268,260|_벌크 병행_264,460|해외구매_264,750","_멀티팩 정품_264,400|벌크 정품_269,520|_벌크 병행_264,460|해외구매_264,750","_멀티팩 정품_264,400|벌크 정품_269,520|_벌크 병행_264,460|해외구매_264,750","_멀티팩 정품_264,400|벌크 정품_269,520|_벌크 병행_266,060|해외구매_264,750","_멀티팩 정품_264,400|벌크 정품_269,520|_벌크 병행_266,060|해외구매_264,750","_멀티팩 정품_264,400|벌크 정품_269,520|_벌크 병행_269,800|해외구매_264,750"
29658509,AMD 라이젠7 PRO 7745 (라파엘),0,0,0,0,0,0,0,0,0,0,0,0,0,0,"멀티팩 정품_513,620","멀티팩 정품_513,620","멀티팩 정품_513,620"
5565805,AMD 라이젠7-1세대 1700 (서밋 릿지),"_해외구매_71,600|_중고_36,900","_해외구매_71,600|_중고_36,900","_해외구매_71,600|_중고_36,900","_해외구매_71,600|_중고_36,900","_해외구매_71,600|_중고_36,900","_해외구매_71,600|_중고_36,900","_해외구매_71,600|_중고_36,900","_해외구매_71,600|_중고_36,900","_해외구매_71,600|_중고_36,900","_해외구매_71,600|_중고_36,900","_해외구매_71,600|_중고_36,900","_해외구매_71,600|_중고_36,900","_해외구매_71,600|_중고_36,900","_해외구매_71,600|_중고_36,900","_해외구매_71,600|_중고_36,900","_해외구매_71,600|_중고_36,900","_해외구매_71,600|_중고_36,900"
18172499,AMD 라이젠7-1세대 1800X (서밋 릿지),"중고_56,250","중고_56,250","중고_56,250","중고_56,250","중고_56,250","중고_56,250","중고_56,250","중고_56,250","중고_56,250","중고_62,490","중고_160,020","중고_160,020","중고_160,020","중고_160,020","중고_160,020","중고_160,020","중고_160,020"
11036082,AMD 라이젠7-2세대 2700 (피나클 릿지),"해외구매_107,510","해외구매_107,510","해외구매_107,510","해외구매_107,510","해외구매_107,510","해외구매_107,510","해외구매_107,510","해외구매_107,510","해외구매_107,510","해외구매_107,510","해외구매_107,510","해외구매_107,510","해외구매_107,510","해외구매_107,510","해외구매_107,510","해외구매_107,510","해외구매_107,510"
6333353,AMD 라이젠7-2세대 2700X (피나클 릿지),"_해외구매_94,520|_중고_116,000","_해외구매_94,520|_중고_116,000","_해외구매_94,520|_중고_116,000","_해외구매_94,520|_중고_116,000","_해외구매_94,520|_중고_116,000","_해외구매_94,520|_중고_116,000","_해외구매_94,520|_중고_116,000","_해외구매_94,520|_중고_116,000","_해외구매_94,520|_중고_116,000","_해외구매_94,520|_중고_116,000","_해외구매_94,520|_중고_116,000","_해외구매_94,520|_중고_116,000","_해외구매_94,520|_중고_116,000","_해외구매_94,520|_중고_116,000","_해외구매_94,520|_중고_116,000","_해외구매_94,520|_중고_116,000","_해외구매_94,520|_중고_116,000"
9421629,AMD 라이젠7-3세대 3700X (마티스),"_멀티팩 정품_405,000|_해외구매_128,780|중고_135,000","_멀티팩 정품_405,000|_해외구매_128,780|중고_135,000","_멀티팩 정품_405,000|_해외구매_128,780|중고_135,000","_멀티팩 정품_405,000|_해외구매_128,780|중고_135,000","_멀티팩 정품_405,000|_해외구매_128,780|중고_135,000","_멀티팩 정품_405,000|_해외구매_128,780|중고_135,000","_멀티팩 정품_405,000|_해외구매_128,780|중고_135,000","_멀티팩 정품_405,000|_해외구매_128,780|중고_135,000","_멀티팩 정품_405,000|_해외구매_128,780|중고_135,000","_멀티팩 정품_405,000|_해외구매_128,780|중고_138,890","_멀티팩 정품_405,000|_해외구매_128,780|중고_139,500","_멀티팩 정품_405,000|_해외구매_128,780|중고_149,990","_멀티팩 정품_405,000|_해외구매_128,780|중고_149,990","_멀티팩 정품_405,000|_해외구매_128,780|중고_149,990","_멀티팩 정품_405,000|_해외구매_128,780|중고_149,990","_멀티팩 정품_405,000|_해외구매_128,780|중고_149,990","_멀티팩 정품_405,000|_해외구매_128,780|중고_149,990"
8459781,AMD 라이젠7-3세대 3800X (마티스),"_정품_560,760|_해외구매_137,500","_정품_560,760|_해외구매_137,500","_정품_560,760|_해외구매_137,500","_정품_560,760|_해외구매_137,500","_정품_560,760|_해외구매_137,500","_정품_560,760|_해외구매_137,500","_정품_560,760|_해외구매_137,500","_정품_560,760|_해외구매_137,500","_정품_560,760|_해외구매_137,500","_정품_560,760|_해외구매_137,500","_정품_560,760|_해외구매_137,500","_정품_560,760|_해외구매_137,500","_정품_560,760|_해외구매_137,500","_정품_560,760|_해외구매_137,500","_정품_560,760|_해외구매_137,500","_정품_560,760|_해외구매_137,500","_정품_560,760|_해외구매_137,500"
12338966,AMD 라이젠7-3세대 3800XT (마티스),"중고_157,500","중고_157,500","중고_157,500","중고_157,500","중고_157,500","중고_157,500","중고_157,500","중고_157,500","중고_157,500","중고_164,500","중고_168,000","중고_168,000","중고_168,000","중고_168,000","중고_168,000","중고_168,000","중고_168,000"
34337090,AMD 라이젠7-4세대 5700 (세잔),"멀티팩 정품_339,450","멀티팩 정품_339,450","멀티팩 정품_339,450","멀티팩 정품_339,450","멀티팩 정품_339,450","멀티팩 정품_339,450","멀티팩 정품_339,450","멀티팩 정품_339,450","멀티팩 정품_335,880","멀티팩 정품_335,880","멀티팩 정품_335,880","멀티팩 정품_335,880","멀티팩 정품_335,880","멀티팩 정품_335,880","멀티팩 정품_339,450","멀티팩 정품_339,450","멀티팩 정품_339,450"
14927759,AMD 라이젠7-4세대 5700G (세잔),"_멀티팩 정품_323,840|_해외구매_278,450","_멀티팩 정품_323,820|_해외구매_278,450","_멀티팩 정품_323,740|_해외구매_278,450","_멀티팩 정품_323,990|_해외구매_278,450","_멀티팩 정품_323,990|_해외구매_278,450","_멀티팩 정품_324,000|_해외구매_278,450","_멀티팩 정품_323,990|_해외구매_278,450","_멀티팩 정품_323,990|_해외구매_278,450","_멀티팩 정품_323,990|_해외구매_278,450","_멀티팩 정품_323,990|_해외구매_278,450","_멀티팩 정품_323,990|_해외구매_278,450","_멀티팩 정품_323,990|_해외구매_278,450","_멀티팩 정품_323,990|_해외구매_278,450","_멀티팩 정품_323,990|_해외구매_278,450","_멀티팩 정품_323,990|_해외구매_278,450","_멀티팩 정품_323,990|_해외구매_278,450","_멀티팩 정품_323,990|_해외구매_278,450"
16741349,AMD 라이젠7-4세대 5700X (버미어),"_멀티팩 정품_299,370|_벌크 병행_267,990|해외구매_233,510","_멀티팩 정품_299,350|_벌크 병행_267,990|해외구매_233,510","_멀티팩 정품_299,260|_벌크 병행_267,990|해외구매_233,510","_멀티팩 정품_299,230|_벌크 병행_267,960|해외구매_233,510","_멀티팩 정품_299,230|_벌크 병행_267,990|해외구매_233,510","_멀티팩 정품_299,240|_벌크 병행_267,990|해외구매_233,510","_멀티팩 정품_299,860|_벌크 병행_267,990|해외구매_233,510","_멀티팩 정품_299,860|_벌크 병행_267,990|해외구매_233,510","_멀티팩 정품_299,860||_해외구매_233,510","_멀티팩 정품_300,620||_해외구매_233,510","_멀티팩 정품_300,620||_해외구매_229,580","_멀티팩 정품_299,000||_해외구매_229,580","_멀티팩 정품_293,000||_해외구매_229,580","_멀티팩 정품_293,000||_해외구매_229,580","_멀티팩 정품_293,000||_해외구매_229,580","_멀티팩 정품_293,000||_해외구매_229,580","_멀티팩 정품_293,000||_해외구매_229,580"
34336865,AMD 라이젠7-4세대 5700X3D (버미어),"_멀티팩 정품_699,500|_해외구매_490,290","_멀티팩 정품_699,500|_해외구매_490,290","_멀티팩 정품_699,500|_해외구매_490,290","_멀티팩 정품_699,500|_해외구매_490,290","_멀티팩 정품_699,500|_해외구매_490,290","_멀티팩 정품_699,500|_해외구매_490,290","_멀티팩 정품_699,500|_해외구매_490,290","_멀티팩 정품_699,500|_해외구매_490,290","_멀티팩 정품_699,500|_해외구매_490,290","_멀티팩 정품_699,500|_해외구매_527,190","_멀티팩 정품_699,500|_해외구매_527,190","_멀티팩 정품_699,500|_해외구매_527,190","_멀티팩 정품_699,500|_해외구매_527,190","_멀티팩 정품_699,500|_해외구매_527,190","_멀티팩 정품_699,500|_해외구매_527,190","_멀티팩 정품_699,500|_해외구매_527,190","_멀티팩 정품_699,500|_해외구매_527,190"
12872369,AMD 라이젠7-4세대 5800X (버미어),"_해외구매_358,400|_중고_267,380","_해외구매_358,400|_중고_267,380","_해외구매_358,400|_중고_267,380","_해외구매_358,400|_중고_267,380","_해외구매_358,400|_중고_267,380","_해외구매_358,400|_중고_267,380","_해외구매_358,400|_중고_267,380","_해외구매_358,400|_중고_267,380","_해외구매_358,400|_중고_276,000","_해외구매_358,400|_중고_276,000","_해외구매_358,400|_중고_276,000","_해외구매_358,400|_중고_276,000","_해외구매_358,400|_중고_276,000","_해외구매_358,400|_중고_276,000","_해외구매_358,400|_중고_276,000","_해외구매_358,400|_중고_276,000","_해외구매_358,400|_중고_276,000"
27521231,AMD 라이젠7-4세대 5800X3D (버미어),"_멀티팩 정품_590,600|_정품_599,690|해외구매_715,740","_멀티팩 정품_590,600|_정품_599,690|해외구매_751,430","_멀티팩 정품_590,600|_정품_599,690|해외구매_751,430","_멀티팩 정품_590,600|_정품_599,690|해외구매_751,430","_멀티팩 정품_590,600|_정품_599,690|해외구매_751,430","_멀티팩 정품_590,600|_정품_599,690|해외구매_751,430","_멀티팩 정품_590,600|_정품_599,690|해외구매_712,710","_멀티팩 정품_590,600|_정품_599,690|해외구매_704,270","_멀티팩 정품_590,600|정품_599,690|_해외구매_704,270","_멀티팩 정품_590,600|정품_599,690|_해외구매_704,270","_멀티팩 정품_590,600|정품_599,690|_해외구매_704,270","_멀티팩 정품_590,600|정품_599,690|_해외구매_721,160","_멀티팩 정품_590,600|정품_599,690|_해외구매_721,160","_멀티팩 정품_590,600|정품_599,690|_해외구매_721,160","_멀티팩 정품_590,600|_정품_599,690|해외구매_712,710","_멀티팩 정품_590,600|_정품_599,690|해외구매_712,720","_멀티팩 정품_590,600|_정품_599,690|해외구매_704,270"
122711750,AMD 라이젠7-4세대 5800X3D AM4 10주년 기념 에디션 (버미어),"정품_590,850","정품_590,850","정품_590,850","정품_590,850","정품_590,850","정품_590,850","정품_590,850","정품_590,850","정품_590,850","정품_590,850","정품_590,850","정품_590,850","정품_590,850","정품_590,850","정품_590,850","정품_590,850","정품_590,850"
18718538,AMD 라이젠7-5세대 7700 (라파엘),"_멀티팩 정품_339,590|정품_599,800|_해외구매_275,480","_멀티팩 정품_339,590|정품_599,800|_해외구매_275,480","_멀티팩 정품_339,590|정품_599,800|_해외구매_272,790","_멀티팩 정품_339,590|정품_599,800|_해외구매_272,790","_멀티팩 정품_339,590|정품_599,800|_해외구매_272,490","_멀티팩 정품_339,600|정품_599,800|_해외구매_272,490","_멀티팩 정품_339,600|정품_599,800|_해외구매_272,490","_멀티팩 정품_339,600|정품_599,800|_해외구매_272,490","_멀티팩 정품_339,600|정품_599,800|_해외구매_272,490","_멀티팩 정품_339,600|정품_599,800|_해외구매_272,490","_멀티팩 정품_339,600|정품_599,800|_해외구매_272,490","_멀티팩 정품_339,600|정품_599,800|_해외구매_272,490","_멀티팩 정품_339,600|정품_599,800|_해외구매_272,490","_멀티팩 정품_339,600|정품_599,800|_해외구매_272,490","_멀티팩 정품_339,600|_정품_599,800|해외구매_272,490","_멀티팩 정품_339,600|_정품_599,800|해외구매_272,490","_멀티팩 정품_339,600|_정품_599,800|해외구매_272,490"
27945140,AMD 라이젠7-5세대 7700X (라파엘),"_멀티팩 정품_363,400|_해외구매_475,290","_멀티팩 정품_363,360|_해외구매_475,290","_멀티팩 정품_363,360|_해외구매_475,290","_멀티팩 정품_363,360|_해외구매_475,290","_멀티팩 정품_363,260|_해외구매_475,290","_멀티팩 정품_363,250|_해외구매_475,290","_멀티팩 정품_363,250|_해외구매_475,290","_멀티팩 정품_363,250|_해외구매_475,290","_멀티팩 정품_363,990|_해외구매_456,800","_멀티팩 정품_363,990|_해외구매_456,800","_멀티팩 정품_363,990|_해외구매_456,800","_멀티팩 정품_363,990|_해외구매_456,800","_멀티팩 정품_363,990|_해외구매_456,800","_멀티팩 정품_363,990|_해외구매_456,800","_멀티팩 정품_363,990|_해외구매_456,800","_멀티팩 정품_363,990|_해외구매_456,800","_멀티팩 정품_363,990|_해외구매_456,800"
123234946,AMD 라이젠7-5세대 7700X3D (라파엘),"_멀티팩 정품_379,390|_정품_391,230","_멀티팩 정품_379,350|_정품_391,230","_멀티팩 정품_379,350|_정품_391,230","_멀티팩 정품_379,350|_정품_391,230","_멀티팩 정품_379,250|_정품_391,230","_멀티팩 정품_379,240|_정품_391,230","_멀티팩 정품_381,880|_정품_391,230","_멀티팩 정품_381,880|_정품_391,230","_멀티팩 정품_381,810|_정품_391,230","_멀티팩 정품_381,810|_정품_391,230","_멀티팩 정품_381,770|_정품_391,230","_멀티팩 정품_381,750|_정품_391,230","_멀티팩 정품_381,710|_정품_391,220","_멀티팩 정품_381,690|_정품_391,220","_멀티팩 정품_381,690|_정품_391,220","_멀티팩 정품_381,690|_정품_391,220","_멀티팩 정품_381,690|_정품_391,220"
19627934,AMD 라이젠7-5세대 7800X3D (라파엘),"_멀티팩 정품_469,990|_정품_694,170||해외구매_426,400","_멀티팩 정품_472,990|_정품_694,170||해외구매_426,400","_멀티팩 정품_472,990|_정품_694,170||해외구매_426,400","_멀티팩 정품_472,990|_정품_694,170||해외구매_426,400","_멀티팩 정품_472,990|_정품_694,170||해외구매_426,400","_멀티팩 정품_473,000|_정품_694,170||해외구매_426,400","_멀티팩 정품_473,000|정품_694,170||_해외구매_426,400","_멀티팩 정품_473,000|정품_694,170||_해외구매_426,400","_멀티팩 정품_473,000|정품_702,150||_해외구매_426,400","_멀티팩 정품_473,000|정품_702,150||_해외구매_298,500","_멀티팩 정품_473,000|정품_702,150||_해외구매_298,500","_멀티팩 정품_473,000|정품_702,150||_해외구매_298,500","_멀티팩 정품_478,770|정품_702,150||_해외구매_298,500","_멀티팩 정품_478,770|정품_702,150||_해외구매_298,500","_멀티팩 정품_478,770|정품_702,150||_해외구매_298,500","_멀티팩 정품_478,770|정품_702,150||_해외구매_298,500","_멀티팩 정품_478,750|정품_702,150||_해외구매_298,500"
53779649,AMD 라이젠7-5세대 8700F (피닉스),"_멀티팩 정품_225,880|_해외구매_232,090","_멀티팩 정품_225,880|_해외구매_232,090","_멀티팩 정품_225,800|_해외구매_232,090","_멀티팩 정품_225,490|_해외구매_232,090","_멀티팩 정품_225,450|_해외구매_232,090","_멀티팩 정품_225,450|_해외구매_232,090","_멀티팩 정품_225,450|_해외구매_232,090","_멀티팩 정품_225,450|_해외구매_232,090","_멀티팩 정품_225,450|_해외구매_232,090","_멀티팩 정품_225,450|_해외구매_232,090","_멀티팩 정품_225,450|_해외구매_232,090","_멀티팩 정품_225,450|_해외구매_232,090","_멀티팩 정품_225,450|_해외구매_232,090","_멀티팩 정품_225,450|_해외구매_232,090","_멀티팩 정품_225,450|_해외구매_232,090","_멀티팩 정품_225,450|_해외구매_232,090","_멀티팩 정품_225,450|_해외구매_232,090"
58933169,AMD 라이젠7-5세대 8700G (피닉스),"_멀티팩 정품_413,890|_해외구매_347,110","_멀티팩 정품_413,890|_해외구매_346,190","_멀티팩 정품_413,890|_해외구매_398,100","_멀티팩 정품_413,890|_해외구매_398,100","_멀티팩 정품_413,890|_해외구매_398,100","_멀티팩 정품_413,890|_해외구매_398,100","_멀티팩 정품_413,890|_해외구매_398,100","_멀티팩 정품_413,890|_해외구매_398,100","_멀티팩 정품_413,890|_해외구매_391,190","_멀티팩 정품_413,890|_해외구매_391,190","_멀티팩 정품_413,890|_해외구매_391,190","_멀티팩 정품_413,890|_해외구매_391,190","_멀티팩 정품_413,890|_해외구매_391,190","_멀티팩 정품_413,890|_해외구매_391,190","_멀티팩 정품_413,890|_해외구매_386,950","_멀티팩 정품_413,890|_해외구매_386,950","_멀티팩 정품_413,890|_해외구매_386,950"
62794082,AMD 라이젠7-6세대 9700X (그래니트 릿지),"_멀티팩 정품_381,890|정품_700,000|벌크 정품_382,000|_벌크 병행_358,170|해외구매_384,930","_멀티팩 정품_381,860|정품_700,000|벌크 정품_382,000|_벌크 병행_358,170|해외구매_384,930","_멀티팩 정품_381,780|정품_700,000|벌크 정품_382,000|_벌크 병행_358,170|해외구매_384,930","_멀티팩 정품_381,740|정품_700,000|벌크 정품_382,000|_벌크 병행_358,170|해외구매_384,930","_멀티팩 정품_381,740|정품_700,000|벌크 정품_382,000|_벌크 병행_358,170|해외구매_384,930","_멀티팩 정품_381,750|정품_700,000|벌크 정품_382,000|_벌크 병행_358,170|해외구매_384,930","_멀티팩 정품_381,990|정품_700,000|벌크 정품_382,000|_벌크 병행_358,170|해외구매_384,930","_멀티팩 정품_381,990|정품_700,000|벌크 정품_382,000|_벌크 병행_358,170|해외구매_384,930","_멀티팩 정품_381,000|정품_700,000|벌크 정품_382,000|_벌크 병행_358,170|해외구매_384,930","_멀티팩 정품_381,000|정품_700,000|벌크 정품_382,000|_벌크 병행_358,170|해외구매_384,930","_멀티팩 정품_381,980|정품_700,000|벌크 정품_428,590|_벌크 병행_358,170|해외구매_384,930","_멀티팩 정품_381,980|정품_700,000|벌크 정품_428,590|_벌크 병행_358,170|해외구매_384,930","_멀티팩 정품_383,980|정품_700,000|벌크 정품_413,000|_벌크 병행_358,170|해외구매_384,930","_멀티팩 정품_383,980|정품_700,000|벌크 정품_413,000|_벌크 병행_358,170|해외구매_384,930","_멀티팩 정품_383,980|정품_700,000|벌크 정품_413,000|_벌크 병행_358,170|해외구매_384,930","_멀티팩 정품_383,980|정품_700,000|벌크 정품_413,000|_벌크 병행_358,170|해외구매_384,930","_멀티팩 정품_383,980|정품_700,000|벌크 정품_413,000|_벌크 병행_358,170|해외구매_384,930"
70531547,AMD 라이젠7-6세대 9800X3D (그래니트 릿지),"_멀티팩 정품_681,280|_정품_720,000|벌크 병행_638,420|","_멀티팩 정품_681,250|_정품_720,000|벌크 병행_638,420|","_멀티팩 정품_681,160|_정품_720,000|벌크 병행_636,260|","_멀티팩 정품_681,130|_정품_720,000|벌크 병행_636,260|","_멀티팩 정품_681,350|_정품_720,000|벌크 병행_679,000|","_멀티팩 정품_681,360|_정품_720,000|벌크 병행_679,000|","_멀티팩 정품_681,360|_정품_720,000|벌크 병행_679,000|","_멀티팩 정품_620,000|_정품_720,000|벌크 병행_679,000|","_멀티팩 정품_689,990|_정품_720,000|벌크 병행_679,000|","_멀티팩 정품_689,980|_정품_720,000|벌크 병행_679,000|","_멀티팩 정품_689,970|_정품_720,000|벌크 병행_679,000|","_멀티팩 정품_689,970|_정품_720,000|벌크 병행_679,000|","_멀티팩 정품_698,320|_정품_720,000|벌크 병행_679,000|","_멀티팩 정품_698,330|_정품_720,000|벌크 병행_679,000|","_멀티팩 정품_690,660|_정품_720,000|벌크 병행_679,000|","_멀티팩 정품_690,660|_정품_720,000|벌크 병행_679,000|","_멀티팩 정품_690,660|_정품_720,000|벌크 병행_679,000|"
104627873,AMD 라이젠7-6세대 9850X3D (그래니트 릿지),"_멀티팩 정품_728,210|_정품_722,000","_멀티팩 정품_721,990|_정품_722,000","_멀티팩 정품_721,990|_정품_722,000","_멀티팩 정품_721,990|_정품_722,000","_멀티팩 정품_721,900|_정품_722,000","_멀티팩 정품_721,880|_정품_722,000","_멀티팩 정품_721,880|_정품_722,000","_멀티팩 정품_721,880|_정품_722,000","_멀티팩 정품_721,980|_정품_722,000","_멀티팩 정품_721,980|_정품_722,000","_멀티팩 정품_721,980|_정품_722,000","_멀티팩 정품_721,980|_정품_722,000","_멀티팩 정품_721,980|_정품_722,000","_멀티팩 정품_721,980|_정품_722,000","_멀티팩 정품_721,980|_정품_722,000","_멀티팩 정품_721,980|_정품_722,000","_멀티팩 정품_721,980|_정품_722,000"
8457111,AMD 라이젠9-3세대 3900X (마티스),"_정품_1,500,000|멀티팩 정품_400,000|_해외구매_303,240|중고_255,000","_정품_1,500,000|멀티팩 정품_400,000|_해외구매_303,240|중고_255,000","_정품_1,500,000|멀티팩 정품_400,000|_해외구매_303,240|중고_255,000","_정품_1,500,000|멀티팩 정품_400,000|_해외구매_303,240|중고_255,000","_정품_1,500,000|_멀티팩 정품_400,000|해외구매_303,240|중고_255,000","_정품_1,500,000|_멀티팩 정품_400,000|해외구매_303,240|중고_255,000","_정품_1,500,000|멀티팩 정품_400,000|_해외구매_303,240|중고_255,000","_정품_1,500,000|멀티팩 정품_400,000|_해외구매_303,240|중고_255,000","_정품_1,500,000|멀티팩 정품_400,000|_해외구매_303,240|중고_255,000","_정품_1,500,000|멀티팩 정품_400,000|_해외구매_303,240|중고_258,500","_정품_1,500,000|멀티팩 정품_400,000|_해외구매_303,240|중고_240,000","_정품_1,500,000|멀티팩 정품_400,000|_해외구매_303,240|중고_240,000","_정품_1,500,000|멀티팩 정품_400,000|_해외구매_303,240|중고_240,000","_정품_1,500,000|멀티팩 정품_400,000|_해외구매_303,240|중고_240,000","_정품_1,500,000|멀티팩 정품_400,000|_해외구매_303,240|중고_240,000","_정품_1,500,000|멀티팩 정품_400,000|_해외구매_303,240|중고_240,000","_정품_1,500,000|멀티팩 정품_400,000|_해외구매_303,240|중고_240,000"
12338828,AMD 라이젠9-3세대 3900XT (마티스),"해외구매_500,000","해외구매_500,000","해외구매_500,000","해외구매_500,000","해외구매_500,000","해외구매_500,000","해외구매_500,000","해외구매_500,000","해외구매_500,000","해외구매_500,000","해외구매_500,000","해외구매_500,000","해외구매_500,000","해외구매_500,000","해외구매_500,000","해외구매_500,000","해외구매_500,000"
11026701,AMD 라이젠9-3세대 3950X (마티스),"해외구매_432,000","해외구매_432,000","해외구매_432,000","해외구매_432,000","해외구매_432,000","해외구매_442,400","해외구매_442,400","해외구매_442,400","해외구매_442,400","해외구매_442,400","해외구매_442,400","해외구매_442,400","해외구매_442,400","해외구매_442,400","해외구매_442,400","해외구매_442,400","해외구매_442,400"
12837425,AMD 라이젠9-4세대 5900X (버미어),"_멀티팩 정품_759,000|_해외구매_401,700|중고_406,880","_멀티팩 정품_759,000|_해외구매_401,700|중고_406,880","_멀티팩 정품_759,000|_해외구매_401,700|중고_406,880","_멀티팩 정품_759,000|_해외구매_401,700|중고_406,880","_멀티팩 정품_759,000|_해외구매_401,700|중고_406,880","_멀티팩 정품_759,000|_해외구매_435,700|중고_406,880","_멀티팩 정품_759,000|_해외구매_463,100|중고_406,880","_멀티팩 정품_759,000|_해외구매_463,100|중고_406,880","_멀티팩 정품_759,000|_해외구매_463,100|중고_406,880","_멀티팩 정품_759,000|_해외구매_463,100|중고_411,250","_멀티팩 정품_759,000|_해외구매_463,100|중고_420,000","_멀티팩 정품_759,000|_해외구매_463,100|중고_420,000","_멀티팩 정품_759,000|_해외구매_463,100|중고_420,000","_멀티팩 정품_759,000|_해외구매_463,100|중고_420,000","_멀티팩 정품_759,000|_해외구매_463,100|중고_420,000","_멀티팩 정품_759,000|_해외구매_463,100|중고_420,000","_멀티팩 정품_759,000|_해외구매_463,100|중고_420,000"
62165036,AMD 라이젠9-4세대 5900XT (버미어),"정품_700,000","정품_700,000","정품_700,000","정품_700,000","정품_700,000","정품_700,000","정품_700,000","정품_700,000","정품_700,000","정품_700,000","정품_700,000","정품_700,000","정품_700,000","정품_700,000","정품_700,000","정품_700,000","정품_700,000"
13172262,AMD 라이젠9-4세대 5950X (버미어),"_벌크 병행_735,000|_해외구매_633,420","_벌크 병행_735,000|_해외구매_633,420","_벌크 병행_735,000|_해외구매_633,420","_벌크 병행_735,000|_해외구매_633,420","_벌크 병행_735,000|_해외구매_633,420","_벌크 병행_735,000|_해외구매_633,420","_벌크 병행_735,000|_해외구매_633,420","_벌크 병행_735,000|_해외구매_633,420","_벌크 병행_735,000|_해외구매_633,420","_벌크 병행_735,000|_해외구매_633,420","_벌크 병행_735,000|_해외구매_633,420","_벌크 병행_735,000|_해외구매_633,420","_벌크 병행_735,000|_해외구매_633,420","_벌크 병행_735,000|_해외구매_633,420","_벌크 병행_735,000|_해외구매_633,420","_벌크 병행_735,000|_해외구매_633,420","_벌크 병행_735,000|_해외구매_633,420"
18718631,AMD 라이젠9-5세대 7900 (라파엘),"_멀티팩 정품_459,690|_정품_488,830|벌크 정품_486,000|해외구매_583,580","_멀티팩 정품_459,690|_정품_488,800|벌크 정품_486,000|해외구매_575,840","_멀티팩 정품_459,690|_정품_488,800|벌크 정품_486,000|해외구매_575,840","_멀티팩 정품_459,690|_정품_488,790|벌크 정품_486,000|해외구매_575,840","_멀티팩 정품_459,690|_정품_488,790|벌크 정품_486,000|해외구매_575,840","_멀티팩 정품_459,690|_정품_488,800|벌크 정품_486,000|해외구매_575,840","_멀티팩 정품_459,690|_정품_488,990|벌크 정품_486,000|해외구매_575,840","_멀티팩 정품_459,690|_정품_488,990|벌크 정품_486,000|해외구매_575,840","_멀티팩 정품_459,690|_정품_488,990|벌크 정품_486,000|해외구매_584,820","_멀티팩 정품_459,690|_정품_488,990|벌크 정품_486,000|해외구매_584,820","_멀티팩 정품_459,690|_정품_488,990|벌크 정품_486,000|해외구매_584,820","_멀티팩 정품_459,690|_정품_488,990|벌크 정품_486,000|해외구매_584,820","_멀티팩 정품_459,690|_정품_488,990|벌크 정품_486,000|해외구매_584,820","_멀티팩 정품_459,690|_정품_488,990|벌크 정품_486,000|해외구매_584,820","_멀티팩 정품_459,690|_정품_488,990|벌크 정품_486,000|해외구매_587,270","_멀티팩 정품_459,690|_정품_488,990|벌크 정품_486,000|해외구매_587,270","_멀티팩 정품_459,690|_정품_488,990|벌크 정품_486,000|해외구매_587,270"
28402418,AMD 라이젠9-5세대 7900X (라파엘),"_멀티팩 정품_435,790|_해외구매_677,970","_멀티팩 정품_435,790|_해외구매_677,970","_멀티팩 정품_435,790|_해외구매_680,820","_멀티팩 정품_435,790|_해외구매_680,820","_멀티팩 정품_435,790|_해외구매_680,820","_멀티팩 정품_435,790|_해외구매_680,820","_멀티팩 정품_435,790|_해외구매_680,820","_멀티팩 정품_435,790|_해외구매_680,820","_멀티팩 정품_435,790|_해외구매_685,400","_멀티팩 정품_435,790|_해외구매_685,400","_멀티팩 정품_435,790|_해외구매_685,400","_멀티팩 정품_435,790|_해외구매_685,400","_멀티팩 정품_435,790|_해외구매_685,400","_멀티팩 정품_435,790|_해외구매_685,400","_멀티팩 정품_435,790|_해외구매_685,400","_멀티팩 정품_435,790|_해외구매_685,400","_멀티팩 정품_435,790|_해외구매_685,400"
19627457,AMD 라이젠9-5세대 7900X3D (라파엘),"_멀티팩 정품_799,990|정품_804,600|_해외구매_827,000","_멀티팩 정품_799,990|정품_804,600|_해외구매_827,000","_멀티팩 정품_799,990|정품_804,600|_해외구매_827,000","_멀티팩 정품_799,990|정품_804,600|_해외구매_827,000","_멀티팩 정품_799,990|정품_804,600|_해외구매_827,000","_멀티팩 정품_799,990|_해외구매_827,000","_멀티팩 정품_804,590|_해외구매_827,000","_멀티팩 정품_804,590|_해외구매_827,000","_멀티팩 정품_804,590|_해외구매_827,000","_멀티팩 정품_804,590|_해외구매_827,000","_멀티팩 정품_804,590|_해외구매_827,000","_멀티팩 정품_804,590|_해외구매_827,000","_멀티팩 정품_804,590|_해외구매_827,000","_멀티팩 정품_804,590|_해외구매_827,000","_멀티팩 정품_804,590|_해외구매_827,000","_멀티팩 정품_804,590|_해외구매_827,000","_멀티팩 정품_804,590|_해외구매_827,000"
20613197,AMD 라이젠9-5세대 7950X (라파엘),"_멀티팩 정품_1,500,000|정품_1,748,470|_해외구매_399,000","_멀티팩 정품_1,500,000|정품_1,748,470|_해외구매_399,000","멀티팩 정품_1,500,000|_정품_1,748,470|_해외구매_399,000","멀티팩 정품_1,500,000|_정품_1,748,470|_해외구매_399,000","멀티팩 정품_1,500,000|_정품_1,748,470|_해외구매_399,000","멀티팩 정품_1,500,000|_정품_1,748,470|_해외구매_399,000","_멀티팩 정품_1,500,000|정품_1,748,470|_해외구매_399,000","_멀티팩 정품_1,500,000|정품_1,748,470|_해외구매_399,000","_멀티팩 정품_1,500,000|정품_1,748,470|_해외구매_399,000","_멀티팩 정품_1,500,000|정품_1,748,470|_해외구매_399,000","멀티팩 정품_1,500,000|_정품_1,748,470|_해외구매_399,000","멀티팩 정품_1,500,000|_정품_1,748,470|_해외구매_399,000","_멀티팩 정품_1,500,000|정품_1,748,470|_해외구매_399,000","_멀티팩 정품_1,500,000|정품_1,748,470|_해외구매_399,000","_멀티팩 정품_1,500,000|정품_1,748,470|_해외구매_399,000","_멀티팩 정품_1,500,000|정품_1,748,470|_해외구매_399,000","_멀티팩 정품_1,500,000|정품_1,748,470|_해외구매_399,000"
19627601,AMD 라이젠9-5세대 7950X3D (라파엘),"_멀티팩 정품_691,950|_해외구매_895,700","_멀티팩 정품_691,950|_해외구매_895,700","_멀티팩 정품_691,950|_해외구매_895,700","_멀티팩 정품_691,950|_해외구매_895,700","_멀티팩 정품_691,950|_해외구매_895,700","_멀티팩 정품_691,950|_해외구매_895,700","_멀티팩 정품_691,950|_해외구매_895,700","_멀티팩 정품_691,950|_해외구매_895,700","_멀티팩 정품_691,870|_해외구매_895,700","_멀티팩 정품_691,870|_해외구매_895,700","_멀티팩 정품_691,830|_해외구매_895,700","_멀티팩 정품_691,810|_해외구매_895,700","_멀티팩 정품_691,770|_해외구매_895,700","_멀티팩 정품_691,750|_해외구매_895,700","_멀티팩 정품_691,750|_해외구매_895,700","_멀티팩 정품_691,750|_해외구매_895,700","_멀티팩 정품_691,750|_해외구매_895,700"
63140387,AMD 라이젠9-6세대 9900X (그래니트 릿지),"_멀티팩 정품_692,150|_정품_657,200|벌크 병행_598,990|해외구매_571,490","_멀티팩 정품_692,150|_정품_657,200|벌크 병행_598,990|해외구매_571,490","멀티팩 정품_692,150|_정품_657,200|_벌크 병행_598,990|해외구매_571,490","멀티팩 정품_692,150|_정품_657,200|_벌크 병행_598,950|해외구매_571,490","멀티팩 정품_629,000|_정품_657,200|_벌크 병행_598,950|해외구매_571,490","멀티팩 정품_639,900|_정품_657,200|_벌크 병행_598,990|해외구매_571,490","멀티팩 정품_629,000|_정품_657,200|벌크 병행_598,990|_해외구매_571,490","멀티팩 정품_629,000|_정품_657,200|벌크 병행_598,990|_해외구매_571,490","멀티팩 정품_629,000|_정품_657,200|_벌크 병행_598,990|해외구매_571,490","멀티팩 정품_629,000|_정품_657,200|_벌크 병행_598,990|해외구매_571,490","멀티팩 정품_692,150|정품_657,200|_벌크 병행_558,100|_해외구매_571,490","멀티팩 정품_692,150|정품_657,200|_벌크 병행_558,090|_해외구매_571,490","멀티팩 정품_692,150|_정품_657,200|_벌크 병행_558,090|해외구매_571,490","멀티팩 정품_671,860|_정품_657,200|_벌크 병행_558,090|해외구매_571,490","멀티팩 정품_692,150|_정품_657,200|_벌크 병행_558,090|해외구매_571,490","멀티팩 정품_692,150|_정품_657,200|_벌크 병행_558,090|해외구매_571,490","멀티팩 정품_692,150|_정품_657,200|_벌크 병행_558,090|해외구매_571,490"
77790890,AMD 라이젠9-6세대 9900X3D (그래니트 릿지),"_멀티팩 정품_846,170|_해외구매_821,000","_멀티팩 정품_846,150|_해외구매_821,000","_멀티팩 정품_846,070|_해외구매_821,000","_멀티팩 정품_846,030|_해외구매_821,000","_멀티팩 정품_846,030|_해외구매_821,000","_멀티팩 정품_846,020|_해외구매_821,000","_멀티팩 정품_846,980|_해외구매_821,000","_멀티팩 정품_846,980|_해외구매_821,000","_멀티팩 정품_846,980|_해외구매_821,000","_멀티팩 정품_846,980|_해외구매_821,000","_멀티팩 정품_846,980|_해외구매_821,000","_멀티팩 정품_846,980|_해외구매_821,000","_멀티팩 정품_846,980|_해외구매_821,000","_멀티팩 정품_846,980|_해외구매_821,000","_멀티팩 정품_846,980|_해외구매_821,000","_멀티팩 정품_846,980|_해외구매_821,000","_멀티팩 정품_846,980|_해외구매_821,000"
63140417,AMD 라이젠9-6세대 9950X (그래니트 릿지),"_멀티팩 정품_838,410|정품_878,830|_벌크 병행_711,560|해외구매_832,800","_멀티팩 정품_838,370|정품_878,820|_벌크 병행_711,560|해외구매_832,800","_멀티팩 정품_838,370|정품_878,820|_벌크 병행_711,470|해외구매_832,800","_멀티팩 정품_838,370|정품_878,820|_벌크 병행_711,440|해외구매_832,800","_멀티팩 정품_838,300|정품_878,720|_벌크 병행_711,340|해외구매_832,800","_멀티팩 정품_838,300|정품_878,690|_벌크 병행_711,310|해외구매_832,800","_멀티팩 정품_838,460|정품_878,690|_벌크 병행_711,310|해외구매_831,440","_멀티팩 정품_838,460|정품_878,690|_벌크 병행_711,300|해외구매_831,440","_멀티팩 정품_838,460|정품_878,690|_벌크 병행_711,280|해외구매_831,440","_멀티팩 정품_838,460|정품_878,690|_벌크 병행_711,280|해외구매_831,440","_멀티팩 정품_845,990|정품_878,690|_벌크 병행_703,540|해외구매_831,440","_멀티팩 정품_828,900|정품_878,690|_벌크 병행_703,530|해외구매_831,440","_멀티팩 정품_845,980|정품_878,690|_벌크 병행_703,530|해외구매_831,440","_멀티팩 정품_845,980|정품_878,690|_벌크 병행_703,530|해외구매_831,440","_멀티팩 정품_845,980|정품_878,690|_벌크 병행_703,530|해외구매_831,440","_멀티팩 정품_845,980|정품_878,690|_벌크 병행_703,530|해외구매_831,440","_멀티팩 정품_845,980|정품_878,690|_벌크 병행_703,530|해외구매_831,440"
77790914,AMD 라이젠9-6세대 9950X3D (그래니트 릿지),"_멀티팩 정품_1,070,670|_정품_1,513,980|해외구매_1,248,150","_멀티팩 정품_1,070,670|_정품_1,513,980|해외구매_1,248,150","_멀티팩 정품_1,070,670|_정품_1,513,980|해외구매_1,248,150","_멀티팩 정품_1,070,670|_정품_1,513,980|해외구매_1,248,150","_멀티팩 정품_1,070,590|_정품_1,513,980|해외구매_1,248,150","_멀티팩 정품_1,070,570|_정품_1,513,980|해외구매_1,248,150","_멀티팩 정품_1,070,570|_정품_1,513,980|해외구매_1,127,830","_멀티팩 정품_1,070,570|_정품_1,513,980|해외구매_1,121,560","_멀티팩 정품_1,070,470|_정품_1,513,980|해외구매_1,121,560","_멀티팩 정품_1,070,470|_정품_1,513,980|해외구매_1,116,060","_멀티팩 정품_1,066,130|_정품_1,513,980|해외구매_1,116,060","_멀티팩 정품_1,058,630|_정품_1,513,980|해외구매_1,101,000","_멀티팩 정품_1,069,500|_정품_1,513,980|해외구매_1,101,000","_멀티팩 정품_1,069,500|_정품_1,513,980|해외구매_1,095,070","_멀티팩 정품_1,056,490|_정품_1,513,980|해외구매_1,095,070","_멀티팩 정품_1,053,990|_정품_1,513,980|해외구매_1,090,850","_멀티팩 정품_1,058,990|_정품_1,513,980|해외구매_1,090,850"
122634011,AMD 라이젠9-6세대 9950X3D2 (그래니트 릿지),"_멀티팩 정품_1,426,050|_정품_1,570,000","_멀티팩 정품_1,426,020|_정품_1,570,000","_멀티팩 정품_1,425,930|_정품_1,570,000","_멀티팩 정품_1,425,900|_정품_1,570,000","_멀티팩 정품_1,425,810|_정품_1,570,000","_멀티팩 정품_1,425,790|_정품_1,570,000","_멀티팩 정품_1,425,790|_정품_1,570,000","_멀티팩 정품_1,425,790|_정품_1,570,000","_멀티팩 정품_1,426,130|_정품_1,570,000","_멀티팩 정품_1,426,130|_정품_1,570,000","_멀티팩 정품_1,426,130|_정품_1,570,000","_멀티팩 정품_1,426,130|_정품_1,570,000","_멀티팩 정품_1,426,130|_정품_1,570,000","_멀티팩 정품_1,426,130|_정품_1,570,000","_멀티팩 정품_1,426,130|_정품_1,570,000","_멀티팩 정품_1,426,130|_정품_1,570,000","_멀티팩 정품_1,426,130|_정품_1,570,000"
11028270,AMD 애슬론 200GE (레이븐 릿지),"_해외구매_43,800|_중고_11,000","_해외구매_43,800|_중고_11,000","_해외구매_43,800|_중고_11,000","_해외구매_43,800|_중고_11,000","_해외구매_43,800|_중고_11,000","_해외구매_38,700|_중고_11,000","_해외구매_38,700|_중고_11,000","_해외구매_38,700|_중고_11,000","_해외구매_38,700|_중고_11,000","_해외구매_38,700|_중고_11,000","_해외구매_38,700|_중고_11,000","_해외구매_38,700|_중고_11,000","_해외구매_38,700|_중고_11,000","_해외구매_38,700|_중고_11,000","_해외구매_38,700|_중고_11,000","_해외구매_38,700|_중고_11,000","_해외구매_38,700|_중고_11,000"
9968202,AMD 애슬론 3000G (레이븐 릿지),"_정품_65,400|_벌크 + 쿨러 정품_57,400|벌크 병행_46,900|해외구매_82,650|중고_25,800","_정품_65,400|_벌크 + 쿨러 정품_54,900|벌크 병행_49,900|해외구매_82,650|중고_25,800","_정품_65,400|_벌크 + 쿨러 정품_59,900|벌크 병행_49,900|해외구매_82,650|중고_25,800","_정품_60,921|_벌크 + 쿨러 정품_59,900|벌크 병행_49,900|해외구매_82,650|중고_25,800","_정품_64,431|_벌크 + 쿨러 정품_57,400|벌크 병행_49,900|해외구매_82,650|중고_25,800","_정품_64,440|_벌크 + 쿨러 정품_57,400|벌크 병행_49,900|해외구매_79,360|중고_25,800","_정품_64,440|_벌크 + 쿨러 정품_59,900|벌크 병행_49,900|해외구매_79,360|중고_25,800","_정품_64,440|_벌크 + 쿨러 정품_59,900|벌크 병행_49,900|해외구매_82,650|중고_25,800","_정품_64,440|_벌크 + 쿨러 정품_54,900|벌크 병행_46,900|해외구매_82,650|중고_25,800","_정품_64,440|_벌크 + 쿨러 정품_54,900|벌크 병행_49,900|해외구매_82,650|중고_28,790","_정품_26,000|_벌크 + 쿨러 정품_59,900|벌크 병행_49,900|해외구매_82,650|중고_28,790","_정품_26,000|_벌크 + 쿨러 정품_59,900|벌크 병행_49,900|해외구매_81,010|중고_28,790","_정품_26,000|_벌크 + 쿨러 정품_59,900|벌크 병행_46,900|해외구매_81,010|중고_28,790","_정품_26,000|_벌크 + 쿨러 정품_57,400|벌크 병행_49,900|해외구매_81,010|중고_28,790","_정품_26,000|_벌크 + 쿨러 정품_54,900|벌크 병행_49,900|해외구매_81,010|중고_28,790","_정품_26,000|_벌크 + 쿨러 정품_59,900|벌크 병행_49,900|해외구매_81,010|중고_28,790","_정품_26,000|_벌크 + 쿨러 정품_57,400|벌크 병행_46,900|해외구매_81,010|중고_28,790"
4281793,AMD 페넘II-X4 955 (데네브),0,0,0,0,0,0,"중고_15,600","중고_15,600","중고_15,600","중고_15,600","중고_15,600","중고_15,600","중고_15,600","중고_15,600","중고_15,600","중고_15,600",0
4467073,AMD 페넘II-X6 1055T (투반),"중고, 95W_20,000","중고, 95W_20,000","중고, 95W_20,000","중고, 95W_20,000","중고, 95W_20,000","중고, 95W_20,000","중고, 95W_20,000","중고, 95W_20,000","중고, 95W_20,000","중고, 95W_20,000","중고, 95W_20,000","중고, 95W_25,480","중고, 95W_25,480","중고, 95W_25,480",0,0,0
6112877,인텔 셀러론 G1820 (하스웰),"중고_1,320","중고_1,320","중고_1,320","중고_1,320","중고_1,320","중고_1,320","중고_1,320","중고_1,320","중고_1,320","중고_1,390","중고_1,390","중고_1,390","중고_1,390","중고_1,390",0,0,0
6112894,인텔 셀러론 G1830 (하스웰),0,0,0,0,0,0,0,0,"중고_1,390","중고_1,390","중고_1,440","중고_1,440","중고_1,440","중고_1,440","중고_1,440","중고_1,440","중고_1,440"
2669666,인텔 셀러론 G1840 (하스웰 리프레시),"_벌크_1,950|_중고_1,320","_벌크_1,950|_중고_1,320","_벌크_1,950|_중고_1,320","_벌크_1,950|_중고_1,320","_벌크_1,950|_중고_1,320","_벌크_1,950|_중고_1,320","_벌크_1,950|_중고_1,320","_벌크_1,950|_중고_1,320","_벌크_1,950|_중고_1,320","_벌크_1,950|_중고_1,390","_벌크_1,950|_중고_1,390","_벌크_1,950|_중고_1,390","_벌크_1,950|_중고_1,390","_벌크_1,950|_중고_1,390","_벌크_1,950|_중고_1,390","_벌크_1,950|_중고_1,390","_벌크_1,950|_중고_1,390"
2783185,인텔 셀러론 G1850 (하스웰 리프레시),"_벌크_3,287|_중고_1,390","_벌크_3,287|_중고_1,390","_벌크_3,297|_중고_1,390","_벌크_3,297|_중고_1,390","_벌크_3,310|_중고_1,390","_벌크_3,310|_중고_1,390","_벌크_3,310|_중고_1,390","_벌크_3,310|_중고_1,390","_벌크_3,310|_중고_1,390","_벌크_3,310|_중고_1,390","_벌크_3,287|_중고_1,390","_벌크_3,287|_중고_1,390","_벌크_3,287|_중고_1,390","_벌크_3,287|_중고_1,390","_벌크_3,310|_중고_1,390","_벌크_3,310|_중고_1,390","_벌크_3,310|_중고_1,390"
4033502,인텔 셀러론 G3900 (스카이레이크),"_벌크 + 쿨러_21,700|_벌크_3,990|중고_3,790","_벌크 + 쿨러_23,100|_벌크_3,990|중고_3,790","_벌크 + 쿨러_23,100|_벌크_3,990|중고_3,790","_벌크 + 쿨러_23,100|_벌크_3,990|중고_3,790","_벌크 + 쿨러_23,000|_벌크_3,990|중고_3,790","_벌크 + 쿨러_22,980|_벌크_3,990|중고_3,790","_벌크 + 쿨러_22,890|_벌크_3,990|중고_3,790","_벌크 + 쿨러_22,870|_벌크_3,990|중고_3,790","_벌크 + 쿨러_22,870|_벌크_3,990|중고_3,790","_벌크 + 쿨러_22,860|_벌크_3,990|중고_3,790","_벌크 + 쿨러_22,860|_벌크_3,990|중고_3,790","_벌크 + 쿨러_22,830|_벌크_3,990|중고_3,790","_벌크 + 쿨러_22,770|_벌크_3,990|중고_3,790","_벌크 + 쿨러_22,740|_벌크_3,990|중고_3,790","_벌크 + 쿨러_22,740|_벌크_3,990|중고_3,790","_벌크 + 쿨러_22,740|_벌크_3,990|중고_3,790","_벌크 + 쿨러_22,660|_벌크_3,990|중고_3,790"
4881161,인텔 셀러론 G3930 (카비레이크),"_벌크 + 쿨러_5,850|벌크_1,800|해외구매_18,110|_중고_1,790","_벌크 + 쿨러_5,850|벌크_1,800|해외구매_18,110|_중고_1,790","_벌크 + 쿨러_5,840|벌크_1,800|해외구매_18,110|_중고_1,790","_벌크 + 쿨러_5,840|벌크_1,800|해외구매_18,110|_중고_1,790","_벌크 + 쿨러_5,840|벌크_1,800|해외구매_18,110|_중고_1,790","_벌크 + 쿨러_5,840|벌크_1,800|해외구매_18,110|_중고_1,790","벌크 + 쿨러_5,840|_벌크_1,800|해외구매_18,110|_중고_1,790","벌크 + 쿨러_5,840|_벌크_1,800|해외구매_18,110|_중고_1,790","벌크 + 쿨러_5,950|_벌크_1,500|해외구매_18,110|_중고_1,680","벌크 + 쿨러_5,930|_벌크_1,500|해외구매_18,110|_중고_1,500","벌크 + 쿨러_5,880|_벌크_1,500|해외구매_18,490|_중고_1,500","벌크 + 쿨러_5,810|_벌크_1,500|해외구매_18,490|_중고_1,500","벌크 + 쿨러_5,770|_벌크_1,500|해외구매_18,490|_중고_1,500","벌크 + 쿨러_5,770|_벌크_1,500|해외구매_18,490|_중고_1,500","벌크 + 쿨러_5,760|_벌크_1,500|해외구매_18,490|_중고_1,500","벌크 + 쿨러_5,760|_벌크_1,500|해외구매_18,490|_중고_1,500","벌크 + 쿨러_5,760|_벌크_1,500|해외구매_18,490|_중고_1,500"
7898065,인텔 셀러론 G3950 (카비레이크),"_해외구매_88,000|_중고_65,000","_해외구매_88,000|_중고_65,000",0,0,0,0,0,0,0,0,0,0,0,0,0,0,0
6060282,인텔 셀러론 G4900 (커피레이크),"_벌크 + 쿨러_20,710|_벌크_7,700|해외구매_38,060|중고_6,790","_벌크 + 쿨러_22,000|_벌크_7,700|해외구매_38,060|중고_6,790","_벌크 + 쿨러_22,000|_벌크_7,700|해외구매_38,060|중고_6,790","_벌크 + 쿨러_22,000|_벌크_7,700|해외구매_38,060|중고_6,790","_벌크 + 쿨러_21,910|_벌크_7,700|해외구매_38,060|중고_6,790","_벌크 + 쿨러_21,890|_벌크_7,700|해외구매_38,060|중고_6,790","_벌크 + 쿨러_21,820|_벌크_7,700|해외구매_38,060|중고_6,790","_벌크 + 쿨러_21,790|_벌크_7,700|해외구매_38,060|중고_6,790","_벌크 + 쿨러_21,690|_벌크_7,700|해외구매_38,060|중고_6,790","_벌크 + 쿨러_21,670|_벌크_7,700|해외구매_38,060|중고_6,790","_벌크 + 쿨러_21,670|_벌크_7,700|해외구매_38,850|중고_6,790","_벌크 + 쿨러_21,640|_벌크_7,700|해외구매_38,850|중고_6,790","_벌크 + 쿨러_21,580|_벌크_7,700|해외구매_38,850|중고_6,790","_벌크 + 쿨러_21,550|_벌크_7,700|해외구매_38,850|중고_6,790","_벌크 + 쿨러_21,550|_벌크_7,700|해외구매_38,850|중고_6,790","_벌크 + 쿨러_21,550|_벌크_7,700|해외구매_38,850|중고_6,790","_벌크 + 쿨러_21,470|_벌크_7,700|해외구매_38,850|중고_6,790"
9642015,인텔 셀러론 G4930 (커피레이크-R),"_벌크 + 쿨러_28,890|_벌크_8,520|해외구매_26,760","_벌크 + 쿨러_28,890|_벌크_8,520|해외구매_26,760","_벌크 + 쿨러_28,890|_벌크_8,520|해외구매_26,470","_벌크 + 쿨러_28,890|_벌크_8,520|해외구매_26,470","_벌크 + 쿨러_28,890|_벌크_8,520|해외구매_26,440","_벌크 + 쿨러_28,890|_벌크_8,520|해외구매_26,440","_벌크 + 쿨러_28,890|_벌크_8,520|해외구매_26,440","_벌크 + 쿨러_28,890|_벌크_8,520|해외구매_26,440","_벌크 + 쿨러_28,890|_벌크_8,810|해외구매_26,440","_벌크 + 쿨러_28,890|_벌크_8,810|해외구매_26,440","_벌크 + 쿨러_28,890|_벌크_8,810|해외구매_26,440","_벌크 + 쿨러_28,890|_벌크_8,810|해외구매_26,440","_벌크 + 쿨러_28,890|_벌크_8,810|해외구매_26,440","_벌크 + 쿨러_28,890|_벌크_8,810|해외구매_26,440","_벌크 + 쿨러_28,890|_벌크_8,810|해외구매_26,440","_벌크 + 쿨러_28,890|_벌크_8,810|해외구매_26,440","_벌크 + 쿨러_28,890|_벌크_8,810|해외구매_26,440"
1512435,인텔 셀러론 G530 (샌디브릿지),"_벌크 + 쿨러_16,090|_중고_1,890","_벌크 + 쿨러_16,070|_중고_1,890","_벌크 + 쿨러_15,980|_중고_1,890","_벌크 + 쿨러_15,950|_중고_1,890","_벌크 + 쿨러_15,950|_중고_1,890","_벌크 + 쿨러_15,950|_중고_1,890","_벌크 + 쿨러_15,850|_중고_1,890","_벌크 + 쿨러_15,830|_중고_1,890","_벌크 + 쿨러_15,830|_중고_1,890","_벌크 + 쿨러_15,830|_중고_1,890","_벌크 + 쿨러_15,800|_중고_1,890","_벌크 + 쿨러_15,960|_중고_1,890","_벌크 + 쿨러_15,960|_중고_1,890","_벌크 + 쿨러_15,960|_중고_1,890","_벌크 + 쿨러_15,960|_중고_1,890","_벌크 + 쿨러_15,960|_중고_1,890","_벌크 + 쿨러_15,960|_중고_1,890"
1705460,인텔 셀러론 G540 (샌디브릿지),"_벌크 + 쿨러_15,920|_중고_1,900|벌크_1,800","_벌크 + 쿨러_15,900|_중고_1,900|벌크_1,800","_벌크 + 쿨러_15,810|중고_1,900|_벌크_1,800","_벌크 + 쿨러_15,780|중고_1,900|_벌크_1,800","_벌크 + 쿨러_15,780|중고_1,900|_벌크_1,800","_벌크 + 쿨러_15,790|중고_1,900|_벌크_1,800","_벌크 + 쿨러_15,790|중고_1,900|_벌크_1,800","_벌크 + 쿨러_15,790|중고_1,900|_벌크_1,800","_벌크 + 쿨러_15,790|중고_1,900|_벌크_1,800","_벌크 + 쿨러_15,790|중고_1,900|_벌크_1,800","_벌크 + 쿨러_15,790|중고_1,900|_벌크_1,800","_벌크 + 쿨러_15,960|중고_1,900|_벌크_1,800","_벌크 + 쿨러_15,960|중고_1,900|_벌크_1,800","_벌크 + 쿨러_15,960|중고_1,900|_벌크_1,800","_벌크 + 쿨러_15,960|중고_1,900|_벌크_1,800","_벌크 + 쿨러_15,960|중고_1,900|_벌크_1,800","_벌크 + 쿨러_15,960|중고_1,900|_벌크_1,800"
11480157,인텔 셀러론 G5900 (코멧레이크S),"_벌크_30,990|해외구매_89,680|_중고_29,930","_벌크_30,990|해외구매_89,680|_중고_29,900","_벌크_30,990|해외구매_89,680|_중고_29,900","_벌크_30,990|해외구매_89,680|_중고_29,890","_벌크_30,990|해외구매_89,680|_중고_29,820","_벌크_30,990|해외구매_89,680|_중고_29,800","_벌크_30,990|해외구매_89,680|_중고_29,800","_벌크_30,990|해외구매_89,680|_중고_29,800","_벌크_30,990|해외구매_89,680|_중고_30,350","_벌크_30,990|해외구매_89,680|_중고_30,350","_벌크_30,990|해외구매_89,680|_중고_30,350","_벌크_30,990|해외구매_89,680|_중고_30,680","_벌크_30,990|해외구매_89,680|_중고_30,680","_벌크_30,990|해외구매_89,680|_중고_30,680","_벌크_30,990|해외구매_89,680|_중고_30,680","_벌크_30,990|해외구매_89,680|_중고_30,680","_벌크_30,990|해외구매_89,680|_중고_30,680"
12122969,인텔 셀러론 G5905 (코멧레이크S),"_정품_62,000|_벌크 + 쿨러_54,750|벌크_47,740|해외구매_112,090|중고_34,500","_정품_62,000|_벌크 + 쿨러_54,750|벌크_47,740|해외구매_112,090|중고_34,500","_정품_62,000|_벌크 + 쿨러_54,750|벌크_47,740|해외구매_126,840|중고_34,500","_정품_62,000|_벌크 + 쿨러_51,768|벌크_47,740|해외구매_126,840|중고_34,500","_정품_62,000|_벌크 + 쿨러_54,640|벌크_47,740|해외구매_126,840|중고_34,500","_정품_62,000|_벌크 + 쿨러_54,060|벌크_47,740|해외구매_126,840|중고_34,500","_정품_62,000|_벌크 + 쿨러_54,710|벌크_47,740|해외구매_126,840|중고_34,500","_정품_62,000|_벌크 + 쿨러_54,710|벌크_47,740|해외구매_126,840|중고_34,500","_정품_62,000|_벌크 + 쿨러_54,700|벌크_47,740|해외구매_126,840|중고_34,500","_정품_62,000|_벌크 + 쿨러_54,700|벌크_47,740|해외구매_126,840|중고_34,870","_정품_62,000|_벌크 + 쿨러_54,700|벌크_47,740|해외구매_126,840|중고_36,000","_정품_62,000|_벌크 + 쿨러_54,700|벌크_47,740|해외구매_126,840|중고_36,000","_정품_62,000|_벌크 + 쿨러_54,700|벌크_47,740|해외구매_126,840|중고_36,000","_정품_62,000|_벌크 + 쿨러_54,700|벌크_47,740|해외구매_126,840|중고_36,000","_정품_62,000|_벌크 + 쿨러_54,700|벌크_47,740|해외구매_126,840|중고_36,000","_정품_62,000|_벌크 + 쿨러_54,700|벌크_47,740|해외구매_126,840|중고_36,000","_정품_62,000|_벌크 + 쿨러_54,700|벌크_47,740|해외구매_126,840|중고_36,000"
12387029,인텔 셀러론 G5925 (코멧레이크S),"_정품_98,640|병행수입 박스_101,990|벌크 + 쿨러_100,610|_벌크_95,310","_정품_98,640|병행수입 박스_101,970|벌크 + 쿨러_100,610|_벌크_95,310","_정품_98,640|병행수입 박스_101,890|벌크 + 쿨러_100,610|_벌크_95,310","_정품_98,640|병행수입 박스_101,860|벌크 + 쿨러_100,610|_벌크_95,310","_정품_98,640|병행수입 박스_101,860|벌크 + 쿨러_100,610|_벌크_95,310","_정품_98,640|병행수입 박스_101,850|벌크 + 쿨러_100,610|_벌크_95,310","_정품_98,640|병행수입 박스_101,850|벌크 + 쿨러_100,610|_벌크_95,310","_정품_98,640|병행수입 박스_101,850|벌크 + 쿨러_100,610|_벌크_95,310","_정품_98,640|병행수입 박스_101,750|벌크 + 쿨러_100,610|_벌크_95,310","_정품_98,640|병행수입 박스_101,730|벌크 + 쿨러_100,610|_벌크_95,310","_정품_98,640|병행수입 박스_101,730|벌크 + 쿨러_100,610|_벌크_95,310","_정품_98,640|병행수입 박스_101,700|벌크 + 쿨러_100,610|_벌크_95,310","_정품_98,640|병행수입 박스_101,640|벌크 + 쿨러_100,610|_벌크_95,310","_정품_98,640|병행수입 박스_101,610|벌크 + 쿨러_100,610|_벌크_95,310","_정품_98,640|병행수입 박스_101,610|벌크 + 쿨러_100,610|_벌크_95,310","_정품_98,640|병행수입 박스_101,610|벌크 + 쿨러_100,610|_벌크_95,310","_정품_98,640|병행수입 박스_101,530|벌크 + 쿨러_100,610|_벌크_95,310"
16209680,인텔 셀러론 G6900 (엘더레이크),"_벌크_131,000|_해외구매_134,000","_벌크_131,000|_해외구매_134,000","_벌크_131,000|_해외구매_134,000","_벌크_131,000|_해외구매_134,000","_벌크_131,000|_해외구매_134,000","_벌크_131,000|_해외구매_134,000","_벌크_131,000|_해외구매_134,000","_벌크_131,000|_해외구매_134,000","_벌크_131,000|_해외구매_134,000","_벌크_131,000|_해외구매_134,000","_벌크_131,000|_해외구매_134,000","_벌크_131,000|_해외구매_134,000","_벌크_131,000|_해외구매_134,000","_벌크_131,000|_해외구매_134,000","_벌크_131,000|_해외구매_134,000","_벌크_131,000|_해외구매_134,000","_벌크_131,000|_해외구매_134,000"
7271803,인텔 제온 E 2146G (커피레이크),0,0,0,0,0,0,"정품_598,480","정품_598,480","정품_598,480","정품_598,480","정품_598,480","정품_598,480","정품_598,480","정품_598,480","정품_598,480","정품_598,480","정품_598,480"
9652455,인텔 제온 E 2224 (커피레이크-R),"_정품_630,500|_벌크 + 쿨러_371,300|벌크_591,500","_정품_630,500|_벌크 + 쿨러_371,300|벌크_591,500","_정품_630,500|_벌크 + 쿨러_371,300|벌크_591,500","_정품_630,500|_벌크 + 쿨러_371,300|벌크_591,500","_정품_630,500|_벌크 + 쿨러_371,300|벌크_591,500","_정품_630,500|_벌크 + 쿨러_371,300|벌크_591,500","_정품_630,500|_벌크 + 쿨러_371,300|벌크_591,500","_정품_630,500|_벌크 + 쿨러_371,300|벌크_591,500","_정품_630,500|_벌크 + 쿨러_371,300|벌크_591,500","_정품_630,500|_벌크 + 쿨러_371,300|벌크_591,500","_정품_630,500|_벌크 + 쿨러_375,250|벌크_591,500","_정품_630,500|_벌크 + 쿨러_375,250|벌크_591,500","_정품_630,500|_벌크 + 쿨러_375,250|벌크_591,500","_정품_630,500|_벌크 + 쿨러_375,250|벌크_591,500","_정품_630,500|_벌크 + 쿨러_375,250|벌크_591,500","_정품_630,500|_벌크 + 쿨러_375,250|벌크_591,500","_정품_630,500|_벌크 + 쿨러_375,250|벌크_591,500"
9652695,인텔 제온 E 2234 (커피레이크-R),0,0,0,0,0,0,"정품_481,750","정품_481,750","정품_481,750","정품_481,750","정품_481,750","정품_481,750","정품_481,750","정품_481,750","정품_481,750","정품_481,750","정품_481,750"
18158378,인텔 제온 E3-1220V5 (스카이레이크),"_해외구매_28,460|_중고_47,010","_해외구매_28,460|_중고_46,990","_해외구매_28,460|_중고_46,900","_해외구매_28,460|_중고_46,870","_해외구매_28,460|_중고_46,870","_해외구매_28,460|_중고_46,880","_해외구매_28,460|_중고_47,420","_해외구매_28,460|_중고_47,420","_해외구매_28,460|_중고_47,420","_해외구매_28,460|_중고_47,420","_해외구매_29,050|_중고_47,420","_해외구매_29,050|_중고_47,930","_해외구매_29,050|_중고_47,930","_해외구매_29,050|_중고_47,930","_해외구매_29,050|_중고_47,930","_해외구매_29,050|_중고_47,930","_해외구매_29,050|_중고_47,930"
18158663,인텔 제온 E3-1220V6 (카비레이크),"중고_115,790","중고_115,790","중고_115,400","중고_115,400",0,0,0,0,0,0,0,0,0,0,0,0,0
5132410,인텔 제온 E3-1225V6 (카비레이크),"정품_408,140","정품_408,140","정품_408,140","정품_408,140","정품_408,140","정품_408,140","정품_408,140","정품_408,140","정품_408,140","정품_408,140","정품_408,140","정품_408,140","정품_408,140","정품_408,140","정품_408,140","정품_408,140","정품_408,140"
5132462,인텔 제온 E3-1230V6 (카비레이크),"정품_411,380","정품_411,380","정품_411,380","정품_411,380","정품_411,380","정품_411,380","정품_411,380","정품_411,380","정품_411,380","정품_411,380","정품_411,380","정품_411,380","정품_411,380","정품_411,380","정품_411,380","정품_411,380","정품_411,380"
13059194,인텔 제온 E3-1231V3 (하스웰 리프레시),"중고_157,000","중고_157,000","중고_156,470","중고_156,470","중고_157,430","중고_157,430","중고_157,430","중고_157,430",0,0,"중고_157,430",0,0,0,0,0,0
5132478,인텔 제온 E3-1240V6 (카비레이크),"정품_455,000","정품_455,000","정품_455,000","정품_455,000","정품_455,000","정품_455,000","정품_455,000","정품_455,000","정품_455,000","정품_455,000","정품_455,000","정품_455,000","정품_455,000","정품_455,000","정품_455,000","정품_455,000","정품_455,000"
5132511,인텔 제온 E3-1275V6 (카비레이크),"_정품_736,000|_벌크_578,540|중고_1,004,160","_정품_736,000|_벌크_578,540|중고_1,004,160","_정품_736,000|_벌크_578,540|중고_1,000,760","_정품_736,000|_벌크_578,540|중고_1,000,760","_정품_736,000|_벌크_578,540|중고_1,006,960","_정품_736,000|_벌크_578,540|중고_1,006,960","_정품_736,000|_벌크_578,540|중고_1,006,960","_정품_736,000|_벌크_578,540|중고_1,006,960","_정품_736,000|_벌크_578,540|중고_1,006,960","_정품_736,000|_벌크_578,540|중고_1,006,960","_정품_736,000|_벌크_578,540|중고_1,006,960","_정품_736,000|_벌크_578,540|중고_1,006,960","_정품_736,000|_벌크_578,540|중고_1,006,960","_정품_736,000|_벌크_578,540|중고_1,006,960","_정품_736,000|_벌크_578,540|중고_1,006,960","_정품_736,000|_벌크_578,540|중고_1,006,960","_정품_736,000|_벌크_578,540|중고_1,006,960"
4370096,인텔 제온 E5-2630 v4 (브로드웰-EP),"정품_770,000","정품_770,000","정품_770,000","정품_770,000","정품_770,000","정품_770,000","정품_770,000","정품_770,000","정품_770,000","정품_770,000","정품_770,000","정품_770,000","정품_770,000","정품_770,000","정품_770,000","정품_770,000","정품_770,000"
4797960,인텔 제온 E5-2680 v4 (브로드웰-EP),"_해외구매_31,400|_중고_159,900","_해외구매_31,400|_중고_159,900","_해외구매_31,400|_중고_159,360","_해외구매_31,400|_중고_159,360","_해외구매_31,400|_중고_160,340","_해외구매_31,400|_중고_160,340","_해외구매_31,400|_중고_160,340","_해외구매_31,400|_중고_160,340","_해외구매_31,400|_중고_160,340","_해외구매_31,400|_중고_160,340","_해외구매_31,400|_중고_160,340","_해외구매_31,400|_중고_160,340","_해외구매_31,400|_중고_160,340","_해외구매_31,400|_중고_160,340","_해외구매_31,400|_중고_160,340","_해외구매_31,400|_중고_160,340","_해외구매_31,400|_중고_160,340"
16909313,인텔 제온 E5-2696 v3 (하스웰-EP),"해외구매_92,740","해외구매_92,740","해외구매_92,740","해외구매_92,740","해외구매_92,740","해외구매_92,740","해외구매_92,740","해외구매_92,740","해외구매_92,740","해외구매_88,200","해외구매_88,200","해외구매_88,200","해외구매_88,200","해외구매_88,200","해외구매_88,200","해외구매_88,200","해외구매_88,200"
13501556,인텔 제온 X5680 (웨스터미어),"_해외구매_28,200|_중고_57,680","_해외구매_29,000|_중고_57,680","_해외구매_29,000|_중고_57,680","_해외구매_29,000|_중고_57,680","_해외구매_29,000|_중고_57,680","_해외구매_29,000|_중고_57,680","_해외구매_29,000|_중고_57,680","_해외구매_29,000|_중고_57,680","_해외구매_29,000|_중고_57,680","_해외구매_29,000|_중고_57,680","_해외구매_29,000|_중고_57,680","_해외구매_29,000|_중고_57,680","_해외구매_29,000|_중고_57,680","_해외구매_29,000|_중고_57,680","_해외구매_29,000|_중고_57,680","_해외구매_29,000|_중고_57,680","_해외구매_29,000|_중고_57,680"
35224235,인텔 제온 w5-2465X (사파이어 래피드),"벌크_3,666,000","벌크_3,666,000","벌크_3,666,000","벌크_3,666,000","벌크_3,666,000","벌크_3,666,000","벌크_3,666,000","벌크_3,666,000","벌크_3,666,000","벌크_3,666,000","벌크_3,700,000","벌크_3,700,000","벌크_3,700,000","벌크_3,700,000","벌크_3,700,000","벌크_3,700,000","벌크_3,700,000"
35224169,인텔 제온 w5-3435X (사파이어 래피드),"벌크_4,297,660","벌크_4,297,660","벌크_4,297,570","벌크_4,297,540","벌크_4,297,440","벌크_4,297,420","벌크_4,297,320","벌크_4,297,300","벌크_4,297,200","벌크_4,297,180","벌크_4,297,080","벌크_4,297,030","벌크_4,296,970","벌크_4,296,940","벌크_4,296,860","벌크_4,296,820","벌크_4,296,740"
35223638,인텔 제온 w7-3465X (사파이어 래피드),"벌크_4,918,930","벌크_4,918,910","벌크_4,918,830","벌크_4,918,790","벌크_4,918,790","벌크_4,918,790","벌크_4,918,700","벌크_4,918,670","벌크_4,918,670","벌크_4,918,670","벌크_4,918,570","벌크_4,918,520","벌크_4,918,460","벌크_4,918,430","벌크_4,918,350","벌크_4,918,310","벌크_4,918,230"
5448999,인텔 제온 스케일러블 골드 6152 (스카이레이크),"정품_3,760,000|벌크_3,310,000|_해외구매_188,000|_중고_579,320","정품_3,760,000|벌크_3,310,000|_해외구매_188,000|_중고_579,320","정품_3,760,000|벌크_3,310,000|_해외구매_188,000|_중고_577,360","정품_3,760,000|벌크_3,310,000|_해외구매_188,000|_중고_577,360","정품_3,760,000|벌크_3,310,000|_해외구매_188,000|_중고_580,930","정품_3,760,000|벌크_3,310,000|_해외구매_188,000|_중고_580,930","정품_3,760,000|벌크_3,310,000|_해외구매_188,000|_중고_580,930","정품_3,760,000|벌크_3,310,000|_해외구매_188,000|_중고_580,930","정품_3,760,000|벌크_3,310,000|_해외구매_188,000|_중고_580,930","정품_3,760,000|벌크_3,310,000|_해외구매_188,000|_중고_580,930","정품_3,760,000|벌크_3,310,000|_해외구매_188,000|_중고_580,930","정품_3,760,000|벌크_3,310,000|_해외구매_188,000|_중고_580,930","정품_3,760,000|벌크_3,310,000|_해외구매_188,000|_중고_580,930","정품_3,760,000|벌크_3,310,000|_해외구매_188,000|_중고_580,930","정품_3,760,000|벌크_3,310,000|_해외구매_188,000|_중고_580,930","정품_3,760,000|벌크_3,310,000|_해외구매_188,000|_중고_580,930","정품_3,760,000|벌크_3,310,000|_해외구매_188,000|_중고_580,930"
9307587,인텔 제온 스케일러블 골드 6242 (캐스케이드레이크),"_정품_4,592,900|_벌크_3,849,000|해외구매_3,849,000","_정품_4,592,900|_벌크_3,849,000|해외구매_3,849,000","_정품_4,592,900|_벌크_3,849,000|해외구매_3,849,000","_정품_4,592,900|_벌크_3,849,000|해외구매_3,849,000","_정품_4,592,900|_벌크_3,849,000|해외구매_3,849,000","_정품_4,592,900|_벌크_3,849,000|해외구매_3,849,000","_정품_4,592,900|_벌크_3,849,000|해외구매_3,849,000","_정품_4,592,900|_벌크_3,849,000|해외구매_3,849,000","_정품_4,592,900|_벌크_3,849,000|해외구매_3,849,000","_정품_4,592,900|_벌크_3,849,000|해외구매_3,849,000","_정품_4,592,900|_벌크_3,849,000|해외구매_3,849,000","_정품_4,592,900|_벌크_3,849,000|해외구매_3,849,000","_정품_4,592,900|_벌크_3,849,000|해외구매_3,849,000","_정품_4,592,900|_벌크_3,849,000|해외구매_3,849,000","_정품_4,592,900|벌크_3,849,000|_해외구매_3,849,000","_정품_4,592,900|벌크_3,849,000|_해외구매_3,849,000","_정품_4,592,900|_벌크_3,849,000|해외구매_3,849,000"
18599837,인텔 제온 스케일러블 골드 6242R (캐스케이드레이크),"_벌크_1,980,000|_해외구매_3,876,000","_벌크_1,980,000|_해외구매_3,876,000","_벌크_1,980,000|_해외구매_3,876,000","_벌크_1,980,000|_해외구매_3,876,000","_벌크_1,980,000|_해외구매_3,876,000","_벌크_1,980,000|_해외구매_3,876,000","_벌크_1,980,000|_해외구매_3,876,000","_벌크_1,980,000|_해외구매_3,876,000","_벌크_1,980,000|_해외구매_3,876,000","_벌크_1,980,000|_해외구매_3,876,000","_벌크_1,980,000|_해외구매_3,876,000","_벌크_1,980,000|_해외구매_3,876,000","_벌크_1,980,000|_해외구매_3,876,000","_벌크_1,980,000|_해외구매_3,876,000","_벌크_1,980,000|_해외구매_3,876,000","_벌크_1,980,000|_해외구매_3,876,000","_벌크_1,980,000|_해외구매_3,876,000"
19830578,인텔 제온 스케일러블 골드 6326 (아이스레이크),0,0,0,0,0,0,"벌크_2,540,690","벌크_2,540,690","벌크_2,540,690","벌크_2,540,690","벌크_2,540,690","벌크_2,540,690","벌크_2,540,690","벌크_2,540,690","벌크_2,540,690","벌크_2,540,690","벌크_2,540,690"
19830395,인텔 제온 스케일러블 골드 6346 (아이스레이크),0,0,0,0,0,0,0,0,"벌크_4,539,990","벌크_4,539,990",0,0,0,0,0,0,0
70153370,인텔 제온 스케일러블 골드 6526Y (에메랄드 래피드),"벌크_4,450,000","벌크_4,450,000","벌크_4,450,000","벌크_4,450,000","벌크_4,450,000","벌크_4,450,000","벌크_4,450,000","벌크_4,450,000","벌크_4,450,000","벌크_4,450,000","벌크_4,450,000","벌크_4,450,000","벌크_4,450,000","벌크_4,450,000","벌크_4,450,000","벌크_4,450,000","벌크_4,450,000"
76071515,인텔 제온 스케일러블 브론즈 3206R (캐스케이드레이크),"중고_50,000","중고_50,000","중고_50,000","중고_50,000","중고_50,000","중고_50,000","중고_50,000","중고_50,000","중고_50,000","중고_50,000","중고_50,000","중고_50,000","중고_50,000","중고_50,000","중고_50,000","중고_50,000","중고_50,000"
14748134,인텔 제온 스케일러블 실버 4110 (스카이레이크),"벌크_494,990|_중고_35,000|_해외구매_25,400","벌크_494,990|_중고_35,000|_해외구매_25,400","벌크_494,990|_중고_35,000|_해외구매_25,400","벌크_494,990|_중고_35,000|_해외구매_25,400","벌크_494,990|_중고_35,000|_해외구매_25,400","벌크_494,990|_중고_35,000|_해외구매_25,400","벌크_494,990|_중고_35,000|_해외구매_25,400","벌크_494,990|_중고_35,000|_해외구매_25,400","벌크_494,990|_중고_35,000|_해외구매_25,400","벌크_494,990|_중고_35,000|_해외구매_25,400","벌크_494,990|_중고_35,000|_해외구매_25,400","벌크_494,990|_중고_35,000|_해외구매_25,400","벌크_494,990|_중고_35,000|_해외구매_25,400","벌크_494,990|_중고_35,000|_해외구매_25,400","벌크_494,990|_중고_35,000|_해외구매_25,400","벌크_494,990|_중고_35,000|_해외구매_25,400","벌크_494,990|_중고_35,000|_해외구매_25,400"
18158993,인텔 제온 스케일러블 실버 4112 (스카이레이크),"_벌크_98,000|_해외구매_613,000","_벌크_98,000|_해외구매_613,000","_벌크_98,000|_해외구매_613,000","_벌크_98,000|_해외구매_613,000","_벌크_98,000|_해외구매_613,000","_벌크_98,000|_해외구매_613,000","_벌크_98,000|_해외구매_613,000","_벌크_98,000|_해외구매_613,000","_벌크_98,000|_해외구매_613,000","_벌크_98,000|_해외구매_613,000","_벌크_98,000|_해외구매_613,000","_벌크_98,000|_해외구매_613,000","_벌크_98,000|_해외구매_613,000","_벌크_98,000|_해외구매_613,000","_벌크_98,000|_해외구매_613,000","_벌크_98,000|_해외구매_613,000","_벌크_98,000|_해외구매_613,000"
5449256,인텔 제온 스케일러블 실버 4114 (스카이레이크),"_정품_1,010,000|_해외구매_20,530|벌크_194,580","_정품_1,010,000|_해외구매_20,530|벌크_194,580","_정품_1,010,000|_해외구매_20,530|벌크_194,580","_정품_1,010,000|_해외구매_20,530|벌크_194,580","_정품_1,010,000|_해외구매_20,530|벌크_194,580","_정품_1,010,000|_해외구매_20,530|벌크_194,580","_정품_1,010,000|_해외구매_20,530|벌크_194,580","_정품_1,010,000|_해외구매_20,530|벌크_194,580","_정품_1,010,000|_해외구매_20,530|벌크_194,580","_정품_1,010,000|_해외구매_20,530|벌크_194,580","_정품_1,010,000|_해외구매_20,530|벌크_198,720","_정품_1,010,000|_해외구매_20,530|벌크_198,720","_정품_1,010,000|_해외구매_20,530|벌크_198,720","_정품_1,010,000|_해외구매_20,530|벌크_198,720","정품_1,010,000|_해외구매_20,530|_벌크_198,720","정품_1,010,000|_해외구매_20,530|_벌크_198,720","정품_1,010,000|_해외구매_20,530|_벌크_198,720"
9309363,인텔 제온 스케일러블 실버 4208 (캐스케이드레이크),"정품_740,000|_벌크_264,000|_중고_200,000","정품_740,000|_벌크_264,000|_중고_200,000","정품_740,000|_벌크_264,000|_중고_200,000","정품_740,000|_벌크_264,000|_중고_200,000","정품_740,000|_벌크_264,000|_중고_200,000","정품_740,000|_벌크_264,000|_중고_200,000","정품_740,000|_벌크_264,000|_중고_200,000","정품_740,000|_벌크_264,000|_중고_200,000","_정품_740,000|_벌크_264,000|중고_200,000","_정품_740,000|_벌크_264,000|중고_200,000","정품_740,000|_벌크_264,000|_중고_200,000","정품_740,000|_벌크_264,000|_중고_200,000","정품_740,000|_벌크_264,000|_중고_200,000","정품_740,000|_벌크_264,000|_중고_200,000","정품_740,000|_벌크_264,000|_중고_200,000","정품_740,000|_벌크_264,000|_중고_200,000","정품_740,000|_벌크_264,000|_중고_200,000"
17241737,인텔 제온 스케일러블 실버 4210R (캐스케이드레이크),"벌크_305,000","벌크_305,000","벌크_305,000","벌크_305,000","벌크_305,000","벌크_305,000",0,0,0,0,0,0,"벌크_305,000","벌크_305,000","벌크_305,000","벌크_305,000","벌크_305,000"
15062594,인텔 제온 스케일러블 실버 4310 (아이스레이크),"_정품_1,977,000|_병행수입_952,700","_정품_1,977,000|_병행수입_952,700","_정품_1,977,000|_병행수입_952,700","_정품_1,977,000|_병행수입_952,700","_정품_1,977,000|_병행수입_952,700","_정품_1,977,000|_병행수입_952,700",0,0,0,0,0,0,0,0,0,0,0
15070739,인텔 제온 스케일러블 플래티넘 8380HL (쿠퍼레이크),"정품_21,653,970","정품_21,653,970","정품_21,653,970","정품_21,653,970","정품_21,653,970","정품_21,653,970","정품_21,653,970","정품_21,653,970","정품_21,653,970","정품_21,653,970","정품_21,653,970","정품_21,653,970","정품_21,653,970","정품_21,653,970","정품_21,653,970","정품_21,653,970","정품_21,653,970"
70153127,인텔 제온 스케일러블 플래티넘 8568Y+ (에메랄드 래피드),"벌크_9,533,260","벌크_9,533,260","벌크_9,533,260","벌크_9,533,260","벌크_9,533,260","벌크_9,533,260","벌크_9,533,260","벌크_9,533,260","벌크_9,533,260","벌크_9,533,260","벌크_9,736,090","벌크_9,736,090","벌크_9,736,090","벌크_9,736,090","벌크_9,736,090","벌크_9,736,090","벌크_9,736,090"
93499739,인텔 코어 울트라5 시리즈2 225 (애로우레이크),"_벌크_256,930|_정품_305,950","_벌크_256,920|_정품_305,940","_벌크_256,850|_정품_305,940","_벌크_256,660|_정품_305,940","_벌크_256,570|_정품_305,840","_벌크_256,560|_정품_305,830","_벌크_256,930|_정품_305,950","_벌크_256,930|_정품_305,950","_벌크_253,820|_정품_305,950","_벌크_253,820|_정품_305,950","_벌크_253,000|_정품_305,950","_벌크_252,990|_정품_305,950","_정품_305,990|_벌크_252,990","_정품_305,990|_벌크_252,990","_정품_305,990|_벌크_252,990","_정품_305,990|_벌크_252,990","_정품_305,990|_벌크_252,990"
74123084,인텔 코어 울트라5 시리즈2 225 (애로우레이크),0,0,0,0,0,0,0,0,0,0,0,0,"_정품_305,990|_벌크_252,990","_정품_305,990|_벌크_252,990","_정품_305,990|_벌크_252,990","_정품_305,990|_벌크_252,990","_정품_305,990|_벌크_252,990"
76791428,인텔 코어 울트라5 시리즈2 225F (애로우레이크),"_정품_220,200|_벌크_179,120","_정품_220,190|_벌크_179,120","_정품_220,190|_벌크_179,120","_정품_220,190|_벌크_175,480","_정품_220,090|_벌크_175,470","_정품_220,080|_벌크_179,120","_정품_220,200|_벌크_179,120","_정품_220,200|_벌크_179,120","_정품_218,720|_벌크_172,979","_정품_218,720|_벌크_172,979","_정품_218,710|_벌크_178,290","_정품_218,710|_벌크_178,290","_정품_218,710|_벌크_175,850","_정품_218,710|_벌크_175,850","_정품_218,710|_벌크_175,850","_정품_218,710|_벌크_175,850","_정품_218,710|_벌크_175,850"
74123111,인텔 코어 울트라5 시리즈2 225F (애로우레이크),"_정품_220,200|_벌크_179,120","_정품_220,190|_벌크_179,120","_정품_220,190|_벌크_179,120","_정품_220,190|_벌크_175,480","_정품_220,090|_벌크_175,470","_정품_220,080|_벌크_179,120","_정품_220,200|_벌크_179,120","_정품_220,200|_벌크_179,120","_정품_218,720|_벌크_172,979","_정품_218,720|_벌크_172,979","_정품_218,710|_벌크_178,290","_정품_218,710|_벌크_178,290","_정품_218,710|_벌크_175,850","_정품_218,710|_벌크_175,850","_정품_218,710|_벌크_175,850","_정품_218,710|_벌크_175,850","_정품_218,710|_벌크_175,850"
96584438,인텔 코어 울트라5 시리즈2 225T (애로우레이크),"벌크_438,000","벌크_438,000","벌크_438,000","벌크_438,000","벌크_438,000","벌크_438,000","벌크_438,000","벌크_438,000","벌크_438,000","벌크_438,000","벌크_438,000","벌크_438,000","벌크_438,000","벌크_438,000","벌크_438,000","벌크_438,000","벌크_438,000"
79404794,인텔 코어 울트라5 시리즈2 235 (애로우레이크),"_정품_411,740|_벌크_401,490|벌크+쿨러_460,480","_정품_411,740|_벌크_401,490|벌크+쿨러_460,480","_정품_411,740|_벌크_401,490|벌크+쿨러_460,480","_정품_411,740|_벌크_401,490|벌크+쿨러_460,480","_정품_411,740|_벌크_401,490|벌크+쿨러_460,480","_정품_411,740|_벌크_401,490|벌크+쿨러_460,480","_정품_411,740|_벌크_401,490|벌크+쿨러_456,470","_정품_411,740|_벌크_401,490|벌크+쿨러_456,460","_정품_447,250|_벌크_401,490|벌크+쿨러_453,820","_정품_447,250|_벌크_401,490|벌크+쿨러_454,390","_정품_447,250|_벌크_401,500|벌크+쿨러_454,390","_정품_447,250|_벌크_401,500|벌크+쿨러_454,390","_정품_447,250|_벌크_401,500|벌크+쿨러_454,390","_정품_441,650|_벌크_401,500|벌크+쿨러_454,390","_정품_447,240|_벌크_401,500|벌크+쿨러_458,400","_정품_447,240|_벌크_401,500|벌크+쿨러_458,400","_정품_447,240|_벌크_401,500|벌크+쿨러_458,400"
74123036,인텔 코어 울트라5 시리즈2 235 (애로우레이크),"_정품_411,740|_벌크_401,490|벌크+쿨러_460,480","_정품_411,740|_벌크_401,490|벌크+쿨러_460,480","_정품_411,740|_벌크_401,490|벌크+쿨러_460,480","_정품_411,740|_벌크_401,490|벌크+쿨러_460,480","_정품_411,740|_벌크_401,490|벌크+쿨러_460,480","_정품_411,740|_벌크_401,490|벌크+쿨러_460,480","_정품_411,740|_벌크_401,490|벌크+쿨러_456,470","_정품_411,740|_벌크_401,490|벌크+쿨러_456,460","_정품_447,250|_벌크_401,490|벌크+쿨러_453,820","_정품_447,250|_벌크_401,490|벌크+쿨러_454,390","_정품_447,250|_벌크_401,500|벌크+쿨러_454,390","_정품_447,250|_벌크_401,500|벌크+쿨러_454,390","_정품_447,250|_벌크_401,500|벌크+쿨러_454,390","_정품_441,650|_벌크_401,500|벌크+쿨러_454,390","_정품_447,240|_벌크_401,500|벌크+쿨러_458,400","_정품_447,240|_벌크_401,500|벌크+쿨러_458,400","_정품_447,240|_벌크_401,500|벌크+쿨러_458,400"
96584405,인텔 코어 울트라5 시리즈2 235T (애로우레이크),"벌크_506,720","벌크_506,720","벌크_506,630","벌크_506,600","벌크_506,500","벌크_506,480","벌크_506,380","벌크_506,360","벌크_506,260","벌크_506,240","벌크_508,990","벌크_508,990","벌크_508,990","벌크_508,990","벌크_508,990","벌크_508,990","벌크_508,990"
93500243,인텔 코어 울트라5 시리즈2 245 (애로우레이크),"벌크_368,000","벌크_368,000","벌크_368,000","벌크_368,000","벌크_368,000","벌크_368,000","벌크_368,000","벌크_368,000","벌크_368,000","벌크_368,000","벌크_368,000","벌크_368,000","벌크_368,000","벌크_368,000","벌크_368,000","벌크_368,000","벌크_368,000"
71161229,인텔 코어 울트라5 시리즈2 245K (애로우레이크),"_정품_336,580|_벌크_257,330","_정품_336,580|_벌크_257,300","_정품_336,580|_벌크_257,210","_정품_336,580|_벌크_257,180","_정품_336,580|_벌크_257,100","_정품_336,580|_벌크_257,090","_정품_336,580|_벌크_257,090","_정품_336,580|_벌크_259,600","_정품_331,910|_벌크_259,080","_정품_331,910|_벌크_259,080","_정품_331,910|_벌크_256,300","_정품_331,900|_벌크_256,280","_정품_331,900|_벌크_256,230","_정품_331,900|_벌크_256,210","_정품_331,900|_벌크_256,210","_정품_331,900|_벌크_256,210","_정품_331,900|_벌크_256,210"
69059753,인텔 코어 울트라5 시리즈2 245K (애로우레이크),"_정품_336,580|_벌크_257,330","_정품_336,580|_벌크_257,300","_정품_336,580|_벌크_257,210","_정품_336,580|_벌크_257,180","_정품_336,580|_벌크_257,100","_정품_336,580|_벌크_257,090","_정품_336,580|_벌크_257,090","_정품_336,580|_벌크_259,600","_정품_331,910|_벌크_259,080","_정품_331,910|_벌크_259,080","_정품_331,910|_벌크_256,300","_정품_331,900|_벌크_256,280","_정품_331,900|_벌크_256,230","_정품_331,900|_벌크_256,210","_정품_331,900|_벌크_256,210","_정품_331,900|_벌크_256,210","_정품_331,900|_벌크_256,210"
71161580,인텔 코어 울트라5 시리즈2 245KF (애로우레이크),"_정품_295,350|_벌크_246,860","_정품_291,910|_벌크_246,860","_정품_291,910|_벌크_246,860","_정품_295,350|_벌크_244,830","_정품_283,000|_벌크_244,740","_정품_283,000|_벌크_244,730","_정품_283,000|_벌크_246,860","_정품_283,000|_벌크_246,860","_정품_283,000|_벌크_242,120","_정품_283,000|_벌크_242,120","_정품_283,000|_벌크_242,120","_정품_283,000|_벌크_242,120","_정품_283,000|_벌크_242,120","_정품_283,000|_벌크_242,120","_정품_283,000|_벌크_242,120","_정품_283,000|_벌크_242,120","_정품_283,000|_벌크_242,120"
69059771,인텔 코어 울트라5 시리즈2 245KF (애로우레이크),"_정품_295,350|_벌크_246,860","_정품_291,910|_벌크_246,860","_정품_291,910|_벌크_246,860","_정품_295,350|_벌크_244,830","_정품_283,000|_벌크_244,740","_정품_283,000|_벌크_244,730","_정품_283,000|_벌크_246,860","_정품_283,000|_벌크_246,860","_정품_283,000|_벌크_242,120","_정품_283,000|_벌크_242,120","_정품_283,000|_벌크_242,120","_정품_283,000|_벌크_242,120","_정품_283,000|_벌크_242,120","_정품_283,000|_벌크_242,120","_정품_283,000|_벌크_242,120","_정품_283,000|_벌크_242,120","_정품_283,000|_벌크_242,120"
108463454,인텔 코어 울트라5 시리즈2 250K Plus (애로우레이크 리프레시),"_정품_352,000|_벌크_326,260","_정품_352,000|_벌크_326,240","_정품_352,000|_벌크_326,150","_정품_352,000|_벌크_326,120","_정품_352,000|_벌크_326,020","_정품_352,000|_벌크_326,010","_정품_352,000|_벌크_330,020","_정품_352,000|_벌크_330,020","_정품_352,000|_벌크_330,020","_정품_352,000|_벌크_330,020","_정품_352,000|_벌크_330,020","_정품_352,000|_벌크_330,020","_정품_351,990|_벌크_330,020","_정품_351,990|_벌크_330,020","_정품_351,990|_벌크_332,940","_정품_351,990|_벌크_332,940","_정품_351,990|_벌크_332,940"
108424451,인텔 코어 울트라5 시리즈2 250K Plus (애로우레이크 리프레시),"_정품_352,000|_벌크_326,260","_정품_352,000|_벌크_326,240","_정품_352,000|_벌크_326,150","_정품_352,000|_벌크_326,120","_정품_352,000|_벌크_326,020","_정품_352,000|_벌크_326,010","_정품_352,000|_벌크_330,020","_정품_352,000|_벌크_330,020","_정품_352,000|_벌크_330,020","_정품_352,000|_벌크_330,020","_정품_352,000|_벌크_330,020","_정품_352,000|_벌크_330,020","_정품_351,990|_벌크_330,020","_정품_351,990|_벌크_330,020","_정품_351,990|_벌크_332,940","_정품_351,990|_벌크_332,940","_정품_351,990|_벌크_332,940"
108463448,인텔 코어 울트라5 시리즈2 250KF Plus (애로우레이크 리프레시),"_정품_338,390|_벌크_298,200","_정품_338,390|_벌크_298,190","_정품_338,390|_벌크_298,190","_정품_338,390|_벌크_298,190","_정품_338,390|_벌크_298,140","_정품_338,390|_벌크_298,130","_정품_338,390|_벌크_298,130","_정품_338,390|_벌크_298,130","_정품_326,650|_벌크_298,100","_정품_326,650|_벌크_298,100","_정품_331,780|_벌크_297,580","_정품_331,780|_벌크_297,390","_정품_335,310|_벌크_296,900","_정품_335,310|_벌크_296,900","_정품_335,310|_벌크_296,900","_정품_335,310|_벌크_296,900","_정품_335,310|_벌크_296,900"
108424457,인텔 코어 울트라5 시리즈2 250KF Plus (애로우레이크 리프레시),"_정품_338,390|_벌크_298,200","_정품_338,390|_벌크_298,190","_정품_338,390|_벌크_298,190","_정품_338,390|_벌크_298,190","_정품_338,390|_벌크_298,140","_정품_338,390|_벌크_298,130","_정품_338,390|_벌크_298,130","_정품_338,390|_벌크_298,130","_정품_326,650|_벌크_298,100","_정품_326,650|_벌크_298,100","_정품_331,780|_벌크_297,580","_정품_331,780|_벌크_297,390","_정품_335,310|_벌크_296,900","_정품_335,310|_벌크_296,900","_정품_335,310|_벌크_296,900","_정품_335,310|_벌크_296,900","_정품_335,310|_벌크_296,900"
96583772,인텔 코어 울트라7 시리즈2 265 (애로우레이크),"벌크 + 쿨러_608,410|_정품_559,000|_벌크_468,980","벌크 + 쿨러_608,380|_정품_559,000|_벌크_468,950","벌크 + 쿨러_608,290|_정품_559,000|_벌크_468,860","벌크 + 쿨러_608,260|_정품_559,000|_벌크_468,830","벌크 + 쿨러_608,160|_정품_559,000|_벌크_468,730","벌크 + 쿨러_608,150|_정품_559,000|_벌크_468,710","벌크 + 쿨러_609,880|_정품_559,000|_벌크_468,610","벌크 + 쿨러_609,880|_정품_559,000|_벌크_468,590","벌크 + 쿨러_606,740|_정품_559,000|_벌크_468,490","벌크 + 쿨러_606,740|_정품_559,000|_벌크_468,470","벌크 + 쿨러_600,460|_정품_553,620|_벌크_468,370","벌크 + 쿨러_600,460|_정품_553,620|_벌크_468,320","벌크 + 쿨러_600,460|_정품_553,620|_벌크_468,260","벌크 + 쿨러_600,460|_정품_553,620|_벌크_468,230","벌크 + 쿨러_600,460|_정품_553,620|_벌크_468,150","벌크 + 쿨러_600,460|_정품_553,620|_벌크_468,110","벌크 + 쿨러_600,460|_정품_553,620|_벌크_468,030"
96583820,인텔 코어 울트라7 시리즈2 265 (애로우레이크),"벌크 + 쿨러_608,410|_정품_559,000|_벌크_468,980","벌크 + 쿨러_608,380|_정품_559,000|_벌크_468,950","벌크 + 쿨러_608,290|_정품_559,000|_벌크_468,860","벌크 + 쿨러_608,260|_정품_559,000|_벌크_468,830","벌크 + 쿨러_608,160|_정품_559,000|_벌크_468,730","벌크 + 쿨러_608,150|_정품_559,000|_벌크_468,710","벌크 + 쿨러_609,880|_정품_559,000|_벌크_468,610","벌크 + 쿨러_609,880|_정품_559,000|_벌크_468,590","벌크 + 쿨러_606,740|_정품_559,000|_벌크_468,490","벌크 + 쿨러_606,740|_정품_559,000|_벌크_468,470","벌크 + 쿨러_600,460|_정품_553,620|_벌크_468,370","벌크 + 쿨러_600,460|_정품_553,620|_벌크_468,320","벌크 + 쿨러_600,460|_정품_553,620|_벌크_468,260","벌크 + 쿨러_600,460|_정품_553,620|_벌크_468,230","벌크 + 쿨러_600,460|_정품_553,620|_벌크_468,150","벌크 + 쿨러_600,460|_정품_553,620|_벌크_468,110","벌크 + 쿨러_600,460|_정품_553,620|_벌크_468,030"
78387320,인텔 코어 울트라7 시리즈2 265F (애로우레이크),"_정품_510,580|벌크 + 쿨러_530,690|_벌크_275,600","_정품_510,580|벌크 + 쿨러_530,650|_벌크_275,600","_정품_510,580|벌크 + 쿨러_530,650|_벌크_275,600","_정품_510,580|벌크 + 쿨러_530,650|_벌크_275,600","_정품_510,580|벌크 + 쿨러_530,550|_벌크_275,600","_정품_510,580|벌크 + 쿨러_530,520|_벌크_275,600","_정품_510,580|벌크 + 쿨러_535,260|_벌크_275,600","_정품_510,580|벌크 + 쿨러_535,260|_벌크_275,600","_정품_519,600|벌크 + 쿨러_535,190|_벌크_275,600","_정품_519,600|벌크 + 쿨러_535,170|_벌크_275,600","_정품_519,600|벌크 + 쿨러_535,070|_벌크_275,600","_정품_519,600|벌크 + 쿨러_535,020|_벌크_275,600","_정품_519,600|벌크 + 쿨러_534,960|_벌크_515,980","_정품_519,600|벌크 + 쿨러_534,960|_벌크_515,980","_정품_519,600|벌크 + 쿨러_534,960|_벌크_515,980","_정품_519,600|벌크 + 쿨러_534,960|_벌크_515,980","_정품_519,600|벌크 + 쿨러_534,960|_벌크_515,980"
74122937,인텔 코어 울트라7 시리즈2 265F (애로우레이크),"_정품_510,580|벌크 + 쿨러_530,690|_벌크_275,600","_정품_510,580|벌크 + 쿨러_530,650|_벌크_275,600","_정품_510,580|벌크 + 쿨러_530,650|_벌크_275,600","_정품_510,580|벌크 + 쿨러_530,650|_벌크_275,600","_정품_510,580|벌크 + 쿨러_530,550|_벌크_275,600","_정품_510,580|벌크 + 쿨러_530,520|_벌크_275,600","_정품_510,580|벌크 + 쿨러_535,260|_벌크_275,600","_정품_510,580|벌크 + 쿨러_535,260|_벌크_275,600","_정품_519,600|벌크 + 쿨러_535,190|_벌크_275,600","_정품_519,600|벌크 + 쿨러_535,170|_벌크_275,600","_정품_519,600|벌크 + 쿨러_535,070|_벌크_275,600","_정품_519,600|벌크 + 쿨러_535,020|_벌크_275,600","_정품_519,600|벌크 + 쿨러_534,960|_벌크_515,980","_정품_519,600|벌크 + 쿨러_534,960|_벌크_515,980","_정품_519,600|벌크 + 쿨러_534,960|_벌크_515,980","_정품_519,600|벌크 + 쿨러_534,960|_벌크_515,980","_정품_519,600|벌크 + 쿨러_534,960|_벌크_515,980"
71161142,인텔 코어 울트라7 시리즈2 265K (애로우레이크),"_정품_499,990|_벌크_423,390|벌크+쿨러_445,660","_정품_499,990|_벌크_423,360|벌크+쿨러_445,660","_정품_499,990|_벌크_423,270|벌크+쿨러_453,940","_정품_499,990|_벌크_423,240|벌크+쿨러_448,600","_정품_499,990|_벌크_423,200|벌크+쿨러_453,940","_정품_500,000|_벌크_423,470|벌크+쿨러_453,940","_정품_500,000|_벌크_419,770|벌크+쿨러_453,940","_정품_500,000|_벌크_419,770|벌크+쿨러_453,940","_정품_500,000|_벌크_419,770|벌크+쿨러_453,940","_정품_500,000|_벌크_419,770|벌크+쿨러_453,940","_정품_500,000|_벌크_419,770|벌크+쿨러_453,940","_정품_500,000|_벌크_419,770|벌크+쿨러_453,940","_정품_500,000|_벌크_423,470|벌크+쿨러_453,940","_정품_500,000|_벌크_423,470|벌크+쿨러_453,940","_정품_500,000|_벌크_423,470|벌크+쿨러_457,170","_정품_500,000|_벌크_423,470|벌크+쿨러_457,170","_정품_500,000|_벌크_423,470|벌크+쿨러_457,170"
69059687,인텔 코어 울트라7 시리즈2 265K (애로우레이크),"_정품_499,990|_벌크_423,390|벌크+쿨러_445,660","_정품_499,990|_벌크_423,360|벌크+쿨러_445,660","_정품_499,990|_벌크_423,270|벌크+쿨러_453,940","_정품_499,990|_벌크_423,240|벌크+쿨러_448,600","_정품_499,990|_벌크_423,200|벌크+쿨러_453,940","_정품_500,000|_벌크_423,470|벌크+쿨러_453,940","_정품_500,000|_벌크_419,770|벌크+쿨러_453,940","_정품_500,000|_벌크_419,770|벌크+쿨러_453,940","_정품_500,000|_벌크_419,770|벌크+쿨러_453,940","_정품_500,000|_벌크_419,770|벌크+쿨러_453,940","_정품_500,000|_벌크_419,770|벌크+쿨러_453,940","_정품_500,000|_벌크_419,770|벌크+쿨러_453,940","_정품_500,000|_벌크_423,470|벌크+쿨러_453,940","_정품_500,000|_벌크_423,470|벌크+쿨러_453,940","_정품_500,000|_벌크_423,470|벌크+쿨러_457,170","_정품_500,000|_벌크_423,470|벌크+쿨러_457,170","_정품_500,000|_벌크_423,470|벌크+쿨러_457,170"
71161169,인텔 코어 울트라7 시리즈2 265KF (애로우레이크),"_정품_476,600|_벌크_427,140","_정품_476,600|_벌크_427,140","_정품_476,600|_벌크_427,140","_정품_476,600|_벌크_427,140","_정품_476,600|_벌크_427,140","_정품_476,600|_벌크_427,140","_정품_476,600|_벌크_427,140","_정품_476,600|_벌크_427,140","_정품_476,600|_벌크_424,190","_정품_476,600|_벌크_424,190","_정품_476,600|_벌크_420,980","_정품_476,600|_벌크_420,970","_정품_476,600|_벌크_416,830","_정품_476,600|_벌크_416,830","_정품_476,600|_벌크_416,830","_정품_476,600|_벌크_416,830","_정품_476,600|_벌크_416,830"
69059723,인텔 코어 울트라7 시리즈2 265KF (애로우레이크),"_정품_476,600|_벌크_427,140","_정품_476,600|_벌크_427,140","_정품_476,600|_벌크_427,140","_정품_476,600|_벌크_427,140","_정품_476,600|_벌크_427,140","_정품_476,600|_벌크_427,140","_정품_476,600|_벌크_427,140","_정품_476,600|_벌크_427,140","_정품_476,600|_벌크_424,190","_정품_476,600|_벌크_424,190","_정품_476,600|_벌크_420,980","_정품_476,600|_벌크_420,970","_정품_476,600|_벌크_416,830","_정품_476,600|_벌크_416,830","_정품_476,600|_벌크_416,830","_정품_476,600|_벌크_416,830","_정품_476,600|_벌크_416,830"
96584015,인텔 코어 울트라7 시리즈2 265T (애로우레이크),"벌크_732,620","벌크_732,600","벌크_732,510","벌크_732,480","벌크_732,380","벌크_732,360","벌크_732,270","벌크_732,240","벌크_732,240","벌크_732,240","벌크_734,990","벌크_734,990","벌크_734,990","벌크_734,990","벌크_734,990","벌크_734,990","벌크_734,990"
108463445,인텔 코어 울트라7 시리즈2 270K Plus (애로우레이크 리프레시),"_정품_510,490|_벌크_485,990","_정품_510,490|_벌크_485,970","_정품_510,490|_벌크_485,880","_정품_510,490|_벌크_485,850","_정품_510,490|_벌크_485,760","_정품_509,000|_벌크_485,760","_정품_508,990|_벌크_490,120","_정품_508,990|_벌크_490,120","_정품_368,620|_벌크_490,120","_정품_508,980|_벌크_490,120","_정품_508,980|_벌크_490,120","_정품_508,980|_벌크_490,120","_정품_508,900|_벌크_490,060","_정품_508,900|_벌크_490,040","_정품_508,900|_벌크_490,040","_정품_508,900|_벌크_490,040","_정품_508,900|_벌크_490,040"
108424286,인텔 코어 울트라7 시리즈2 270K Plus (애로우레이크 리프레시),"_정품_510,490|_벌크_485,990","_정품_510,490|_벌크_485,970","_정품_510,490|_벌크_485,880","_정품_510,490|_벌크_485,850","_정품_510,490|_벌크_485,760","_정품_509,000|_벌크_485,760","_정품_508,990|_벌크_490,120","_정품_508,990|_벌크_490,120","_정품_368,620|_벌크_490,120","_정품_508,980|_벌크_490,120","_정품_508,980|_벌크_490,120","_정품_508,980|_벌크_490,120","_정품_508,900|_벌크_490,060","_정품_508,900|_벌크_490,040","_정품_508,900|_벌크_490,040","_정품_508,900|_벌크_490,040","_정품_508,900|_벌크_490,040"
78387125,인텔 코어 울트라9 시리즈2 285 (애로우레이크),"_정품_1,059,000|벌크 + 쿨러_908,920|_벌크_765,220","_정품_1,059,000|벌크 + 쿨러_908,920|_벌크_765,210","_정품_1,059,000|벌크 + 쿨러_908,830|_벌크_765,130","_정품_1,059,000|벌크 + 쿨러_908,800|_벌크_765,100","_정품_1,059,000|벌크 + 쿨러_908,710|_벌크_765,000","_정품_1,059,000|벌크 + 쿨러_908,690|_벌크_764,980","_정품_1,059,000|벌크 + 쿨러_908,690|_벌크_764,880","_정품_1,059,000|벌크 + 쿨러_908,690|_벌크_764,860","_정품_1,059,000|벌크 + 쿨러_913,920|_벌크_764,760","_정품_1,059,000|벌크 + 쿨러_909,960|_벌크_764,740","_정품_1,059,000|벌크 + 쿨러_913,800|_벌크_764,680","_정품_1,059,000|벌크 + 쿨러_913,750|_벌크_764,670","_정품_1,059,000|벌크 + 쿨러_913,690|_벌크_764,670","_정품_1,059,000|벌크 + 쿨러_913,660|_벌크_764,670","_정품_1,059,000|벌크 + 쿨러_913,580|_벌크_764,670","_정품_1,059,000|벌크 + 쿨러_913,540|_벌크_764,670","_정품_1,059,000|벌크 + 쿨러_913,460|_벌크_764,660"
74122559,인텔 코어 울트라9 시리즈2 285 (애로우레이크),"_정품_1,059,000|벌크 + 쿨러_908,920|_벌크_765,220","_정품_1,059,000|벌크 + 쿨러_908,920|_벌크_765,210","_정품_1,059,000|벌크 + 쿨러_908,830|_벌크_765,130","_정품_1,059,000|벌크 + 쿨러_908,800|_벌크_765,100","_정품_1,059,000|벌크 + 쿨러_908,710|_벌크_765,000","_정품_1,059,000|벌크 + 쿨러_908,690|_벌크_764,980","_정품_1,059,000|벌크 + 쿨러_908,690|_벌크_764,880","_정품_1,059,000|벌크 + 쿨러_908,690|_벌크_764,860","_정품_1,059,000|벌크 + 쿨러_913,920|_벌크_764,760","_정품_1,059,000|벌크 + 쿨러_909,960|_벌크_764,740","_정품_1,059,000|벌크 + 쿨러_913,800|_벌크_764,680","_정품_1,059,000|벌크 + 쿨러_913,750|_벌크_764,670","_정품_1,059,000|벌크 + 쿨러_913,690|_벌크_764,670","_정품_1,059,000|벌크 + 쿨러_913,660|_벌크_764,670","_정품_1,059,000|벌크 + 쿨러_913,580|_벌크_764,670","_정품_1,059,000|벌크 + 쿨러_913,540|_벌크_764,670","_정품_1,059,000|벌크 + 쿨러_913,460|_벌크_764,660"
71161073,인텔 코어 울트라9 시리즈2 285K (애로우레이크),"_정품_913,800|_벌크_742,740|벌크+쿨러_793,140","_정품_913,800|_벌크_742,700|벌크+쿨러_793,140","_정품_913,800|_벌크_742,700|벌크+쿨러_793,140","_정품_913,800|_벌크_742,700|벌크+쿨러_793,140","_정품_913,800|_벌크_742,770|벌크+쿨러_793,140","_정품_913,800|_벌크_742,750|벌크+쿨러_793,140","_정품_913,800|_벌크_742,810|벌크+쿨러_793,140","_정품_913,800|_벌크_742,810|벌크+쿨러_793,140","_정품_913,800|_벌크_742,810|벌크+쿨러_789,920","_정품_913,800|_벌크_742,810|벌크+쿨러_789,920","_정품_894,460|_벌크_742,810|벌크+쿨러_795,040","_정품_894,400|_벌크_742,810|벌크+쿨러_795,040","_정품_894,390|_벌크_740,300|벌크+쿨러_787,540","_정품_894,300|_벌크_740,300|벌크+쿨러_787,540","_정품_894,300|_벌크_740,300|벌크+쿨러_787,540","_정품_894,300|_벌크_740,300|벌크+쿨러_787,540","_정품_894,300|_벌크_740,300|벌크+쿨러_787,540"
69059459,인텔 코어 울트라9 시리즈2 285K (애로우레이크),"_정품_913,800|_벌크_742,740|벌크+쿨러_793,140","_정품_913,800|_벌크_742,700|벌크+쿨러_793,140","_정품_913,800|_벌크_742,700|벌크+쿨러_793,140","_정품_913,800|_벌크_742,700|벌크+쿨러_793,140","_정품_913,800|_벌크_742,770|벌크+쿨러_793,140","_정품_913,800|_벌크_742,750|벌크+쿨러_793,140","_정품_913,800|_벌크_742,810|벌크+쿨러_793,140","_정품_913,800|_벌크_742,810|벌크+쿨러_793,140","_정품_913,800|_벌크_742,810|벌크+쿨러_789,920","_정품_913,800|_벌크_742,810|벌크+쿨러_789,920","_정품_894,460|_벌크_742,810|벌크+쿨러_795,040","_정품_894,400|_벌크_742,810|벌크+쿨러_795,040","_정품_894,390|_벌크_740,300|벌크+쿨러_787,540","_정품_894,300|_벌크_740,300|벌크+쿨러_787,540","_정품_894,300|_벌크_740,300|벌크+쿨러_787,540","_정품_894,300|_벌크_740,300|벌크+쿨러_787,540","_정품_894,300|_벌크_740,300|벌크+쿨러_787,540"
96583643,인텔 코어 울트라9 시리즈2 285T (애로우레이크),"벌크_1,011,170","벌크_1,011,140","벌크_1,011,050","벌크_1,011,020","벌크_1,010,920","벌크_1,010,900","벌크_1,010,800","벌크_1,010,780","벌크_1,010,680","벌크_1,010,660","벌크_1,010,560","벌크_1,010,510","벌크_1,010,450","벌크_1,010,420","벌크_1,010,340","벌크_1,010,300","벌크_1,010,220"
4147168,인텔 코어2듀오 E7500 (울프데일),"중고_1,060","중고_1,060","중고_1,060","중고_1,060","중고_1,060","중고_1,060","중고_1,060","중고_1,060","중고_1,350","중고_1,350","중고_1,350","중고_1,380","중고_1,380","중고_1,380","중고_1,380","중고_1,380","중고_1,380"
4144290,인텔 코어2듀오 E8400 (울프데일),"중고_2,990","중고_2,990",0,0,0,0,0,0,0,0,0,0,0,0,"중고_2,990","중고_2,990","중고_2,990"
686511,인텔 코어2쿼드 Q6600 (켄츠필드),"_벌크_7,000|_중고_6,460","_벌크_7,000|_중고_6,460","_벌크_7,000|_중고_6,460","_벌크_7,000|_중고_6,460","_벌크_7,000|_중고_6,460","_벌크_7,000|_중고_6,460","_벌크_7,000|_중고_6,460","_벌크_7,000|_중고_6,460","_벌크_7,000|_중고_6,460","_벌크_7,000|_중고_6,460",0,0,0,0,0,0,0
4144483,인텔 코어2쿼드 Q8400 (요크필드),"중고_7,910","중고_7,880","중고_7,880","중고_7,870","중고_7,870","중고_7,870","중고_7,770","중고_7,750","중고_7,750","중고_7,750","중고_7,780","중고_7,780","중고_7,780","중고_7,780","중고_7,780","중고_7,780","중고_7,780"
4148284,인텔 코어2쿼드 Q9300 (요크필드),0,0,0,0,"중고_9,070","중고_9,070","중고_9,070","중고_9,070","중고_9,070","중고_9,070","중고_9,070","중고_9,070","중고_9,070","중고_9,070","중고_9,070","중고_9,070","중고_9,070"
6746998,인텔 코어X-시리즈 i7-9800X (스카이레이크),"정품_714,140","정품_714,140","정품_714,140","정품_714,140","정품_714,140","정품_714,140","정품_714,140","정품_714,140","정품_714,140","정품_714,140","정품_714,140","정품_714,140","정품_714,140","정품_714,140","정품_714,140","정품_714,140","정품_714,140"
11021298,인텔 코어X-시리즈 i9-10900X (캐스케이드레이크),"벌크_1,007,190","벌크_1,007,180","벌크_1,006,850","벌크_1,006,740","벌크_1,006,740","벌크_1,006,740","벌크_1,006,510","벌크_1,006,490","벌크_1,006,460","벌크_1,006,440","벌크_1,006,450","벌크_1,006,450","벌크_1,006,450","벌크_1,006,450","벌크_1,006,450","벌크_1,006,450","벌크_1,006,450"
11350773,인텔 코어X-시리즈 i9-10920X (캐스케이드레이크),"벌크_1,146,830","벌크_1,146,830","벌크_1,146,830","벌크_1,146,830","벌크_1,146,830","벌크_1,146,830","벌크_1,146,830","벌크_1,146,830","벌크_1,146,830","벌크_1,146,830","벌크_1,146,830","벌크_1,154,260","벌크_1,154,260","벌크_1,154,260","벌크_1,154,260","벌크_1,154,260","벌크_1,154,260"
13540112,인텔 코어X-시리즈 i9-10980XE Extreme Edition (캐스케이드레이크),"벌크_711,160","벌크_711,160","벌크_711,160","벌크_711,160","벌크_711,160","벌크_711,160","벌크_711,160","벌크_711,160","벌크_711,160","벌크_711,160","벌크_711,160","벌크_711,160","벌크_711,160","벌크_711,160","벌크_711,160","벌크_711,160","벌크_711,160"
6929425,인텔 코어X-시리즈 i9-9940X (스카이레이크),"정품_890,000","정품_890,000","정품_890,000","정품_890,000","정품_890,000","정품_890,000","정품_890,000","정품_890,000","정품_890,000","정품_890,000","정품_890,000","정품_890,000","정품_890,000","정품_890,000","정품_890,000","정품_890,000","정품_890,000"
11405337,인텔 코어i3-10세대 10100 (코멧레이크S),"_정품_316,800|벌크 + 쿨러_159,890|_벌크_151,070|해외구매_229,630|중고_135,350","_정품_316,800|벌크 + 쿨러_159,890|_벌크_151,070|해외구매_220,350|중고_135,350","_정품_316,800|벌크 + 쿨러_159,890|_벌크_151,070|해외구매_220,350|중고_135,350","_정품_316,800|벌크 + 쿨러_159,890|_벌크_151,070|해외구매_220,350|중고_135,350","_정품_316,800|벌크 + 쿨러_159,890|_벌크_151,070|해외구매_220,350|중고_135,350","_정품_316,800|벌크 + 쿨러_159,890|_벌크_151,070|해외구매_220,350|중고_135,350","_정품_316,800|벌크 + 쿨러_159,890|_벌크_151,070|해외구매_220,350|중고_135,350",0,0,0,0,0,0,0,0,0,0
11480511,인텔 코어i3-10세대 10100 (코멧레이크S),0,0,0,0,0,0,0,"_벌크 + 쿨러_159,890|_벌크_151,070|해외구매_220,350|중고_135,350","_벌크 + 쿨러_159,890|_벌크_151,070|해외구매_220,350|중고_135,350","_벌크 + 쿨러_159,890|_벌크_151,070|해외구매_220,350|중고_135,350","_벌크 + 쿨러_159,890|_벌크_151,070|해외구매_220,350|중고_135,350","_벌크 + 쿨러_159,890|_벌크_151,070|해외구매_220,350|중고_135,350","_벌크 + 쿨러_159,890|_벌크_151,070|해외구매_220,350|중고_135,350","_벌크 + 쿨러_159,890|_벌크_133,000|해외구매_220,350|중고_135,350","_벌크 + 쿨러_159,890|_벌크_133,000|해외구매_220,350|중고_135,350","_벌크 + 쿨러_159,890|_벌크_133,000|해외구매_220,350|중고_135,350","_벌크 + 쿨러_159,890|_벌크_133,000|해외구매_220,350|중고_135,350"
12487424,인텔 코어i3-10세대 10100F (코멧레이크S),"_정품_102,000|병행수입 박스_107,930|벌크 + 쿨러_107,930|_벌크_92,000|해외구매_105,350|중고_94,000","_정품_102,000|병행수입 박스_107,930|벌크 + 쿨러_107,930|_벌크_92,000|해외구매_105,350|중고_94,000","_정품_102,000|병행수입 박스_107,930|벌크 + 쿨러_107,930|_벌크_92,000|해외구매_105,350|중고_94,000","_정품_102,000|병행수입 박스_107,930|벌크 + 쿨러_107,930|_벌크_88,713|해외구매_105,350|중고_94,000","_정품_102,000|병행수입 박스_107,930|벌크 + 쿨러_107,930|_벌크_88,713|해외구매_105,350|중고_94,000","_정품_102,000|병행수입 박스_107,930|벌크 + 쿨러_107,930|_벌크_88,713|해외구매_105,350|중고_94,000","_정품_102,000|병행수입 박스_107,930|벌크 + 쿨러_107,930|_벌크_88,713|해외구매_105,350|중고_94,000","_정품_102,000|병행수입 박스_107,930|벌크 + 쿨러_107,930|_벌크_88,713|해외구매_105,350|중고_94,000","_정품_102,000|병행수입 박스_107,930|벌크 + 쿨러_107,930|_벌크_88,713|해외구매_105,350|중고_94,000","_정품_102,000|병행수입 박스_107,930|벌크 + 쿨러_107,930|_벌크_88,713|해외구매_105,350|중고_94,000","_정품_102,000|병행수입 박스_107,930|벌크 + 쿨러_107,930|_벌크_88,713|해외구매_107,590|중고_94,000","_정품_102,000|병행수입 박스_107,930|벌크 + 쿨러_107,930|_벌크_88,713|해외구매_107,590|중고_94,000","_정품_102,000|병행수입 박스_107,930|벌크 + 쿨러_107,930|_벌크_88,713|해외구매_107,590|중고_94,000","_정품_102,000|병행수입 박스_107,930|벌크 + 쿨러_107,930|_벌크_92,000|해외구매_107,590|중고_94,000","_정품_102,000|병행수입 박스_107,930|벌크 + 쿨러_107,930|_벌크_92,000|해외구매_107,590|중고_94,000","_정품_102,000|병행수입 박스_107,930|벌크 + 쿨러_107,930|_벌크_92,000|해외구매_107,590|중고_94,000","_정품_102,000|병행수입 박스_107,930|벌크 + 쿨러_107,930|_벌크_92,000|해외구매_107,590|중고_94,000"
14409386,인텔 코어i3-10세대 10105 (코멧레이크S 리프레시),"_정품_154,560|병행수입 박스_142,060|_벌크_150,030","_정품_154,560|병행수입 박스_142,060|_벌크_150,000","_정품_154,560|병행수입 박스_142,060|_벌크_150,000","_정품_154,560|병행수입 박스_142,060|_벌크_149,990","_정품_154,560|병행수입 박스_142,060|_벌크_149,990","_정품_154,560|병행수입 박스_142,060|_벌크_150,000","_정품_154,560|병행수입 박스_142,060|_벌크_151,790","_정품_154,560|병행수입 박스_142,060|_벌크_151,800","_정품_154,560|병행수입 박스_142,060|_벌크_155,490","_정품_154,560|병행수입 박스_142,060|_벌크_154,550","_정품_154,560|병행수입 박스_142,060|_벌크_154,550","_정품_154,560|병행수입 박스_142,060|_벌크_155,570","_정품_154,560|병행수입 박스_142,060|_벌크_155,570","_정품_154,560|병행수입 박스_142,060|_벌크_155,570","_정품_154,560|병행수입 박스_142,060|_벌크_156,230","_정품_154,560|병행수입 박스_142,060|_벌크_156,230","_정품_154,560|병행수입 박스_142,060|_벌크_156,230"
13753334,인텔 코어i3-10세대 10105F (코멧레이크S 리프레시),"정품_110,000|_벌크 + 쿨러_106,880|_벌크_97,570|해외구매_136,500|중고_111,000","정품_110,000|_벌크 + 쿨러_106,880|_벌크_97,550|해외구매_131,050|중고_111,000","정품_110,000|_벌크 + 쿨러_106,880|_벌크_97,470|해외구매_131,050|중고_111,000","정품_110,000|_벌크 + 쿨러_100,750|_벌크_93,760|해외구매_131,050|중고_111,000","정품_110,000|_벌크 + 쿨러_106,880|_벌크_93,670|해외구매_131,050|중고_111,000","정품_110,000|_벌크 + 쿨러_106,060|_벌크_93,650|해외구매_131,050|중고_111,000","정품_110,000|_벌크 + 쿨러_106,880|_벌크_93,650|해외구매_131,050|중고_111,000","정품_110,000|_벌크 + 쿨러_106,880|_벌크_93,650|해외구매_131,050|중고_111,000","정품_110,000|_벌크 + 쿨러_106,880|_벌크_93,550|해외구매_131,050|중고_111,000","정품_110,000|_벌크 + 쿨러_106,880|_벌크_93,530|해외구매_131,050|중고_111,000","정품_110,000|_벌크 + 쿨러_106,880|_벌크_93,500|해외구매_133,780|중고_111,000","정품_110,000|_벌크 + 쿨러_106,880|_벌크_91,160|해외구매_133,780|중고_111,000","정품_110,000|_벌크 + 쿨러_106,880|_벌크_91,100|해외구매_133,780|중고_111,000","정품_110,000|_벌크 + 쿨러_106,880|_벌크_91,070|해외구매_133,780|중고_111,000","정품_110,000|_벌크 + 쿨러_106,880|_벌크_91,070|해외구매_133,780|중고_111,000","정품_110,000|_벌크 + 쿨러_106,880|_벌크_91,070|해외구매_133,780|중고_111,000","정품_110,000|_벌크 + 쿨러_106,880|_벌크_90,990|해외구매_133,780|중고_111,000"
16101083,인텔 코어i3-12세대 12100 (엘더레이크),"_정품_234,860|벌크 + 쿨러_204,760|_벌크_190,090|해외구매_296,000","_정품_234,830|벌크 + 쿨러_204,760|_벌크_190,060|해외구매_296,000","_정품_234,750|벌크 + 쿨러_204,670|_벌크_190,060|해외구매_296,000","_정품_234,720|벌크 + 쿨러_200,740|_벌크_188,920|해외구매_296,000","_정품_234,670|벌크 + 쿨러_200,730|_벌크_188,830|해외구매_296,000","_정품_234,670|벌크 + 쿨러_204,760|_벌크_188,810|해외구매_296,000","_정품_236,760|벌크 + 쿨러_204,760|_벌크_188,810|해외구매_296,000","_정품_236,760|벌크 + 쿨러_204,760|_벌크_188,810|해외구매_296,000","_정품_236,760|벌크 + 쿨러_199,300|_벌크_181,488|해외구매_296,000","_정품_236,760|벌크 + 쿨러_199,280|_벌크_181,488|해외구매_296,000","_정품_236,760|_벌크 + 쿨러_197,250|벌크_179,290|해외구매_296,000","_정품_236,760|_벌크 + 쿨러_197,250|벌크_179,270|해외구매_296,000","_정품_236,760|_벌크 + 쿨러_193,620|벌크_179,270|해외구매_296,000","_정품_236,760|_벌크 + 쿨러_193,620|벌크_178,170|해외구매_296,000","_정품_236,760|_벌크 + 쿨러_193,620|벌크_178,170|해외구매_296,000","_정품_236,760|_벌크 + 쿨러_193,620|벌크_178,170|해외구매_296,000","_정품_236,760|_벌크 + 쿨러_193,620|벌크_178,090|해외구매_296,000"
16101179,인텔 코어i3-12세대 12100F (엘더레이크),"_정품_190,000|벌크 + 쿨러_167,880|_벌크_156,470|해외구매_125,450","_정품_190,000|벌크 + 쿨러_167,880|_벌크_156,470|해외구매_125,450","_정품_190,000|벌크 + 쿨러_167,880|_벌크_156,470|해외구매_125,450","_정품_190,000|벌크 + 쿨러_162,890|_벌크_152,150|해외구매_125,450","_정품_190,000|벌크 + 쿨러_162,890|_벌크_156,470|해외구매_139,250","_정품_190,000|벌크 + 쿨러_167,880|_벌크_156,470|해외구매_139,250","_정품_190,000|벌크 + 쿨러_167,880|_벌크_156,470|해외구매_139,250","_정품_190,000|벌크 + 쿨러_167,880|_벌크_156,470|해외구매_139,250","_정품_190,000|벌크 + 쿨러_167,350|_벌크_147,978|해외구매_139,250","_정품_190,000|벌크 + 쿨러_167,350|_벌크_147,978|해외구매_139,250","_정품_190,000|벌크 + 쿨러_164,440|_벌크_147,970|해외구매_139,250","_정품_190,000|벌크 + 쿨러_164,440|_벌크_150,440|해외구매_139,250","_정품_190,000|벌크 + 쿨러_159,690|_벌크_145,240|해외구매_139,250","_정품_190,000|벌크 + 쿨러_159,670|_벌크_145,240|해외구매_139,250","_정품_190,000|벌크 + 쿨러_159,590|_벌크_145,240|해외구매_139,250","_정품_190,000|벌크 + 쿨러_159,550|_벌크_145,240|해외구매_139,250","_정품_190,000|벌크 + 쿨러_159,550|_벌크_145,240|해외구매_139,250"
16393682,인텔 코어i3-12세대 12100T (엘더레이크),0,0,0,0,0,0,0,0,0,0,0,0,"벌크_208,000","벌크_208,000","벌크_208,000","벌크_208,000","벌크_208,000"
18640205,인텔 코어i3-13세대 13100 (랩터레이크),"_정품_478,080|_벌크_241,000","_정품_478,080|_벌크_241,000","_정품_478,080|_벌크_241,000","_정품_478,080|_벌크_241,000","_정품_478,080|_벌크_241,000","_정품_478,080|_벌크_241,000","_정품_478,080|_벌크_241,000","_정품_478,080|_벌크_241,000","_정품_478,080|_벌크_241,000","_정품_478,080|_벌크_241,000","_정품_488,040|_벌크_241,000","_정품_488,040|_벌크_241,000","_정품_488,040|_벌크_241,000","_정품_488,040|_벌크_241,000","_정품_488,040|_벌크_241,000","_정품_488,040|_벌크_241,000","_정품_488,040|_벌크_241,000"
18640106,인텔 코어i3-13세대 13100F (랩터레이크),"_정품_180,480|벌크 + 쿨러_188,350|_벌크_171,590|해외구매_176,900","_정품_180,480|벌크 + 쿨러_188,350|_벌크_171,560|해외구매_176,900","_정품_180,480|벌크 + 쿨러_188,350|_벌크_171,560|해외구매_176,900","_정품_180,480|벌크 + 쿨러_188,350|_벌크_171,560|해외구매_176,900","_정품_180,480|벌크 + 쿨러_188,350|_벌크_171,470|해외구매_176,900","_정품_180,480|벌크 + 쿨러_188,350|_벌크_171,470|해외구매_176,900","_정품_180,480|벌크 + 쿨러_188,350|_벌크_172,200|해외구매_176,900","_정품_180,480|벌크 + 쿨러_188,350|_벌크_172,200|해외구매_176,900","_정품_175,000|벌크 + 쿨러_188,350|_벌크_172,200|해외구매_176,900","_정품_175,000|벌크 + 쿨러_188,350|_벌크_172,200|해외구매_176,900","_정품_175,000|벌크 + 쿨러_188,350|_벌크_172,200|해외구매_176,900","_정품_175,000|벌크 + 쿨러_188,350|_벌크_172,200|해외구매_176,900","_정품_175,000|벌크 + 쿨러_188,350|_벌크_172,200|해외구매_176,900","_정품_177,990|벌크 + 쿨러_188,350|_벌크_172,200|해외구매_176,900","_정품_177,990|벌크 + 쿨러_188,350|_벌크_172,200|해외구매_176,900","_정품_177,990|벌크 + 쿨러_188,350|_벌크_172,200|해외구매_176,900","_정품_177,990|벌크 + 쿨러_188,350|_벌크_172,200|해외구매_176,900"
32102738,인텔 코어i3-14세대 14100 (랩터레이크 리프레시),"정품_247,850|_벌크 + 쿨러_204,250|_벌크_190,000|해외구매_234,610","정품_247,850|_벌크 + 쿨러_204,240|_벌크_190,000|해외구매_234,870","정품_247,850|_벌크 + 쿨러_204,240|_벌크_190,000|해외구매_237,300","정품_247,850|_벌크 + 쿨러_200,750|_벌크_186,770|해외구매_237,300","정품_247,850|_벌크 + 쿨러_200,740|_벌크_186,050|해외구매_236,890","정품_247,850|_벌크 + 쿨러_200,730|_벌크_186,050|해외구매_236,890","_정품_245,250|_벌크 + 쿨러_201,440|벌크_185,960|해외구매_236,890","_정품_245,240|_벌크 + 쿨러_201,440|벌크_185,940|해외구매_236,890","_정품_240,000|_벌크 + 쿨러_201,440|벌크_183,170|해외구매_236,890","_정품_240,000|_벌크 + 쿨러_201,440|벌크_183,150|해외구매_236,890","_정품_240,000|벌크 + 쿨러_191,790|_벌크_179,290|해외구매_236,890","_정품_240,000|벌크 + 쿨러_191,740|_벌크_179,240|해외구매_236,990","_정품_240,000|벌크 + 쿨러_190,560|_벌크_176,920|해외구매_235,980","_정품_380,000|벌크 + 쿨러_190,500|_벌크_176,920|해외구매_235,980","_정품_380,000|벌크 + 쿨러_190,500|_벌크_176,920|해외구매_234,030","_정품_380,000|벌크 + 쿨러_190,500|_벌크_176,920|해외구매_234,030","_정품_380,000|벌크 + 쿨러_190,500|_벌크_176,920|해외구매_234,030"
32038820,인텔 코어i3-14세대 14100 (랩터레이크 리프레시),"정품_247,850|_벌크 + 쿨러_204,250|_벌크_190,000|해외구매_234,610","정품_247,850|_벌크 + 쿨러_204,240|_벌크_190,000|해외구매_234,870","정품_247,850|_벌크 + 쿨러_204,240|_벌크_190,000|해외구매_237,300","정품_247,850|_벌크 + 쿨러_200,750|_벌크_186,770|해외구매_237,300","정품_247,850|_벌크 + 쿨러_200,740|_벌크_186,050|해외구매_236,890","정품_247,850|_벌크 + 쿨러_200,730|_벌크_186,050|해외구매_236,890","_정품_245,250|_벌크 + 쿨러_201,440||해외구매_236,890","_정품_245,240|_벌크 + 쿨러_201,440||해외구매_236,890","_정품_240,000|_벌크 + 쿨러_201,440||해외구매_236,890","_정품_240,000|_벌크 + 쿨러_201,440||해외구매_236,890","_정품_240,000|벌크 + 쿨러_191,790|_벌크_179,290|해외구매_236,890","_정품_240,000|벌크 + 쿨러_191,740|_벌크_179,240|해외구매_236,990","_정품_240,000|벌크 + 쿨러_190,560|_벌크_176,920|해외구매_235,980","_정품_380,000|벌크 + 쿨러_190,500|_벌크_176,920|해외구매_235,980","_정품_380,000|벌크 + 쿨러_190,500|_벌크_176,920|해외구매_234,030","_정품_380,000|벌크 + 쿨러_190,500|_벌크_176,920|해외구매_234,030","_정품_380,000|벌크 + 쿨러_190,500|_벌크_176,920|해외구매_234,030"
32102672,인텔 코어i3-14세대 14100F (랩터레이크 리프레시),"_정품_250,000|_벌크 + 쿨러_176,200|벌크_165,100|해외구매_193,510","_정품_250,000|_벌크 + 쿨러_176,200|벌크_165,100|해외구매_193,510","_정품_250,000|_벌크 + 쿨러_176,200|벌크_165,100|해외구매_193,510","_정품_250,000|_벌크 + 쿨러_172,570|벌크_160,960|해외구매_193,510","_정품_250,000|_벌크 + 쿨러_172,570|벌크_160,950|해외구매_193,510","_정품_250,000|_벌크 + 쿨러_176,200|벌크_165,100|해외구매_196,530","_정품_250,000|벌크 + 쿨러_176,200|_벌크_165,090|해외구매_196,530","_정품_250,000|벌크 + 쿨러_176,200|_벌크_165,090|해외구매_196,530","정품_250,000|_벌크 + 쿨러_176,190|_벌크_160,213|해외구매_194,480","정품_250,000|_벌크 + 쿨러_176,190|_벌크_160,213|해외구매_194,480","_정품_250,000|벌크 + 쿨러_174,870|_벌크_160,210|해외구매_194,480","_정품_250,000|벌크 + 쿨러_174,870|_벌크_161,410|해외구매_213,660","_정품_250,000|벌크 + 쿨러_172,260|_벌크_161,370|해외구매_213,660","_정품_194,450|벌크 + 쿨러_172,260|_벌크_161,350|해외구매_213,660","_정품_202,540|벌크 + 쿨러_172,260|_벌크_161,350|해외구매_213,660","_정품_202,540|벌크 + 쿨러_172,260|_벌크_161,350|해외구매_213,660","_정품_202,540|벌크 + 쿨러_172,260|_벌크_161,350|해외구매_213,660"
32038895,인텔 코어i3-14세대 14100F (랩터레이크 리프레시),"_정품_250,000|_벌크 + 쿨러_176,200|벌크_165,100|해외구매_193,510","_정품_250,000|_벌크 + 쿨러_176,200|벌크_165,100|해외구매_193,510","_정품_250,000|_벌크 + 쿨러_176,200|벌크_165,100|해외구매_193,510","_정품_250,000|_벌크 + 쿨러_172,570|벌크_160,960|해외구매_193,510","_정품_250,000|_벌크 + 쿨러_172,570|벌크_160,950|해외구매_193,510","_정품_250,000|_벌크 + 쿨러_176,200|벌크_165,100|해외구매_196,530","_정품_250,000|벌크 + 쿨러_176,200|_벌크_165,090|해외구매_196,530","_정품_250,000|벌크 + 쿨러_176,200|_벌크_165,090|해외구매_196,530","정품_250,000|_벌크 + 쿨러_176,190|_벌크_160,213|해외구매_194,480","정품_250,000|_벌크 + 쿨러_176,190|_벌크_160,213|해외구매_194,480","_정품_250,000|벌크 + 쿨러_174,870|_벌크_160,210|해외구매_194,480","_정품_250,000|벌크 + 쿨러_174,870|_벌크_161,410|해외구매_213,660","_정품_250,000|벌크 + 쿨러_172,260|_벌크_161,370|해외구매_213,660","_정품_194,450|벌크 + 쿨러_172,260|_벌크_161,350|해외구매_213,660","_정품_202,540|벌크 + 쿨러_172,260|_벌크_161,350|해외구매_213,660","_정품_202,540|벌크 + 쿨러_172,260|_벌크_161,350|해외구매_213,660","_정품_202,540|벌크 + 쿨러_172,260|_벌크_161,350|해외구매_213,660"
32464280,인텔 코어i3-14세대 14100T (랩터레이크 리프레시),"벌크_707,820","벌크_707,820","벌크_707,820","벌크_707,820","벌크_707,820","벌크_707,820","벌크_707,820","벌크_707,820","벌크_707,820","벌크_707,820","벌크_722,880","벌크_722,880","벌크_722,880","벌크_722,880","벌크_722,880","벌크_722,880","벌크_722,880"
4148188,인텔 코어i3-1세대 540 (클락데일),"중고_3,190","중고_3,190","중고_3,180","중고_3,190","중고_3,190","중고_3,180","중고_3,180","중고_3,180","중고_3,180","중고_3,180","중고_3,270","중고_3,270","중고_3,270","중고_3,270","중고_3,270","중고_3,270","중고_3,270"
4146391,인텔 코어i3-1세대 550 (클락데일),"중고_3,290","중고_3,290","중고_3,290","중고_3,290","중고_3,290","중고_3,290","중고_3,290","중고_3,290","중고_3,290","중고_3,290","중고_3,290","중고_3,290","중고_3,290","중고_3,290","중고_3,290","중고_3,290","중고_3,290"
1376125,인텔 코어i3-2세대 2100 (샌디브릿지),"_벌크_3,600|_중고_2,490","_벌크_3,600|_중고_2,490","_벌크_3,600|_중고_2,490","_벌크_3,600|_중고_2,490","_벌크_3,600|_중고_2,490","_벌크_3,600|_중고_2,490","_벌크_3,600|_중고_2,490","_벌크_3,600|_중고_2,490","_벌크_3,600|_중고_2,490","_벌크_3,600|_중고_2,490","_벌크_3,600|_중고_2,490","_벌크_3,600|_중고_2,490","_벌크_3,600|_중고_2,490","_벌크_3,600|_중고_2,490","_벌크_3,600|_중고_2,490","_벌크_3,600|_중고_2,490","_벌크_3,600|_중고_2,490"
1780774,인텔 코어i3-3세대 3220 (아이비브릿지),"_벌크_4,590|_중고_2,990","_벌크_4,590|_중고_2,990","_벌크_4,590|_중고_2,990","_벌크_4,590|_중고_2,990","_벌크_4,590|_중고_2,990","_벌크_4,590|_중고_2,990","_벌크_4,590|_중고_2,990","_벌크_4,590|_중고_2,990","_벌크_4,590|_중고_2,990","_벌크_4,590|_중고_2,990","_벌크_4,590|_중고_2,300","_벌크_4,590|_중고_2,300","_벌크_4,590|_중고_2,990","_벌크_4,590|_중고_2,990","_벌크_4,590|_중고_2,990","_벌크_4,590|_중고_2,990","_벌크_4,590|_중고_2,990"
1783681,인텔 코어i3-3세대 3240 (아이비브릿지),"중고_3,410","중고_3,410","중고_3,410","중고_3,410","중고_3,410","중고_3,410","중고_3,410","중고_3,410","중고_3,490","중고_3,490","중고_3,490","중고_3,490","중고_3,490","중고_3,490","중고_3,490","중고_3,490","중고_3,490"
2216333,인텔 코어i3-4세대 4130 (하스웰),"벌크 + 쿨러_3,790|_벌크_3,620|_중고_3,770","벌크 + 쿨러_3,790|_벌크_3,620|_중고_3,770","벌크 + 쿨러_3,790|_벌크_3,620|_중고_3,770","벌크 + 쿨러_3,790|_벌크_3,620|_중고_3,770","벌크 + 쿨러_3,790|_벌크_3,620|_중고_3,770","벌크 + 쿨러_3,790|_벌크_3,620|_중고_3,770","벌크 + 쿨러_3,790|_벌크_3,620|_중고_3,770","벌크 + 쿨러_3,790|_벌크_3,620|_중고_3,770","벌크 + 쿨러_3,790|_벌크_3,620|_중고_4,390","벌크 + 쿨러_3,790|_벌크_3,620|_중고_4,380","벌크 + 쿨러_3,790|_벌크_3,620|_중고_4,380","벌크 + 쿨러_3,790|_벌크_3,620|_중고_4,380","벌크 + 쿨러_3,790|_벌크_3,620|_중고_4,380","벌크 + 쿨러_3,790|_벌크_3,620|_중고_4,380","벌크 + 쿨러_3,790|_벌크_3,620|_중고_4,380","벌크 + 쿨러_3,790|_벌크_3,620|_중고_4,380","벌크 + 쿨러_3,790|_벌크_3,620|_중고_4,380"
4954420,인텔 코어i3-4세대 4150 (하스웰 리프레시),"_중고_3,780|벌크 + 쿨러_8,090|_벌크_3,720","_중고_3,770|벌크 + 쿨러_8,090|_벌크_3,720","_중고_3,770|벌크 + 쿨러_8,090|_벌크_3,720","_중고_3,770|벌크 + 쿨러_8,090|_벌크_3,720","_중고_3,770|벌크 + 쿨러_8,090|_벌크_3,720","_중고_3,770|벌크 + 쿨러_8,090|_벌크_3,720","_중고_3,770|벌크 + 쿨러_8,090|_벌크_3,720","_중고_3,770|벌크 + 쿨러_8,090|_벌크_3,720","_중고_3,500|벌크 + 쿨러_8,290|_벌크_3,720","_중고_3,490|벌크 + 쿨러_8,290|_벌크_3,720","_중고_3,490|벌크 + 쿨러_8,290|_벌크_3,720","_중고_3,490|벌크 + 쿨러_8,290|_벌크_3,720","_중고_3,490|벌크 + 쿨러_8,290|_벌크_3,720","_중고_3,490|벌크 + 쿨러_8,290|_벌크_3,720","_중고_3,490|벌크 + 쿨러_8,290|_벌크_3,720","_중고_3,490|벌크 + 쿨러_8,290|_벌크_3,720","_중고_3,490|벌크 + 쿨러_8,290|_벌크_3,720"
2783204,인텔 코어i3-4세대 4160 (하스웰 리프레시),"병행수입 박스_142,990|벌크 + 쿨러_7,830|_벌크_3,780|_중고_3,780","병행수입 박스_142,990|벌크 + 쿨러_7,830|_벌크_3,780|_중고_3,780","병행수입 박스_142,990|벌크 + 쿨러_7,820|_벌크_3,770|_중고_3,770","병행수입 박스_142,990|벌크 + 쿨러_7,820|_벌크_3,770|_중고_3,770","병행수입 박스_142,990|벌크 + 쿨러_7,820|_벌크_3,770|_중고_3,770","병행수입 박스_142,990|벌크 + 쿨러_7,820|_벌크_3,770|_중고_3,770","병행수입 박스_142,990|벌크 + 쿨러_7,820|_벌크_3,770|_중고_3,770","병행수입 박스_142,990|벌크 + 쿨러_7,820|_벌크_3,770|_중고_3,770","병행수입 박스_142,990|벌크 + 쿨러_7,970|_벌크_3,790|_중고_3,790","병행수입 박스_142,990|벌크 + 쿨러_7,810|_벌크_3,670|_중고_3,670","병행수입 박스_142,990|벌크 + 쿨러_7,810|_벌크_3,670|_중고_3,670","병행수입 박스_142,990|벌크 + 쿨러_7,900|_벌크_3,710|_중고_3,710","병행수입 박스_142,990|벌크 + 쿨러_7,900|_벌크_3,710|_중고_3,710","병행수입 박스_142,990|벌크 + 쿨러_7,900|_벌크_3,710|_중고_3,710","병행수입 박스_142,990|벌크 + 쿨러_7,900|_벌크_3,710|_중고_3,710","병행수입 박스_142,990|벌크 + 쿨러_7,900|_벌크_3,710|_중고_3,710","병행수입 박스_142,990|벌크 + 쿨러_7,900|_벌크_3,710|_중고_3,590"
3116506,인텔 코어i3-4세대 4170 (하스웰 리프레시),"_벌크 + 쿨러_8,360|벌크_11,500|_중고_4,310","_벌크 + 쿨러_8,360|벌크_11,500|_중고_4,310","_벌크 + 쿨러_8,360|벌크_11,500|_중고_4,310","_벌크 + 쿨러_8,360|벌크_11,500|_중고_4,310","_벌크 + 쿨러_8,360|벌크_11,500|_중고_4,310","_벌크 + 쿨러_8,360|벌크_11,500|_중고_4,310","_벌크 + 쿨러_8,360|벌크_11,500|_중고_4,310","_벌크 + 쿨러_8,360|벌크_11,500|_중고_4,310","_벌크 + 쿨러_8,550|벌크_11,500|_중고_4,410","_벌크 + 쿨러_8,550|벌크_11,500|_중고_4,410","_벌크 + 쿨러_8,550|벌크_11,500|_중고_4,410","_벌크 + 쿨러_8,640|벌크_11,500|_중고_4,440","_벌크 + 쿨러_8,640|벌크_11,500|_중고_4,440","_벌크 + 쿨러_8,640|벌크_11,500|_중고_4,440","_벌크 + 쿨러_8,640|벌크_11,500|_중고_4,440","_벌크 + 쿨러_8,640|벌크_11,500|_중고_4,440","_벌크 + 쿨러_8,640|벌크_11,500|_중고_4,440"
6112499,인텔 코어i3-4세대 4330 (하스웰),"중고_14,100","중고_14,100","중고_14,100","중고_14,100","중고_14,100","중고_14,100","중고_14,100","중고_14,100","중고_14,100","중고_14,100","중고_14,100","중고_14,100","중고_14,100","중고_14,100","중고_14,100","중고_14,100","중고_14,100"
6112509,인텔 코어i3-4세대 4370 (하스웰 리프레시),"중고_13,390","중고_13,390","중고_13,390","중고_13,390","중고_13,390","중고_13,390","중고_13,390","중고_13,390",0,0,0,0,"중고_13,390","중고_13,390",0,0,"중고_13,390"
3471458,인텔 코어i3-6세대 6100 (스카이레이크),"벌크 + 쿨러_8,100|_벌크_3,590|_중고_2,900","벌크 + 쿨러_8,090|_벌크_3,590|_중고_2,900","벌크 + 쿨러_8,090|_벌크_3,590|_중고_2,900","벌크 + 쿨러_8,090|_벌크_3,590|_중고_2,900","벌크 + 쿨러_8,090|_벌크_3,590|_중고_2,900","벌크 + 쿨러_8,090|_벌크_3,590|_중고_2,900","_벌크 + 쿨러_8,090|벌크_3,590|_중고_2,900","_벌크 + 쿨러_8,090|벌크_3,590|_중고_2,900","벌크 + 쿨러_8,240|_벌크_3,490|_중고_2,900","벌크 + 쿨러_8,220|_벌크_3,400|_중고_2,900","벌크 + 쿨러_8,220|_벌크_3,440|_중고_2,900","_벌크 + 쿨러_8,190|벌크_3,440|_중고_2,900","벌크 + 쿨러_8,130|_벌크_3,440|_중고_2,900","벌크 + 쿨러_8,100|_벌크_3,440|_중고_2,900","벌크 + 쿨러_8,100|_벌크_3,440|_중고_2,900","벌크 + 쿨러_8,100|_벌크_3,440|_중고_2,900","벌크 + 쿨러_8,090|_벌크_3,440|_중고_2,900"
3493032,인텔 코어i3-6세대 6300 (스카이레이크),"_벌크_10,870|_중고_7,200","_벌크_10,870|_중고_7,200","_벌크_10,870|_중고_7,200","_벌크_10,870|_중고_7,200","_벌크_10,870|_중고_7,200","_벌크_10,870|_중고_7,200","_벌크_10,870|_중고_7,200","_벌크_10,870|_중고_7,200","_벌크_10,870|_중고_7,200","_벌크_10,870|_중고_7,200","_벌크_10,870|_중고_7,200","_벌크_10,870|_중고_7,200","_벌크_10,870|_중고_7,200","_벌크_10,870|_중고_7,200","_벌크_10,870|_중고_7,200","_벌크_10,870|_중고_7,200","_벌크_10,870|_중고_7,200"
3493081,인텔 코어i3-6세대 6320 (스카이레이크),"_벌크_16,420|_중고_17,400","_벌크_16,420|_중고_17,400","_벌크_16,420|_중고_17,400","_벌크_16,420|_중고_17,400","_벌크_16,420|_중고_17,400","_벌크_16,420|_중고_17,400","_벌크_16,420|_중고_17,400","_벌크_16,420|_중고_17,400","_벌크_16,420|_중고_17,400","_벌크_16,420|_중고_17,400","_벌크_16,420|_중고_17,400","_벌크_16,420|_중고_17,400","_벌크_16,420|_중고_17,400","_벌크_16,420|_중고_17,400","_벌크_16,420|_중고_17,400","_벌크_16,420|_중고_17,400","_벌크_16,420|_중고_17,400"
4880955,인텔 코어i3-7세대 7100 (카비레이크),"_벌크 + 쿨러_9,690|벌크_8,570|해외구매_52,370|_중고_5,990","_벌크 + 쿨러_9,690|벌크_8,570|해외구매_52,370|_중고_5,990","_벌크 + 쿨러_9,690|벌크_8,570|해외구매_52,370|_중고_5,990","_벌크 + 쿨러_9,690|벌크_8,570|해외구매_52,370|_중고_5,990","_벌크 + 쿨러_9,690|벌크_8,570|해외구매_52,370|_중고_5,990","_벌크 + 쿨러_9,690|벌크_8,570|해외구매_52,370|_중고_5,990","_벌크 + 쿨러_9,690|벌크_8,570|해외구매_52,370|_중고_5,990","_벌크 + 쿨러_9,690|벌크_8,570|해외구매_52,370|_중고_5,990","_벌크 + 쿨러_9,690|벌크_8,570|해외구매_52,370|_중고_5,880","_벌크 + 쿨러_9,690|벌크_8,570|해외구매_52,370|_중고_5,880","_벌크 + 쿨러_9,690|벌크_8,570|해외구매_52,370|_중고_5,880","_벌크 + 쿨러_9,690|벌크_8,570|해외구매_52,370|_중고_5,890","_벌크 + 쿨러_9,690|벌크_8,570|해외구매_52,370|_중고_5,890","_벌크 + 쿨러_9,690|벌크_8,570|해외구매_52,370|_중고_5,890","_벌크 + 쿨러_9,690|벌크_8,570|해외구매_52,370|_중고_5,890","_벌크 + 쿨러_9,690|벌크_8,570|해외구매_52,370|_중고_5,890","_벌크 + 쿨러_9,690|벌크_8,570|해외구매_52,370|_중고_5,890"
5221454,인텔 코어i3-7세대 7320 (카비레이크),"_벌크_26,490|_중고_28,750","_벌크_26,490|_중고_28,750","_벌크_26,490|_중고_28,750","_벌크_26,490|_중고_28,750","_벌크_26,490|_중고_28,750","_벌크_26,490|_중고_28,750","_벌크_26,490|_중고_28,750","_벌크_26,490|_중고_28,750","_벌크_26,490|_중고_28,750","_벌크_26,490|_중고_28,750","_벌크_26,490|_중고_28,750","_벌크_26,490|_중고_28,750","_벌크_26,490|_중고_28,750","_벌크_26,490|_중고_28,750","_벌크_26,490|_중고_28,750","_벌크_26,490|_중고_28,750","_벌크_26,490|_중고_28,750"
5569026,인텔 코어i3-8세대 8100 (커피레이크),"벌크 + 쿨러_34,020|_벌크_27,190|해외구매_115,530|_중고_30,460","벌크 + 쿨러_33,990|_벌크_27,190|해외구매_115,530|_중고_30,430","벌크 + 쿨러_33,990|_벌크_27,190|해외구매_115,530|_중고_30,430","벌크 + 쿨러_33,990|_벌크_27,190|해외구매_115,530|_중고_30,420","벌크 + 쿨러_33,890|_벌크_27,190|해외구매_115,530|_중고_30,420","벌크 + 쿨러_33,880|_벌크_27,190|해외구매_115,530|_중고_30,430","벌크 + 쿨러_33,880|_벌크_27,190|해외구매_115,530|_중고_30,910","벌크 + 쿨러_33,880|_벌크_27,190|해외구매_115,530|_중고_30,910","벌크 + 쿨러_34,460|_벌크_27,190|해외구매_115,530|_중고_29,990","벌크 + 쿨러_34,440|_벌크_27,190|해외구매_115,530|_중고_29,500","벌크 + 쿨러_34,400|_벌크_27,190|해외구매_115,530|_중고_29,500","벌크 + 쿨러_34,400|_벌크_27,190|해외구매_115,530|_중고_29,490","벌크 + 쿨러_34,400|_벌크_27,190|해외구매_115,530|_중고_29,490","벌크 + 쿨러_34,400|_벌크_27,190|해외구매_115,530|_중고_29,490","벌크 + 쿨러_34,400|_벌크_27,190|해외구매_115,530|_중고_29,490","벌크 + 쿨러_34,400|_벌크_27,190|해외구매_115,530|_중고_29,490","벌크 + 쿨러_34,400|_벌크_27,190|해외구매_115,530|_중고_29,490"
10864506,인텔 코어i3-9세대 9100 (커피레이크-R),"_벌크 + 쿨러_60,070|_벌크_43,910|해외구매_49,460|중고_37,790","_벌크 + 쿨러_60,040|_벌크_43,910|해외구매_49,460|중고_37,790","_벌크 + 쿨러_60,040|_벌크_43,910|해외구매_49,460|중고_37,790","_벌크 + 쿨러_60,040|_벌크_41,490|해외구매_49,460|중고_37,790","_벌크 + 쿨러_59,940|_벌크_41,490|해외구매_49,460|중고_37,790","_벌크 + 쿨러_59,930|_벌크_41,490|해외구매_49,460|중고_37,790","_벌크 + 쿨러_59,930|_벌크_41,480|해외구매_49,460|중고_37,790","_벌크 + 쿨러_59,930|_벌크_41,480|해외구매_49,460|중고_37,790","_벌크 + 쿨러_60,530|_벌크_41,480|해외구매_49,460|중고_37,790","_벌크 + 쿨러_60,530|_벌크_41,480|해외구매_49,460|중고_37,790","_벌크 + 쿨러_60,530|_벌크_41,480|해외구매_49,460|중고_37,790","_벌크 + 쿨러_60,530|_벌크_41,480|해외구매_49,460|중고_37,790","_벌크 + 쿨러_60,530|_벌크_41,480|해외구매_49,460|중고_37,790","_벌크 + 쿨러_60,530|_벌크_41,480|해외구매_49,460|중고_37,790","_벌크 + 쿨러_61,220|_벌크_41,480|해외구매_49,460|중고_37,790","_벌크 + 쿨러_61,220|_벌크_41,480|해외구매_49,460|중고_37,790","_벌크 + 쿨러_61,220|_벌크_41,480|해외구매_49,460|중고_37,790"
7914736,인텔 코어i3-9세대 9100F (커피레이크-R),"_정품_73,680|벌크 + 쿨러_51,000|벌크_29,980|해외구매_90,030|_중고_31,460","_정품_73,650|벌크 + 쿨러_50,980|벌크_29,980|해외구매_90,030|_중고_31,460","_정품_73,650|벌크 + 쿨러_50,900|_벌크_29,980|해외구매_90,030|중고_31,460","_정품_73,650|벌크 + 쿨러_50,880|_벌크_29,980|해외구매_90,030|중고_29,700","_정품_73,550|벌크 + 쿨러_50,880|_벌크_29,980|해외구매_90,030|중고_29,700","_정품_73,540|벌크 + 쿨러_51,138|_벌크_29,980|해외구매_90,030|중고_29,700","_정품_73,540|벌크 + 쿨러_51,138|_벌크_29,980|해외구매_90,030|중고_29,700","_정품_73,540|벌크 + 쿨러_51,138|_벌크_29,980|해외구매_90,030|중고_29,700","_정품_74,280|벌크 + 쿨러_51,130|_벌크_29,980|해외구매_90,030|중고_29,700","_정품_74,280|벌크 + 쿨러_51,130|_벌크_29,980|해외구매_90,030|중고_29,700","_정품_74,280|벌크 + 쿨러_51,130|_벌크_29,980|해외구매_91,940|중고_29,700","_정품_75,080|벌크 + 쿨러_51,130|_벌크_29,980|해외구매_91,940|중고_29,700","_정품_75,080|벌크 + 쿨러_51,130|_벌크_29,980|해외구매_91,940|중고_29,700","_정품_75,080|벌크 + 쿨러_51,130|_벌크_29,980|해외구매_91,940|중고_29,700","_정품_75,080|벌크 + 쿨러_52,140|_벌크_29,980|해외구매_91,940|중고_29,700","_정품_75,080|벌크 + 쿨러_52,140|_벌크_29,980|해외구매_91,940|중고_29,700","_정품_75,080|벌크 + 쿨러_52,140|_벌크_29,980|해외구매_91,940|중고_29,700"
11480010,인텔 코어i5-10세대 10400 (코멧레이크S),"_벌크 + 쿨러_192,590|_벌크_185,850|해외구매_254,150|중고_191,760","_벌크 + 쿨러_192,590|_벌크_185,850|해외구매_254,150|중고_191,760","_벌크 + 쿨러_192,590|_벌크_185,850|해외구매_254,150|중고_191,760","_벌크 + 쿨러_192,590|_벌크_182,460|해외구매_254,150|중고_191,760","_벌크 + 쿨러_192,590|_벌크_185,850|해외구매_254,150|중고_191,760","_벌크 + 쿨러_192,590|_벌크_184,320|해외구매_254,150|중고_191,760","_벌크 + 쿨러_192,590|_벌크_185,850|해외구매_254,150|중고_191,760","_벌크 + 쿨러_192,590|_벌크_185,850|해외구매_254,150|중고_191,760","_벌크 + 쿨러_192,590|_벌크_185,790|해외구매_254,150|중고_191,760","_벌크 + 쿨러_192,590|_벌크_185,780|해외구매_254,150|중고_191,760","_벌크 + 쿨러_192,590|_벌크_185,760|해외구매_259,450|중고_195,840","_벌크 + 쿨러_192,590|_벌크_185,740|해외구매_259,450|중고_195,840","_벌크 + 쿨러_192,590|_벌크_185,740|해외구매_259,450|중고_195,840","_벌크 + 쿨러_192,590|_벌크_185,720|해외구매_259,450|중고_195,840","_벌크 + 쿨러_192,590|_벌크_185,720|해외구매_259,450|중고_195,840","_벌크 + 쿨러_192,590|_벌크_185,720|해외구매_259,450|중고_195,840","_벌크 + 쿨러_192,590|_벌크_185,720|해외구매_259,450|중고_195,840"
11489973,인텔 코어i5-10세대 10400F (코멧레이크S),"_정품_175,350|_벌크 + 쿨러_171,820|벌크_161,500|해외구매_165,410|중고_153,000","_정품_175,350|_벌크 + 쿨러_171,820|벌크_161,500|해외구매_165,410|중고_153,000","_정품_175,350|_벌크 + 쿨러_171,820|벌크_161,500|해외구매_165,410|중고_153,000","_정품_175,350|_벌크 + 쿨러_171,820|벌크_161,500|해외구매_165,410|중고_153,000","_정품_175,350|_벌크 + 쿨러_171,820|벌크_161,500|해외구매_165,410|중고_153,000","_정품_175,350|_벌크 + 쿨러_171,820|벌크_161,500|해외구매_165,410|중고_153,000","_정품_175,350|_벌크 + 쿨러_171,820|벌크_161,500|해외구매_165,410|중고_153,000","_정품_175,350|_벌크 + 쿨러_171,820|벌크_161,500|해외구매_165,410|중고_153,000","_정품_175,350|벌크 + 쿨러_171,820|_벌크_161,500|해외구매_173,440|중고_153,000","_정품_175,350|벌크 + 쿨러_171,820|_벌크_161,500|해외구매_173,440|중고_153,000","_정품_175,350|_벌크 + 쿨러_171,820|벌크_161,500|해외구매_173,440|중고_153,000","_정품_175,350|_벌크 + 쿨러_171,820|벌크_161,500|해외구매_175,400|중고_153,000","_정품_175,350|_벌크 + 쿨러_171,820|벌크_161,500|해외구매_175,400|중고_153,000","_정품_175,350|_벌크 + 쿨러_171,820|벌크_161,500|해외구매_175,400|중고_153,000","_정품_175,350|_벌크 + 쿨러_171,820|벌크_161,500|해외구매_175,400|중고_153,000","_정품_175,350|_벌크 + 쿨러_171,820|벌크_161,500|해외구매_175,400|중고_153,000","_정품_175,350|_벌크 + 쿨러_171,820|벌크_161,500|해외구매_173,440|중고_153,000"
11480766,인텔 코어i5-10세대 10500 (코멧레이크S),"_벌크 + 쿨러_194,600|_벌크_187,890|중고_189,990","_벌크 + 쿨러_193,080|_벌크_187,890|중고_189,990","_벌크 + 쿨러_194,600|_벌크_187,890|중고_189,990","_벌크 + 쿨러_191,610|_벌크_184,620|중고_189,990","_벌크 + 쿨러_194,600|_벌크_187,890|중고_189,990","_벌크 + 쿨러_193,080|_벌크_186,380|중고_189,990","_벌크 + 쿨러_194,600|_벌크_187,890|중고_189,990","_벌크 + 쿨러_194,600|_벌크_187,890|중고_189,990","_벌크 + 쿨러_194,600|_벌크_187,890|중고_189,990","_벌크 + 쿨러_194,600|_벌크_187,890|중고_189,990","_벌크 + 쿨러_194,600|_벌크_187,890|중고_190,000","_벌크 + 쿨러_194,600|_벌크_187,890|중고_190,000","_벌크 + 쿨러_194,600|_벌크_187,890|중고_190,000","_벌크 + 쿨러_194,600|_벌크_187,890|중고_190,000","_벌크 + 쿨러_194,600|_벌크_187,890|중고_190,000","_벌크 + 쿨러_194,600|_벌크_187,890|중고_190,000","_벌크 + 쿨러_194,600|_벌크_187,890|중고_190,000"
11481858,인텔 코어i5-10세대 10600K (코멧레이크S),"_벌크 + 쿨러_225,790|_벌크_219,050|해외구매_264,390|중고_202,480","_벌크 + 쿨러_225,790|_벌크_219,050|해외구매_264,390|중고_202,480","_벌크 + 쿨러_225,790|_벌크_219,050|해외구매_264,390|중고_202,480","_벌크 + 쿨러_223,860|_벌크_216,880|해외구매_264,390|중고_202,480","_벌크 + 쿨러_225,790|_벌크_219,050|해외구매_264,390|중고_202,480","_벌크 + 쿨러_225,790|_벌크_217,270|해외구매_264,390|중고_202,480","_벌크 + 쿨러_225,790|_벌크_219,050|해외구매_264,390|중고_202,480","_벌크 + 쿨러_225,790|_벌크_219,050|해외구매_253,830|중고_202,480","_벌크 + 쿨러_225,790|_벌크_219,050|해외구매_253,830|중고_202,480","_벌크 + 쿨러_225,790|_벌크_219,050|해외구매_253,830|중고_202,480","_벌크 + 쿨러_225,790|_벌크_219,050|해외구매_259,120|중고_202,480","_벌크 + 쿨러_225,790|_벌크_219,050|해외구매_259,120|중고_202,480","_벌크 + 쿨러_225,790|_벌크_219,050|해외구매_259,120|중고_202,480","_벌크 + 쿨러_225,790|_벌크_219,050|해외구매_259,120|중고_202,480","_벌크 + 쿨러_225,790|_벌크_219,050|해외구매_259,120|중고_202,480","_벌크 + 쿨러_225,790|_벌크_219,050|해외구매_259,120|중고_202,480","_벌크 + 쿨러_225,790|_벌크_219,050|해외구매_259,120|중고_202,480"
12110750,인텔 코어i5-10세대 10600KF (코멧레이크S),"벌크 + 쿨러_169,710|_벌크_163,380|_해외구매_147,180","벌크 + 쿨러_169,710|_벌크_163,380|_해외구매_147,180","벌크 + 쿨러_169,710|_벌크_163,380|_해외구매_145,580","벌크 + 쿨러_169,710|_벌크_163,380|_해외구매_145,580","_벌크 + 쿨러_169,710|벌크_163,380|_해외구매_145,400","_벌크 + 쿨러_169,710|벌크_163,380|_해외구매_145,400","_벌크 + 쿨러_169,710|벌크_163,380|_해외구매_145,400","_벌크 + 쿨러_169,710|벌크_163,380|_해외구매_145,400","_벌크 + 쿨러_169,710|벌크_163,380|_해외구매_145,400","_벌크 + 쿨러_169,710|벌크_163,380|_해외구매_145,400","_벌크 + 쿨러_169,710|벌크_163,380|_해외구매_145,400","_벌크 + 쿨러_169,710|벌크_163,380|_해외구매_145,400","벌크 + 쿨러_169,710|_벌크_163,380|_해외구매_145,400","벌크 + 쿨러_169,710|_벌크_163,380|_해외구매_145,400","벌크 + 쿨러_169,710|_벌크_163,380|_해외구매_145,400","벌크 + 쿨러_169,710|_벌크_163,380|_해외구매_145,400","벌크 + 쿨러_169,710|_벌크_163,380|_해외구매_145,400"
13809185,인텔 코어i5-11세대 11400 (로켓레이크S),"_벌크_211,270|_해외구매_284,280|중고_237,660","_벌크_211,270|_해외구매_284,280|중고_237,660","_벌크_211,270|_해외구매_284,280|중고_237,660","_벌크_211,270|_해외구매_284,280|중고_237,660","_벌크_211,270|_해외구매_284,280|중고_237,660","_벌크_211,270|_해외구매_284,280|중고_237,660","_벌크_211,270|_해외구매_284,280|중고_237,660","_벌크_211,270|_해외구매_284,280|중고_237,660","_벌크_211,270|_해외구매_284,280|중고_237,660","_벌크_211,270|_해외구매_284,280|중고_237,660","_벌크_211,270|_해외구매_284,280|중고_237,660","_벌크_211,270|_해외구매_284,280|중고_237,660","_벌크_211,270|_해외구매_284,280|중고_237,660","_벌크_211,270|_해외구매_284,280|중고_237,660","_벌크_211,270|해외구매_284,280|_중고_237,660","_벌크_211,270|해외구매_284,280|_중고_237,660","_벌크_211,270|해외구매_284,280|_중고_237,660"
13824374,인텔 코어i5-11세대 11400F (로켓레이크S),"벌크_456,200|_중고_186,970|_해외구매_180,480","벌크_456,180|_중고_186,970|_해외구매_180,480","벌크_456,090|_중고_186,970|_해외구매_180,480","벌크_456,060|_중고_186,970|_해외구매_180,480","벌크_456,060|_중고_186,970|_해외구매_180,480","벌크_456,070|_중고_186,970|_해외구매_180,480","벌크_459,990|_중고_186,970|_해외구매_180,480","벌크_459,990|_중고_186,970|_해외구매_180,480","벌크_459,990|_중고_183,210|_해외구매_186,870","벌크_459,990|_중고_183,210|_해외구매_186,870","벌크_458,990|_중고_187,110|_해외구매_186,870","벌크_464,990|_중고_187,110|_해외구매_186,870","벌크_464,990|_중고_187,110|_해외구매_186,870","벌크_458,990|_중고_187,110|_해외구매_186,870","벌크_458,990|_중고_187,110|_해외구매_186,870","벌크_455,990|_중고_187,110|_해외구매_186,870","벌크_455,990|_중고_187,110|_해외구매_185,580"
13809269,인텔 코어i5-11세대 11500 (로켓레이크S),"벌크_225,000","벌크_225,000","벌크_225,000","벌크_224,700","벌크_224,700","벌크_224,700","벌크_224,690","벌크_224,690","벌크_224,690","벌크_224,690","벌크_224,690","벌크_224,690","벌크_224,690","벌크_224,690","벌크_225,000","벌크_225,000","벌크_225,000"
13619939,인텔 코어i5-11세대 11600K (로켓레이크S),"_정품_500,000|벌크_485,000|_해외구매_219,800","_정품_500,000|벌크_485,000|_해외구매_219,800","_정품_500,000|벌크_485,000|_해외구매_219,800","_정품_500,000|벌크_485,000|_해외구매_219,800","_정품_500,000|벌크_485,000|_해외구매_219,800","_정품_500,000|벌크_485,000|_해외구매_219,800","_정품_500,000|벌크_485,000|_해외구매_219,800",0,0,0,0,0,0,0,0,0,0
13809710,인텔 코어i5-11세대 11600K (로켓레이크S),0,0,0,0,0,0,0,"_벌크_485,000|_해외구매_219,800","_벌크_485,000|_해외구매_219,800","_벌크_485,000|_해외구매_212,400","_벌크_485,000|_해외구매_212,400","_벌크_485,000|_해외구매_212,400","_벌크_485,000|_해외구매_212,400","_벌크_485,000|_해외구매_212,400","_벌크_485,000|_해외구매_212,400","_벌크_485,000|_해외구매_212,400","_벌크_485,000|_해외구매_212,400"
14096219,인텔 코어i5-11세대 11600KF (로켓레이크S),"해외구매_229,510","해외구매_229,510","해외구매_229,510","해외구매_229,510","해외구매_229,510","해외구매_229,510","해외구매_229,510","해외구매_229,510","해외구매_229,510","해외구매_229,510","해외구매_229,510","해외구매_229,510",0,0,0,0,"해외구매_229,510"
16101326,인텔 코어i5-12세대 12400 (엘더레이크),"_정품_292,770|벌크 + 쿨러_258,960|_벌크_245,950|해외구매_274,520","_정품_292,770|벌크 + 쿨러_258,950|_벌크_245,940|해외구매_274,520","_정품_292,770|벌크 + 쿨러_258,950|_벌크_245,860|해외구매_271,900","_정품_292,770|벌크 + 쿨러_256,670|_벌크_244,830|해외구매_271,900","_정품_292,770|벌크 + 쿨러_256,570|_벌크_244,730|해외구매_271,610","_정품_292,770|벌크 + 쿨러_256,550|_벌크_244,720|해외구매_271,610","_정품_292,770|벌크 + 쿨러_256,460|_벌크_244,620|해외구매_271,610","_정품_292,770|벌크 + 쿨러_256,430|_벌크_244,600|해외구매_271,610","_정품_292,770|벌크 + 쿨러_256,340|_벌크_238,935|해외구매_271,610","_정품_292,770|벌크 + 쿨러_255,290|_벌크_238,935|해외구매_271,610","_정품_292,770|벌크 + 쿨러_255,280|_벌크_238,620|해외구매_271,610","_정품_292,770|벌크 + 쿨러_255,250|_벌크_238,620|해외구매_294,490","_정품_292,770|벌크 + 쿨러_251,750|_벌크_236,540|해외구매_294,490","_정품_292,770|벌크 + 쿨러_251,730|_벌크_235,760|해외구매_294,490","_정품_292,770|벌크 + 쿨러_251,650|_벌크_235,760|해외구매_294,490","_정품_292,770|벌크 + 쿨러_251,610|_벌크_235,760|해외구매_294,490","_정품_292,770|벌크 + 쿨러_251,610|_벌크_235,730|해외구매_294,490"
16101353,인텔 코어i5-12세대 12400F (엘더레이크),"_정품_195,000|_벌크 + 쿨러_197,330|벌크_185,710|해외구매_196,460","_정품_195,000|_벌크 + 쿨러_197,330|벌크_185,710|해외구매_196,460","_정품_195,000|_벌크 + 쿨러_197,330|벌크_185,710|해외구매_196,460","_정품_195,000|_벌크 + 쿨러_193,220|벌크_182,460|해외구매_196,460","_정품_193,000|_벌크 + 쿨러_193,210|벌크_182,450|해외구매_196,460","_정품_193,000|_벌크 + 쿨러_197,330|벌크_185,710|해외구매_196,460","_정품_193,000|_벌크 + 쿨러_197,330|벌크_185,710|해외구매_196,460","_정품_193,000|_벌크 + 쿨러_197,330|벌크_185,710|해외구매_196,460","_정품_195,000|_벌크 + 쿨러_196,200|벌크_177,766|해외구매_196,460","_정품_195,000|_벌크 + 쿨러_196,200|벌크_177,766|해외구매_196,460","_정품_195,000|_벌크 + 쿨러_195,070|벌크_177,760|해외구매_196,460","_정품_195,000||_벌크_181,020|해외구매_196,460","_정품_195,000||_벌크_179,980|해외구매_196,460","_정품_195,000||_벌크_179,980|해외구매_196,460","_정품_195,000||_벌크_179,980|해외구매_196,460","_정품_195,000||_벌크_179,980|해외구매_196,460","_정품_195,000||_벌크_179,980|해외구매_196,460"
16232900,인텔 코어i5-12세대 12500 (엘더레이크),"_벌크 + 쿨러_384,740|_벌크_372,800|해외구매_374,190","_벌크 + 쿨러_384,740|_벌크_372,800|해외구매_374,190","_벌크 + 쿨러_384,740|_벌크_372,800|해외구매_374,100","_벌크 + 쿨러_384,740|_벌크_372,800|해외구매_374,070","_벌크 + 쿨러_384,740|_벌크_372,800|해외구매_374,070","_벌크 + 쿨러_384,740|_벌크_372,800|해외구매_374,070","벌크 + 쿨러_384,740|_벌크_372,800|_해외구매_373,970","벌크 + 쿨러_384,740|_벌크_372,800|_해외구매_373,950","벌크 + 쿨러_384,740|_벌크_372,800|_해외구매_373,950","벌크 + 쿨러_384,740|_벌크_372,800|_해외구매_373,950","_벌크 + 쿨러_384,740|_벌크_372,800|해외구매_373,850","_벌크 + 쿨러_384,740|_벌크_372,800|해외구매_373,830","_벌크 + 쿨러_384,740|_벌크_372,800|해외구매_373,830","_벌크 + 쿨러_384,740|_벌크_372,800|해외구매_373,830","_벌크 + 쿨러_384,740|_벌크_372,800|해외구매_373,750","_벌크 + 쿨러_384,740|_벌크_372,800|해외구매_373,710","_벌크 + 쿨러_384,740|_벌크_372,800|해외구매_373,710"
16393835,인텔 코어i5-12세대 12500T (엘더레이크),"벌크_377,990","벌크_377,990","벌크_377,990","벌크_377,990",0,0,0,0,"벌크_377,990","벌크_377,990",0,0,0,0,0,0,0
16156169,인텔 코어i5-12세대 12600 (엘더레이크),"벌크_300,000","벌크_300,000","벌크_300,000","벌크_300,000","벌크_300,000","벌크_300,000","벌크_300,000","벌크_300,000","벌크_300,000","벌크_300,000","벌크_300,000","벌크_300,000","벌크_300,000","벌크_300,000","벌크_300,000","벌크_300,000","벌크_300,000"
15752510,인텔 코어i5-12세대 12600K (엘더레이크),"_벌크 + 쿨러_14,320|_벌크_330,000|해외구매_387,190","_벌크 + 쿨러_14,320|_벌크_330,000|해외구매_387,190","_벌크 + 쿨러_14,320|_벌크_330,000|해외구매_387,190","_벌크 + 쿨러_14,320|_벌크_330,000|해외구매_387,190","_벌크 + 쿨러_14,320|_벌크_330,000|해외구매_387,190","_벌크 + 쿨러_14,840|_벌크_330,000|해외구매_387,190","_벌크 + 쿨러_17,120|_벌크_330,000|해외구매_387,190","_벌크 + 쿨러_17,120|_벌크_330,000|해외구매_387,190","_벌크 + 쿨러_17,120|_벌크_330,000|해외구매_387,190","_벌크 + 쿨러_17,120|_벌크_330,000|해외구매_387,190","_벌크 + 쿨러_17,120|_벌크_330,000|해외구매_387,190","_벌크 + 쿨러_576,000|_벌크_330,000|해외구매_387,190","_벌크 + 쿨러_576,000|_벌크_330,000|해외구매_387,190","_벌크 + 쿨러_576,000|_벌크_330,000|해외구매_387,190","_벌크 + 쿨러_576,000|_벌크_330,000|해외구매_387,190","_벌크 + 쿨러_576,000|_벌크_330,000|해외구매_387,190","_벌크 + 쿨러_576,000|_벌크_330,000|해외구매_387,190"
15752597,인텔 코어i5-12세대 12600KF (엘더레이크),"_벌크 + 쿨러_293,070|_벌크_280,160|해외구매_282,730","_벌크 + 쿨러_293,060|_벌크_280,150|해외구매_282,730","_벌크 + 쿨러_293,060|_벌크_280,150|해외구매_282,640","_벌크 + 쿨러_292,140|_벌크_280,160|해외구매_282,610","_벌크 + 쿨러_292,050|_벌크_280,050|해외구매_282,610","_벌크 + 쿨러_292,030|_벌크_280,030|해외구매_282,610","_벌크 + 쿨러_292,030|_벌크_280,030|해외구매_282,510","_벌크 + 쿨러_292,030|_벌크_280,030|해외구매_282,490","_벌크 + 쿨러_291,930|_벌크_279,930|해외구매_282,490","_벌크 + 쿨러_291,910|_벌크_279,910|해외구매_282,490","_벌크 + 쿨러_291,900|_벌크_277,750|해외구매_282,390","_벌크 + 쿨러_291,890|_벌크_277,750|해외구매_282,370","_벌크 + 쿨러_291,880|_벌크_277,750|해외구매_282,370","_벌크 + 쿨러_291,870|_벌크_277,750|해외구매_282,370","_벌크 + 쿨러_291,870|_벌크_277,750|해외구매_282,290","_벌크 + 쿨러_291,870|_벌크_277,750|해외구매_282,250","_벌크 + 쿨러_291,790|_벌크_277,750|해외구매_282,250"
18640286,인텔 코어i5-13세대 13400 (랩터레이크),"_정품_352,590|_벌크 + 쿨러_269,520|벌크_257,750|중고 + 쿨러_265,890|해외구매_501,940","_정품_352,590|_벌크 + 쿨러_269,520|벌크_257,750|중고 + 쿨러_265,850|해외구매_501,940","_정품_352,590|_벌크 + 쿨러_269,520|벌크_257,750|중고 + 쿨러_265,850|해외구매_501,940","_정품_352,590|_벌크 + 쿨러_269,140|벌크_257,750|중고 + 쿨러_265,850|해외구매_501,940","_정품_352,590|_벌크 + 쿨러_269,050|벌크_257,750|중고 + 쿨러_265,750|해외구매_501,940","_정품_352,590|_벌크 + 쿨러_269,040|벌크_257,750|중고 + 쿨러_264,000|해외구매_501,940","_정품_352,590|_벌크 + 쿨러_269,040|벌크_257,750|중고 + 쿨러_264,000|해외구매_501,940","_정품_352,590|_벌크 + 쿨러_269,040|벌크_257,750|중고 + 쿨러_264,000|해외구매_501,940","_정품_352,590|_벌크 + 쿨러_278,090|벌크_258,900|중고 + 쿨러_263,990|해외구매_501,940","_정품_352,590|_벌크 + 쿨러_278,080|벌크_258,900|중고 + 쿨러_263,990|해외구매_501,940","_정품_352,590|벌크 + 쿨러_268,490|_벌크_255,390|중고 + 쿨러_263,990|해외구매_501,940","_정품_352,590|벌크 + 쿨러_268,490|_벌크_255,370|중고 + 쿨러_263,990|해외구매_501,940","_정품_352,590|벌크 + 쿨러_263,810|_벌크_249,070|중고 + 쿨러_263,990|해외구매_501,940","_정품_352,590|벌크 + 쿨러_263,810|_벌크_249,070|중고 + 쿨러_263,990|해외구매_501,940","_정품_352,590|벌크 + 쿨러_263,810|_벌크_249,070|중고 + 쿨러_263,990|해외구매_501,940","_정품_352,590|벌크 + 쿨러_263,810|_벌크_249,070|중고 + 쿨러_263,990|해외구매_501,940","_정품_352,590|벌크 + 쿨러_263,810|_벌크_249,070|중고 + 쿨러_263,990|해외구매_501,940"
18702827,인텔 코어i5-13세대 13400F (랩터레이크),"_벌크 + 쿨러_221,980|_벌크_210,570|해외구매_230,000","_벌크 + 쿨러_221,950|_벌크_210,570|해외구매_230,000","_벌크 + 쿨러_221,950|_벌크_210,570|해외구매_230,000","_벌크 + 쿨러_220,630|_벌크_207,190|해외구매_230,000","_벌크 + 쿨러_220,540|_벌크_207,180|해외구매_230,000","_벌크 + 쿨러_220,530|_벌크_210,570|해외구매_230,000","_벌크 + 쿨러_221,530|_벌크_210,570|해외구매_230,000","_벌크 + 쿨러_221,530|_벌크_210,570|해외구매_230,000","_벌크 + 쿨러_218,960|_벌크_208,500|해외구매_234,400","_벌크 + 쿨러_218,960|_벌크_208,500|해외구매_223,700","_벌크 + 쿨러_218,950|_벌크_208,490|해외구매_221,300","_벌크 + 쿨러_218,950|_벌크_208,490|해외구매_221,300","_벌크 + 쿨러_218,950|_벌크_207,450|해외구매_221,300","_벌크 + 쿨러_218,950|_벌크_207,440|해외구매_221,300","_벌크 + 쿨러_218,950|_벌크_207,440|해외구매_221,300","_벌크 + 쿨러_218,950|_벌크_207,440|해외구매_221,300","_벌크 + 쿨러_218,950|_벌크_207,440|해외구매_221,300"
18640319,인텔 코어i5-13세대 13500 (랩터레이크),"_정품_385,080|벌크 + 쿨러_352,050|_벌크_340,830|해외구매_476,910","_정품_385,080|벌크 + 쿨러_352,050|_벌크_340,820|해외구매_476,910","_정품_385,080|벌크 + 쿨러_352,050|_벌크_340,820|해외구매_476,910","_정품_385,080|벌크 + 쿨러_352,050|_벌크_340,820|해외구매_476,910","_정품_385,080|벌크 + 쿨러_352,050|_벌크_340,720|해외구매_476,910","_정품_385,080|벌크 + 쿨러_352,050|_벌크_340,700|해외구매_476,910","_정품_385,080|벌크 + 쿨러_352,050|_벌크_340,700|해외구매_476,910","_정품_385,080|벌크 + 쿨러_352,050|_벌크_340,690|해외구매_476,910","_정품_396,900|벌크 + 쿨러_352,040|_벌크_340,650|해외구매_476,910","_정품_396,900|벌크 + 쿨러_352,040|_벌크_340,640|해외구매_476,910","_정품_396,900|벌크 + 쿨러_352,040|_벌크_340,620|해외구매_476,910","_정품_396,900|_벌크 + 쿨러_352,040|벌크_340,590|해외구매_476,910","_정품_396,900|_벌크 + 쿨러_352,040|벌크_340,580|해외구매_476,910","_정품_396,900|_벌크 + 쿨러_352,040|벌크_340,580|해외구매_476,910","_정품_396,900|_벌크 + 쿨러_352,040|벌크_340,500|해외구매_476,910","_정품_396,900|_벌크 + 쿨러_352,040|벌크_340,460|해외구매_476,910","_정품_396,900|_벌크 + 쿨러_352,040|벌크_340,460|해외구매_476,910"
103125350,인텔 코어i5-13세대 13600 (랩터레이크),"_벌크_359,900|_벌크+쿨러_370,510","_벌크_359,900|_벌크+쿨러_370,470","_벌크_359,900|_벌크+쿨러_370,470","_벌크_359,900|_벌크+쿨러_370,470","_벌크_359,900|_벌크+쿨러_370,390","_벌크_359,900|_벌크+쿨러_370,380","_벌크_359,900|_벌크+쿨러_371,670","_벌크_359,900|_벌크+쿨러_371,670","_벌크_359,900|_벌크+쿨러_371,670","_벌크_359,900|_벌크+쿨러_371,670","_벌크_359,900|_벌크+쿨러_371,670","_벌크_359,900|_벌크+쿨러_375,710","_벌크_359,900|_벌크+쿨러_375,710","_벌크_359,900|_벌크+쿨러_375,710","_벌크_359,900|_벌크+쿨러_375,710","_벌크_359,900|_벌크+쿨러_375,710","_벌크_359,900|_벌크+쿨러_375,710"
18169127,인텔 코어i5-13세대 13600K (랩터레이크),"_벌크 + 쿨러_384,280|_벌크_370,550|해외구매_648,290","_벌크 + 쿨러_384,270|_벌크_370,520|해외구매_648,290","_벌크 + 쿨러_384,270|_벌크_370,520|해외구매_648,290","_벌크 + 쿨러_384,270|_벌크_370,510|해외구매_648,290","_벌크 + 쿨러_384,170|_벌크_370,510|해외구매_648,290","_벌크 + 쿨러_384,150|_벌크_370,510|해외구매_648,290","_벌크 + 쿨러_384,150|_벌크_370,410|해외구매_646,470","_벌크 + 쿨러_384,150|_벌크_370,390|해외구매_646,470","_벌크 + 쿨러_384,110|_벌크_370,390|해외구매_646,470","_벌크 + 쿨러_384,110|_벌크_370,390|해외구매_646,470","_벌크 + 쿨러_384,050|_벌크_372,790|해외구매_646,470","_벌크 + 쿨러_384,050|_벌크_372,790|해외구매_646,470","_벌크 + 쿨러_385,230|_벌크_372,790|해외구매_646,470","_벌크 + 쿨러_385,230|_벌크_372,790|해외구매_646,470","_벌크 + 쿨러_385,230|_벌크_372,790|해외구매_646,470","_벌크 + 쿨러_385,230|_벌크_372,790|해외구매_646,470","_벌크 + 쿨러_385,230|_벌크_372,790|해외구매_646,470"
18169253,인텔 코어i5-13세대 13600KF (랩터레이크),"_벌크 + 쿨러_410,520|_벌크_358,200|해외구매_399,880","_벌크 + 쿨러_410,520|_벌크_358,200|해외구매_399,880","_벌크 + 쿨러_410,520|_벌크_358,200|해외구매_399,880","_벌크 + 쿨러_410,520|_벌크_358,200|해외구매_399,880","_벌크 + 쿨러_410,520|_벌크_358,200|해외구매_399,880","_벌크 + 쿨러_410,520|_벌크_358,200|해외구매_399,880","_벌크 + 쿨러_410,520|_벌크_358,200|해외구매_399,880","_벌크 + 쿨러_410,520|_벌크_358,200|해외구매_399,880","_벌크 + 쿨러_410,520|_벌크_358,200|해외구매_399,880","_벌크 + 쿨러_410,520|_벌크_358,200|해외구매_399,880","_벌크 + 쿨러_410,520|_벌크_358,200|해외구매_399,880","_벌크 + 쿨러_410,520|_벌크_358,200|해외구매_399,880","_벌크 + 쿨러_410,520|_벌크_358,200|해외구매_399,880","_벌크 + 쿨러_410,520|_벌크_358,200|해외구매_399,880","_벌크 + 쿨러_410,520|_벌크_358,200|해외구매_399,880","_벌크 + 쿨러_410,520|_벌크_358,200|해외구매_399,880","_벌크 + 쿨러_410,520|_벌크_358,200|해외구매_399,880"
32102876,인텔 코어i5-14세대 14400 (랩터레이크 리프레시),"_정품_335,800|벌크 + 쿨러_257,790|_벌크_246,110|해외구매_358,500","_정품_335,800|벌크 + 쿨러_257,790|_벌크_246,110|해외구매_358,500","_정품_335,800|벌크 + 쿨러_257,790|_벌크_244,450|해외구매_358,500","_정품_335,800|벌크 + 쿨러_256,110|_벌크_244,430|해외구매_358,500","_정품_335,800|벌크 + 쿨러_256,020|_벌크_244,330|해외구매_358,500","_정품_335,800|벌크 + 쿨러_255,990|_벌크_244,310|해외구매_358,500","_정품_337,460|벌크 + 쿨러_255,900|_벌크_242,370|해외구매_358,500","_정품_337,460|벌크 + 쿨러_255,870|_벌크_242,370|해외구매_358,500","_정품_337,460|벌크 + 쿨러_254,750|_벌크_242,370|해외구매_358,500","_정품_337,460|벌크 + 쿨러_254,740|_벌크_242,370|해외구매_358,500","_정품_337,460|벌크 + 쿨러_252,130|_벌크_240,560|해외구매_358,500","_정품_337,460|벌크 + 쿨러_252,110|_벌크_240,540|해외구매_358,500","_정품_337,460|벌크 + 쿨러_251,030|_벌크_236,910|해외구매_358,500","_정품_337,460|벌크 + 쿨러_251,010|_벌크_236,910|해외구매_358,500","_정품_337,460|벌크 + 쿨러_251,010|_벌크_236,910|해외구매_358,500","_정품_337,460|벌크 + 쿨러_251,010|_벌크_236,910|해외구매_358,500","_정품_337,460|벌크 + 쿨러_251,010|_벌크_236,910|해외구매_358,500"
32038580,인텔 코어i5-14세대 14400 (랩터레이크 리프레시),"_정품_335,800|벌크 + 쿨러_257,790|_벌크_246,110|해외구매_358,500","_정품_335,800|벌크 + 쿨러_257,790|_벌크_246,110|해외구매_358,500","_정품_335,800|벌크 + 쿨러_257,790|_벌크_244,450|해외구매_358,500","_정품_335,800|벌크 + 쿨러_256,110|_벌크_244,430|해외구매_358,500","_정품_335,800|벌크 + 쿨러_256,020|_벌크_244,330|해외구매_358,500","_정품_335,800|벌크 + 쿨러_255,990|_벌크_244,310|해외구매_358,500","_정품_337,460|벌크 + 쿨러_255,900|_벌크_242,370|해외구매_358,500","_정품_337,460|벌크 + 쿨러_255,870|_벌크_242,370|해외구매_358,500","_정품_337,460|벌크 + 쿨러_254,750|_벌크_242,370|해외구매_358,500","_정품_337,460|벌크 + 쿨러_254,740|_벌크_242,370|해외구매_358,500","_정품_337,460|벌크 + 쿨러_252,130|_벌크_240,560|해외구매_358,500","_정품_337,460|벌크 + 쿨러_252,110|_벌크_240,540|해외구매_358,500","_정품_337,460|벌크 + 쿨러_251,030|_벌크_236,910|해외구매_358,500","_정품_337,460|벌크 + 쿨러_251,010|_벌크_236,910|해외구매_358,500","_정품_337,460|벌크 + 쿨러_251,010|_벌크_236,910|해외구매_358,500","_정품_337,460|벌크 + 쿨러_251,010|_벌크_236,910|해외구매_358,500","_정품_337,460|벌크 + 쿨러_251,010|_벌크_236,910|해외구매_358,500"
32102786,인텔 코어i5-14세대 14400F (랩터레이크 리프레시),"_밸류팩 정품_241,590|정품_250,100||_벌크_206,970|해외구매_255,770","_밸류팩 정품_241,590|정품_250,100||_벌크_206,970|해외구매_255,770","_밸류팩 정품_241,590|정품_250,100||_벌크_206,970|해외구매_255,770","_밸류팩 정품_241,590|정품_249,130||_벌크_203,980|해외구매_255,770","_밸류팩 정품_241,590|정품_249,100||_벌크_206,600|해외구매_255,770","_밸류팩 정품_241,590|정품_249,100||_벌크_206,600|해외구매_255,770","_밸류팩 정품_241,590|정품_249,100||_벌크_206,600|해외구매_255,770","_밸류팩 정품_241,590|정품_249,100||_벌크_206,600|해외구매_255,770","_밸류팩 정품_238,935|정품_243,723||_벌크_200,638|해외구매_255,770","_밸류팩 정품_238,935|정품_243,723||_벌크_200,638|해외구매_255,770","_밸류팩 정품_238,930|정품_249,040||_벌크_200,630|해외구매_255,770","_밸류팩 정품_241,100|정품_249,030||_벌크_204,500|해외구매_255,770","_밸류팩 정품_241,100|정품_249,030||_벌크_203,000|해외구매_255,770","_밸류팩 정품_241,090|정품_249,030||_벌크_202,990|해외구매_255,770","_밸류팩 정품_241,090|정품_249,030||_벌크_202,990|해외구매_255,770","_밸류팩 정품_241,090|정품_249,030||_벌크_202,990|해외구매_255,770","_밸류팩 정품_241,090|정품_249,030||_벌크_202,990|해외구매_255,770"
76555634,인텔 코어i5-14세대 14400F (랩터레이크 리프레시),"_밸류팩 정품_241,590|정품_250,100||_벌크_206,970|해외구매_255,770","_밸류팩 정품_241,590|정품_250,100||_벌크_206,970|해외구매_255,770","_밸류팩 정품_241,590|정품_250,100||_벌크_206,970|해외구매_255,770","_밸류팩 정품_241,590|정품_249,130||_벌크_203,980|해외구매_255,770","_밸류팩 정품_241,590|정품_249,100||_벌크_206,600|해외구매_255,770","_밸류팩 정품_241,590|정품_249,100||_벌크_206,600|해외구매_255,770","_밸류팩 정품_241,590|정품_249,100||_벌크_206,600|해외구매_255,770","_밸류팩 정품_241,590|정품_249,100||_벌크_206,600|해외구매_255,770","_밸류팩 정품_238,935|정품_243,723||_벌크_200,638|해외구매_255,770","_밸류팩 정품_238,935|정품_243,723||_벌크_200,638|해외구매_255,770","_밸류팩 정품_238,930|정품_249,040||_벌크_200,630|해외구매_255,770","_밸류팩 정품_241,100|정품_249,030||_벌크_204,500|해외구매_255,770","_밸류팩 정품_241,100|정품_249,030||_벌크_203,000|해외구매_255,770","_밸류팩 정품_241,090|정품_249,030||_벌크_202,990|해외구매_255,770","_밸류팩 정품_241,090|정품_249,030||_벌크_202,990|해외구매_255,770","_밸류팩 정품_241,090|정품_249,030||_벌크_202,990|해외구매_255,770","_밸류팩 정품_241,090|정품_249,030||_벌크_202,990|해외구매_255,770"
32102927,인텔 코어i5-14세대 14500 (랩터레이크 리프레시),"_정품_480,000|_벌크_386,590|해외구매_410,800","_정품_480,000|_벌크_386,590|해외구매_410,800","_정품_480,000|_벌크_387,310|해외구매_410,800","_정품_480,000|_벌크_387,310|해외구매_410,800","_정품_480,000|_벌크_387,310|해외구매_410,800","_정품_480,000|_벌크_387,310|해외구매_410,800","_정품_480,000|_벌크_387,310|해외구매_410,800","_정품_480,000|_벌크_387,310|해외구매_410,800","_정품_480,000|_벌크_388,980|해외구매_410,800","_정품_480,000|_벌크_388,980|해외구매_410,800","_정품_480,000|_벌크_386,490|해외구매_410,800","_정품_480,000|_벌크_388,980|해외구매_410,800","_정품_480,000|_벌크_388,980|해외구매_410,800","_정품_464,500|_벌크_387,960|해외구매_410,800","_정품_479,990|_벌크_387,960|해외구매_410,800","_정품_479,990|_벌크_387,960|해외구매_410,800","_정품_479,990|_벌크_387,960|해외구매_410,800"
32038256,인텔 코어i5-14세대 14500 (랩터레이크 리프레시),"_정품_480,000|_벌크_386,590|해외구매_410,800","_정품_480,000|_벌크_386,590|해외구매_410,800","_정품_480,000|_벌크_387,310|해외구매_410,800","_정품_480,000|_벌크_387,310|해외구매_410,800","_정품_480,000|_벌크_387,310|해외구매_410,800","_정품_480,000|_벌크_387,310|해외구매_410,800","_정품_480,000|_벌크_387,310|해외구매_410,800","_정품_480,000|_벌크_387,310|해외구매_410,800","_정품_480,000|_벌크_388,980|해외구매_410,800","_정품_480,000|_벌크_388,980|해외구매_410,800","_정품_480,000|_벌크_386,490|해외구매_410,800","_정품_480,000|_벌크_388,980|해외구매_410,800","_정품_480,000|_벌크_388,980|해외구매_410,800","_정품_464,500|_벌크_387,960|해외구매_410,800","_정품_479,990|_벌크_387,960|해외구매_410,800","_정품_479,990|_벌크_387,960|해외구매_410,800","_정품_479,990|_벌크_387,960|해외구매_410,800"
32463899,인텔 코어i5-14세대 14500T (랩터레이크 리프레시),"벌크_470,040","벌크_470,010","벌크_469,930","벌크_469,900","벌크_469,810","벌크_469,780","벌크_469,780","벌크_469,780","벌크_469,680","벌크_469,660","벌크_469,560","벌크_469,510","벌크_469,450","벌크_469,420","벌크_469,340","벌크_469,300","벌크_469,220"
28884308,인텔 코어i5-14세대 14600K (랩터레이크 리프레시),"_벌크_411,070|_해외구매_489,500","_벌크_411,040|_해외구매_489,500","_벌크_411,040|_해외구매_489,500","_벌크_411,040|_해외구매_489,500","_벌크_410,940|_해외구매_489,500","_벌크_410,930|_해외구매_489,500","_벌크_414,330|_해외구매_489,500","_벌크_414,330|_해외구매_489,500","_벌크_414,330|_해외구매_489,500","_벌크_414,330|_해외구매_493,400","_벌크_414,330|_해외구매_493,400","_벌크_414,330|_해외구매_493,400","_벌크_414,310|_해외구매_493,400",0,0,0,0
28799654,인텔 코어i5-14세대 14600K (랩터레이크 리프레시),0,0,0,0,0,0,0,0,0,0,0,0,0,"_정품_429,360|_벌크_414,290|해외구매_493,400","_정품_429,360|_벌크_414,290|해외구매_493,400","_정품_429,360|_벌크_414,290|해외구매_493,400","_정품_429,360|_벌크_414,290|해외구매_493,400"
76555685,인텔 코어i5-14세대 14600KF (랩터레이크 리프레시),"_밸류팩 정품_497,990|_정품_411,080|벌크_397,050|해외구매_315,720","_밸류팩 정품_497,990|_정품_411,080|벌크_397,050|해외구매_315,720","_밸류팩 정품_497,990|_정품_411,080|벌크_397,050|해외구매_315,720","_밸류팩 정품_497,990|_정품_411,080|벌크_397,050|해외구매_315,720","_밸류팩 정품_497,990|_정품_411,080|벌크_397,050|해외구매_315,720","_밸류팩 정품_497,990|_정품_411,080|벌크_397,050|해외구매_315,720","_밸류팩 정품_497,990|_정품_411,080|벌크_397,030|해외구매_315,720","_밸류팩 정품_497,990|_정품_411,080|벌크_397,030|해외구매_315,720","_밸류팩 정품_497,990|_정품_415,940|벌크_392,120|해외구매_315,720","_밸류팩 정품_497,990|_정품_415,910|벌크_392,120|해외구매_315,720","_밸류팩 정품_497,990|_정품_418,430|벌크_392,090|해외구매_315,720","_밸류팩 정품_497,990|_정품_418,440|벌크_392,070|해외구매_315,720","_밸류팩 정품_497,990|_정품_421,680|벌크_383,180|해외구매_315,720","_밸류팩 정품_497,990|_정품_421,670|벌크_374,770|해외구매_315,720","_밸류팩 정품_497,990|_정품_421,580|벌크_374,770|해외구매_315,720","_밸류팩 정품_497,990|_정품_421,540|벌크_380,360|해외구매_315,720","_밸류팩 정품_497,990|_정품_421,540|벌크_374,690|해외구매_315,720"
28884227,인텔 코어i5-14세대 14600KF (랩터레이크 리프레시),0,0,0,0,0,0,"_밸류팩 정품_497,990|_정품_411,080|벌크_397,030|해외구매_315,720",0,"_밸류팩 정품_497,990|_정품_415,940|벌크_392,120|해외구매_315,720","_밸류팩 정품_497,990|_정품_415,910|벌크_392,120|해외구매_315,720",0,0,"_밸류팩 정품_497,990|_정품_421,680|벌크_383,180|해외구매_315,720",0,0,0,0
4147079,인텔 코어i5-1세대 650 (클락데일),"중고_4,190","중고_4,390","중고_4,390","중고_4,390","중고_4,290","중고_4,270","중고_4,270","중고_4,270","중고_4,190","중고_4,390","중고_4,390","중고_4,360","중고_4,300","중고_4,270","중고_4,270","중고_4,270","중고_4,190"
1132682,인텔 코어i5-1세대 760 (린필드),"_벌크_3,310|_중고_3,280","_벌크_3,310|_중고_3,280","_벌크_3,310|_중고_3,280","_벌크_3,310|_중고_3,280","_벌크_3,310|_중고_3,280","_벌크_3,310|_중고_3,280","_벌크_3,310|_중고_3,280","_벌크_3,310|_중고_3,280","_벌크_3,310|_중고_3,280","_벌크_3,310|_중고_3,280","_벌크_3,310|_중고_3,280","_벌크_3,310|_중고_3,280","_벌크_3,310|_중고_3,280","_벌크_3,310|_중고_3,280","_벌크_3,310|_중고_3,280","_벌크_3,310|_중고_3,280","_벌크_3,310|_중고_3,280"
17575589,인텔 코어i5-2세대 2300 (샌디브릿지),"중고_10,810","중고_10,790","중고_10,790","중고_10,790","중고_10,790","중고_10,790","중고_10,500","중고_10,490","중고_10,490","중고_10,490","중고_10,490","중고_10,490","중고_10,490","중고_10,490","중고_10,490","중고_10,490","중고_10,490"
4504388,인텔 코어i5-2세대 2400 (샌디브릿지),"중고_9,990","중고_9,990","중고_9,990","중고_9,990","중고_9,990","중고_9,990","중고_9,990","중고_9,990","중고_9,990","중고_9,990","중고_9,990","중고_9,990","중고_9,990","중고_9,990","중고_9,990","중고_9,990","중고_9,990"
1290175,인텔 코어i5-2세대 2500 (샌디브릿지),"_벌크_12,500|_중고_12,600","_벌크_12,500|_중고_12,600","_벌크_12,500|_중고_12,600","_벌크_12,500|_중고_12,600","_벌크_12,500|_중고_12,600","_벌크_12,500|_중고_12,600","_벌크_12,500|_중고_12,600","_벌크_12,500|_중고_12,600","_벌크_12,500|_중고_12,600","_벌크_12,500|_중고_12,600","_벌크_12,500|_중고_11,250","_벌크_12,500|_중고_11,250","_벌크_12,500|_중고_11,250","_벌크_12,500|_중고_11,250","_벌크_12,500|_중고_11,250","_벌크_12,500|_중고_11,250","_벌크_11,800|_중고_11,250"
4144246,인텔 코어i5-2세대 2500K (샌디브릿지),"중고_13,080","중고_13,050","중고_13,050","중고_13,050","중고_13,050","중고_13,050","중고_13,330","중고_13,330","중고_13,330","중고_13,330","중고_13,330","중고_13,480","중고_13,480","중고_13,480","중고_13,480","중고_13,480","중고_13,480"
1783749,인텔 코어i5-3세대 3330 (아이비브릿지),"중고_12,800","중고_12,800","중고_12,800","중고_12,800","중고_12,800","중고_12,800","중고_12,800","중고_12,800","중고_12,800","중고_12,800","중고_12,800","중고_12,800","중고_12,800","중고_12,800","중고_12,800","중고_12,800","중고_12,800"
1725177,인텔 코어i5-3세대 3470 (아이비브릿지),"중고_13,990","중고_13,990","중고_13,990","중고_13,990","중고_13,990","중고_13,990","중고_13,990","중고_13,990","중고_13,990","중고_13,990","중고_13,990","중고_13,990","중고_13,990","중고_13,990","중고_13,990","중고_13,990","중고_13,990"
4274836,인텔 코어i5-3세대 3550 (아이비브릿지),"중고_17,350","중고_17,350","중고_17,350","중고_17,350","중고_17,350","중고_17,350","중고_17,350","중고_17,350","중고_17,350","중고_17,350","중고_17,360","중고_17,360","중고_17,360","중고_17,360","중고_17,360","중고_17,360","중고_17,360"
1720040,인텔 코어i5-3세대 3570 (아이비브릿지),"벌크 + 쿨러_20,460|_벌크_16,270|_중고_14,000","벌크 + 쿨러_20,460|_벌크_16,270|_중고_13,970","벌크 + 쿨러_20,460|_벌크_16,270|_중고_13,970","벌크 + 쿨러_20,460|_벌크_16,270|_중고_13,970","벌크 + 쿨러_20,460|_벌크_16,270|_중고_13,940","벌크 + 쿨러_20,460|_벌크_16,270|_중고_13,940","벌크 + 쿨러_20,460|_벌크_16,270|_중고_13,940","벌크 + 쿨러_20,460|_벌크_16,270|_중고_13,940","벌크 + 쿨러_20,460|_벌크_16,270|_중고_14,250","벌크 + 쿨러_20,460|_벌크_16,270|_중고_14,250","벌크 + 쿨러_20,460|_벌크_16,270|_중고_14,250","벌크 + 쿨러_20,460|_벌크_16,270|_중고_14,260","벌크 + 쿨러_20,460|_벌크_16,270|_중고_14,260","벌크 + 쿨러_20,460|_벌크_16,270|_중고_14,260","벌크 + 쿨러_20,460|_벌크_16,270|_중고_14,260","벌크 + 쿨러_20,460|_벌크_16,270|_중고_14,260","벌크 + 쿨러_20,460|_벌크_16,270|_중고_14,260"
6112513,인텔 코어i5-4세대 4430 (하스웰),"중고_21,700","중고_21,700","중고_21,700","중고_21,700","중고_21,700","중고_21,700","중고_21,700","중고_21,700","중고_21,700","중고_21,700","중고_21,700","중고_21,700","중고_21,700","중고_21,700","중고_21,700","중고_21,700","중고_21,700"
2216194,인텔 코어i5-4세대 4440 (하스웰),"_벌크_22,560|_중고_18,990","_벌크_22,560|_중고_18,990","_벌크_22,560|_중고_18,990","_벌크_22,560|_중고_18,990","_벌크_22,560|_중고_18,990","_벌크_22,560|_중고_18,990","_벌크_22,360|_중고_18,990","_벌크_22,360|_중고_18,990","_벌크_22,360|_중고_18,990","_벌크_22,360|_중고_18,990","_벌크_22,360|_중고_18,990","_벌크_22,360|_중고_18,990","_벌크_22,560|_중고_18,990","_벌크_22,560|_중고_18,990","_벌크_22,560|_중고_18,990","_벌크_22,560|_중고_18,990","_벌크_22,560|_중고_18,990"
2691725,인텔 코어i5-4세대 4460 (하스웰 리프레시),"_벌크_23,110|_중고_19,140","_벌크_23,110|_중고_19,140","_벌크_23,110|_중고_19,140","_벌크_23,110|_중고_19,140","_벌크_23,110|_중고_19,140","_벌크_23,110|_중고_19,140","_벌크_22,890|_중고_19,140","_벌크_22,890|_중고_19,140","_벌크_22,890|_중고_19,140","_벌크_22,890|_중고_19,140","_벌크_22,890|_중고_19,140","_벌크_22,890|_중고_19,140","_벌크_22,890|_중고_19,140","_벌크_22,890|_중고_19,140","_벌크_23,110|_중고_19,140","_벌크_23,110|_중고_20,000","_벌크_23,110|_중고_20,000"
2081215,인텔 코어i5-4세대 4570 (하스웰),"_벌크 + 쿨러_25,830|_중고_19,060","_벌크 + 쿨러_25,800|_중고_19,060","_벌크 + 쿨러_25,800|_중고_19,060","_벌크 + 쿨러_25,800|_중고_19,060","_벌크 + 쿨러_25,700|_중고_19,060","_벌크 + 쿨러_25,690|_중고_19,060","_벌크 + 쿨러_25,690|_중고_19,060","_벌크 + 쿨러_25,690|_중고_19,060","_벌크 + 쿨러_26,210|_중고_19,060","_벌크 + 쿨러_26,210|_중고_19,060","_벌크 + 쿨러_26,210|_중고_19,060","_벌크 + 쿨러_26,500|_중고_19,060","_벌크 + 쿨러_26,500|_중고_19,060","_벌크 + 쿨러_26,500|_중고_19,060","_벌크 + 쿨러_26,500|_중고_19,060","_벌크 + 쿨러_26,500|_중고_19,060","_벌크 + 쿨러_26,500|_중고_19,060"
2783216,인텔 코어i5-4세대 4590 (하스웰 리프레시),"_벌크 + 쿨러_26,270|벌크_24,210|_중고_20,660","_벌크 + 쿨러_26,240|벌크_24,210|_중고_20,660","_벌크 + 쿨러_26,160|벌크_24,210|_중고_20,570","_벌크 + 쿨러_26,130|벌크_24,210|_중고_20,540","_벌크 + 쿨러_26,130|벌크_24,210|_중고_20,540","_벌크 + 쿨러_26,140|벌크_24,210|_중고_20,550","_벌크 + 쿨러_26,220|벌크_23,990|_중고_20,790","_벌크 + 쿨러_26,220|벌크_23,990|_중고_20,790","_벌크 + 쿨러_26,220|벌크_23,990|_중고_20,790","_벌크 + 쿨러_26,620|벌크_23,990|_중고_20,790","_벌크 + 쿨러_26,500|벌크_23,990|_중고_20,790","_벌크 + 쿨러_26,510|벌크_23,990|_중고_20,790","_벌크 + 쿨러_26,510|벌크_23,990|_중고_20,790","_벌크 + 쿨러_26,510|벌크_23,990|_중고_20,790","_벌크 + 쿨러_26,500|벌크_23,990|_중고_20,790","_벌크 + 쿨러_26,500|벌크_23,990|_중고_20,790","_벌크 + 쿨러_26,500|벌크_23,990|_중고_20,790"
2081212,인텔 코어i5-4세대 4670 (하스웰),"벌크 + 쿨러_26,730|_벌크_23,490|_중고_22,210","벌크 + 쿨러_26,700|_벌크_23,490|_중고_22,180","벌크 + 쿨러_26,700|_벌크_23,490|_중고_22,180","벌크 + 쿨러_26,690|_벌크_23,490|_중고_22,170","벌크 + 쿨러_26,690|_벌크_23,490|_중고_22,170","벌크 + 쿨러_26,700|_벌크_23,490|_중고_22,180","벌크 + 쿨러_27,130|_벌크_23,490|_중고_22,310","벌크 + 쿨러_27,130|_벌크_23,490|_중고_22,310","벌크 + 쿨러_27,130|_벌크_23,490|_중고_22,310","벌크 + 쿨러_27,130|_벌크_23,440|_중고_22,310","벌크 + 쿨러_27,130|_벌크_23,440|_중고_22,310","벌크 + 쿨러_27,430|_벌크_23,490|_중고_22,550","벌크 + 쿨러_27,430|_벌크_23,490|_중고_22,550","벌크 + 쿨러_27,430|_벌크_23,490|_중고_22,550","벌크 + 쿨러_27,430|_벌크_23,490|_중고_22,550","벌크 + 쿨러_27,430|_벌크_23,490|_중고_22,550","벌크 + 쿨러_27,430|_벌크_23,490|_중고_22,550"
6112593,인텔 코어i5-4세대 4670K (하스웰),"중고_22,640","중고_22,610","중고_22,610","중고_22,610","중고_22,520","중고_22,500","중고_22,500","중고_22,500","중고_22,990","중고_22,990","중고_22,990","중고_23,240","중고_23,240","중고_23,240","중고_23,240","중고_23,240","중고_23,240"
2691212,인텔 코어i5-4세대 4690 (하스웰 리프레시),"벌크 + 쿨러_33,200|_벌크_26,970|_중고_27,130","벌크 + 쿨러_33,180|_벌크_26,970|_중고_27,130","벌크 + 쿨러_33,090|_벌크_26,970|_중고_27,130","벌크 + 쿨러_33,060|_벌크_26,970|_중고_27,130","벌크 + 쿨러_33,060|_벌크_26,970|_중고_27,130","벌크 + 쿨러_33,070|_벌크_26,970|_중고_27,130","벌크 + 쿨러_33,110|_벌크_26,970|_중고_27,130","벌크 + 쿨러_33,110|_벌크_26,970|_중고_27,130","벌크 + 쿨러_33,110|_벌크_26,970|_중고_27,130","벌크 + 쿨러_33,110|_벌크_26,970|_중고_27,130","벌크 + 쿨러_33,110|_벌크_26,970|_중고_27,130","벌크 + 쿨러_33,470|_벌크_26,970|_중고_27,130","벌크 + 쿨러_33,470|_벌크_26,970|_중고_27,130","벌크 + 쿨러_33,470|_벌크_26,970|_중고_27,130","벌크 + 쿨러_33,470|_벌크_26,970|_중고_27,130","벌크 + 쿨러_33,470|_벌크_26,970|_중고_27,130","벌크 + 쿨러_33,470|_벌크_26,970|_중고_27,130"
7914157,인텔 코어i5-4세대 4690 + H81 패키지,"중고_45,000","중고_45,000","중고_45,000","중고_45,000","중고_45,000","중고_45,000","중고_45,000","중고_45,000","중고_45,000","중고_46,500","중고_48,000","중고_48,000","중고_48,000","중고_48,000","중고_48,000","중고_48,000","중고_48,000"
4143967,인텔 코어i5-4세대 4690K (데빌스캐년),"중고_28,250","중고_28,250","중고_28,250","중고_28,250","중고_28,250","중고_28,250","중고_28,250","중고_28,250",0,0,0,0,0,0,0,0,0
3441763,인텔 코어i5-6세대 6400 (스카이레이크),"벌크 + 쿨러_26,250|_벌크_20,820|_중고_20,670","벌크 + 쿨러_26,240|_벌크_20,790|_중고_20,660","벌크 + 쿨러_26,160|_벌크_20,790|_중고_20,580","벌크 + 쿨러_26,130|_벌크_20,780|_중고_20,550","벌크 + 쿨러_26,130|_벌크_20,480|_중고_20,490","벌크 + 쿨러_26,130|_벌크_20,460|_중고_20,480","벌크 + 쿨러_26,040|_벌크_20,360|_중고_20,480","벌크 + 쿨러_26,010|_벌크_20,330|_중고_20,470","벌크 + 쿨러_26,010|_벌크_20,330|_중고_20,470","벌크 + 쿨러_26,010|_벌크_20,330|_중고_20,460","벌크 + 쿨러_26,030|_벌크_20,440|_중고_20,460","벌크 + 쿨러_26,030|_벌크_20,440|_중고_20,450","벌크 + 쿨러_26,030|_벌크_20,440|_중고_20,450","벌크 + 쿨러_26,030|_벌크_20,440|_중고_20,450","벌크 + 쿨러_26,030|_벌크_20,440|_중고_20,450","벌크 + 쿨러_26,030|_벌크_20,440|_중고_20,450","벌크 + 쿨러_26,030|_벌크_20,440|_중고_20,450"
3412420,인텔 코어i5-6세대 6500 (스카이레이크),"벌크 + 쿨러_27,100|_벌크_28,920|해외구매_25,300|_중고_21,600","벌크 + 쿨러_27,070|_벌크_28,920|해외구매_25,300|_중고_21,590","벌크 + 쿨러_27,070|_벌크_28,920|해외구매_25,300|_중고_21,510","벌크 + 쿨러_27,060|_벌크_28,920|해외구매_25,300|_중고_21,480","벌크 + 쿨러_27,060|_벌크_28,920|해외구매_25,300|_중고_21,480","벌크 + 쿨러_27,060|_벌크_28,920|해외구매_25,300|_중고_21,440","벌크 + 쿨러_26,960|_벌크_28,920|해외구매_25,300|_중고_21,350","벌크 + 쿨러_26,940|_벌크_28,920|해외구매_25,300|_중고_21,330","벌크 + 쿨러_26,940|_벌크_28,920|해외구매_25,300|_중고_21,330","벌크 + 쿨러_26,940|_벌크_28,920|해외구매_25,300|_중고_21,330","벌크 + 쿨러_26,960|_벌크_28,920|해외구매_25,300|_중고_21,380","벌크 + 쿨러_26,960|_벌크_28,920|해외구매_25,300|_중고_21,380","벌크 + 쿨러_26,960|_벌크_22,000|해외구매_25,300|_중고_21,380","벌크 + 쿨러_26,960|_벌크_22,000|해외구매_25,300|_중고_21,380","벌크 + 쿨러_26,960|_벌크_22,000|해외구매_25,300|_중고_21,380","벌크 + 쿨러_26,960|_벌크_22,000|해외구매_25,300|_중고_21,330","벌크 + 쿨러_26,960|_벌크_20,900|해외구매_25,300|_중고_21,330"
7914325,인텔 코어i5-6세대 6500 + H110 패키지,0,0,0,0,0,0,0,0,0,0,"중고_72,000","중고_72,000","중고_72,000","중고_72,000","중고_72,000","중고_72,000","중고_72,000"
3412423,인텔 코어i5-6세대 6600 (스카이레이크),"_벌크 + 쿨러_27,850|벌크_22,720|_중고_22,430","_벌크 + 쿨러_27,820|벌크_22,720|_중고_22,430","벌크 + 쿨러_27,700|_벌크_22,630|_중고_22,340","벌크 + 쿨러_27,670|_벌크_22,600|_중고_22,310","벌크 + 쿨러_27,660|_벌크_22,600|_중고_22,310","벌크 + 쿨러_27,640|_벌크_22,490|_중고_22,310","벌크 + 쿨러_27,640|_벌크_22,490|_중고_22,210","벌크 + 쿨러_27,640|_벌크_22,480|_중고_22,190","벌크 + 쿨러_27,590|_벌크_22,480|_중고_22,190","벌크 + 쿨러_27,590|_벌크_22,470|_중고_22,190","벌크 + 쿨러_27,590|_벌크_22,470|_중고_22,310","벌크 + 쿨러_27,600|_벌크_22,460|_중고_22,310","벌크 + 쿨러_27,600|_벌크_22,460|_중고_22,310","벌크 + 쿨러_27,600|_벌크_22,450|_중고_22,310","벌크 + 쿨러_27,600|_벌크_22,450|_중고_22,310","벌크 + 쿨러_27,600|_벌크_22,440|_중고_22,310","벌크 + 쿨러_27,600|_벌크_22,440|_중고_22,310"
3493041,인텔 코어i5-6세대 6600K (스카이레이크),"벌크 + 쿨러_29,950|_벌크_24,290|_중고_29,960|해외구매_97,260","벌크 + 쿨러_29,950|_벌크_24,260|_중고_29,960|해외구매_97,260","벌크 + 쿨러_29,860|_벌크_24,260|_중고_29,950|해외구매_97,260","벌크 + 쿨러_29,830|_벌크_24,250|_중고_28,674|해외구매_97,260","_벌크 + 쿨러_29,830|_벌크_24,250|중고_28,674|해외구매_97,260","_벌크 + 쿨러_29,830|_벌크_24,240|중고_28,674|해외구매_97,260","_벌크 + 쿨러_29,730|_벌크_24,150|중고_28,670|해외구매_97,260","_벌크 + 쿨러_29,710|_벌크_24,130|중고_28,670|해외구매_97,260","_벌크 + 쿨러_29,710|_벌크_24,130|중고_28,670|해외구매_97,260","_벌크 + 쿨러_29,710|_벌크_24,130|중고_28,670|해외구매_97,260","_벌크 + 쿨러_29,750|_벌크_24,170|중고_28,670|해외구매_97,260","_벌크 + 쿨러_29,750|_벌크_24,170|중고_28,670|해외구매_97,260","_벌크 + 쿨러_29,750|_벌크_24,170|중고_28,670|해외구매_97,260","_벌크 + 쿨러_29,750|_벌크_24,170|중고_28,670|해외구매_97,260","_벌크 + 쿨러_29,750|_벌크_24,170|중고_28,670|해외구매_97,260","_벌크 + 쿨러_29,750|_벌크_24,170|중고_28,670|해외구매_97,260","_벌크 + 쿨러_29,750|_벌크_24,170|중고_28,670|해외구매_97,260"
4881012,인텔 코어i5-7세대 7400 (카비레이크),"벌크 + 쿨러_35,380|_벌크_31,000|_중고_29,920","벌크 + 쿨러_35,350|_벌크_31,000|_중고_29,890","벌크 + 쿨러_35,350|_벌크_31,000|_중고_29,890","벌크 + 쿨러_35,350|_벌크_31,000|_중고_29,890","벌크 + 쿨러_35,250|_벌크_31,000|_중고_29,790","벌크 + 쿨러_35,240|_벌크_31,000|_중고_29,780","벌크 + 쿨러_35,240|_벌크_31,000|_중고_30,350","벌크 + 쿨러_35,240|_벌크_31,000|_중고_30,350","벌크 + 쿨러_35,870|_벌크_31,000|_중고_30,350","벌크 + 쿨러_35,870|_벌크_31,000|_중고_30,350","벌크 + 쿨러_35,870|_벌크_31,000|_중고_30,350","벌크 + 쿨러_36,260|_벌크_31,000|_중고_30,680","벌크 + 쿨러_36,260|_벌크_31,000|_중고_30,680","벌크 + 쿨러_36,260|_벌크_31,000|_중고_30,680","벌크 + 쿨러_36,260|_벌크_31,000|_중고_30,680","벌크 + 쿨러_36,260|_벌크_31,000|_중고_30,680","벌크 + 쿨러_36,260|_벌크_31,000|_중고_30,680"
4866526,인텔 코어i5-7세대 7500 (카비레이크),"_벌크 + 쿨러_38,120|벌크_32,650|해외구매_137,490|_중고_31,190","_벌크 + 쿨러_38,090|벌크_32,620|해외구매_137,490|_중고_31,190","_벌크 + 쿨러_38,090|벌크_32,620|해외구매_137,490|_중고_31,190","_벌크 + 쿨러_38,080|벌크_32,620|해외구매_137,490|_중고_31,190","_벌크 + 쿨러_38,080|벌크_32,520|해외구매_137,490|_중고_31,190","_벌크 + 쿨러_38,000|벌크_32,000|해외구매_137,490|_중고_31,190","_벌크 + 쿨러_38,000|벌크_32,000|해외구매_137,490|_중고_31,190","_벌크 + 쿨러_38,000|벌크_32,000|해외구매_137,490|_중고_31,190","_벌크 + 쿨러_37,990|벌크_32,000|해외구매_137,490|_중고_31,190","_벌크 + 쿨러_37,990|벌크_32,000|해외구매_137,490|_중고_31,190","_벌크 + 쿨러_37,990|벌크_32,000|해외구매_137,490|_중고_31,190","_벌크 + 쿨러_37,990|벌크_32,000|해외구매_137,490|_중고_31,190","_벌크 + 쿨러_37,990|벌크_32,000|해외구매_137,490|_중고_31,190","_벌크 + 쿨러_37,990|벌크_32,000|해외구매_137,490|_중고_31,190","_벌크 + 쿨러_37,990|벌크_32,000|해외구매_137,490|_중고_31,190","_벌크 + 쿨러_37,990|벌크_32,000|해외구매_137,490|_중고_31,190","_벌크 + 쿨러_37,990|벌크_32,000|해외구매_137,490|_중고_31,190"
4820379,인텔 코어i5-7세대 7600 (카비레이크),"_벌크_45,510|해외구매_83,490|_중고_36,990","_벌크_45,510|해외구매_83,490|_중고_36,990","_벌크_45,510|해외구매_83,490|_중고_36,990","_벌크_45,510|해외구매_83,490|_중고_36,990","_벌크_45,510|해외구매_83,490|_중고_36,990","_벌크_45,510|해외구매_83,490|_중고_36,990","_벌크_45,420|해외구매_83,490|_중고_36,990","_벌크_45,420|해외구매_83,490|_중고_36,990","_벌크_45,410|해외구매_83,490|_중고_36,990","_벌크_45,410|해외구매_83,490|_중고_36,990","_벌크_45,410|해외구매_83,490|_중고_36,990","_벌크_45,410|해외구매_83,490|_중고_36,990","_벌크_45,510|해외구매_83,490|_중고_36,990","_벌크_45,510|해외구매_83,490|_중고_36,990","_벌크_45,510|해외구매_83,490|_중고_36,990","_벌크_45,510|해외구매_83,490|_중고_36,990","_벌크_45,510|해외구매_83,490|_중고_36,990"
7898119,인텔 코어i5-7세대 7600K (카비레이크),"_해외구매_103,540|_중고_58,000","_해외구매_103,540|_중고_58,000","_해외구매_103,540|_중고_58,000","_해외구매_103,540|_중고_55,314","_해외구매_103,540|_중고_55,314","_해외구매_103,540|_중고_55,314","_해외구매_103,540|_중고_55,310","_해외구매_103,540|_중고_55,310","_해외구매_103,540|_중고_55,310","_해외구매_103,540|_중고_55,310","_해외구매_103,540|_중고_55,310","_해외구매_103,540|_중고_55,310","_해외구매_103,540|_중고_55,310","_해외구매_103,540|_중고_55,310","_해외구매_103,540|_중고_58,000","_해외구매_103,540|_중고_58,000","_해외구매_103,540|_중고_58,000"
5530356,인텔 코어i5-8세대 8400 (커피레이크),"_정품_93,550|벌크 + 쿨러_71,230|_벌크_70,990|해외구매_114,440|중고_64,790","_정품_93,550|벌크 + 쿨러_71,200|_벌크_70,990|해외구매_114,440|중고_64,760","_정품_93,550|벌크 + 쿨러_71,120|_벌크_70,990|해외구매_113,200|중고_64,760","_정품_93,550|벌크 + 쿨러_71,090|_벌크_70,990|해외구매_113,200|중고_64,750","_정품_93,550|벌크 + 쿨러_71,090|벌크_70,990|해외구매_113,060|_중고_64,750","_정품_93,550|벌크 + 쿨러_71,090|벌크_70,990|해외구매_113,060|_중고_64,760","_정품_93,550|벌크 + 쿨러_69,990|벌크_69,990|해외구매_113,060|_중고_64,400","_정품_93,550|벌크 + 쿨러_69,970|벌크_69,990|해외구매_113,060|_중고_64,400","_정품_93,550|벌크 + 쿨러_69,970|벌크_69,990|해외구매_113,060|_중고_64,400","_정품_93,550|벌크 + 쿨러_69,970|벌크_69,990|해외구매_113,060|_중고_64,840","_정품_93,550|벌크 + 쿨러_70,670|벌크_69,990|해외구매_113,060|_중고_64,890","_정품_93,550|벌크 + 쿨러_70,670|벌크_69,990|해외구매_113,060|_중고_64,890","_정품_93,550|벌크 + 쿨러_70,670|벌크_69,990|해외구매_113,060|_중고_64,890","_정품_93,550|벌크 + 쿨러_70,670|벌크_69,990|해외구매_113,060|_중고_64,890","_정품_93,550|벌크 + 쿨러_70,670|벌크_69,990|해외구매_113,060|_중고_64,890","_정품_93,550|벌크 + 쿨러_70,670|벌크_69,990|해외구매_113,060|_중고_64,890","_정품_93,550|벌크 + 쿨러_70,670|벌크_69,990|해외구매_113,060|_중고_64,890"
5950796,인텔 코어i5-8세대 8500 (커피레이크),"_벌크 + 쿨러_70,800|벌크_83,360|해외구매_86,100|_중고_65,950","_벌크 + 쿨러_70,790|벌크_83,360|해외구매_86,100|_중고_65,920","_벌크 + 쿨러_70,710|벌크_83,360|해외구매_86,100|_중고_65,920","_벌크 + 쿨러_70,680|벌크_83,360|해외구매_86,100|_중고_65,910","_벌크 + 쿨러_70,680|벌크_83,360|해외구매_86,100|_중고_65,910","_벌크 + 쿨러_70,690|벌크_83,360|해외구매_86,100|_중고_65,910","_벌크 + 쿨러_70,830|벌크_83,360|해외구매_86,100|_중고_65,810","_벌크 + 쿨러_70,830|벌크_83,360|해외구매_86,100|_중고_65,790","_벌크 + 쿨러_70,830|벌크_83,360|해외구매_86,100|_중고_65,790","_벌크 + 쿨러_70,830|벌크_83,360|해외구매_82,000|_중고_65,790","_벌크 + 쿨러_70,830|벌크_83,360|해외구매_82,000|_중고_66,020","_벌크 + 쿨러_71,600|벌크_83,360|해외구매_82,000|_중고_66,020","_벌크 + 쿨러_71,600|벌크_70,700|해외구매_82,000|_중고_66,020","_벌크 + 쿨러_71,600|벌크_66,000|해외구매_82,000|_중고_66,020","벌크 + 쿨러_71,600|_벌크_66,000|해외구매_82,000|_중고_66,020","벌크 + 쿨러_71,600|_벌크_66,000|해외구매_82,000|_중고_66,020","벌크 + 쿨러_71,600|_벌크_66,000|해외구매_82,000|_중고_66,000"
6069606,인텔 코어i5-8세대 8600 (커피레이크),"_벌크 + 쿨러_80,990|_벌크_69,600","_벌크 + 쿨러_80,990|_벌크_69,600","_벌크 + 쿨러_80,990|_벌크_69,600","_벌크 + 쿨러_80,990|_벌크_69,600","_벌크 + 쿨러_80,990|_벌크_69,600","_벌크 + 쿨러_80,990|_벌크_69,600","_벌크 + 쿨러_78,000|_벌크_69,600","_벌크 + 쿨러_78,000|_벌크_69,600","_벌크 + 쿨러_78,000|_벌크_69,600","_벌크 + 쿨러_78,000|_벌크_69,600","_벌크 + 쿨러_78,000|_벌크_69,600","_벌크 + 쿨러_78,000|_벌크_69,600","_벌크 + 쿨러_78,000|_벌크_69,600","_벌크 + 쿨러_77,990|_벌크_69,600","_벌크 + 쿨러_77,990|_벌크_69,600","_벌크 + 쿨러_77,980|_벌크_69,600","_벌크 + 쿨러_77,980|_벌크_69,600"
5614286,인텔 코어i5-8세대 8600K (커피레이크),"_벌크 + 쿨러_126,060|_벌크_88,720|해외구매_89,800","_벌크 + 쿨러_126,030|_벌크_88,720|해외구매_89,800","_벌크 + 쿨러_126,030|_벌크_88,720|해외구매_89,800","_벌크 + 쿨러_126,020|_벌크_88,720|해외구매_89,800","_벌크 + 쿨러_126,020|_벌크_88,720|해외구매_89,800","_벌크 + 쿨러_126,010|_벌크_88,720|해외구매_89,800","_벌크 + 쿨러_125,920|_벌크_88,720|해외구매_89,800","_벌크 + 쿨러_125,900|_벌크_88,720|해외구매_89,800","_벌크 + 쿨러_125,900|_벌크_88,720|해외구매_89,800","_벌크 + 쿨러_125,900|_벌크_88,720|해외구매_89,800","_벌크 + 쿨러_126,620|_벌크_88,720|해외구매_89,800","_벌크 + 쿨러_126,620|_벌크_88,720|해외구매_89,800","_벌크 + 쿨러_126,620|_벌크_88,720|해외구매_89,800","_벌크 + 쿨러_126,620|_벌크_88,720|해외구매_89,800","_벌크 + 쿨러_126,620|_벌크_88,720|해외구매_89,800","_벌크 + 쿨러_126,620|_벌크_88,720|해외구매_89,800","_벌크 + 쿨러_126,610|_벌크_88,720|해외구매_89,800"
11016699,인텔 코어i5-9세대 9400 (커피레이크-R),"_벌크 + 쿨러_137,030|_벌크_121,000|해외구매_113,730","_벌크 + 쿨러_137,030|_벌크_121,000|해외구매_113,730","_벌크 + 쿨러_136,940|_벌크_121,000|해외구매_113,730","_벌크 + 쿨러_136,910|_벌크_119,370|해외구매_113,730","_벌크 + 쿨러_136,910|_벌크_119,370|해외구매_113,730","_벌크 + 쿨러_136,920|_벌크_119,370|해외구매_113,730","_벌크 + 쿨러_137,030|_벌크_119,360|해외구매_113,730","_벌크 + 쿨러_137,030|_벌크_119,360|해외구매_113,730","_벌크 + 쿨러_137,030|_벌크_119,360|해외구매_113,730","_벌크 + 쿨러_137,030|_벌크_119,360|해외구매_113,730","_벌크 + 쿨러_137,030|_벌크_119,360|해외구매_116,100","_벌크 + 쿨러_137,030|_벌크_119,360|해외구매_116,100","_벌크 + 쿨러_137,030|_벌크_119,360|해외구매_116,100","_벌크 + 쿨러_137,030|_벌크_119,360|해외구매_116,100","_벌크 + 쿨러_137,030|_벌크_121,000|해외구매_116,100","_벌크 + 쿨러_137,030|_벌크_121,000|해외구매_116,100","_벌크 + 쿨러_137,030|_벌크_121,000|해외구매_116,100"
7097413,인텔 코어i5-9세대 9400F (커피레이크-R),"벌크 + 쿨러_98,990|_벌크_88,000|해외구매_109,240|_중고_78,600","벌크 + 쿨러_98,990|_벌크_88,000|해외구매_109,240|_중고_78,600","벌크 + 쿨러_98,990|_벌크_88,000|해외구매_109,240|_중고_78,600","벌크 + 쿨러_98,990|_벌크_88,000|해외구매_109,240|_중고_78,600","벌크 + 쿨러_95,990|_벌크_88,000|해외구매_109,240|_중고_78,600","벌크 + 쿨러_95,990|_벌크_85,000|해외구매_109,240|_중고_78,600","벌크 + 쿨러_95,990|_벌크_85,000|해외구매_109,240|_중고_78,600","벌크 + 쿨러_95,990|_벌크_85,000|해외구매_109,240|_중고_78,600","벌크 + 쿨러_95,990|_벌크_85,000|해외구매_109,240|_중고_78,600","벌크 + 쿨러_95,990|_벌크_85,000|해외구매_105,200|_중고_78,600","_벌크 + 쿨러_95,990|벌크_85,000|해외구매_105,190|_중고_78,600","_벌크 + 쿨러_95,990|벌크_85,000|해외구매_105,190|_중고_78,600","벌크 + 쿨러_90,950|_벌크_85,000|해외구매_105,190|_중고_78,600","벌크 + 쿨러_90,920|_벌크_85,000|해외구매_105,190|_중고_78,600","_벌크 + 쿨러_90,920|벌크_85,000|해외구매_105,190|_중고_78,600","_벌크 + 쿨러_90,920|벌크_85,000|해외구매_109,240|_중고_78,600","_벌크 + 쿨러_90,840|벌크_85,000|해외구매_109,240|_중고_78,600"
10728462,인텔 코어i5-9세대 9500 (커피레이크-R),"_벌크 + 쿨러_146,380|_벌크_123,000|해외구매_282,780|중고_99,660","_벌크 + 쿨러_146,380|_벌크_123,000|해외구매_282,780|중고_99,630","_벌크 + 쿨러_146,380|_벌크_123,000|해외구매_282,780|중고_99,630","_벌크 + 쿨러_142,140|_벌크_123,000|해외구매_282,780|중고_99,630","_벌크 + 쿨러_145,710|_벌크_123,000|해외구매_282,780|중고_99,530","_벌크 + 쿨러_146,380|_벌크_123,000|해외구매_282,780|중고_99,510","_벌크 + 쿨러_146,380|_벌크_122,740|해외구매_282,780|중고_99,510","_벌크 + 쿨러_146,380|_벌크_122,740|해외구매_282,780|중고_99,500","벌크 + 쿨러_146,380|_벌크_122,740|해외구매_282,780|_중고_99,410","벌크 + 쿨러_146,380|_벌크_122,740|해외구매_282,780|_중고_99,390","벌크 + 쿨러_146,380|_벌크_123,000|해외구매_282,780|_중고_99,390","벌크 + 쿨러_146,380|_벌크_123,000|해외구매_282,780|_중고_99,360","벌크 + 쿨러_146,380|_벌크_123,000|해외구매_282,780|_중고_99,300","벌크 + 쿨러_146,380|_벌크_123,000|해외구매_282,780|_중고_99,270","벌크 + 쿨러_146,380|_벌크_123,000|해외구매_282,780|_중고_99,270","벌크 + 쿨러_146,380|_벌크_123,000|해외구매_282,780|_중고_99,270","벌크 + 쿨러_146,380|_벌크_123,000|해외구매_282,780|_중고_99,190"
11084835,인텔 코어i5-9세대 9500F (커피레이크-R),"해외구매_113,220","해외구매_113,220","해외구매_113,220","해외구매_113,220","해외구매_113,220","해외구매_113,230","해외구매_113,230","해외구매_113,230",0,0,0,0,0,0,0,0,0
11171952,인텔 코어i5-9세대 9600 (커피레이크-R),"_벌크 + 쿨러_129,550|_해외구매_236,500","_벌크 + 쿨러_129,550|_해외구매_236,500","_벌크 + 쿨러_129,550|_해외구매_236,500","_벌크 + 쿨러_129,550|_해외구매_236,500",0,0,"_벌크 + 쿨러_123,710|_해외구매_236,500","_벌크 + 쿨러_123,710|_해외구매_236,500","_벌크 + 쿨러_123,710|_해외구매_236,500","_벌크 + 쿨러_123,710|_해외구매_236,500","_벌크 + 쿨러_123,710|_해외구매_236,500","_벌크 + 쿨러_123,710|_해외구매_236,500","_벌크 + 쿨러_123,710|_해외구매_236,500","_벌크 + 쿨러_123,710|_해외구매_236,500","_벌크 + 쿨러_123,710|_해외구매_236,500","_벌크 + 쿨러_123,710|_해외구매_236,500","_벌크 + 쿨러_123,710|_해외구매_236,500"
6705214,인텔 코어i5-9세대 9600K (커피레이크-R),"벌크 + 쿨러_101,710|_벌크_101,990|해외구매_121,100|_중고_95,220","벌크 + 쿨러_101,680|_벌크_101,990|해외구매_121,100|_중고_95,190","벌크 + 쿨러_101,600|_벌크_101,990|해외구매_121,100|_중고_95,190","벌크 + 쿨러_101,570|_벌크_101,990|해외구매_121,100|_중고_95,190","벌크 + 쿨러_101,570|_벌크_101,990|해외구매_121,100|_중고_95,090","벌크 + 쿨러_101,570|_벌크_101,990|해외구매_121,100|_중고_95,070","벌크 + 쿨러_101,470|_벌크_101,990|해외구매_121,100|_중고_95,070","벌크 + 쿨러_101,450|_벌크_101,990|해외구매_121,100|_중고_95,070","벌크 + 쿨러_101,450|_벌크_101,990|해외구매_121,100|_중고_94,970","벌크 + 쿨러_101,450|_벌크_101,990|해외구매_114,500|_중고_94,950","벌크 + 쿨러_100,980|_벌크_101,990|해외구매_114,500|_중고_94,950","벌크 + 쿨러_100,960|_벌크_101,990|해외구매_114,500|_중고_94,920","벌크 + 쿨러_100,960|_벌크_101,990|해외구매_114,500|_중고_94,860","벌크 + 쿨러_100,950|_벌크_101,990|해외구매_114,500|_중고_94,830","벌크 + 쿨러_100,950|_벌크_101,990|해외구매_114,500|_중고_94,830","벌크 + 쿨러_100,950|_벌크_101,990|해외구매_114,500|_중고_94,830","벌크 + 쿨러_100,870|_벌크_101,990|해외구매_114,500|_중고_94,750"
7565248,인텔 코어i5-9세대 9600KF (커피레이크-R),"_정품_155,750|병행수입 박스_156,270|_벌크 + 쿨러_116,900|벌크_104,950|중고_99,490|해외구매_104,140","_정품_155,750|병행수입 박스_156,270|_벌크 + 쿨러_116,900|벌크_104,950|중고_99,490|해외구매_104,140","_정품_155,750|병행수입 박스_156,270|_벌크 + 쿨러_116,900|벌크_104,950|중고_99,490|해외구매_104,140","_정품_155,750|병행수입 박스_156,270|_벌크 + 쿨러_116,900|벌크_104,950|중고_99,490|해외구매_104,140","_정품_155,750|병행수입 박스_156,270|_벌크 + 쿨러_116,900|벌크_104,950|중고_99,490|해외구매_104,140","_정품_155,750|병행수입 박스_156,270|_벌크 + 쿨러_116,900|벌크_104,950|중고_99,490|해외구매_104,140","_정품_155,750|병행수입 박스_155,900|_벌크 + 쿨러_116,900|벌크_104,950|중고_99,490|해외구매_104,140","_정품_155,750|병행수입 박스_155,900|_벌크 + 쿨러_116,900|벌크_104,950|중고_99,490|해외구매_104,140","_정품_155,750|병행수입 박스_155,900|_벌크 + 쿨러_114,750|벌크_104,950|중고_92,000|해외구매_104,140","_정품_155,750|병행수입 박스_155,900|_벌크 + 쿨러_114,750|벌크_104,950|중고_92,000|해외구매_104,140","_정품_155,750|병행수입 박스_155,900|_벌크 + 쿨러_114,750|벌크_104,950|중고_92,000|해외구매_104,140","_정품_155,750|병행수입 박스_155,900|_벌크 + 쿨러_116,620|벌크_104,940|중고_92,000|해외구매_104,140","_정품_155,750|병행수입 박스_155,900|_벌크 + 쿨러_116,560|벌크_104,940|중고_92,000|해외구매_104,140","_정품_155,750|병행수입 박스_155,900|_벌크 + 쿨러_116,540|벌크_104,940|중고_92,000|해외구매_104,140","_정품_155,750|병행수입 박스_156,270|_벌크 + 쿨러_116,460|벌크_104,940|중고_92,000|해외구매_104,140","_정품_155,750|병행수입 박스_156,270|_벌크 + 쿨러_116,420|벌크_104,940|중고_92,000|해외구매_104,140","_정품_155,750|병행수입 박스_156,270|_벌크 + 쿨러_116,420|벌크_104,940|중고_92,000|해외구매_104,140"
11481624,인텔 코어i7-10세대 10700 (코멧레이크S),"_벌크 + 쿨러_319,140|_벌크_306,270|해외구매_380,900|중고_294,990","_벌크 + 쿨러_319,140|_벌크_306,270|해외구매_380,900|중고_294,990","_벌크 + 쿨러_319,140|_벌크_306,270|해외구매_380,900|중고_294,990","_벌크 + 쿨러_319,140|_벌크_306,270|해외구매_380,900|중고_294,990","_벌크 + 쿨러_319,140|_벌크_306,270|해외구매_380,900|중고_294,990","_벌크 + 쿨러_319,140|_벌크_306,270|해외구매_380,900|중고_294,990","_벌크 + 쿨러_319,140|_벌크_306,270|해외구매_380,900|중고_294,990","_벌크 + 쿨러_319,140|_벌크_306,270|해외구매_380,900|중고_294,990","_벌크 + 쿨러_317,060|_벌크_306,270|해외구매_380,900|중고_294,990","_벌크 + 쿨러_317,060|_벌크_306,270|해외구매_380,900|중고_294,990","_벌크 + 쿨러_317,060|_벌크_306,270|해외구매_380,900|중고_295,000","_벌크 + 쿨러_317,060|_벌크_306,270|해외구매_380,900|중고_295,000","_벌크 + 쿨러_307,000|_벌크_306,270|해외구매_380,900|중고_295,000","_벌크 + 쿨러_307,000|_벌크_306,270|해외구매_380,900|중고_295,000","_벌크 + 쿨러_307,000|_벌크_306,270|해외구매_380,900|중고_295,000","_벌크 + 쿨러_307,000|_벌크_306,270|해외구매_380,900|중고_295,000","_벌크 + 쿨러_307,000|_벌크_306,270|해외구매_380,900|중고_295,000"
11824861,인텔 코어i7-10세대 10700F (코멧레이크S),"_벌크_279,820|_해외구매_353,280","_벌크_288,000|_해외구매_353,280","_벌크_279,820|_해외구매_353,280","_벌크_279,820|_해외구매_353,280","_벌크_279,820|_해외구매_353,280","_벌크_279,820|_해외구매_353,280","_벌크_279,820|_해외구매_353,280","_벌크_279,820|_해외구매_353,280","_벌크_279,820|_해외구매_353,280","_벌크_279,820|_해외구매_353,280","_벌크_279,820|_해외구매_360,800","_벌크_279,820|_해외구매_360,800","_벌크_279,820|_해외구매_360,800","_벌크_279,820|_해외구매_360,800","_벌크_279,820|_해외구매_360,800","_벌크_279,820|_해외구매_360,800","_벌크_279,820|_해외구매_360,800"
11479776,인텔 코어i7-10세대 10700K (코멧레이크S),"_벌크_453,600|_해외구매_358,700","_벌크_453,600|_해외구매_358,700","_벌크_453,600|_해외구매_358,700","_벌크_447,600|_해외구매_358,700","_벌크_450,600|_해외구매_358,700","_벌크_450,600|_해외구매_358,700","_벌크_447,600|_해외구매_358,700","_벌크_444,600|_해외구매_358,700","_벌크_444,600|_해외구매_358,700","_벌크_441,600|_해외구매_358,700","_벌크_456,600|_해외구매_358,700","_벌크_450,600|_해외구매_358,700","_벌크_463,800|_해외구매_358,700","_벌크_453,600|_해외구매_358,700","_벌크_453,600|_해외구매_358,700","_벌크_447,600|_해외구매_358,700","_벌크_460,800|_해외구매_358,700"
12110078,인텔 코어i7-10세대 10700KF (코멧레이크S),"_벌크 + 쿨러_266,710|_벌크_261,280|해외구매_789,180|중고_267,050","_벌크 + 쿨러_266,710|_벌크_261,280|해외구매_789,180|중고_267,050","_벌크 + 쿨러_266,710|_벌크_261,280|해외구매_789,180|중고_267,050","_벌크 + 쿨러_266,340|_벌크_259,350|해외구매_789,180|중고_267,050","_벌크 + 쿨러_266,250|_벌크_259,260|해외구매_789,180|중고_267,050","_벌크 + 쿨러_266,240|_벌크_259,250|해외구매_789,180|중고_267,050","_벌크 + 쿨러_266,240|_벌크_259,250|해외구매_789,180|중고_267,050","_벌크 + 쿨러_266,240|_벌크_259,250|해외구매_789,180|중고_267,050","_벌크 + 쿨러_266,710|_벌크_261,280|해외구매_789,180|중고_267,050","_벌크 + 쿨러_266,710|_벌크_261,280|해외구매_789,180|중고_267,050","_벌크 + 쿨러_266,710|_벌크_261,280|해외구매_789,180|중고_267,050","_벌크 + 쿨러_266,710|_벌크_261,280|해외구매_789,180|중고_267,050","_벌크 + 쿨러_266,710|_벌크_261,280|해외구매_789,180|중고_267,050","_벌크 + 쿨러_266,710|_벌크_261,280|해외구매_789,180|중고_267,050","_벌크 + 쿨러_266,710|_벌크_261,280|해외구매_789,180|중고_267,050","_벌크 + 쿨러_266,710|_벌크_261,280|해외구매_789,180|중고_267,050","_벌크 + 쿨러_266,710|_벌크_261,280|해외구매_789,180|중고_267,050"
13824704,인텔 코어i7-11세대 11700 (로켓레이크S),"벌크_330,000","벌크_330,000","벌크_330,000","벌크_330,000","벌크_330,000","벌크_330,000","벌크_330,000","벌크_330,000","벌크_330,000","벌크_330,000","벌크_330,000","벌크_330,000","벌크_330,000","벌크_330,000","벌크_330,000","벌크_330,000","벌크_330,000"
13753481,인텔 코어i7-11세대 11700F (로켓레이크S),"_정품_558,000|_벌크 + 쿨러_388,580|벌크_345,500|해외구매_435,870","_정품_558,000|_벌크 + 쿨러_388,580|벌크_345,500|해외구매_435,870","_정품_558,000|_벌크 + 쿨러_388,580|벌크_345,500|해외구매_431,700","_정품_558,000|_벌크 + 쿨러_388,580|벌크_345,500|해외구매_431,700","정품_558,000|_벌크 + 쿨러_388,580|벌크_345,500|_해외구매_431,240","정품_558,000|_벌크 + 쿨러_388,580|벌크_345,500|_해외구매_431,240","_정품_558,000|벌크 + 쿨러_388,580|벌크_345,500|_해외구매_431,240","_정품_558,000|벌크 + 쿨러_388,580|벌크_345,500|_해외구매_431,240","_정품_558,000|벌크 + 쿨러_388,580|벌크_345,500|_해외구매_431,240","_정품_558,000|벌크 + 쿨러_388,580|벌크_345,500|_해외구매_431,240","_정품_558,000|벌크 + 쿨러_388,580|벌크_345,500|_해외구매_431,240","_정품_558,000|벌크 + 쿨러_388,580|벌크_345,500|_해외구매_431,240","_정품_558,000|벌크 + 쿨러_388,580|벌크_345,500|_해외구매_431,240","_정품_558,000|벌크 + 쿨러_388,580|벌크_345,500|_해외구매_431,240","_정품_558,000|벌크 + 쿨러_388,580|벌크_345,500|_해외구매_431,240","_정품_558,000|벌크 + 쿨러_388,580|벌크_345,500|_해외구매_431,240","_정품_558,000|벌크 + 쿨러_388,580|벌크_345,500|_해외구매_431,240"
13825037,인텔 코어i7-11세대 11700K (로켓레이크S),"_벌크_347,840|_해외구매_465,490","_벌크_347,840|_해외구매_465,490","_벌크_347,840|_해외구매_465,490","_벌크_347,840|_해외구매_465,490","_벌크_347,840|_해외구매_465,490","_벌크_347,840|_해외구매_465,490","_벌크_347,840|_해외구매_465,490","_벌크_347,840|_해외구매_465,490","_벌크_347,840|_해외구매_465,490","_벌크_347,840|_해외구매_465,490","_벌크_347,840|_해외구매_475,190","_벌크_347,840|_해외구매_475,190",0,0,0,0,0
13824974,인텔 코어i7-11세대 11700K (로켓레이크S),0,0,0,0,0,0,0,0,0,0,0,0,"벌크 + 쿨러_385,330|_벌크_347,840|_해외구매_475,190","벌크 + 쿨러_385,330|_벌크_347,840|_해외구매_475,190","벌크 + 쿨러_385,330|_벌크_347,840|_해외구매_475,190","벌크 + 쿨러_382,330|_벌크_347,840|_해외구매_475,190","벌크 + 쿨러_373,290|_벌크_347,840|_해외구매_475,190"
13825121,인텔 코어i7-11세대 11700KF (로켓레이크S),"_벌크_705,000|_해외구매_443,920","_벌크_705,000|_해외구매_416,910","_벌크_705,000|_해외구매_416,910","_벌크_705,000|_해외구매_416,910",0,0,0,0,0,0,0,0,"_벌크_705,000|_해외구매_416,910","_벌크_705,000|_해외구매_416,910","_벌크_705,000|_해외구매_416,910","_벌크_705,000|_해외구매_416,910","_벌크_705,000|_해외구매_416,910"
16140809,인텔 코어i7-12세대 12700 (엘더레이크),"_정품_558,510|_벌크 + 쿨러_463,300|벌크_450,330|해외구매_495,850","_정품_558,480|_벌크 + 쿨러_463,290|벌크_450,330|해외구매_495,850","_정품_558,480|_벌크 + 쿨러_463,290|벌크_450,330|해외구매_491,100","_정품_558,480|_벌크 + 쿨러_463,290|벌크_450,330|해외구매_491,100","_정품_558,390|_벌크 + 쿨러_463,200|벌크_450,330|해외구매_491,100","_정품_558,370|_벌크 + 쿨러_463,180|벌크_450,330|해외구매_491,100","_정품_558,370|_벌크 + 쿨러_463,180|벌크_450,330|해외구매_491,100","_정품_558,370|_벌크 + 쿨러_463,180|벌크_450,330|해외구매_491,100","_정품_558,990|_벌크 + 쿨러_463,300|벌크_446,180|해외구매_491,100","_정품_558,990|_벌크 + 쿨러_463,300|벌크_446,180|해외구매_491,100","_정품_558,990|_벌크 + 쿨러_461,670|벌크_442,050|해외구매_491,100","_정품_558,990|_벌크 + 쿨러_461,660|벌크_442,040|해외구매_491,100","_정품_558,990|_벌크 + 쿨러_449,570|벌크_431,670|해외구매_491,100","_정품_558,990|_벌크 + 쿨러_434,190|벌크_431,660|해외구매_491,100","_정품_558,990|_벌크 + 쿨러_434,190|벌크_431,660|해외구매_491,100","_정품_558,990|_벌크 + 쿨러_434,190|벌크_431,660|해외구매_491,100","_정품_558,990|_벌크 + 쿨러_434,190|벌크_431,660|해외구매_491,100"
16101464,인텔 코어i7-12세대 12700F (엘더레이크),"_정품_476,550|벌크 + 쿨러_425,190|_벌크_412,180|해외구매_460,990","_정품_476,550|벌크 + 쿨러_425,190|_벌크_412,180|해외구매_460,990","_정품_476,550|벌크 + 쿨러_425,190|_벌크_412,180|해외구매_456,580","_정품_476,550|벌크 + 쿨러_425,190|_벌크_412,180|해외구매_456,580","_정품_476,550|벌크 + 쿨러_425,190|_벌크_412,180|해외구매_456,090","_정품_476,550|벌크 + 쿨러_425,190|_벌크_412,180|해외구매_456,090","_정품_476,550|벌크 + 쿨러_425,190|_벌크_412,180|해외구매_456,090","_정품_476,550|벌크 + 쿨러_425,190|_벌크_412,180|해외구매_456,090","_정품_476,550|벌크 + 쿨러_421,300|_벌크_409,100|해외구매_456,090","_정품_476,550|벌크 + 쿨러_421,300|_벌크_409,100|해외구매_456,090","_정품_476,550|벌크 + 쿨러_421,300|_벌크_408,500|해외구매_456,090","_정품_476,550|벌크 + 쿨러_421,300|_벌크_408,500|해외구매_456,090","_정품_476,550|벌크 + 쿨러_417,690|_벌크_403,300|해외구매_456,090","_정품_476,550|벌크 + 쿨러_417,690|_벌크_403,300|해외구매_456,090","_정품_476,550|_벌크 + 쿨러_417,690|벌크_403,300|해외구매_456,090","_정품_476,550|_벌크 + 쿨러_417,690|벌크_403,300|해외구매_456,090","_정품_476,550|_벌크 + 쿨러_417,690|벌크_403,300|해외구매_456,090"
15594638,인텔 코어i7-12세대 12700K (엘더레이크),"_정품_564,000|병행수입 박스_484,500|벌크 + 쿨러_403,710|_벌크_431,530|해외구매_482,250","_정품_564,000|병행수입 박스_484,500|벌크 + 쿨러_403,710|_벌크_431,530|해외구매_482,250","_정품_564,000|병행수입 박스_484,500|벌크 + 쿨러_403,710|_벌크_431,530|해외구매_482,250","_정품_564,000|병행수입 박스_484,500|벌크 + 쿨러_403,710|_벌크_431,530|해외구매_482,250","_정품_564,000|병행수입 박스_484,500|벌크 + 쿨러_403,710|_벌크_431,530|해외구매_482,250","_정품_564,000|병행수입 박스_484,500|벌크 + 쿨러_403,710|_벌크_431,530|해외구매_482,250","_정품_564,000|병행수입 박스_484,500|벌크 + 쿨러_403,710|_벌크_431,530|해외구매_482,250","_정품_564,000|병행수입 박스_484,500|벌크 + 쿨러_403,710|_벌크_431,530|해외구매_482,250","_정품_564,000|병행수입 박스_484,500|벌크 + 쿨러_398,870|_벌크_431,020|해외구매_482,250","_정품_564,000|병행수입 박스_484,500|벌크 + 쿨러_398,870|_벌크_431,010|해외구매_446,830","_정품_576,000|병행수입 박스_484,500|_벌크 + 쿨러_398,870|벌크_413,000|해외구매_446,830","_정품_576,000|병행수입 박스_484,500|_벌크 + 쿨러_398,870|벌크_412,990|해외구매_446,830","_정품_576,000|병행수입 박스_484,500|_벌크 + 쿨러_371,440|벌크_411,850|해외구매_446,830","_정품_576,000|병행수입 박스_484,500|_벌크 + 쿨러_371,440|벌크_407,590|해외구매_446,830","_정품_576,000|병행수입 박스_484,500|_벌크 + 쿨러_371,440|벌크_407,590|해외구매_446,830","_정품_576,000|병행수입 박스_484,500|_벌크 + 쿨러_371,440|벌크_407,590|해외구매_446,830","_정품_576,000|병행수입 박스_484,500|_벌크 + 쿨러_371,440|벌크_407,590|해외구매_446,830"
15594701,인텔 코어i7-12세대 12700KF (엘더레이크),"_정품_1,410,000|벌크 + 쿨러_370,620|_벌크_358,190|해외구매_420,020","_정품_1,410,000|벌크 + 쿨러_370,620|_벌크_358,190|해외구매_420,020","_정품_1,410,000|벌크 + 쿨러_370,620|_벌크_358,190|해외구매_420,020","_정품_1,410,000|벌크 + 쿨러_370,620|_벌크_358,190|해외구매_420,020","_정품_1,410,000|벌크 + 쿨러_370,620|_벌크_358,190|해외구매_420,020","_정품_1,410,000|벌크 + 쿨러_370,620|_벌크_358,190|해외구매_420,020","_정품_1,410,000|벌크 + 쿨러_370,620|_벌크_358,190|해외구매_420,020","_정품_1,410,000|벌크 + 쿨러_370,620|_벌크_358,190|해외구매_420,020","_정품_1,410,000|벌크 + 쿨러_366,510|_벌크_353,020|해외구매_420,020","_정품_1,410,000|벌크 + 쿨러_366,510|_벌크_353,020|해외구매_420,020","_정품_1,440,000|벌크 + 쿨러_365,700|_벌크_353,020|해외구매_420,020","_정품_1,440,000|벌크 + 쿨러_365,690|_벌크_353,010|해외구매_420,020","_정품_1,440,000|벌크 + 쿨러_340,040|_벌크_323,950|해외구매_420,020","_정품_1,440,000|벌크 + 쿨러_340,040|_벌크_323,950|해외구매_420,020","_정품_1,440,000|벌크 + 쿨러_340,040|_벌크_323,950|해외구매_420,020","_정품_1,440,000|벌크 + 쿨러_340,040|_벌크_323,950|해외구매_420,020","_정품_1,440,000|벌크 + 쿨러_340,040|_벌크_323,950|해외구매_420,020"
16393964,인텔 코어i7-12세대 12700T (엘더레이크),0,0,0,0,"벌크_590,000","벌크_590,000","벌크_590,000","벌크_590,000",0,0,0,0,0,0,0,0,0
18703730,인텔 코어i7-13세대 13700 (랩터레이크),"벌크_604,160","벌크_604,160","벌크_604,070","벌크_604,040","벌크_604,040","벌크_604,050","벌크_604,490","벌크_604,490",0,0,"벌크_604,490","벌크_610,990","벌크_610,990","벌크_610,990","벌크_610,990","벌크_610,990","벌크_610,990"
18703634,인텔 코어i7-13세대 13700F (랩터레이크),"_벌크 + 쿨러_458,720|_벌크_448,230|해외구매_696,060","_벌크 + 쿨러_458,720|_벌크_448,230|해외구매_696,060","_벌크 + 쿨러_458,720|_벌크_448,230|해외구매_696,060","_벌크 + 쿨러_458,720|_벌크_448,230|해외구매_696,060","_벌크 + 쿨러_458,720|_벌크_448,230|해외구매_696,060","_벌크 + 쿨러_458,720|_벌크_448,230|해외구매_696,060","_벌크 + 쿨러_458,720|_벌크_448,230|해외구매_696,060","_벌크 + 쿨러_458,720|_벌크_448,230|해외구매_696,060","_벌크 + 쿨러_454,580|_벌크_444,100|해외구매_696,060","_벌크 + 쿨러_454,580|_벌크_444,100|해외구매_696,060","_벌크 + 쿨러_454,580|_벌크_439,970|해외구매_696,060","_벌크 + 쿨러_454,580|_벌크_439,970|해외구매_696,060","_벌크 + 쿨러_448,370|_벌크_437,900|해외구매_696,060","_벌크 + 쿨러_448,360|_벌크_437,890|해외구매_696,060","_벌크 + 쿨러_448,360|_벌크_437,890|해외구매_696,060","_벌크 + 쿨러_448,360|_벌크_437,890|해외구매_696,060","_벌크 + 쿨러_448,360|_벌크_437,890|해외구매_696,060"
18224471,인텔 코어i7-13세대 13700K (랩터레이크),"벌크 + 쿨러_631,630|_벌크_614,280|_해외구매_548,000","벌크 + 쿨러_631,620|_벌크_614,280|_해외구매_548,000","벌크 + 쿨러_631,540|_벌크_614,280|_해외구매_548,000","벌크 + 쿨러_631,510|_벌크_614,280|_해외구매_548,000","벌크 + 쿨러_631,510|_벌크_614,280|_해외구매_548,000","벌크 + 쿨러_631,520|_벌크_614,280|_해외구매_548,000","벌크 + 쿨러_635,990|_벌크_614,280|_해외구매_548,000","벌크 + 쿨러_635,990|_벌크_614,280|_해외구매_548,000","벌크 + 쿨러_635,940|_벌크_614,280|_해외구매_548,000","벌크 + 쿨러_635,920|_벌크_614,280|_해외구매_548,000","벌크 + 쿨러_621,760|_벌크_611,190|_해외구매_548,000","벌크 + 쿨러_621,760|_벌크_611,190|_해외구매_548,000",0,0,0,0,0
18039374,인텔 코어i7-13세대 13700K (랩터레이크),0,0,0,0,0,0,0,0,0,0,0,0,"_정품_636,090|벌크 + 쿨러_632,910|_벌크_607,410|해외구매_548,000","_정품_636,090|벌크 + 쿨러_632,880|_벌크_601,410|해외구매_548,000","_정품_636,090|벌크 + 쿨러_632,880|_벌크_601,410|해외구매_548,000","_정품_636,090|벌크 + 쿨러_632,880|_벌크_604,380|해외구매_548,000","_정품_636,090|벌크 + 쿨러_632,800|_벌크_601,330|해외구매_548,000"
18184013,인텔 코어i7-13세대 13700KF (랩터레이크),"_벌크 + 쿨러_433,060|_벌크_417,080|해외구매_494,100","_벌크 + 쿨러_433,050|_벌크_417,040|해외구매_494,100","_벌크 + 쿨러_433,050|_벌크_417,040|해외구매_494,100","_벌크 + 쿨러_433,040|_벌크_417,040|해외구매_494,100","_벌크 + 쿨러_433,040|_벌크_416,950|해외구매_494,100","_벌크 + 쿨러_433,040|_벌크_416,930|해외구매_494,100","_벌크 + 쿨러_433,060|_벌크_416,930|해외구매_494,100","_벌크 + 쿨러_433,060|_벌크_417,160|해외구매_494,100","_벌크 + 쿨러_425,050|_벌크_414,540|해외구매_494,100","_벌크 + 쿨러_425,050|_벌크_414,540|해외구매_477,300","_벌크 + 쿨러_425,050|_벌크_412,990|해외구매_477,300","_벌크 + 쿨러_425,050|_벌크_412,970|해외구매_477,300","_벌크 + 쿨러_417,270|_벌크_401,470|해외구매_477,300","_벌크 + 쿨러_414,570|_벌크_402,070|해외구매_477,300","_벌크 + 쿨러_414,570|_벌크_401,370|해외구매_477,300","_벌크 + 쿨러_414,570|_벌크_401,330|해외구매_477,300","_벌크 + 쿨러_414,490|_벌크_401,330|해외구매_477,300"
116660895,인텔 코어i7-14세대 14100T (랩터레이크 리프레시),"벌크_478,000","벌크_478,000","벌크_478,000","벌크_478,000","벌크_478,000","벌크_478,000","벌크_478,000","벌크_478,000","벌크_478,000","벌크_478,000","벌크_478,000","벌크_478,000","벌크_478,000","벌크_478,000","벌크_478,000","벌크_478,000","벌크_478,000"
32103143,인텔 코어i7-14세대 14700 (랩터레이크 리프레시),"_정품_574,200|벌크 + 쿨러_500,650|_벌크_492,100|해외구매_636,660","_정품_574,200|벌크 + 쿨러_500,610|_벌크_492,100|해외구매_636,660","_정품_574,200|벌크 + 쿨러_500,610|_벌크_492,100|해외구매_653,170","_정품_574,200|벌크 + 쿨러_500,610|_벌크_492,100|해외구매_653,170","_정품_574,200|벌크 + 쿨러_500,510|_벌크_484,720|해외구매_653,170","_정품_574,200|벌크 + 쿨러_500,500|_벌크_484,700|해외구매_653,170","_정품_574,200|벌크 + 쿨러_500,990|_벌크_480,790|해외구매_653,170","_정품_574,200|벌크 + 쿨러_500,990|_벌크_480,780|해외구매_653,170","_정품_574,200|벌크 + 쿨러_497,600|_벌크_480,780|해외구매_653,170","_정품_574,200|벌크 + 쿨러_497,600|_벌크_480,770|해외구매_653,170","_정품_574,200|벌크 + 쿨러_495,530|_벌크_481,830|해외구매_564,700","_정품_574,200|벌크 + 쿨러_495,530|_벌크_480,780|해외구매_564,700","_정품_574,200|벌크 + 쿨러_492,930|_벌크_480,750|해외구매_564,700","_정품_574,200|벌크 + 쿨러_492,930|_벌크_480,730|해외구매_564,700","_정품_574,200|벌크 + 쿨러_492,930|_벌크_480,730|해외구매_564,700","_정품_574,200|벌크 + 쿨러_492,930|_벌크_480,730|해외구매_564,700","_정품_574,200|벌크 + 쿨러_492,930|_벌크_480,730|해외구매_564,700"
32038001,인텔 코어i7-14세대 14700 (랩터레이크 리프레시),"_정품_574,200|벌크 + 쿨러_500,650|_벌크_492,100|해외구매_636,660","_정품_574,200|벌크 + 쿨러_500,610|_벌크_492,100|해외구매_636,660","_정품_574,200|벌크 + 쿨러_500,610|_벌크_492,100|해외구매_653,170","_정품_574,200|벌크 + 쿨러_500,610|_벌크_492,100|해외구매_653,170","_정품_574,200|벌크 + 쿨러_500,510|_벌크_484,720|해외구매_653,170","_정품_574,200|벌크 + 쿨러_500,500|_벌크_484,700|해외구매_653,170","_정품_574,200|벌크 + 쿨러_500,990|_벌크_480,790|해외구매_653,170","_정품_574,200|벌크 + 쿨러_500,990|_벌크_480,780|해외구매_653,170","_정품_574,200|벌크 + 쿨러_497,600|_벌크_480,780|해외구매_653,170","_정품_574,200|벌크 + 쿨러_497,600|_벌크_480,770|해외구매_653,170","_정품_574,200|벌크 + 쿨러_495,530|_벌크_481,830|해외구매_564,700","_정품_574,200|벌크 + 쿨러_495,530|_벌크_480,780|해외구매_564,700","_정품_574,200|벌크 + 쿨러_492,930|_벌크_480,750|해외구매_564,700","_정품_574,200|벌크 + 쿨러_492,930|_벌크_480,730|해외구매_564,700","_정품_574,200|벌크 + 쿨러_492,930|_벌크_480,730|해외구매_564,700","_정품_574,200|벌크 + 쿨러_492,930|_벌크_480,730|해외구매_564,700","_정품_574,200|벌크 + 쿨러_492,930|_벌크_480,730|해외구매_564,700"
35230379,인텔 코어i7-14세대 14700F (랩터레이크 리프레시),"_정품_550,000|_벌크_478,290|벌크 + 쿨러_488,770|해외구매_703,170","_정품_550,000|_벌크_478,290|벌크 + 쿨러_488,770|해외구매_703,170","_정품_550,000|_벌크_478,290|벌크 + 쿨러_488,770|해외구매_703,170","_정품_550,000|_벌크_478,290|벌크 + 쿨러_488,770|해외구매_703,170","_정품_547,800|_벌크_478,290|벌크 + 쿨러_488,770|해외구매_703,170","_정품_547,800|_벌크_478,290|벌크 + 쿨러_488,770|해외구매_703,170","_정품_547,800|_벌크_478,290|벌크 + 쿨러_488,770|해외구매_564,700","_정품_550,000|_벌크_478,290|벌크 + 쿨러_488,770|해외구매_564,700","_정품_550,000|_벌크_476,180|벌크 + 쿨러_488,260|해외구매_564,700","_정품_550,000|_벌크_476,170|벌크 + 쿨러_488,260|해외구매_564,700","_정품_550,000|_벌크_469,940|벌크 + 쿨러_482,560|해외구매_564,700","_정품_550,000|_벌크_469,920|벌크 + 쿨러_482,560|해외구매_662,220","_정품_549,940|_벌크_467,880|벌크 + 쿨러_478,400|해외구매_662,220","_정품_549,910|_벌크_467,870|벌크 + 쿨러_478,400|해외구매_662,220","_정품_549,830|_벌크_467,870|벌크 + 쿨러_478,400|해외구매_662,210","_정품_549,790|_벌크_467,870|벌크 + 쿨러_478,400|해외구매_662,210","_정품_549,710|_벌크_467,870|벌크 + 쿨러_478,400|해외구매_662,210"
32156936,인텔 코어i7-14세대 14700F (랩터레이크 리프레시),"_정품_550,000|_벌크_478,290|벌크 + 쿨러_488,770|해외구매_703,170","_정품_550,000|_벌크_478,290|벌크 + 쿨러_488,770|해외구매_703,170","_정품_550,000|_벌크_478,290|벌크 + 쿨러_488,770|해외구매_703,170","_정품_550,000|_벌크_478,290|벌크 + 쿨러_488,770|해외구매_703,170","_정품_547,800|_벌크_478,290|벌크 + 쿨러_488,770|해외구매_703,170","_정품_547,800|_벌크_478,290|벌크 + 쿨러_488,770|해외구매_703,170","_정품_547,800|_벌크_478,290|벌크 + 쿨러_488,770|해외구매_564,700","_정품_550,000|_벌크_478,290|벌크 + 쿨러_488,770|해외구매_564,700","_정품_550,000|_벌크_476,180|벌크 + 쿨러_488,260|해외구매_564,700","_정품_550,000|_벌크_476,170|벌크 + 쿨러_488,260|해외구매_564,700","_정품_550,000|_벌크_469,940|벌크 + 쿨러_482,560|해외구매_564,700","_정품_550,000|_벌크_469,920|벌크 + 쿨러_482,560|해외구매_662,220","_정품_549,940|_벌크_467,880|벌크 + 쿨러_478,400|해외구매_662,220","_정품_549,910|_벌크_467,870|벌크 + 쿨러_478,400|해외구매_662,220","_정품_549,830|_벌크_467,870|벌크 + 쿨러_478,400|해외구매_662,210","_정품_549,790|_벌크_467,870|벌크 + 쿨러_478,400|해외구매_662,210","_정품_549,710|_벌크_467,870|벌크 + 쿨러_478,400|해외구매_662,210"
28920827,인텔 코어i7-14세대 14700K (랩터레이크 리프레시),"_벌크_580,500|_해외구매_536,000","_벌크_580,500|_해외구매_536,000","_벌크_580,500|_해외구매_536,000","_벌크_580,500|_해외구매_536,000","_벌크_580,500|_해외구매_536,000","_벌크_580,500|_해외구매_536,000","_벌크_580,490|_해외구매_536,000","_벌크_580,490|_해외구매_536,000","_벌크_577,350|_해외구매_536,000","_벌크_577,350|_해외구매_536,000","_벌크_575,290|_해외구매_536,000","_벌크_575,280|_해외구매_536,000","_벌크_568,020|_해외구매_536,000","_벌크_568,020|_해외구매_536,000","_벌크_568,020|_해외구매_536,000","_벌크_568,020|_해외구매_536,000","_벌크_568,020|_해외구매_536,000"
28799498,인텔 코어i7-14세대 14700KF (랩터레이크 리프레시),"_정품_604,460|_벌크_548,410|해외구매_595,680","_정품_604,460|_벌크_548,410|해외구매_595,680","_정품_604,460|_벌크_548,410|해외구매_595,680","_정품_604,460|_벌크_548,410|해외구매_595,680","_정품_571,400|_벌크_548,410|해외구매_595,680","_정품_571,400|_벌크_548,410|해외구매_595,680","_정품_571,000|_벌크_548,390|해외구매_595,680","_정품_571,000|_벌크_548,390|해외구매_595,680","_정품_570,500|_벌크_548,270|해외구매_595,680","_정품_570,500|_벌크_548,270|해외구매_595,680","_정품_569,390|_벌크_548,230|해외구매_595,680","_정품_569,390|_벌크_548,210|해외구매_595,680","_정품_560,690|_벌크_536,860|해외구매_595,680","_정품_560,690|_벌크_530,370|해외구매_595,680","_정품_560,690|_벌크_530,370|해외구매_595,680","_정품_560,690|_벌크_530,370|해외구매_595,680","_정품_560,690|_벌크_530,290|해외구매_595,680"
32457785,인텔 코어i7-14세대 14700T (랩터레이크 리프레시),"벌크_761,000","벌크_761,000","벌크_761,000","벌크_761,000","벌크_761,000","벌크_761,000","벌크_761,000","벌크_761,000","벌크_761,000","벌크_761,000","벌크_761,000","벌크_761,000","벌크_761,000","벌크_761,000","벌크_761,000","벌크_761,000","벌크_761,000"
1013075,인텔 코어i7-1세대 860 (린필드),"중고_7,190","중고_7,190","중고_7,190","중고_7,190","중고_7,190","중고_7,190","중고_7,190","중고_7,190","중고_7,350","중고_7,350","중고_7,350","중고_7,430","중고_7,430","중고_7,430","중고_7,430","중고_7,430","중고_7,430"
4144446,인텔 코어i7-1세대 870 (린필드),"중고_12,600","중고_12,590","중고_12,590","중고_12,590","중고_12,590","중고_12,590","중고_12,590","중고_12,590","중고_12,870","중고_12,870","중고_12,870","중고_13,010","중고_13,010","중고_13,010","중고_13,010","중고_13,010","중고_13,010"
4147680,인텔 코어i7-2세대 2600 (샌디브릿지),"중고_35,390","중고_35,390","중고_35,390","중고_35,390","중고_35,390","중고_35,390","중고_35,390","중고_35,390","중고_35,390","중고_35,390","중고_35,390","중고_35,390","중고_35,390","중고_35,390","중고_35,390","중고_35,390","중고_35,390"
1376231,인텔 코어i7-2세대 2600K (샌디브릿지),"_벌크 + 쿨러_47,880|_중고_36,820","_벌크 + 쿨러_47,860|_중고_36,790","_벌크 + 쿨러_47,770|_중고_36,790","_벌크 + 쿨러_47,740|_중고_36,790","_벌크 + 쿨러_47,740|_중고_36,790","_벌크 + 쿨러_47,750|_중고_36,990","_벌크 + 쿨러_48,290|_중고_36,910","_벌크 + 쿨러_48,290|_중고_36,890","_벌크 + 쿨러_48,290|_중고_36,790","_벌크 + 쿨러_48,290|_중고_36,800","_벌크 + 쿨러_48,290|_중고_36,910","_벌크 + 쿨러_48,820|_중고_36,860","_벌크 + 쿨러_48,820|_중고_36,800","_벌크 + 쿨러_48,820|_중고_36,990","_벌크 + 쿨러_48,820|_중고_36,990","_벌크 + 쿨러_48,820|_중고_36,990","_벌크 + 쿨러_48,820|_중고_36,910"
1678802,인텔 코어i7-3세대 3770 (아이비브릿지),"_벌크 + 쿨러_57,990|_중고_49,870","_벌크 + 쿨러_57,990|_중고_49,840","_벌크 + 쿨러_57,990|_중고_49,760","_벌크 + 쿨러_57,990|_중고_49,730","_벌크 + 쿨러_57,990|_중고_49,730","_벌크 + 쿨러_57,990|_중고_49,730","_벌크 + 쿨러_57,990|_중고_49,660","_벌크 + 쿨러_57,990|_중고_49,640","_벌크 + 쿨러_57,990|_중고_46,990","_벌크 + 쿨러_57,990|_중고_46,990","_벌크 + 쿨러_57,990|_중고_46,990","_벌크 + 쿨러_57,990|_중고_46,990","_벌크 + 쿨러_57,990|_중고_46,990","_벌크 + 쿨러_57,990|_중고_46,990","_벌크 + 쿨러_57,990|_중고_46,990","_벌크 + 쿨러_57,990|_중고_46,990","_벌크 + 쿨러_57,990|_중고_46,990"
1678803,인텔 코어i7-3세대 3770K (아이비브릿지),"_벌크_67,090|_중고_61,920","_벌크_67,090|_중고_61,920","_벌크_67,090|_중고_61,920","_벌크_63,666|_중고_61,920","_벌크_63,666|_중고_61,920","_벌크_63,666|_중고_61,920","_벌크_63,666|_중고_61,920","_벌크_63,666|_중고_61,920","_벌크_63,666|_중고_61,920","_벌크_63,666|_중고_67,190","_벌크_63,666|_중고_67,190","_벌크_63,666|_중고_67,190","_벌크_63,666|_중고_67,190","_벌크_66,888|_중고_67,190","_벌크_66,888|_중고_67,190","_벌크_66,888|_중고_67,190","_벌크_66,888|_중고_67,190"
2081225,인텔 코어i7-4세대 4770 (하스웰),"_벌크_72,820|_중고_67,790","_벌크_72,820|_중고_67,790","_벌크_72,820|_중고_67,790","_벌크_72,820|_중고_67,790","_벌크_72,820|_중고_67,790","_벌크_72,820|_중고_67,790","_벌크_72,820|_중고_67,790","_벌크_72,820|_중고_67,790","_벌크_72,820|_중고_67,790","_벌크_72,820|_중고_67,790","_벌크_72,820|_중고_67,790","_벌크_72,820|_중고_67,790","_벌크_72,820|_중고_67,790","_벌크_72,820|_중고_67,790","_벌크_72,820|_중고_67,790","_벌크_72,820|_중고_67,790","_벌크_72,820|_중고_67,790"
2081228,인텔 코어i7-4세대 4770K (하스웰),"_벌크_80,700|해외구매_89,140|_중고_81,080","_벌크_80,700|해외구매_89,140|_중고_81,080","_벌크_80,700|해외구매_89,140|_중고_81,080","_벌크_80,700|해외구매_89,140|_중고_81,080","_벌크_80,700|해외구매_89,140|_중고_81,080","_벌크_80,700|해외구매_89,140|_중고_81,080","_벌크_80,700|해외구매_89,140|_중고_81,080","_벌크_80,700|해외구매_89,140|_중고_81,080","_벌크_80,700|해외구매_89,140|_중고_81,080","_벌크_80,700|해외구매_89,140|_중고_81,080","_벌크_80,700|_해외구매_91,000|중고_81,080","_벌크_80,700|_해외구매_91,000|중고_81,080","_벌크_80,700|_해외구매_91,000|중고_81,080","_벌크_80,700|_해외구매_91,000|중고_81,080","_벌크_80,700|_해외구매_91,000|중고_81,080","_벌크_80,700|_해외구매_91,000|중고_81,080","_벌크_80,700|_해외구매_91,000|중고_81,080"
2783223,인텔 코어i7-4세대 4790 (하스웰 리프레시),"_벌크_73,890|_중고_68,900","_벌크_73,890|_중고_68,880","_벌크_73,890|_중고_68,790","_벌크_73,890|_중고_68,760","_벌크_73,890|_중고_68,760","_벌크_73,890|_중고_68,770","_벌크_73,890|_중고_68,950","_벌크_73,890|_중고_68,950","_벌크_73,890|_중고_68,950","_벌크_73,890|_중고_68,950","_벌크_73,890|_중고_68,950","_벌크_73,890|_중고_69,700","_벌크_73,890|_중고_69,700","_벌크_73,890|_중고_69,700","_벌크_73,890|_중고_69,700","_벌크_73,890|_중고_69,700","_벌크_73,890|_중고_69,700"
6112865,인텔 코어i7-4세대 4790K (데빌스캐년),"중고_85,300","중고_85,300","중고_85,300","중고_85,300","중고_85,300","중고_85,300","중고_85,300","중고_85,300","중고_85,300","중고_85,300","중고_85,300","중고_85,300","중고_85,300","중고_85,300","중고_85,300","중고_85,300","중고_85,300"
3412425,인텔 코어i7-6세대 6700 (스카이레이크),"_벌크 + 쿨러_67,680|_벌크_62,100|중고_62,350|해외구매_134,320","_벌크 + 쿨러_67,650|_벌크_62,070|중고_62,350|해외구매_134,320","_벌크 + 쿨러_67,650|_벌크_62,070|중고_62,260|해외구매_134,320","_벌크 + 쿨러_67,640|_벌크_62,060|중고_62,230|해외구매_134,320","_벌크 + 쿨러_67,640|_벌크_62,060|중고_62,230|해외구매_134,320","_벌크 + 쿨러_67,640|_벌크_62,070|중고_62,230|해외구매_134,320","_벌크 + 쿨러_67,610|_벌크_62,090|중고_62,130|해외구매_134,320","_벌크 + 쿨러_67,610|_벌크_62,090|중고_62,110|해외구매_134,320","_벌크 + 쿨러_67,610|_벌크_62,090|중고_62,110|해외구매_134,320","_벌크 + 쿨러_67,610|_벌크_62,090|중고_62,110|해외구매_134,320","벌크 + 쿨러_67,610|_벌크_62,090|_중고_62,100|해외구매_134,320","벌크 + 쿨러_68,350|_벌크_62,490|_중고_62,490|해외구매_134,320","벌크 + 쿨러_68,350|_벌크_62,490|_중고_62,490|해외구매_134,320","벌크 + 쿨러_68,350|_벌크_62,490|_중고_62,490|해외구매_134,320","벌크 + 쿨러_68,350|_벌크_62,490|_중고_62,490|해외구매_134,320","벌크 + 쿨러_68,350|_벌크_62,490|_중고_62,490|해외구매_134,320","_벌크 + 쿨러_68,350|벌크_62,490|_중고_62,490|해외구매_134,320"
3444847,인텔 코어i7-6세대 6700K (스카이레이크),"벌크 + 쿨러_69,060|_벌크_63,200|_중고_63,020|해외구매_79,500","벌크 + 쿨러_69,030|_벌크_63,190|_중고_62,990|해외구매_79,500","벌크 + 쿨러_68,950|_벌크_63,110|_중고_62,990|해외구매_79,500","벌크 + 쿨러_68,920|_벌크_63,080|_중고_62,980|해외구매_79,500","벌크 + 쿨러_68,920|_벌크_63,080|_중고_62,980|해외구매_79,500","벌크 + 쿨러_68,930|_벌크_63,090|_중고_62,990|해외구매_79,500","벌크 + 쿨러_68,990|_벌크_63,470|_중고_63,470|해외구매_79,500","벌크 + 쿨러_68,990|_벌크_63,470|_중고_63,470|해외구매_79,500","_벌크 + 쿨러_68,990|벌크_63,470|_중고_63,470|해외구매_79,500","_벌크 + 쿨러_68,990|벌크_63,470|_중고_63,470|해외구매_78,200","_벌크 + 쿨러_68,990|벌크_63,470|_중고_63,470|해외구매_78,200","_벌크 + 쿨러_69,740|벌크_64,160|_중고_63,590|해외구매_78,200","_벌크 + 쿨러_69,740|벌크_63,490|_중고_63,590|해외구매_78,200","_벌크 + 쿨러_69,740|벌크_63,490|_중고_63,590|해외구매_78,200","_벌크 + 쿨러_69,740|_벌크_63,490|중고_63,590|해외구매_78,200","_벌크 + 쿨러_69,740|_벌크_63,490|중고_63,590|해외구매_78,200","_벌크 + 쿨러_69,740|_벌크_63,490|중고_63,590|해외구매_78,200"
4866420,인텔 코어i7-7세대 7700 (카비레이크),"_벌크 + 쿨러_82,970|벌크_84,530|해외구매_117,320|_중고_78,770","_벌크 + 쿨러_82,940|벌크_84,500|해외구매_117,320|_중고_78,770","_벌크 + 쿨러_82,940|벌크_84,500|해외구매_117,320|_중고_78,680","_벌크 + 쿨러_82,930|벌크_84,490|해외구매_117,320|_중고_78,650","_벌크 + 쿨러_82,930|벌크_84,490|해외구매_117,320|_중고_78,650","_벌크 + 쿨러_82,940|벌크_84,490|해외구매_117,320|_중고_78,650","_벌크 + 쿨러_83,530|벌크_84,390|해외구매_117,320|_중고_78,550","_벌크 + 쿨러_83,530|벌크_84,370|해외구매_117,320|_중고_78,530","_벌크 + 쿨러_83,530|벌크_84,370|해외구매_124,920|_중고_78,530","_벌크 + 쿨러_83,530|벌크_84,370|해외구매_124,920|_중고_78,530","_벌크 + 쿨러_83,530|벌크_84,270|해외구매_124,920|_중고_78,590","_벌크 + 쿨러_84,440|벌크_84,250|해외구매_124,920|_중고_78,590","_벌크 + 쿨러_84,440|벌크_84,250|해외구매_124,920|_중고_78,590","_벌크 + 쿨러_84,440|벌크_84,250|해외구매_124,920|_중고_78,590","_벌크 + 쿨러_84,440|벌크_84,170|해외구매_124,920|_중고_78,590","_벌크 + 쿨러_84,440|벌크_84,130|해외구매_124,920|_중고_78,590","_벌크 + 쿨러_84,440|벌크_84,130|해외구매_124,920|_중고_78,590"
4820435,인텔 코어i7-7세대 7700K (카비레이크),"벌크_118,600|_해외구매_137,050|_중고_93,960","벌크_118,600|_해외구매_137,050|_중고_93,960","벌크_118,600|_해외구매_137,050|_중고_93,960","벌크_118,600|_해외구매_137,050|_중고_93,960","벌크_118,600|_해외구매_137,050|_중고_93,960","벌크_118,600|_해외구매_137,050|_중고_93,960","벌크_118,600|_해외구매_137,050|_중고_93,960","벌크_118,600|_해외구매_137,050|_중고_93,960","벌크_118,250|_해외구매_137,050|_중고_93,960","벌크_118,250|_해외구매_137,050|_중고_93,960","벌크_118,250|_해외구매_137,050|_중고_93,960","벌크_118,250|_해외구매_137,050|_중고_93,960","벌크_118,250|_해외구매_137,050|_중고_93,960","벌크_118,250|_해외구매_137,050|_중고_93,960","벌크_118,600|_해외구매_137,050|_중고_93,960","벌크_118,600|_해외구매_137,050|_중고_93,960","벌크_118,600|_해외구매_137,050|_중고_93,960"
5627136,인텔 코어i7-8세대 8700 (커피레이크),"_벌크 + 쿨러_163,720|벌크_122,930|해외구매_147,600|_중고_99,900","_벌크 + 쿨러_163,710|벌크_122,900|해외구매_147,600|_중고_99,900","_벌크 + 쿨러_163,710|벌크_122,830|해외구매_147,600|_중고_99,900","_벌크 + 쿨러_163,710|벌크_122,800|해외구매_147,600|_중고_99,900","_벌크 + 쿨러_163,620|벌크_122,790|해외구매_147,600|_중고_99,900","_벌크 + 쿨러_163,600|벌크_122,770|해외구매_147,600|_중고_99,900","_벌크 + 쿨러_163,600|벌크_122,770|해외구매_147,600|_중고_99,900","_벌크 + 쿨러_163,600|벌크_122,770|해외구매_147,600|_중고_99,900","_벌크 + 쿨러_163,720|벌크_122,670|해외구매_147,600|_중고_99,900","_벌크 + 쿨러_163,720|벌크_122,650|해외구매_142,700|_중고_99,900","_벌크 + 쿨러_163,720|벌크_122,650|해외구매_142,700|_중고_99,900","_벌크 + 쿨러_163,720|벌크_122,620|해외구매_142,700|_중고_99,900","_벌크 + 쿨러_138,310|벌크_122,560|해외구매_142,700|_중고_99,900","_벌크 + 쿨러_138,310|벌크_122,530|해외구매_142,700|_중고_99,900","_벌크 + 쿨러_138,300|벌크_122,530|해외구매_142,700|_중고_99,900","_벌크 + 쿨러_138,300|벌크_122,530|해외구매_142,700|_중고_99,900","_벌크 + 쿨러_138,300|벌크_122,450|해외구매_142,700|_중고_99,900"
5623267,인텔 코어i7-8세대 8700K (커피레이크),"벌크 + 쿨러_211,250|_벌크_141,360|해외구매_149,000|_중고_129,000","벌크 + 쿨러_211,250|_벌크_141,360|해외구매_149,000|_중고_129,000","벌크 + 쿨러_211,250|_벌크_141,360|해외구매_149,000|_중고_129,000","벌크 + 쿨러_211,250|_벌크_140,220|해외구매_149,000|_중고_129,000","벌크 + 쿨러_211,250|_벌크_140,220|해외구매_149,000|_중고_129,000","벌크 + 쿨러_211,250|_벌크_140,220|해외구매_149,000|_중고_129,000","벌크 + 쿨러_209,410|_벌크_140,220|해외구매_149,000|_중고_129,000","벌크 + 쿨러_209,410|_벌크_140,220|해외구매_149,000|_중고_129,000","벌크 + 쿨러_209,410|_벌크_140,220|해외구매_149,000|_중고_129,000","벌크 + 쿨러_209,410|_벌크_140,220|해외구매_144,000|_중고_129,000","벌크 + 쿨러_209,410|_벌크_140,220|해외구매_144,000|_중고_129,000","벌크 + 쿨러_209,410|_벌크_140,220|해외구매_144,000|_중고_129,000","벌크 + 쿨러_211,250|_벌크_140,220|해외구매_144,000|_중고_129,000","벌크 + 쿨러_211,250|_벌크_141,360|해외구매_144,000|_중고_129,000","벌크 + 쿨러_211,240|_벌크_141,360|해외구매_144,000|_중고_129,000","벌크 + 쿨러_211,240|_벌크_141,360|해외구매_144,000|_중고_129,000","벌크 + 쿨러_211,240|_벌크_141,360|해외구매_144,000|_중고_129,000"
8650784,인텔 코어i7-9세대 9700 (커피레이크-R),"_벌크 + 쿨러_202,880|_벌크_175,750|해외구매_187,200|중고_185,000","_벌크 + 쿨러_202,880|_벌크_175,750|해외구매_187,200|중고_185,000","_벌크 + 쿨러_202,880|_벌크_175,750|해외구매_187,200|중고_185,000","_벌크 + 쿨러_202,880|_벌크_175,750|해외구매_187,200|중고_185,000","_벌크 + 쿨러_202,880|_벌크_175,750|해외구매_187,200|중고_183,750","_벌크 + 쿨러_202,880|_벌크_149,000|해외구매_187,200|중고_183,750","_벌크 + 쿨러_202,880|_벌크_185,000|해외구매_187,200|중고_184,990","_벌크 + 쿨러_202,880|_벌크_185,000|해외구매_187,200|중고_184,990","_벌크 + 쿨러_202,880|_벌크_185,000|해외구매_187,200|중고_184,990","_벌크 + 쿨러_202,880|_벌크_185,000|해외구매_175,700|중고_184,990","_벌크 + 쿨러_202,880|_벌크_185,000|해외구매_175,700|중고_184,990","_벌크 + 쿨러_202,880|_벌크_185,000|해외구매_175,700|중고_184,990","_벌크 + 쿨러_191,000|_벌크_185,000|해외구매_175,700|중고_175,990","_벌크 + 쿨러_191,000|_벌크_185,000|해외구매_175,700|중고_184,990","_벌크 + 쿨러_191,000|_벌크_185,000|해외구매_175,700|중고_184,990","_벌크 + 쿨러_191,000|_벌크_185,000|해외구매_175,700|중고_184,990","_벌크 + 쿨러_191,000|_벌크_185,000|해외구매_175,700|중고_175,990"
8372031,인텔 코어i7-9세대 9700F (커피레이크-R),"_벌크 + 쿨러_250,000|_벌크_198,000|해외구매_303,930","_벌크 + 쿨러_250,000|_벌크_195,130|해외구매_303,930","_벌크 + 쿨러_250,000|_벌크_195,130|해외구매_303,930","_벌크 + 쿨러_250,000|_벌크_198,000|해외구매_303,930","_벌크 + 쿨러_250,000|_벌크_198,000|해외구매_303,930","_벌크 + 쿨러_250,000|_벌크_198,000|해외구매_303,930","_벌크 + 쿨러_250,000|_벌크_198,000|해외구매_303,930","_벌크 + 쿨러_250,000|_벌크_198,000|해외구매_303,930","_벌크 + 쿨러_250,000|_벌크_198,000|해외구매_303,930","_벌크 + 쿨러_250,000|_벌크_198,000|해외구매_303,930","벌크 + 쿨러_250,000|_벌크_198,000|_해외구매_303,930","벌크 + 쿨러_250,000|_벌크_192,130|_해외구매_303,930","벌크 + 쿨러_250,000|_벌크_192,130|_해외구매_303,930","벌크 + 쿨러_250,000|_벌크_198,000|_해외구매_303,930","_벌크 + 쿨러_250,000|_벌크_192,130|해외구매_303,930","_벌크 + 쿨러_250,000|_벌크_198,000|해외구매_303,930","_벌크 + 쿨러_250,000|_벌크_198,000|해외구매_303,930"
6581257,인텔 코어i7-9세대 9700K (커피레이크-R),"벌크 + 쿨러_248,320|_벌크_215,000|해외구매_277,770|_중고_189,000","벌크 + 쿨러_248,320|_벌크_215,000|해외구매_277,770|_중고_189,000","벌크 + 쿨러_248,320|_벌크_215,000|해외구매_277,770|_중고_189,000","벌크 + 쿨러_248,320|_벌크_215,000|해외구매_277,770|_중고_189,000","벌크 + 쿨러_248,320|_벌크_215,000|해외구매_277,770|_중고_189,000","벌크 + 쿨러_248,320|_벌크_215,000|해외구매_277,770|_중고_189,000","벌크 + 쿨러_248,320|_벌크_215,000|해외구매_277,770|_중고_189,000","벌크 + 쿨러_248,320|_벌크_215,000|해외구매_277,770|_중고_189,000","벌크 + 쿨러_248,320|_벌크_215,000|해외구매_277,770|_중고_189,000","벌크 + 쿨러_248,320|_벌크_215,000|해외구매_277,770|_중고_189,000","벌크 + 쿨러_248,320|_벌크_215,000|해외구매_277,770|_중고_189,000","벌크 + 쿨러_248,320|_벌크_215,000|해외구매_277,770|_중고_189,000","벌크 + 쿨러_248,320|_벌크_215,000|해외구매_277,770|_중고_189,000","벌크 + 쿨러_248,320|_벌크_215,000|해외구매_277,770|_중고_189,000","벌크 + 쿨러_248,320|_벌크_215,000|해외구매_277,770|_중고_189,000","벌크 + 쿨러_248,320|_벌크_215,000|해외구매_277,770|_중고_189,000","벌크 + 쿨러_248,320|_벌크_215,000|해외구매_277,770|_중고_189,000"
7517686,인텔 코어i7-9세대 9700KF (커피레이크-R),"_정품_545,460|병행수입 박스_547,730|벌크 + 쿨러_350,000|_벌크_205,830|해외구매_201,770","_정품_545,460|병행수입 박스_547,730|벌크 + 쿨러_350,000|_벌크_199,830|해외구매_201,770","_정품_545,460|병행수입 박스_547,730|벌크 + 쿨러_350,000|_벌크_200,430|해외구매_201,770","_정품_545,460|병행수입 박스_547,730|벌크 + 쿨러_350,000|_벌크_206,420|해외구매_201,770","_정품_545,460|병행수입 박스_547,730|벌크 + 쿨러_350,000|_벌크_203,430|해외구매_201,770","_정품_545,460|병행수입 박스_547,730|벌크 + 쿨러_350,000|_벌크_206,420|해외구매_201,770","_정품_545,460|병행수입 박스_547,730|벌크 + 쿨러_350,000|_벌크_200,430|해외구매_201,770","_정품_545,460|병행수입 박스_547,730|벌크 + 쿨러_350,000|_벌크_203,420|해외구매_201,770","_정품_545,460|병행수입 박스_547,730|벌크 + 쿨러_350,000|_벌크_206,390|해외구매_201,770","_정품_545,460|병행수입 박스_547,730|벌크 + 쿨러_350,000|_벌크_203,390|해외구매_201,770","_정품_545,460|병행수입 박스_547,730|벌크 + 쿨러_350,000|_벌크_203,430|해외구매_206,060","_정품_545,460|병행수입 박스_547,730|벌크 + 쿨러_350,000|_벌크_200,430|해외구매_206,060","_정품_545,460|병행수입 박스_547,730|벌크 + 쿨러_350,000|_벌크_203,410|해외구매_206,060","_정품_545,460|병행수입 박스_547,730|벌크 + 쿨러_350,000|_벌크_203,410|해외구매_206,060","_정품_545,460|병행수입 박스_547,730|벌크 + 쿨러_350,000|_벌크_200,400|해외구매_206,060","_정품_545,460|병행수입 박스_547,730|벌크 + 쿨러_350,000|_벌크_206,430|해외구매_206,060","_정품_545,460|병행수입 박스_547,730|벌크 + 쿨러_350,000|_벌크_203,430|해외구매_206,060"
11870941,인텔 코어i9-10세대 10900 (코멧레이크S),"_벌크 + 쿨러_761,940|_벌크_756,440|해외구매_685,980|중고_700,000","_벌크 + 쿨러_761,940|_벌크_756,440|해외구매_685,980|중고_700,000","_벌크 + 쿨러_761,940|_벌크_756,440|해외구매_685,980|중고_700,000","_벌크 + 쿨러_761,940|_벌크_756,440|해외구매_685,980|중고_700,000","벌크 + 쿨러_761,940|_벌크_756,440|_해외구매_685,980|중고_700,000","벌크 + 쿨러_761,940|_벌크_756,440|_해외구매_685,980|중고_700,000","벌크 + 쿨러_761,940|_벌크_756,440|_해외구매_685,980|중고_700,000","벌크 + 쿨러_761,940|_벌크_756,440|_해외구매_685,980|중고_700,000","_벌크 + 쿨러_761,940|벌크_756,440|_해외구매_685,980|중고_700,000","_벌크 + 쿨러_761,940|벌크_756,440|_해외구매_685,980|중고_700,000","_벌크 + 쿨러_761,940|_벌크_756,440|해외구매_700,270|중고_700,000","_벌크 + 쿨러_761,940|_벌크_756,440|해외구매_700,270|중고_700,000","_벌크 + 쿨러_761,940|_벌크_756,440|해외구매_700,270|중고_700,000","_벌크 + 쿨러_761,940|_벌크_756,440|해외구매_700,270|중고_700,000","_벌크 + 쿨러_761,940|_벌크_756,440|해외구매_700,270|중고_700,000","_벌크 + 쿨러_761,940|_벌크_756,440|해외구매_700,270|중고_700,000","_벌크 + 쿨러_761,940|_벌크_756,440|해외구매_700,270|중고_700,000"
11824936,인텔 코어i9-10세대 10900F (코멧레이크S),0,0,0,0,0,0,0,0,"_벌크 + 쿨러_630,000|_벌크_600,000","_벌크 + 쿨러_630,000|_벌크_600,000","_벌크 + 쿨러_630,000|_벌크_600,000","_벌크 + 쿨러_630,000|_벌크_600,000","_벌크 + 쿨러_630,000|_벌크_600,000","_벌크 + 쿨러_630,000|_벌크_600,000","_벌크 + 쿨러_630,000|_벌크_600,000","_벌크 + 쿨러_630,000|_벌크_600,000","_벌크 + 쿨러_630,000|_벌크_600,000"
12309857,인텔 코어i9-10세대 10900K (코멧레이크S),"_벌크 + 쿨러_850,000|_벌크_850,000|해외구매_775,460","_벌크 + 쿨러_850,000|_벌크_850,000|해외구매_775,460","_벌크 + 쿨러_850,000|_벌크_850,000|해외구매_775,460","_벌크 + 쿨러_850,000|_벌크_850,000|해외구매_775,460","_벌크 + 쿨러_850,000|_벌크_850,000|해외구매_775,460","_벌크 + 쿨러_850,000|_벌크_850,000|해외구매_775,460","_벌크 + 쿨러_850,000|_벌크_850,000|해외구매_775,460","_벌크 + 쿨러_850,000|_벌크_850,000|해외구매_775,460","_벌크 + 쿨러_850,000|_벌크_850,000|해외구매_775,460","_벌크 + 쿨러_850,000|_벌크_850,000|해외구매_775,460","_벌크 + 쿨러_850,000|_벌크_850,000|해외구매_775,460","_벌크 + 쿨러_850,000|_벌크_850,000|해외구매_775,460","_벌크 + 쿨러_850,000|벌크_850,000|_해외구매_775,460","_벌크 + 쿨러_850,000|벌크_850,000|_해외구매_775,460","_벌크 + 쿨러_850,000|벌크_850,000|_해외구매_775,460","_벌크 + 쿨러_850,000|벌크_850,000|_해외구매_775,460","벌크 + 쿨러_850,000|_벌크_850,000|_해외구매_775,460"
13825493,인텔 코어i9-11세대 11900 (로켓레이크S),"_벌크_748,000|_해외구매_575,700","_벌크_748,000|_해외구매_575,700","_벌크_748,000|_해외구매_575,700","_벌크_748,000|_해외구매_575,700","_벌크_748,000|_해외구매_575,700","_벌크_748,000|_해외구매_575,700","_벌크_748,000|_해외구매_575,700","_벌크_748,000|_해외구매_575,700","_벌크_748,000|_해외구매_579,850","_벌크_748,000|_해외구매_579,850","_벌크_748,000|_해외구매_579,850","_벌크_748,000|_해외구매_579,850","_벌크_748,000|_해외구매_579,850","_벌크_748,000|_해외구매_579,850","_벌크_748,000|_해외구매_579,850","_벌크_748,000|_해외구매_579,850","_벌크_748,000|_해외구매_579,850"
13825319,인텔 코어i9-11세대 11900F (로켓레이크S),"_벌크 + 쿨러_540,230|_해외구매_341,700","_벌크 + 쿨러_540,230|_해외구매_341,700","_벌크 + 쿨러_538,410|_해외구매_341,700","_벌크 + 쿨러_538,410|_해외구매_341,700","_벌크 + 쿨러_540,230|_해외구매_341,700","_벌크 + 쿨러_540,230|_해외구매_341,700","_벌크 + 쿨러_517,550|_해외구매_341,700","_벌크 + 쿨러_517,550|_해외구매_341,700","_벌크 + 쿨러_517,550|_해외구매_341,700","_벌크 + 쿨러_517,550|_해외구매_341,700","_벌크 + 쿨러_517,550|_해외구매_341,700","_벌크 + 쿨러_517,550|_해외구매_341,700","_벌크 + 쿨러_520,180|_해외구매_341,700","_벌크 + 쿨러_520,180|_해외구매_341,700","_벌크 + 쿨러_520,180|_해외구매_341,700","_벌크 + 쿨러_520,180|_해외구매_341,700","_벌크 + 쿨러_520,180|_해외구매_341,700"
14867984,인텔 코어i9-11세대 11900K (로켓레이크S),"해외구매_500,340","해외구매_500,340","해외구매_500,340","해외구매_500,340","해외구매_500,340","해외구매_500,340","해외구매_500,340","해외구매_500,340","해외구매_500,340","해외구매_500,340","해외구매_500,340","해외구매_500,340","해외구매_500,340","해외구매_500,340","해외구매_500,340","해외구매_500,340","해외구매_500,340"
16101545,인텔 코어i9-12세대 12900 (엘더레이크),"_정품_1,100,990|_벌크 + 쿨러_619,000|벌크_679,990|중고_700,000","_정품_1,097,990|_벌크 + 쿨러_619,000|벌크_679,990|중고_700,000","_정품_1,187,990|벌크 + 쿨러_619,000|_벌크_679,990|중고_700,000","_정품_1,184,990|벌크 + 쿨러_619,000|_벌크_679,990|중고_700,000","_정품_1,172,990|벌크 + 쿨러_619,000|_벌크_679,990|중고_700,000","_정품_1,172,990|벌크 + 쿨러_619,000|_벌크_679,990|중고_700,000","_정품_1,160,990|벌크 + 쿨러_619,000|_벌크_679,990|중고_700,000","_정품_1,160,990|벌크 + 쿨러_619,000|_벌크_679,990|중고_700,000","_정품_1,136,990|벌크 + 쿨러_619,000|_벌크_679,990|중고_700,000","_정품_1,136,990|벌크 + 쿨러_619,000|_벌크_679,990|중고_700,000","_정품_1,112,990|벌크 + 쿨러_619,000|_벌크_679,990|중고_700,000","_정품_1,106,990|벌크 + 쿨러_619,000|_벌크_679,990|중고_700,000","_정품_1,094,990|벌크 + 쿨러_619,000|_벌크_679,990|중고_700,000","_정품_1,199,990|벌크 + 쿨러_619,000|_벌크_679,990|중고_700,000","_정품_1,199,990|벌크 + 쿨러_619,000|_벌크_679,990|중고_700,000","_정품_1,196,990|벌크 + 쿨러_619,000|_벌크_679,990|중고_700,000","_정품_1,196,990|벌크 + 쿨러_619,000|_벌크_679,990|중고_700,000"
16233314,인텔 코어i9-12세대 12900F (엘더레이크),"_벌크 + 쿨러_605,000|_해외구매_898,490","_벌크 + 쿨러_605,000|_해외구매_898,490","_벌크 + 쿨러_605,000|_해외구매_898,490","_벌크 + 쿨러_605,000|_해외구매_898,490","_벌크 + 쿨러_605,000|_해외구매_898,490","_벌크 + 쿨러_605,000|_해외구매_898,490","_벌크 + 쿨러_605,000|_해외구매_898,490","_벌크 + 쿨러_605,000|_해외구매_898,490","_벌크 + 쿨러_605,000|_해외구매_898,490","_벌크 + 쿨러_605,000|_해외구매_898,490","_벌크 + 쿨러_605,000|_해외구매_898,490","_벌크 + 쿨러_605,000|_해외구매_898,490","_벌크 + 쿨러_605,000|_해외구매_898,490","_벌크 + 쿨러_605,000|_해외구매_898,490","_벌크 + 쿨러_605,000|_해외구매_898,490","_벌크 + 쿨러_605,000|_해외구매_898,490","_벌크 + 쿨러_605,000|_해외구매_898,490"
15594887,인텔 코어i9-12세대 12900K (엘더레이크),"_정품_899,990|벌크 + 쿨러_675,180|_벌크_649,400|병행수입 박스_663,050|해외구매_681,030|중고_694,930","_정품_899,990|벌크 + 쿨러_675,180|_벌크_649,400|병행수입 박스_663,050|해외구매_681,030|중고_694,930","_정품_899,990|벌크 + 쿨러_675,090|_벌크_649,400|병행수입 박스_663,050|해외구매_681,030|중고_694,930","_정품_899,990|벌크 + 쿨러_675,060|_벌크_649,400|병행수입 박스_663,050|해외구매_681,030|중고_694,930","_정품_899,990|벌크 + 쿨러_675,060|_벌크_649,400|병행수입 박스_663,050|해외구매_681,030|중고_694,930","_정품_899,990|벌크 + 쿨러_675,070|_벌크_649,400|병행수입 박스_663,050|해외구매_681,030|중고_694,930","_정품_899,990|벌크 + 쿨러_675,180|_벌크_649,400|병행수입 박스_663,050|해외구매_681,030|중고_694,930","_정품_899,990|벌크 + 쿨러_675,180|_벌크_649,400|병행수입 박스_663,050|해외구매_681,030|중고_694,930","_정품_899,990|벌크 + 쿨러_674,600|_벌크_647,830|병행수입 박스_655,740|해외구매_681,030|중고_593,000","_정품_899,990|벌크 + 쿨러_674,600|_벌크_647,830|병행수입 박스_655,740|해외구매_681,030|중고_593,000","_정품_899,990|_벌크 + 쿨러_674,600|벌크_643,170|병행수입 박스_655,740|해외구매_681,030|중고_593,000","_정품_899,990|_벌크 + 쿨러_674,600|벌크_643,110|병행수입 박스_655,740|해외구매_681,030|중고_593,000","_정품_899,990|_벌크 + 쿨러_674,600|벌크_643,090|병행수입 박스_655,740|해외구매_681,030|중고_593,000","_정품_899,990|_벌크 + 쿨러_674,600|벌크_643,060|병행수입 박스_655,740|해외구매_681,030|중고_593,000","_정품_899,990|_벌크 + 쿨러_674,600|벌크_643,060|병행수입 박스_655,740|해외구매_681,030|중고_593,000","_정품_899,990|_벌크 + 쿨러_674,600|벌크_635,790|병행수입 박스_655,740|해외구매_681,030|중고_593,000","_정품_899,990|_벌크 + 쿨러_674,600|벌크_635,790|병행수입 박스_655,740|해외구매_681,030|중고_593,000"
16797257,인텔 코어i9-12세대 12900KF (엘더레이크),"_병행수입 박스_515,440|벌크 + 쿨러_549,000|벌크_900,000|_해외구매_614,560","_병행수입 박스_515,440|벌크 + 쿨러_549,000|벌크_999,990|_해외구매_614,560","_병행수입 박스_515,440|벌크 + 쿨러_549,000|벌크_999,990|_해외구매_614,560","_병행수입 박스_515,440|벌크 + 쿨러_900,000|벌크_999,990|_해외구매_614,560","병행수입 박스_515,440|벌크 + 쿨러_940,000|_벌크_999,990|_해외구매_614,560","병행수입 박스_515,440|벌크 + 쿨러_940,000|_벌크_999,990|_해외구매_614,560","병행수입 박스_515,440|벌크 + 쿨러_940,000|_벌크_999,990|_해외구매_614,560","병행수입 박스_515,440|벌크 + 쿨러_940,000|_벌크_999,990|_해외구매_614,560","_병행수입 박스_515,440|벌크 + 쿨러_940,000|벌크_999,990|_해외구매_614,560","_병행수입 박스_515,440|벌크 + 쿨러_940,000|벌크_999,990|_해외구매_607,500","_병행수입 박스_515,440|벌크 + 쿨러_960,000|벌크_999,990|_해외구매_607,500","_병행수입 박스_515,440|벌크 + 쿨러_960,000|벌크_999,990|_해외구매_607,500","_병행수입 박스_515,440|벌크 + 쿨러_960,000|벌크_999,990|_해외구매_607,500","_병행수입 박스_515,440|벌크 + 쿨러_999,990|벌크_999,990|_해외구매_607,500","_병행수입 박스_515,440|벌크 + 쿨러_999,990|벌크_999,990|_해외구매_607,500","_병행수입 박스_515,440|벌크 + 쿨러_999,990|벌크_999,990|_해외구매_607,500","병행수입 박스_515,440|_벌크 + 쿨러_999,990|벌크_999,990|_해외구매_607,500"
16394042,인텔 코어i9-12세대 12900T (엘더레이크),0,0,0,0,"벌크_973,990","벌크_974,000","벌크_974,000","벌크_974,000",0,0,0,0,0,0,0,0,0
18640472,인텔 코어i9-13세대 13900 (랩터레이크),"_정품_1,022,400|벌크 + 쿨러_611,740|_벌크_839,620|해외구매_1,057,500","_정품_1,022,400|벌크 + 쿨러_611,740|_벌크_839,620|해외구매_1,057,500","_정품_1,022,400|벌크 + 쿨러_611,740|_벌크_836,780|해외구매_1,046,250","_정품_1,022,400|벌크 + 쿨러_611,740|_벌크_836,780|해외구매_1,046,250","_정품_1,022,400|벌크 + 쿨러_582,600|_벌크_836,780|해외구매_1,046,250","_정품_1,022,400|벌크 + 쿨러_582,600|_벌크_836,780|해외구매_1,046,250","_정품_1,022,400|벌크 + 쿨러_582,600|_벌크_836,780|해외구매_1,046,250","_정품_1,022,400|벌크 + 쿨러_582,600|_벌크_836,780|해외구매_1,046,250","_정품_1,022,400|벌크 + 쿨러_582,600|_벌크_836,780|해외구매_1,046,250","_정품_1,022,400|벌크 + 쿨러_582,600|_벌크_836,780|해외구매_1,046,250","_정품_1,043,700|_벌크 + 쿨러_577,100|벌크_703,160|해외구매_1,046,250","_정품_1,043,700|_벌크 + 쿨러_577,100|벌크_697,960|해외구매_1,046,250","_정품_1,043,700|_벌크 + 쿨러_577,100|벌크_697,960|해외구매_1,046,250","_정품_1,043,700|_벌크 + 쿨러_563,000|벌크_697,960|해외구매_1,046,250","_정품_1,043,700|벌크 + 쿨러_563,000|_벌크_697,960|해외구매_1,046,250","_정품_1,043,700|벌크 + 쿨러_563,000|_벌크_697,960|해외구매_1,046,250","_정품_1,043,700|벌크 + 쿨러_563,000|_벌크_697,960|해외구매_1,046,250"
18039569,인텔 코어i9-13세대 13900K (랩터레이크),"_정품_10,000,000|벌크 + 쿨러_710,000|_벌크_690,000|해외구매_886,000","_정품_10,000,000|벌크 + 쿨러_710,000|_벌크_690,000|해외구매_886,000","_정품_10,000,000|벌크 + 쿨러_710,000|_벌크_690,000|해외구매_886,000","_정품_10,000,000|벌크 + 쿨러_710,000|_벌크_690,000|해외구매_886,000","_정품_10,000,000|벌크 + 쿨러_710,000|_벌크_690,000|해외구매_886,000","_정품_10,000,000|벌크 + 쿨러_710,000|_벌크_690,000|해외구매_886,000","_정품_10,000,000|벌크 + 쿨러_710,000|_벌크_690,000|해외구매_886,000","_정품_10,000,000|벌크 + 쿨러_710,000|_벌크_690,000|해외구매_886,000","_정품_10,000,000|벌크 + 쿨러_710,000|_벌크_690,000|해외구매_886,000","_정품_10,000,000|벌크 + 쿨러_710,000|_벌크_690,000|해외구매_886,000","_정품_699,240|벌크 + 쿨러_710,000|_벌크_690,000|해외구매_886,000","_정품_699,230|벌크 + 쿨러_710,000|_벌크_690,000|해외구매_886,000","_정품_699,230|벌크 + 쿨러_710,000|_벌크_690,000|해외구매_886,000","_정품_699,230|벌크 + 쿨러_710,000|_벌크_690,000|해외구매_886,000","_정품_699,230|벌크 + 쿨러_710,000|_벌크_690,000|해외구매_886,000","_정품_699,230|벌크 + 쿨러_710,000|_벌크_690,000|해외구매_886,000","_정품_699,230|벌크 + 쿨러_710,000|_벌크_690,000|해외구매_886,000"
18039512,인텔 코어i9-13세대 13900KF (랩터레이크),"_정품_660,910|벌크 + 쿨러_570,830|_벌크_549,040|해외구매_632,000","_정품_660,910|벌크 + 쿨러_570,830|_벌크_549,020|해외구매_632,000","_정품_660,910|벌크 + 쿨러_570,830|_벌크_548,930|해외구매_632,000","_정품_660,910|벌크 + 쿨러_570,830|_벌크_548,900|해외구매_632,000","_정품_660,910|벌크 + 쿨러_570,830|_벌크_548,900|해외구매_632,000","_정품_660,910|벌크 + 쿨러_570,830|_벌크_548,910|해외구매_632,000","_정품_660,910|벌크 + 쿨러_570,830|_벌크_549,880|해외구매_632,000","_정품_660,910|벌크 + 쿨러_570,830|_벌크_549,880|해외구매_632,000","_정품_660,910|벌크 + 쿨러_588,480|_벌크_549,630|해외구매_632,000","_정품_660,910|벌크 + 쿨러_600,610|_벌크_549,630|해외구매_607,500","_정품_674,970|벌크 + 쿨러_561,490|_벌크_544,830|해외구매_607,500","_정품_674,970|벌크 + 쿨러_561,490|_벌크_544,830|해외구매_607,500","_정품_674,970|벌크 + 쿨러_561,490|_벌크_536,630|해외구매_607,500","_정품_674,970|벌크 + 쿨러_561,490|_벌크_544,830|해외구매_607,500","_정품_674,970|벌크 + 쿨러_561,490|_벌크_536,630|해외구매_607,500","_정품_674,970|벌크 + 쿨러_561,490|_벌크_536,620|해외구매_607,500","_정품_674,970|벌크 + 쿨러_561,490|_벌크_536,620|해외구매_607,500"
18812537,인텔 코어i9-13세대 13900KS (랩터레이크),"해외구매_1,311,000","해외구매_1,156,700",0,0,0,0,0,0,0,0,0,0,0,0,0,0,0
32103329,인텔 코어i9-14세대 14900 (랩터레이크 리프레시),"_정품_891,340|벌크 + 쿨러_758,970|_벌크_733,470","_정품_891,340|벌크 + 쿨러_758,960|_벌크_733,470","_정품_891,340|벌크 + 쿨러_758,960|_벌크_733,470","_정품_891,340|벌크 + 쿨러_758,960|_벌크_733,470","_정품_891,340|벌크 + 쿨러_758,880|_벌크_733,470","_정품_891,340|벌크 + 쿨러_758,860|_벌크_733,470","_정품_891,340|벌크 + 쿨러_758,760|_벌크_733,450","_정품_891,340|벌크 + 쿨러_758,740|_벌크_733,450","_정품_891,340|벌크 + 쿨러_758,680|_벌크_730,310","_정품_891,340|벌크 + 쿨러_758,680|_벌크_730,310","_정품_907,470|벌크 + 쿨러_758,650|_벌크_727,670","_정품_907,460|벌크 + 쿨러_758,650|_벌크_727,650","_정품_907,460|벌크 + 쿨러_742,290|_벌크_711,320","_정품_907,460|벌크 + 쿨러_728,200|_벌크_711,320","_정품_913,810|벌크 + 쿨러_728,200|_벌크_711,320","_정품_913,810|벌크 + 쿨러_728,200|_벌크_711,320","_정품_913,810|벌크 + 쿨러_728,190|_벌크_711,320"
32037824,인텔 코어i9-14세대 14900 (랩터레이크 리프레시),"_정품_891,340|벌크 + 쿨러_758,970|_벌크_733,470","_정품_891,340|벌크 + 쿨러_758,960|_벌크_733,470","_정품_891,340|벌크 + 쿨러_758,960|_벌크_733,470","_정품_891,340|벌크 + 쿨러_758,960|_벌크_733,470","_정품_891,340|벌크 + 쿨러_758,880|_벌크_733,470","_정품_891,340|벌크 + 쿨러_758,860|_벌크_733,470","_정품_891,340|벌크 + 쿨러_758,760|_벌크_733,450","_정품_891,340|벌크 + 쿨러_758,740|_벌크_733,450","_정품_891,340|벌크 + 쿨러_758,680|_벌크_730,310","_정품_891,340|벌크 + 쿨러_758,680|_벌크_730,310","_정품_907,470|벌크 + 쿨러_758,650|_벌크_727,670","_정품_907,460|벌크 + 쿨러_758,650|_벌크_727,650","_정품_907,460|벌크 + 쿨러_742,290|_벌크_711,320","_정품_907,460|벌크 + 쿨러_728,200|_벌크_711,320","_정품_913,810|벌크 + 쿨러_728,200|_벌크_711,320","_정품_913,810|벌크 + 쿨러_728,200|_벌크_711,320","_정품_913,810|벌크 + 쿨러_728,190|_벌크_711,320"
32103278,인텔 코어i9-14세대 14900F (랩터레이크 리프레시),"_정품_856,760|벌크 + 쿨러_857,620|_벌크_829,000","_정품_856,760|벌크 + 쿨러_857,600|_벌크_829,000","_정품_856,760|벌크 + 쿨러_857,510|_벌크_829,000","_정품_856,760|벌크 + 쿨러_857,480|_벌크_829,000","_정품_856,760|벌크 + 쿨러_857,480|_벌크_829,000","_정품_856,760|벌크 + 쿨러_857,490|_벌크_829,000","_정품_856,760|벌크 + 쿨러_864,210|_벌크_829,000","_정품_856,760|벌크 + 쿨러_864,210|_벌크_829,000","_정품_856,760|벌크 + 쿨러_864,210|_벌크_829,000","_정품_856,760|벌크 + 쿨러_864,210|_벌크_829,000","_정품_856,760|벌크 + 쿨러_1,116,000|_벌크_829,000","_정품_856,760|_벌크 + 쿨러_1,199,990|벌크_829,000","_정품_858,800|벌크 + 쿨러_1,199,990|_벌크_829,000","_정품_858,800|벌크 + 쿨러_1,199,990|_벌크_829,000","_정품_858,800|벌크 + 쿨러_1,199,990|_벌크_829,000","_정품_858,800|벌크 + 쿨러_1,199,990|_벌크_829,000","_정품_858,800|벌크 + 쿨러_1,199,990|_벌크_829,000"
32037701,인텔 코어i9-14세대 14900F (랩터레이크 리프레시),"_정품_856,760|벌크 + 쿨러_857,620|_벌크_829,000","_정품_856,760|벌크 + 쿨러_857,600|_벌크_829,000","_정품_856,760|벌크 + 쿨러_857,510|_벌크_829,000","_정품_856,760|벌크 + 쿨러_857,480|_벌크_829,000","_정품_856,760|벌크 + 쿨러_857,480|_벌크_829,000","_정품_856,760|벌크 + 쿨러_857,490|_벌크_829,000","_정품_856,760|벌크 + 쿨러_864,210|_벌크_829,000","_정품_856,760|벌크 + 쿨러_864,210|_벌크_829,000","_정품_856,760|벌크 + 쿨러_864,210|_벌크_829,000","_정품_856,760|벌크 + 쿨러_864,210|_벌크_829,000","_정품_856,760|벌크 + 쿨러_1,116,000|_벌크_829,000","_정품_856,760|_벌크 + 쿨러_1,199,990|벌크_829,000","_정품_858,800|벌크 + 쿨러_1,199,990|_벌크_829,000","_정품_858,800|벌크 + 쿨러_1,199,990|_벌크_829,000","_정품_858,800|벌크 + 쿨러_1,199,990|_벌크_829,000","_정품_858,800|벌크 + 쿨러_1,199,990|_벌크_829,000","_정품_858,800|벌크 + 쿨러_1,199,990|_벌크_829,000"
28798964,인텔 코어i9-14세대 14900K (랩터레이크 리프레시),"_정품_768,000|_벌크_731,740|해외구매_547,020|벌크+쿨러_762,340","_정품_768,000|_벌크_731,740|해외구매_547,020|벌크+쿨러_762,340","_정품_768,000|_벌크_731,740|해외구매_547,020|벌크+쿨러_762,340","_정품_768,000|_벌크_731,740|해외구매_547,020|벌크+쿨러_762,340","_정품_767,000|_벌크_731,740|해외구매_547,020|벌크+쿨러_762,340","_정품_767,000|_벌크_731,740|해외구매_547,020|벌크+쿨러_762,340","_정품_767,000|_벌크_731,740|해외구매_462,420|벌크+쿨러_762,340","_정품_767,000|_벌크_731,740|해외구매_462,420|벌크+쿨러_762,340","_정품_767,000|_벌크_725,830|해외구매_462,420|벌크+쿨러_756,670","_정품_767,000|_벌크_725,830|해외구매_462,420|벌크+쿨러_756,670","_정품_852,270|_벌크_725,830|해외구매_462,420|벌크+쿨러_756,670","_정품_852,270|_벌크_725,830|해외구매_462,420|벌크+쿨러_756,670","_정품_852,270|_벌크_711,320|해외구매_462,420|벌크+쿨러_747,370","_정품_852,270|_벌크_711,320|해외구매_462,420|벌크+쿨러_747,370","_정품_852,270|_벌크_711,320|해외구매_462,420|벌크+쿨러_747,370","_정품_852,270|_벌크_711,320|해외구매_462,420|벌크+쿨러_747,370","_정품_852,270|_벌크_711,320|해외구매_462,420|벌크+쿨러_747,370"
28799180,인텔 코어i9-14세대 14900KF (랩터레이크 리프레시),"_정품_746,790|_벌크_650,770|해외구매_834,290","_정품_746,790|_벌크_650,770|해외구매_834,290","_정품_746,790|_벌크_650,770|해외구매_834,290","_정품_746,790|_벌크_650,770|해외구매_834,290","_정품_695,490|_벌크_650,690|해외구매_847,290","_정품_695,490|_벌크_650,690|해외구매_847,290","_정품_695,490|_벌크_650,670|해외구매_847,290","_정품_695,490|_벌크_650,670|해외구매_847,290","_정품_692,130|_벌크_648,460|해외구매_838,450","_정품_692,130|_벌크_648,460|해외구매_838,450","_정품_692,130|_벌크_647,900|해외구매_838,450","_정품_692,130|_벌크_647,900|해외구매_838,450","_정품_680,420|_벌크_628,250|해외구매_830,620","_정품_680,420|_벌크_628,250|해외구매_830,620","_정품_680,420|_벌크_628,250|해외구매_830,620","_정품_680,420|_벌크_628,250|해외구매_830,620","_정품_680,420|_벌크_628,250|해외구매_824,690"
63032399,인텔 코어i9-14세대 14900KS (랩터레이크 리프레시),"_정품_2,870,240|_벌크_1,000,000|해외구매_1,383,680","_정품_2,870,210|_벌크_1,000,000|해외구매_1,383,680","_정품_2,870,130|_벌크_1,000,000|해외구매_1,368,960","_정품_2,870,090|_벌크_1,000,000|해외구매_1,368,960","_정품_2,870,090|_벌크_1,000,000|해외구매_1,368,960","_정품_2,870,090|_벌크_1,000,000|해외구매_1,368,960","_정품_2,869,990|_벌크_1,000,000|해외구매_1,368,960","_정품_2,869,970|_벌크_1,000,000|해외구매_1,368,960","_정품_2,869,870|_벌크_1,000,000|해외구매_1,368,960","_정품_2,869,850|_벌크_1,000,000|해외구매_1,368,960","_정품_2,869,750|_벌크_1,000,000|해외구매_1,368,960","_정품_2,869,700|_벌크_1,000,000|해외구매_1,368,960","_정품_2,869,640|_벌크_1,000,000|해외구매_1,368,960","_정품_2,869,610|_벌크_1,000,000|해외구매_1,368,960","_정품_2,869,530|_벌크_1,000,000|해외구매_1,368,960","_정품_2,869,490|_벌크_1,000,000|해외구매_1,368,960","_정품_2,869,410|_벌크_1,000,000|해외구매_1,368,960"
40895423,인텔 코어i9-14세대 14900KS (랩터레이크 리프레시),"_정품_2,870,240|_벌크_1,000,000|해외구매_1,383,680","_정품_2,870,210|_벌크_1,000,000|해외구매_1,383,680","_정품_2,870,130|_벌크_1,000,000|해외구매_1,368,960","_정품_2,870,090|_벌크_1,000,000|해외구매_1,368,960","_정품_2,870,090|_벌크_1,000,000|해외구매_1,368,960","_정품_2,870,090|_벌크_1,000,000|해외구매_1,368,960","_정품_2,869,990|_벌크_1,000,000|해외구매_1,368,960","_정품_2,869,970|_벌크_1,000,000|해외구매_1,368,960","_정품_2,869,870|_벌크_1,000,000|해외구매_1,368,960","_정품_2,869,850|_벌크_1,000,000|해외구매_1,368,960","_정품_2,869,750|_벌크_1,000,000|해외구매_1,368,960","_정품_2,869,700|_벌크_1,000,000|해외구매_1,368,960","_정품_2,869,640|_벌크_1,000,000|해외구매_1,368,960","_정품_2,869,610|_벌크_1,000,000|해외구매_1,368,960","_정품_2,869,530|_벌크_1,000,000|해외구매_1,368,960","_정품_2,869,490|_벌크_1,000,000|해외구매_1,368,960","_정품_2,869,410|_벌크_1,000,000|해외구매_1,368,960"
32444732,인텔 코어i9-14세대 14900T (랩터레이크 리프레시),"벌크_976,880","벌크_976,880","벌크_976,790","벌크_976,760","벌크_976,760","벌크_976,770","벌크_978,990","벌크_978,990","벌크_978,990","벌크_978,990","벌크_978,990","벌크_978,990","벌크_978,990","벌크_978,990","벌크_978,990","벌크_978,990","벌크_978,990"
6515580,인텔 코어i9-9세대 9900K (커피레이크-R),"_정품_750,000|벌크 + 쿨러_750,000|벌크_750,000|중고_337,120|병행수입 박스_750,000|_해외구매_386,110","_정품_750,000|벌크 + 쿨러_750,000|벌크_750,000|중고_337,120|병행수입 박스_750,000|_해외구매_386,110","_정품_750,000|벌크 + 쿨러_750,000|벌크_750,000|_중고_337,120|병행수입 박스_750,000|해외구매_386,110","_정품_750,000|벌크 + 쿨러_750,000|벌크_750,000|_중고_337,120|병행수입 박스_750,000|해외구매_386,110","_정품_750,000|벌크 + 쿨러_750,000|벌크_750,000|_중고_337,120|병행수입 박스_750,000|해외구매_386,110","_정품_750,000|벌크 + 쿨러_750,000|벌크_750,000|_중고_337,120|병행수입 박스_750,000|해외구매_386,110","_정품_750,000|벌크 + 쿨러_750,000|벌크_750,000|_중고_337,120|병행수입 박스_750,000|해외구매_386,110","_정품_750,000|벌크 + 쿨러_750,000|벌크_750,000|_중고_337,120|병행수입 박스_750,000|해외구매_386,110","_정품_750,000|벌크 + 쿨러_750,000|벌크_750,000|_중고_337,120|병행수입 박스_750,000|해외구매_386,110","_정품_750,000|벌크 + 쿨러_750,000|벌크_750,000|_중고_340,750|병행수입 박스_750,000|해외구매_386,110","_정품_750,000|벌크 + 쿨러_750,000|벌크_750,000|_중고_348,000|병행수입 박스_750,000|해외구매_386,110","_정품_750,000|벌크 + 쿨러_750,000|벌크_750,000|_중고_348,000|병행수입 박스_750,000|해외구매_386,110","_정품_750,000|벌크 + 쿨러_750,000|벌크_750,000|_중고_348,000|병행수입 박스_750,000|해외구매_386,110","_정품_750,000|벌크 + 쿨러_750,000|벌크_750,000|_중고_348,000|병행수입 박스_750,000|해외구매_386,110","_정품_750,000|벌크 + 쿨러_750,000|벌크_750,000|_중고_348,000|병행수입 박스_750,000|해외구매_386,110","_정품_750,000|벌크 + 쿨러_750,000|벌크_750,000|_중고_348,000|병행수입 박스_750,000|해외구매_386,110","_정품_750,000|벌크 + 쿨러_750,000|벌크_750,000|_중고_348,000|병행수입 박스_750,000|해외구매_386,110"
7559767,인텔 코어i9-9세대 9900KF (커피레이크-R),"_정품_738,900|벌크 + 쿨러_364,860|벌크_399,900|_해외구매_459,410","_정품_738,900|벌크 + 쿨러_364,860|벌크_399,900|_해외구매_459,410","_정품_738,900|벌크 + 쿨러_364,860|벌크_399,900|_해외구매_459,410","_정품_738,900|벌크 + 쿨러_364,860|벌크_399,900|_해외구매_459,410","_정품_738,900|벌크 + 쿨러_364,860|벌크_399,900|_해외구매_459,410","_정품_738,900|벌크 + 쿨러_364,860|벌크_399,900|_해외구매_459,410","_정품_738,900|_벌크 + 쿨러_364,860|벌크_399,900|해외구매_459,410","_정품_738,900|_벌크 + 쿨러_364,860|벌크_399,900|해외구매_459,410","_정품_738,900|_벌크 + 쿨러_364,860|벌크_399,900|해외구매_459,410","_정품_738,900|_벌크 + 쿨러_364,860|벌크_399,900|해외구매_459,410","_정품_738,900|_벌크 + 쿨러_364,860|벌크_399,900|해외구매_459,410","_정품_738,900|_벌크 + 쿨러_364,860|벌크_399,900|해외구매_459,410","_정품_738,900|_벌크 + 쿨러_364,860|벌크_399,900|해외구매_459,410","_정품_738,900|_벌크 + 쿨러_364,860|벌크_399,900|해외구매_459,410","_정품_738,900|_벌크 + 쿨러_364,860|벌크_399,900|해외구매_459,410","_정품_738,900|_벌크 + 쿨러_364,860|벌크_399,900|해외구매_459,410","_정품_738,900|_벌크 + 쿨러_364,860|벌크_399,900|해외구매_459,410"
4147789,인텔 펜티엄 E5300 (울프데일),0,0,0,0,0,0,0,0,"중고_1,920","중고_1,920","중고_1,960","중고_1,960",0,0,0,0,0
6112933,인텔 펜티엄 G3220 (하스웰),"_중고_1,860|_벌크_6,090","_중고_1,860|_벌크_6,090","_중고_1,860|_벌크_6,090","_중고_1,860|_벌크_6,090","_중고_1,860|_벌크_6,090","_중고_1,860|_벌크_6,090","_중고_1,860|_벌크_6,090","_중고_1,860|_벌크_6,090","_중고_1,860|_벌크_6,090","_중고_1,860|_벌크_6,090","_중고_1,860|_벌크_6,090","_중고_1,860|_벌크_6,090","_중고_1,860|_벌크_6,090","_중고_1,860|_벌크_6,090","_중고_1,860|_벌크_6,090","_중고_1,860|_벌크_6,090","_중고_1,860|_벌크_6,090"
6112992,인텔 펜티엄 G3240 (하스웰 리프레시),"중고_1,860","중고_1,860","중고_1,860","중고_1,860","중고_1,860","중고_1,860","중고_1,860","중고_1,860",0,0,0,0,0,0,0,0,0
6112998,인텔 펜티엄 G3250 (하스웰 리프레시),"중고_1,860","중고_1,860","중고_1,860","중고_1,860","중고_1,860","중고_1,860","중고_1,860","중고_1,860","중고_1,860","중고_1,860","중고_1,860","중고_1,860","중고_1,860","중고_1,860","중고_1,860","중고_1,860","중고_1,860"
3169328,인텔 펜티엄 G3260 (하스웰 리프레시),"_벌크_4,600|_중고_2,320","_벌크_4,600|_중고_2,320","_벌크_4,600|_중고_2,320","_벌크_4,600|_중고_2,320","_벌크_4,600|_중고_2,320","_벌크_4,600|_중고_2,320","_벌크_4,600|_중고_2,320","_벌크_4,600|_중고_2,320","_벌크_4,600|_중고_2,320","_벌크_4,600|_중고_2,320","_벌크_4,600|_중고_2,320","_벌크_4,600|_중고_2,320","_벌크_4,600|_중고_2,320","_벌크_4,600|_중고_2,320","_벌크_4,600|_중고_2,320","_벌크_4,600|_중고_2,320","_벌크_4,600|_중고_2,320"
2216200,인텔 펜티엄 G3420 (하스웰),"_벌크_3,000|_중고_2,320","_벌크_3,000|_중고_2,320","_벌크_3,000|_중고_2,320","_벌크_3,000|_중고_2,320","_벌크_3,000|_중고_2,320","_벌크_3,000|_중고_2,320","_벌크_3,000|_중고_2,320","_벌크_3,000|_중고_2,320","_벌크_3,000|_중고_2,320","_벌크_3,000|_중고_2,320","_벌크_3,000|_중고_2,320","_벌크_3,000|_중고_2,320","_벌크_3,000|_중고_2,320","_벌크_3,000|_중고_2,320","_벌크_3,000|_중고_2,320","_벌크_3,000|_중고_2,320","_벌크_3,000|_중고_2,320"
2783200,인텔 펜티엄 G3460 (하스웰 리프레시),"_벌크_4,361|_중고_4,450","_벌크_4,361|_중고_4,450","_벌크_4,400|_중고_4,450","_벌크_4,400|_중고_4,450","_벌크_4,400|_중고_4,450","_벌크_4,400|_중고_4,450","_벌크_4,400|_중고_4,450","_벌크_4,400|_중고_4,450","_벌크_4,410|_중고_4,450","_벌크_4,410|_중고_4,450","_벌크_4,410|_중고_4,450","_벌크_4,410|_중고_4,450","_벌크_4,410|_중고_4,450","_벌크_4,410|_중고_4,450","_벌크_4,400|_중고_4,450","_벌크_4,400|_중고_4,450","_벌크_4,400|_중고_4,450"
3493026,인텔 펜티엄 G4400 (스카이레이크),"_벌크 + 쿨러_5,920|벌크_2,130|_중고_2,070","_벌크 + 쿨러_5,920|벌크_2,130|_중고_2,060","_벌크 + 쿨러_5,920|벌크_2,130|_중고_2,060","_벌크 + 쿨러_5,920|벌크_2,130|_중고_2,060","_벌크 + 쿨러_5,920|벌크_2,130|_중고_2,060","_벌크 + 쿨러_5,920|벌크_2,130|_중고_2,060","_벌크 + 쿨러_5,920|벌크_2,130|_중고_2,060","_벌크 + 쿨러_5,920|벌크_2,130|_중고_2,060","_벌크 + 쿨러_5,920|벌크_2,130|_중고_2,090","_벌크 + 쿨러_5,920|벌크_2,130|_중고_2,090","_벌크 + 쿨러_5,920|벌크_2,130|_중고_2,090","_벌크 + 쿨러_5,920|벌크_2,130|_중고_2,090","_벌크 + 쿨러_5,920|벌크_2,130|_중고_2,090","_벌크 + 쿨러_5,920|벌크_2,130|_중고_2,090","_벌크 + 쿨러_5,920|벌크_2,130|_중고_2,090","_벌크 + 쿨러_5,920|벌크_2,130|_중고_2,090","_벌크 + 쿨러_5,920|벌크_2,130|_중고_2,090"
7467193,인텔 펜티엄 G4500 (스카이레이크),"중고_2,990","중고_2,990","중고_2,990","중고_2,990","중고_2,990","중고_2,990","중고_2,990","중고_2,990","중고_2,990","중고_2,990","중고_2,990","중고_2,990","중고_2,990","중고_2,990","중고_2,990","중고_2,990","중고_2,990"
4866397,인텔 펜티엄 G4560 (카비레이크),"_벌크 + 쿨러_5,280|벌크_3,500|해외구매_19,470|_중고_2,490","_벌크 + 쿨러_5,280|벌크_3,500|해외구매_19,470|_중고_2,490","_벌크 + 쿨러_5,280|벌크_3,500|해외구매_19,470|_중고_2,490","_벌크 + 쿨러_5,280|벌크_3,500|해외구매_19,470|_중고_2,490","벌크 + 쿨러_5,280|_벌크_3,500|해외구매_19,470|_중고_2,490","벌크 + 쿨러_5,280|_벌크_3,500|해외구매_19,470|_중고_2,490","벌크 + 쿨러_5,280|_벌크_3,500|해외구매_19,470|_중고_2,490","벌크 + 쿨러_5,280|_벌크_3,500|해외구매_19,470|_중고_2,490","벌크 + 쿨러_5,280|_벌크_3,500|해외구매_19,470|_중고_2,490","벌크 + 쿨러_5,280|_벌크_3,500|해외구매_19,470|_중고_2,490","벌크 + 쿨러_5,280|_벌크_3,500|해외구매_19,470|_중고_2,490","벌크 + 쿨러_5,280|_벌크_3,500|해외구매_19,470|_중고_2,490","벌크 + 쿨러_5,280|_벌크_3,500|해외구매_19,470|_중고_2,490","벌크 + 쿨러_5,280|_벌크_3,500|해외구매_19,470|_중고_2,490","_벌크 + 쿨러_5,280|_벌크_3,500|해외구매_19,470|중고_2,490","_벌크 + 쿨러_5,280|_벌크_3,500|해외구매_19,470|중고_2,490","_벌크 + 쿨러_5,280|_벌크_3,500|해외구매_19,470|중고_2,490"
5221419,인텔 펜티엄 G4600 (카비레이크),"_벌크_7,290|해외구매_33,960|_중고_3,720","_벌크_7,290|해외구매_33,960|_중고_3,720","_벌크_7,290|해외구매_33,960|_중고_3,720","_벌크_7,290|해외구매_33,960|_중고_3,720","_벌크_7,290|해외구매_33,960|_중고_3,720","_벌크_7,290|해외구매_33,960|_중고_3,720","_벌크_7,290|해외구매_33,960|_중고_3,720","_벌크_7,290|해외구매_33,960|_중고_3,720","_벌크_7,290|해외구매_33,960|_중고_3,720","_벌크_7,290|해외구매_33,960|_중고_3,720","_벌크_7,290|해외구매_33,960|_중고_3,720","_벌크_7,290|해외구매_33,960|_중고_3,720","_벌크_7,290|해외구매_33,960|_중고_3,720","_벌크_7,290|해외구매_33,960|_중고_3,720","_벌크_7,290|해외구매_33,960|_중고_3,720","_벌크_7,290|해외구매_33,960|_중고_3,720","_벌크_7,290|해외구매_33,960|_중고_3,720"
1376157,인텔 펜티엄 G620 (샌디브릿지),0,0,0,0,0,0,0,0,"_벌크_1,800|_중고_1,800","_벌크_1,800|_중고_1,800","_벌크_1,800|_중고_1,800","_벌크_1,800|_중고_1,800","_벌크_1,800|_중고_1,800","_벌크_1,800|_중고_1,800","_벌크_1,800|_중고_1,800","_벌크_1,800|_중고_1,800","_벌크_1,800|_중고_1,800"
1824690,인텔 펜티엄 G645 (샌디브릿지),"중고_16,510","중고_16,510","중고_16,510","중고_16,510","중고_16,510","중고_16,510","중고_16,360","중고_16,360","중고_16,360","중고_16,360","중고_16,360","중고_16,360","중고_16,370","중고_16,370","중고_16,370","중고_16,370","중고_16,370"
6060229,인텔 펜티엄 골드 G5400 (커피레이크),"_벌크 + 쿨러_18,250|_벌크_11,640|해외구매_32,670|중고_9,990","_벌크 + 쿨러_18,220|_벌크_11,610|해외구매_32,670|중고_9,990","_벌크 + 쿨러_18,220|_벌크_11,610|해외구매_32,670|중고_9,990","_벌크 + 쿨러_18,117|_벌크_11,556|해외구매_32,670|중고_9,990","_벌크 + 쿨러_18,030|_벌크_11,480|해외구매_32,670|중고_9,990","_벌크 + 쿨러_18,010|_벌크_11,460|해외구매_32,670|중고_9,990","_벌크 + 쿨러_18,010|_벌크_11,460|해외구매_32,670|중고_9,990","_벌크 + 쿨러_18,010|_벌크_11,460|해외구매_32,670|중고_9,990","_벌크 + 쿨러_17,910|_벌크_11,550|해외구매_32,670|중고_9,990","_벌크 + 쿨러_17,890|_벌크_11,550|해외구매_32,670|중고_9,990","_벌크 + 쿨러_17,890|_벌크_11,550|해외구매_32,670|중고_9,990","_벌크 + 쿨러_17,860|_벌크_11,550|해외구매_32,670|중고_9,990","_벌크 + 쿨러_17,800|_벌크_11,550|해외구매_32,670|중고_9,990","_벌크 + 쿨러_17,780|_벌크_11,550|해외구매_32,670|중고_9,990","_벌크 + 쿨러_17,780|_벌크_11,550|해외구매_32,670|중고_9,990","_벌크 + 쿨러_17,780|_벌크_11,550|해외구매_32,670|중고_9,990","_벌크 + 쿨러_17,770|_벌크_11,550|해외구매_32,670|중고_9,990"
10535205,인텔 펜티엄 골드 G5420 (커피레이크-R),"_벌크_12,240|해외구매_32,990|_중고_8,990","_벌크_12,240|해외구매_32,990|_중고_8,990","_벌크_12,230|해외구매_32,990|_중고_8,990","_벌크_12,230|해외구매_32,990|_중고_8,990","_벌크_12,230|해외구매_32,990|_중고_8,990","_벌크_12,230|해외구매_32,990|_중고_8,990","_벌크_12,230|해외구매_32,990|_중고_8,990","_벌크_12,230|해외구매_32,990|_중고_8,990","_벌크_12,230|해외구매_32,990|_중고_9,190","_벌크_12,230|해외구매_32,990|_중고_9,190","_벌크_12,540|해외구매_32,990|_중고_9,190","_벌크_12,540|해외구매_32,990|_중고_9,290","_벌크_12,540|해외구매_32,990|_중고_9,290","_벌크_12,540|해외구매_32,990|_중고_9,290","_벌크_12,660|해외구매_32,990|_중고_9,290","_벌크_12,660|해외구매_32,990|_중고_9,290","_벌크_12,660|해외구매_32,990|_중고_9,290"
11480307,인텔 펜티엄 골드 G6400 (코멧레이크S),"_벌크 + 쿨러_72,000|_벌크_62,030|해외구매_192,340|중고_60,600","_벌크 + 쿨러_71,990|_벌크_62,030|해외구매_192,340|중고_60,600","_벌크 + 쿨러_71,990|_벌크_62,030|해외구매_190,500|중고_60,600","_벌크 + 쿨러_71,980|_벌크_62,030|해외구매_190,500|중고_60,600","_벌크 + 쿨러_71,980|_벌크_62,030|해외구매_190,290|중고_60,600","_벌크 + 쿨러_71,980|_벌크_62,030|해외구매_190,290|중고_60,600","_벌크 + 쿨러_71,990|_벌크_62,030|해외구매_190,290|중고_60,600","_벌크 + 쿨러_71,990|_벌크_62,030|해외구매_190,290|중고_60,600","_벌크 + 쿨러_72,000|_벌크_62,030|해외구매_190,290|중고_60,600","_벌크 + 쿨러_72,000|_벌크_62,030|해외구매_190,290|중고_60,600","_벌크 + 쿨러_72,000|_벌크_62,030|해외구매_190,290|중고_60,600","_벌크 + 쿨러_72,000|_벌크_62,030|해외구매_190,290|중고_60,600","_벌크 + 쿨러_72,700|_벌크_62,030|해외구매_190,290|중고_60,600","_벌크 + 쿨러_72,700|_벌크_62,030|해외구매_190,290|중고_60,600","_벌크 + 쿨러_72,700|_벌크_62,030|해외구매_190,290|중고_60,600","_벌크 + 쿨러_72,700|_벌크_62,030|해외구매_190,290|중고_60,600","_벌크 + 쿨러_72,700|_벌크_62,030|해외구매_190,290|중고_60,600"
13620101,인텔 펜티엄 골드 G6405 (코멧레이크S 리프레시),"_정품_159,000|벌크 + 쿨러_98,100|_벌크_79,990|해외구매_149,820","_정품_159,000|벌크 + 쿨러_98,100|_벌크_79,990|해외구매_149,820","_정품_159,000|벌크 + 쿨러_98,100|_벌크_79,990|해외구매_149,820","_정품_159,000|벌크 + 쿨러_98,100|_벌크_79,990|해외구매_149,820","_정품_159,000|벌크 + 쿨러_98,100|_벌크_79,990|해외구매_152,160","_정품_159,000|벌크 + 쿨러_98,100|_벌크_79,990|해외구매_152,160","_정품_159,000|벌크 + 쿨러_98,100|_벌크_79,990|해외구매_152,160","_정품_159,000|벌크 + 쿨러_98,100|_벌크_79,990|해외구매_152,160","_정품_159,000|벌크 + 쿨러_98,100|_벌크_79,990|해외구매_150,570","_정품_159,000|벌크 + 쿨러_98,100|_벌크_79,990|해외구매_150,570","_정품_159,000|벌크 + 쿨러_98,100|_벌크_79,990|해외구매_150,570","_정품_159,000|벌크 + 쿨러_98,100|_벌크_79,990|해외구매_150,570","_정품_159,000|벌크 + 쿨러_98,100|_벌크_79,990|해외구매_149,160","_정품_159,000|벌크 + 쿨러_98,100|_벌크_79,990|해외구매_149,160","_정품_159,000|벌크 + 쿨러_98,100|_벌크_79,990|해외구매_149,160","_정품_159,000|벌크 + 쿨러_98,100|_벌크_79,990|해외구매_149,160","_정품_159,000|벌크 + 쿨러_98,100|_벌크_79,990|해외구매_148,100"
16504412,인텔 펜티엄 골드 G7400 (엘더레이크),0,0,0,0,"_벌크 + 쿨러_259,500|_해외구매_226,700","_벌크 + 쿨러_259,500|_해외구매_226,700",0,0,"_벌크 + 쿨러_259,500|_해외구매_226,700","_벌크 + 쿨러_259,500|_해외구매_226,700","_벌크 + 쿨러_259,500|_해외구매_226,700","_벌크 + 쿨러_259,500|_해외구매_226,700","_벌크 + 쿨러_259,500|_해외구매_226,700","_벌크 + 쿨러_259,500|_해외구매_226,700","_벌크 + 쿨러_259,500|_해외구매_226,700","_벌크 + 쿨러_259,500|_해외구매_226,700","_벌크 + 쿨러_259,500|_해외구매_226,700"
38452358,인텔 프로세서 300 (랩터레이크 리프레시),"_정품_478,330|_벌크_170,000","_정품_478,330|_벌크_166,500","_정품_478,240|_벌크_159,500","_정품_478,210|_벌크_156,000","_정품_478,210|_벌크_163,000","_정품_478,210|_벌크_163,000","_정품_478,110|_벌크_170,000","_정품_478,080|_벌크_170,000","_정품_477,990|_벌크_156,000","_정품_477,970|_벌크_156,000","_정품_477,870|_벌크_159,500","_정품_477,820|_벌크_170,000","_정품_477,760|_벌크_156,000","_정품_477,730|_벌크_166,500","_정품_477,650|_벌크_166,500","_정품_477,610|_벌크_163,000","_정품_477,530|_벌크_163,000"
32039399,인텔 프로세서 300 (랩터레이크 리프레시),"_정품_478,330|_벌크_170,000","_정품_478,330|_벌크_166,500","_정품_478,240|_벌크_159,500","_정품_478,210|_벌크_156,000","_정품_478,210|_벌크_163,000","_정품_478,210|_벌크_163,000","_정품_478,110|_벌크_170,000","_정품_478,080|_벌크_170,000","_정품_477,990|_벌크_156,000","_정품_477,970|_벌크_156,000","_정품_477,870|_벌크_159,500","_정품_477,820|_벌크_170,000","_정품_477,760|_벌크_156,000","_정품_477,730|_벌크_166,500","_정품_477,650|_벌크_166,500","_정품_477,610|_벌크_163,000","_정품_477,530|_벌크_163,000"
