Id,Name,2026-10-01 09:33:36,2026-10-02 01:22:04,2026-10-02 09:46:51,2026-10-03 00:50:00,2026-10-03 09:26:31,2026-10-03 23:23:59,2026-10-04 08:54:56,2026-10-04 23:55:00,2026-10-05 09:03:22,2026-10-06 03:17:26,2026-10-06 10:50:19,2026-10-07 00:57:08,2026-10-07 09:36:02,2026-10-08 01:20:57,2026-10-08 09:56:38,2026-10-09 01:21:24,2026-10-09 10:10:17,2026-10-10 01:05:54,2026-10-10 09:43:19,2026-10-11 00:13:58
106754228,"APPLE 맥북에어13 M5 10코어 CPU, 8코어 GPU 스카이",0,0,0,"램16GB, SSD 512GB_2,017,710",0,0,0,0,0,0,0,0,0,0,0,0,0,0,0,0
106754423,"APPLE 맥북에어13 M5 10코어 CPU, 8코어 GPU 실버",0,0,0,"램16GB, SSD 512GB_2,034,930",0,0,0,0,0,0,0,0,0,0,0,0,0,0,0,0
106755140,"APPLE 맥북에어15 M5 10코어 CPU, 10코어 GPU 실버",0,0,0,"_램16GB, SSD 512GB_2,365,500|램16GB, SSD 1TB_2,808,000|_램24GB, SSD 1TB_3,142,280",0,0,0,0,0,0,0,0,0,0,0,0,0,0,0,0
99125957,"APPLE 맥북프로14 M5 10코어 CPU, 10코어 GPU 블랙",0,0,0,"램16GB, SSD 512GB_3,091,200|_램16GB, SSD 1TB_2,943,290|_램24GB, SSD 1TB_3,362,290|램32GB, SSD 1TB_3,970,000",0,0,0,0,0,0,0,0,0,0,0,0,0,0,0,0
99126182,"APPLE 맥북프로14 M5 10코어 CPU, 10코어 GPU 실버",0,0,0,"_램16GB, SSD 1TB_3,046,460|램16GB, SSD 512GB_2,849,990|_램24GB, SSD 1TB_3,248,590",0,0,0,0,0,0,0,0,0,0,0,0,0,0,0,0
106755608,"APPLE 맥북프로14 M5맥스 18코어 CPU, 32코어 GPU 블랙",0,0,0,"램36GB, SSD 2TB_6,474,490",0,0,0,0,0,0,0,0,0,0,0,0,0,0,0,0
106755434,"APPLE 맥북프로14 M5프로 15코어 CPU, 16코어 GPU 블랙",0,0,0,"_램24GB, SSD 1TB_3,880,980|램24GB, SSD 2TB_4,636,790|_램48GB, SSD 1TB_4,886,280",0,0,0,0,0,0,0,0,0,0,0,0,0,0,0,0
106755515,"APPLE 맥북프로14 M5프로 15코어 CPU, 16코어 GPU 실버",0,0,0,"_램24GB, SSD 1TB_3,880,880|_램24GB, SSD 2TB_4,636,800",0,0,0,0,0,0,0,0,0,0,0,0,0,0,0,0
18789038,"APPLE 맥북프로16 M2프로 12코어 CPU, 19코어 GPU 실버",0,0,0,"램16GB, SSD 512GB_2,610,240",0,0,0,0,0,0,0,0,0,0,0,0,0,0,0,0
106756094,"APPLE 맥북프로16 M5프로 18코어 CPU, 20코어 GPU 실버",0,0,0,"_램24GB, SSD 1TB_4,590,790|_램48GB, SSD 1TB_5,566,770",0,0,0,0,0,0,0,0,0,0,0,0,0,0,0,0
124182083,ASUS ExpertBook P3 G1 P3606CCAP-MB0176,0,0,0,"SSD 512GB_1,419,000",0,0,0,0,0,0,0,0,0,0,0,0,0,0,0,0
124182049,ASUS ExpertBook P3 G1 P3606CCAP-MB0177,0,0,0,"SSD 512GB_1,631,450",0,0,0,0,0,0,0,0,0,0,0,0,0,0,0,0
123845020,ASUS ExpertBook P3 PM3606CHAP-MB0122 32GB램,0,0,0,"SSD 512GB_1,699,000|_SSD 1TB_1,799,000|_SSD 2TB_1,949,000",0,0,0,0,0,0,0,0,0,0,0,0,0,0,0,0
122673355,ASUS Gaming V16 V3607VH-TK126,0,0,0,"_SSD 512GB_1,680,390|_SSD 1TB_1,793,960|",0,0,0,0,0,0,0,0,0,0,0,0,0,0,0,0
90890546,ASUS Gaming V16 V3607VM-RP005,0,0,0,"_SSD 512GB_1,899,000|_SSD 1TB_1,908,890|SSD 2TB_2,148,000|SSD 4TB_3,050,000",0,0,0,0,0,0,0,0,0,0,0,0,0,0,0,0
91770206,ASUS Gaming V16 V3607VM-RP006 WIN11 32GB램,0,0,0,"_SSD 512GB_2,320,000|_SSD 1TB_2,560,000|SSD 2TB_2,660,000|SSD 4TB_3,280,000",0,0,0,0,0,0,0,0,0,0,0,0,0,0,0,0
124363501,ASUS Gaming V16 V3607VM-TK158,0,0,0,"SSD 4TB_3,600,000|_SSD 512GB_1,950,000|_SSD 1TB_1,964,000|",0,0,0,0,0,0,0,0,0,0,0,0,0,0,0,0
90647867,ASUS ProArt P16 H7606WP-ME042W,0,0,0,"_SSD 2TB_4,899,000|_SSD 4TB_5,329,000",0,0,0,0,0,0,0,0,0,0,0,0,0,0,0,0
76462073,ASUS ROG Flow Z13 GZ302EA-RU110W,0,0,0,"_SSD 1TB_3,880,000|SSD 2TB_4,480,000|_SSD 4TB_4,980,000",0,0,0,0,0,0,0,0,0,0,0,0,0,0,0,0
122651490,ASUS ROG STRIX G16 G614PP-TS215,0,0,0,"_SSD 1TB_3,600,000|_SSD 2TB_4,046,000|SSD 4TB_4,899,000",0,0,0,0,0,0,0,0,0,0,0,0,0,0,0,0
77088371,ASUS ROG STRIX SCAR 18 G835LX-SA041W,0,0,0,"_SSD 2TB_7,418,000|_SSD 4TB_9,421,440|",0,0,0,0,0,0,0,0,0,0,0,0,0,0,0,0
90891410,ASUS ROG 제피러스 G14 GA403UM-QS018W,0,0,0,"_SSD 1TB_3,990,000|_SSD 2TB_4,190,000|SSD 4TB_4,290,000",0,0,0,0,0,0,0,0,0,0,0,0,0,0,0,0
122637382,ASUS ROG 제피러스 G14 GU405AW-SY066W,0,0,0,"_SSD 1TB_7,459,530|_SSD 2TB_8,450,000|SSD 4TB_8,700,000",0,0,0,0,0,0,0,0,0,0,0,0,0,0,0,0
94521698,ASUS ROG 제피러스 G16 GU605CM-QR025W,0,0,0,"_SSD 1TB_4,130,000|_SSD 2TB_4,330,000|SSD 4TB_4,840,000",0,0,0,0,0,0,0,0,0,0,0,0,0,0,0,0
122637086,ASUS ROG 제피러스 G16 GU606AP-TB024W,0,0,0,"_SSD 1TB_5,499,000|_SSD 2TB_5,886,240|SSD 4TB_6,920,570",0,0,0,0,0,0,0,0,0,0,0,0,0,0,0,0
122637057,ASUS ROG 제피러스 듀오 GX651AX-SR140W,0,0,0,"_SSD 1TB_11,000,000|SSD 2TB_11,400,000|_SSD 4TB_11,900,000",0,0,0,0,0,0,0,0,0,0,0,0,0,0,0,0
92886116,ASUS TUF Gaming A14 FA401UM-RG007,0,0,0,"_SSD 512GB_2,469,000|_SSD 1TB_2,620,000|SSD 2TB_2,750,000|SSD 4TB_3,195,000",0,0,0,0,0,0,0,0,0,0,0,0,0,0,0,0
122651382,ASUS TUF Gaming A14 FA401UM-RG010,0,0,0,"_SSD 512GB_2,200,000|_SSD 1TB_2,448,000|SSD 2TB_2,634,000|SSD 4TB_3,515,000",0,0,0,0,0,0,0,0,0,0,0,0,0,0,0,0
108418679,ASUS TUF Gaming A14 FA401UM-RG011,0,0,0,"_SSD 512GB_2,599,000|_SSD 1TB_2,817,000|SSD 2TB_2,930,330|SSD 4TB_3,399,000",0,0,0,0,0,0,0,0,0,0,0,0,0,0,0,0
97306985,ASUS TUF Gaming A15 FA506NCG-HN198,0,0,0,"_SSD 512GB_1,439,040|_SSD 1TB_1,790,000|SSD 2TB_1,890,000",0,0,0,0,0,0,0,0,0,0,0,0,0,0,0,0
90956735,ASUS TUF Gaming A16 FA608PP-QT028,0,0,0,"_SSD 512GB_2,440,000|_SSD 1TB_2,505,250|SSD 2TB_2,641,890|SSD 4TB_3,144,000",0,0,0,0,0,0,0,0,0,0,0,0,0,0,0,0
108390395,ASUS TUF Gaming A16 FA608PP-QT111,0,0,0,"_SSD 1TB_2,497,780|_SSD 2TB_2,604,470|SSD 4TB_3,323,350",0,0,0,0,0,0,0,0,0,0,0,0,0,0,0,0
108460751,ASUS TUF Gaming A16 FA608PP-QT111 WIN11,0,0,0,"_SSD 1TB_2,424,960|_SSD 2TB_2,620,790|SSD 4TB_3,377,950",0,0,0,0,0,0,0,0,0,0,0,0,0,0,0,0
92146337,ASUS TUF Gaming A16 FA608UM-QT043,0,0,0,"_SSD 512GB_1,980,000|_SSD 1TB_2,299,080|SSD 2TB_2,506,080|SSD 4TB_3,100,000",0,0,0,0,0,0,0,0,0,0,0,0,0,0,0,0
91189361,ASUS TUF Gaming A16 FA608UM-RV042 WIN11 32GB램,0,0,0,"SSD 512GB_2,225,830|_SSD 1TB_2,326,020|_SSD 2TB_2,549,500|SSD 4TB_3,609,460",0,0,0,0,0,0,0,0,0,0,0,0,0,0,0,0
90956360,ASUS TUF Gaming A18 FA808UM-S8031,0,0,0,"_SSD 512GB_2,148,000|_SSD 1TB_2,313,780|SSD 2TB_2,445,430|SSD 4TB_3,045,000",0,0,0,0,0,0,0,0,0,0,0,0,0,0,0,0
91559498,ASUS TUF Gaming A18 FA808UM-S8031 WIN11,0,0,0,"_SSD 512GB_2,109,550|_SSD 1TB_2,286,870|SSD 2TB_2,457,000|SSD 4TB_3,093,700",0,0,0,0,0,0,0,0,0,0,0,0,0,0,0,0
92366540,ASUS TUF Gaming A18 FA808UP-S8017,0,0,0,"_SSD 512GB_2,998,990|_SSD 1TB_2,452,990|SSD 2TB_2,498,280|SSD 4TB_3,198,990",0,0,0,0,0,0,0,0,0,0,0,0,0,0,0,0
122645469,ASUS TUF Gaming F16 FX608JHI-TU236,0,0,0,"_SSD 512GB_2,060,000|_SSD 1TB_1,888,970|SSD 2TB_2,036,940",0,0,0,0,0,0,0,0,0,0,0,0,0,0,0,0
122638182,ASUS TUF Gaming F16 FX608JMI-QT273,0,0,0,"_SSD 512GB_1,785,000|_SSD 1TB_1,881,940||",0,0,0,0,0,0,0,0,0,0,0,0,0,0,0,0
122651435,ASUS TUF Gaming F16 FX608JMI-QT275,0,0,0,"_SSD 512GB_2,200,000|_SSD 1TB_2,287,000|SSD 2TB_2,402,040|SSD 4TB_3,360,000",0,0,0,0,0,0,0,0,0,0,0,0,0,0,0,0
122663492,ASUS TUF Gaming F16 FX608JMI-QT275 32GB램,0,0,0,"_SSD 512GB_2,549,000|_SSD 1TB_2,729,000||",0,0,0,0,0,0,0,0,0,0,0,0,0,0,0,0
92355779,ASUS TUF Gaming F16 FX608JMR-QT040,0,0,0,"_SSD 512GB_2,200,000|_SSD 1TB_2,288,000|SSD 2TB_2,539,000|SSD 4TB_2,631,250",0,0,0,0,0,0,0,0,0,0,0,0,0,0,0,0
124377193,ASUS 비보북 14 X1404MA-EB302W,0,0,0,"_SSD 512GB_1,349,000|_SSD 1TB_1,404,360|SSD 2TB_1,563,220",0,0,0,0,0,0,0,0,0,0,0,0,0,0,0,0
124377244,ASUS 비보북 14 X1404MA-EB302W 16GB햄,0,0,0,"_SSD 512GB_1,468,280|_SSD 1TB_1,605,520|SSD 2TB_1,763,440",0,0,0,0,0,0,0,0,0,0,0,0,0,0,0,0
124377259,ASUS 비보북 14 X1404MA-EB302W 32GB햄,0,0,0,"_SSD 512GB_1,817,000|_SSD 1TB_1,954,260|SSD 2TB_2,112,180",0,0,0,0,0,0,0,0,0,0,0,0,0,0,0,0
101953292,ASUS 비보북 15 X1504VA-BQ4270W,0,0,0,"_SSD 512GB_999,000|_SSD 1TB_1,099,990|SSD 2TB_1,245,990|SSD 4TB_1,769,000",0,0,0,0,0,0,0,0,0,0,0,0,0,0,0,0
104966723,ASUS 비보북 16 M1605NAQ-MB012 WIN11,0,0,0,"_SSD 512GB_899,000|_SSD 1TB_999,000|SSD 2TB_1,179,000|SSD 4TB_2,410,000",0,0,0,0,0,0,0,0,0,0,0,0,0,0,0,0
95202266,ASUS 비보북 16 M1607KA-MB175W,0,0,0,"_SSD 512GB_1,139,990|SSD 1TB_1,298,000|_SSD 2TB_1,469,000|SSD 4TB_1,903,000",0,0,0,0,0,0,0,0,0,0,0,0,0,0,0,0
104964077,ASUS 비보북 16 X1607AA-MB045W,0,0,0,"_SSD 512GB_1,169,000|_SSD 1TB_1,259,000|SSD 2TB_1,419,000|SSD 4TB_2,199,000",0,0,0,0,0,0,0,0,0,0,0,0,0,0,0,0
76328591,ASUS 비보북 16 X1607CA-MB081W,0,0,0,"_SSD 512GB_1,249,000|_SSD 1TB_1,498,000|SSD 2TB_1,599,000|SSD 4TB_2,220,000|오피스 패키지_1,258,000",0,0,0,0,0,0,0,0,0,0,0,0,0,0,0,0
77378363,ASUS 비보북 16 X1607QA-MB076W,0,0,0,"_SSD 512GB_1,076,000|_SSD 1TB_1,329,000|SSD 2TB_1,435,000|SSD 4TB_1,649,000",0,0,0,0,0,0,0,0,0,0,0,0,0,0,0,0
69054512,ASUS 비보북 S 14 M5406WA-QD116W,0,0,0,"_SSD 512GB_2,680,000|_SSD 1TB_2,720,000|SSD 2TB_2,820,000|SSD 4TB_4,480,000",0,0,0,0,0,0,0,0,0,0,0,0,0,0,0,0
68442350,ASUS 비보북 S 14 M5406WA-QD165,0,0,0,"_SSD 512GB_2,448,000|_SSD 1TB_2,190,000|SSD 2TB_2,280,000|SSD 4TB_2,675,000",0,0,0,0,0,0,0,0,0,0,0,0,0,0,0,0
124153975,ASUS 비보북 S 14 S3407AA-SF079W,0,0,0,"SSD 512GB_1,990,000",0,0,0,0,0,0,0,0,0,0,0,0,0,0,0,0
77621576,ASUS 비보북 S 14 S5406SA-PP213W,0,0,0,"_SSD 1TB_2,385,000|_SSD 2TB_2,500,000|SSD 4TB_3,000,000",0,0,0,0,0,0,0,0,0,0,0,0,0,0,0,0
71783312,ASUS 비보북 S 14 S5406SA-QD136W,0,0,0,"_SSD 1TB_2,180,000|_SSD 2TB_2,755,110|SSD 4TB_2,749,000",0,0,0,0,0,0,0,0,0,0,0,0,0,0,0,0
122663778,ASUS 비보북 S 14 S5406SAL-SF319W,0,0,0,"_SSD 512GB_1,279,000|SSD 1TB_1,409,000|_SSD 2TB_1,539,000",0,0,0,0,0,0,0,0,0,0,0,0,0,0,0,0
124180314,ASUS 비보북 S 14 S5408QA-U1287W,0,0,0,"SSD 256GB_1,299,000",0,0,0,0,0,0,0,0,0,0,0,0,0,0,0,0
124180298,ASUS 비보북 S 14 S5408QA-U1318W,0,0,0,"SSD 256GB_1,299,000",0,0,0,0,0,0,0,0,0,0,0,0,0,0,0,0
103877453,ASUS 비보북 S 16 M3607GA-SH056W,0,0,0,"_SSD 512GB_2,608,510|_SSD 1TB_2,078,000|SSD 2TB_2,197,000|SSD 4TB_2,721,000",0,0,0,0,0,0,0,0,0,0,0,0,0,0,0,0
95201672,ASUS 비보북 S 16 M3607KA-SH035W,0,0,0,"_SSD 512GB_1,490,000|_SSD 1TB_1,599,000|SSD 2TB_1,763,000|SSD 4TB_2,198,000",0,0,0,0,0,0,0,0,0,0,0,0,0,0,0,0
76942337,ASUS 비보북 S 16 M5606KA-RI083,0,0,0,"_SSD 1TB_1,900,000|_SSD 2TB_1,740,000|SSD 4TB_3,071,910",0,0,0,0,0,0,0,0,0,0,0,0,0,0,0,0
95201015,ASUS 비보북 S 16 S3607CA-SH080W,0,0,0,"_SSD 512GB_1,430,000|_SSD 1TB_1,475,790|SSD 2TB_1,673,590|SSD 4TB_2,076,000",0,0,0,0,0,0,0,0,0,0,0,0,0,0,0,0
81036950,ASUS 비보북 S 16 S3607QA-PL009W,0,0,0,"_SSD 512GB_1,048,960|_SSD 1TB_1,232,490|SSD 2TB_1,428,270|SSD 4TB_2,233,920",0,0,0,0,0,0,0,0,0,0,0,0,0,0,0,0
74249156,ASUS 비보북 S 16 S5606CA-RI162W,0,0,0,"_SSD 1TB_2,400,000|_SSD 2TB_2,600,000|SSD 4TB_2,790,000",0,0,0,0,0,0,0,0,0,0,0,0,0,0,0,0
99710009,ASUS 비보북 S M3607HA-SH112,0,0,0,"_SSD 512GB_1,400,000|_SSD 1TB_1,588,990|SSD 2TB_1,738,990|SSD 4TB_2,180,000",0,0,0,0,0,0,0,0,0,0,0,0,0,0,0,0
71060717,ASUS 비보북 X1605VA-MB1489W,0,0,0,"_SSD 512GB_999,000|_SSD 1TB_1,418,000|SSD 2TB_1,688,000|SSD 4TB_1,686,000",0,0,0,0,0,0,0,0,0,0,0,0,0,0,0,0
124180570,ASUS 비보북 X1704MA-AU084W,0,0,0,"SSD 512GB_1,649,000",0,0,0,0,0,0,0,0,0,0,0,0,0,0,0,0
75464264,ASUS 비보북 플립 TP3607SA-RJ046W,0,0,0,"_SSD 1TB_2,049,000|_SSD 2TB_2,398,000|SSD 4TB_2,799,000",0,0,0,0,0,0,0,0,0,0,0,0,0,0,0,0
124337189,ASUS 젠북 14 UM3406GA-QL046W,0,0,0,"_SSD 1TB_3,350,000|SSD 2TB_3,552,000|_SSD 512GB_2,784,000",0,0,0,0,0,0,0,0,0,0,0,0,0,0,0,0
103877558,ASUS 젠북 14 UM3406GA-QL151W,0,0,0,"_SSD 1TB_2,369,000|_SSD 2TB_2,900,000|SSD 4TB_3,789,890",0,0,0,0,0,0,0,0,0,0,0,0,0,0,0,0
74252174,ASUS 젠북 14 UX3405CA-PZ199W,0,0,0,"_SSD 512GB_2,359,000|_SSD 1TB_2,790,000|SSD 2TB_2,990,000|SSD 4TB_3,792,000",0,0,0,0,0,0,0,0,0,0,0,0,0,0,0,0
74248838,ASUS 젠북 14 UX3405CA-PZ507W,0,0,0,"_SSD 1TB_2,590,000|_SSD 2TB_2,678,400|SSD 4TB_3,500,000",0,0,0,0,0,0,0,0,0,0,0,0,0,0,0,0
106704659,ASUS 젠북 14 UX3405CA-QD1069W,0,0,0,"_SSD 512GB_1,498,000|_SSD 1TB_1,559,360|SSD 2TB_1,681,560|SSD 4TB_2,436,000",0,0,0,0,0,0,0,0,0,0,0,0,0,0,0,0
107949812,ASUS 젠북 A14 UX3407NA-QD071W,0,0,0,"_SSD 512GB_3,050,000|_SSD 1TB_3,398,000|SSD 2TB_3,648,000|SSD 4TB_4,360,000",0,0,0,0,0,0,0,0,0,0,0,0,0,0,0,0
75537692,ASUS 젠북 A14 UX3407QA-QD279W,0,0,0,"_SSD 512GB_1,681,720|SSD 1TB_1,890,000|SSD 2TB_2,090,000|_SSD 4TB_2,500,000",0,0,0,0,0,0,0,0,0,0,0,0,0,0,0,0
75537797,ASUS 젠북 A14 UX3407QA-SB284W,0,0,0,"_SSD 512GB_1,410,000|_SSD 1TB_1,499,000|SSD 2TB_1,698,000|SSD 4TB_2,050,000",0,0,0,0,0,0,0,0,0,0,0,0,0,0,0,0
107962997,ASUS 젠북 A16 UX3607OA-SQ012W,0,0,0,"_SSD 1TB_3,490,000|_SSD 2TB_4,199,000|SSD 4TB_5,020,000",0,0,0,0,0,0,0,0,0,0,0,0,0,0,0,0
122676543,ASUS 젠북 A16 UX3607QA-SH079W,0,0,0,"_SSD 512GB_2,728,000|_SSD 1TB_3,129,000||",0,0,0,0,0,0,0,0,0,0,0,0,0,0,0,0
124337194,ASUS 젠북 S 14 UX5406AA-SU066W,0,0,0,"_SSD 1TB_3,244,000|SSD 2TB_3,484,000|_SSD 512GB_2,449,000",0,0,0,0,0,0,0,0,0,0,0,0,0,0,0,0
104964593,ASUS 젠북 S 14 UX5406AA-SU212W,0,0,0,"_SSD 1TB_3,441,000|SSD 2TB_3,680,000|_SSD 4TB_4,096,250",0,0,0,0,0,0,0,0,0,0,0,0,0,0,0,0
70250927,ASUS 젠북 S 14 UX5406SA-PV071W,0,0,0,"_SSD 1TB_1,948,000|_SSD 512GB_2,099,000|SSD 2TB_2,208,000|SSD 4TB_2,860,710",0,0,0,0,0,0,0,0,0,0,0,0,0,0,0,0
68246084,ASUS 젠북 S 14 UX5406SA-PV153W,0,0,0,"_SSD 1TB_2,550,000|_SSD 2TB_2,398,000|SSD 4TB_4,300,760",0,0,0,0,0,0,0,0,0,0,0,0,0,0,0,0
104548814,ASUS 젠북 S 16 UM5606GA-SR338W,0,0,0,"_SSD 1TB_3,239,000|_SSD 2TB_3,349,000|SSD 4TB_3,759,000",0,0,0,0,0,0,0,0,0,0,0,0,0,0,0,0
65912327,ASUS 젠북 S 16 UX5606SA-RJ170W,0,0,0,"_SSD 1TB_3,490,000|SSD 2TB_3,690,000|_SSD 4TB_4,690,000",0,0,0,0,0,0,0,0,0,0,0,0,0,0,0,0
122636523,DELL Pro 14 PC14255-WH04KR,0,0,0,"_SSD 512GB_1,098,000|_SSD 1TB_1,283,390|SSD 2TB_1,562,400|SSD 4TB_2,127,000",0,0,0,0,0,0,0,0,0,0,0,0,0,0,0,0
124326175,DELL Pro 3 P314265-WP02KR,0,0,0,"SSD 512GB_2,050,000",0,0,0,0,0,0,0,0,0,0,0,0,0,0,0,0
124258849,DELL XPS DDX13260-WP03KR,0,0,0,"SSD 512GB_2,799,000",0,0,0,0,0,0,0,0,0,0,0,0,0,0,0,0
101954783,DELL 에일리언웨어 16X Aurora DAC16251-WH04KR,0,0,0,"_SSD 1TB_3,510,270|_SSD 2TB_4,199,000|SSD 4TB_4,649,000",0,0,0,0,0,0,0,0,0,0,0,0,0,0,0,0
92967677,GIGABYTE AERO X16 1VH 93KRC94A,0,0,0,"_SSD 1TB_2,149,000|_SSD 2TB_2,799,000|SSD 4TB_3,499,000",0,0,0,0,0,0,0,0,0,0,0,0,0,0,0,0
92967716,GIGABYTE AERO X16 1VH 93KRC94D,0,0,0,"_SSD 1TB_1,999,000|SSD 2TB_2,989,000|_SSD 4TB_3,600,000",0,0,0,0,0,0,0,0,0,0,0,0,0,0,0,0
92967563,GIGABYTE AERO X16 1WH 93KRC64D,0,0,0,"_SSD 1TB_2,598,000|_SSD 2TB_2,899,000|SSD 4TB_3,799,000",0,0,0,0,0,0,0,0,0,0,0,0,0,0,0,0
123763264,GIGABYTE AORUS MASTER 16 6XJ,0,0,0,"_SSD 1TB_4,280,000|_SSD 2TB_4,720,000|SSD 4TB_5,300,000",0,0,0,0,0,0,0,0,0,0,0,0,0,0,0,0
123763294,GIGABYTE AORUS MASTER 16 6ZJ,0,0,0,"_SSD 1TB_6,799,000|_SSD 2TB_7,480,000|SSD 4TB_8,063,000",0,0,0,0,0,0,0,0,0,0,0,0,0,0,0,0
97122146,HP 15-FD1630TU,0,0,0,"_SSD 256GB_780,000|_SSD 512GB_929,000|SSD 1TB_1,000,000|SSD 2TB_1,199,000|SSD 4TB_1,848,000",0,0,0,0,0,0,0,0,0,0,0,0,0,0,0,0
97954682,HP 15-fc1058AU,0,0,0,"_SSD 256GB_695,880|_SSD 512GB_778,540|SSD 1TB_930,020|SSD 2TB_1,106,420|SSD 4TB_1,390,000",0,0,0,0,0,0,0,0,0,0,0,0,0,0,0,0
99559190,HP 15-fc1058AU WIN11,0,0,0,"_SSD 256GB_696,660|_SSD 512GB_784,680|SSD 1TB_870,000|SSD 2TB_1,070,000|SSD 4TB_1,490,000",0,0,0,0,0,0,0,0,0,0,0,0,0,0,0,0
103520057,HP 15-fc1061AU,0,0,0,"_SSD 512GB_909,000|_SSD 1TB_1,026,110|SSD 2TB_1,187,410|SSD 4TB_1,827,000",0,0,0,0,0,0,0,0,0,0,0,0,0,0,0,0
104980718,HP 15-fc1061AU WIN11,0,0,0,"_SSD 512GB_899,000|_SSD 1TB_1,076,990|SSD 2TB_1,227,990|SSD 4TB_1,827,000",0,0,0,0,0,0,0,0,0,0,0,0,0,0,0,0
97957154,HP 15-fd0654TU,0,0,0,"_128GB_560,000|_SSD 256GB_750,000|SSD 512GB_808,000|SSD 1TB_900,000|SSD 2TB_1,160,000|SSD 4TB_1,390,000",0,0,0,0,0,0,0,0,0,0,0,0,0,0,0,0
108225908,HP 15-fd2130TU,0,0,0,"_SSD 512GB_1,148,000|_SSD 1TB_1,219,090|SSD 2TB_1,386,420|SSD 4TB_1,895,150",0,0,0,0,0,0,0,0,0,0,0,0,0,0,0,0
108225971,HP 15-fd2136TU,0,0,0,"_SSD 512GB_1,020,000|_SSD 1TB_1,078,950|SSD 2TB_1,212,910|SSD 4TB_1,788,660",0,0,0,0,0,0,0,0,0,0,0,0,0,0,0,0
104227085,HP HyperX 오멘 15-ga0031TX,0,0,0,"_SSD 1TB_2,069,000|_SSD 2TB_2,358,930|SSD 4TB_2,863,840",0,0,0,0,0,0,0,0,0,0,0,0,0,0,0,0
105814598,HP HyperX 오멘 15-ga0031TX 32GB램,0,0,0,"_SSD 1TB_2,374,700|_SSD 2TB_2,695,400|SSD 4TB_3,173,250",0,0,0,0,0,0,0,0,0,0,0,0,0,0,0,0
124167465,HP HyperX 오멘 15-ga0170TX,0,0,0,"SSD 4TB_3,060,170|_SSD 512GB_2,100,000|_SSD 1TB_2,500,000|SSD 2TB_2,578,000",0,0,0,0,0,0,0,0,0,0,0,0,0,0,0,0
124167563,HP HyperX 오멘 15-ga0170TX 32GB램,0,0,0,"SSD 4TB_3,414,980|_SSD 512GB_2,607,000|_SSD 1TB_2,784,000|SSD 2TB_2,886,000",0,0,0,0,0,0,0,0,0,0,0,0,0,0,0,0
124167527,HP HyperX 오멘 15-ga0170TX 64GB램,0,0,0,"SSD 4TB_4,219,100|_SSD 512GB_3,288,730|_SSD 1TB_3,393,820|SSD 2TB_3,562,000",0,0,0,0,0,0,0,0,0,0,0,0,0,0,0,0
124167474,HP HyperX 오멘 15-ga0170TX WIN11,0,0,0,"SSD 4TB_3,081,090|_SSD 512GB_2,297,000|_SSD 1TB_2,521,000|SSD 2TB_2,598,000",0,0,0,0,0,0,0,0,0,0,0,0,0,0,0,0
124167487,HP HyperX 오멘 15-ga0170TX WIN11 32GB램,0,0,0,"_SSD 512GB_2,691,000|_SSD 1TB_2,805,000|SSD 2TB_2,973,000|SSD 4TB_3,906,000",0,0,0,0,0,0,0,0,0,0,0,0,0,0,0,0
124167496,HP HyperX 오멘 15-ga0170TX WIN11 64GB램,0,0,0,"_SSD 512GB_3,309,760|_SSD 1TB_3,414,840|SSD 2TB_3,583,020|SSD 4TB_4,389,400",0,0,0,0,0,0,0,0,0,0,0,0,0,0,0,0
104225183,HP HyperX 오멘 15-gb0041AX,0,0,0,"_SSD 1TB_2,094,000|_SSD 2TB_2,228,990|SSD 4TB_2,821,810",0,0,0,0,0,0,0,0,0,0,0,0,0,0,0,0
104225345,HP HyperX 오멘 15-gb0043AX,0,0,0,"_SSD 1TB_1,849,000|_SSD 2TB_2,277,090|SSD 4TB_2,849,000",0,0,0,0,0,0,0,0,0,0,0,0,0,0,0,0
104752364,HP HyperX 오멘 15-gb0043AX WIN11,0,0,0,"_SSD 1TB_1,897,160|_SSD 2TB_2,319,000|SSD 4TB_3,028,850",0,0,0,0,0,0,0,0,0,0,0,0,0,0,0,0
104225372,HP HyperX 오멘 15-gb0044AX,0,0,0,"_SSD 1TB_1,759,000|_SSD 2TB_1,759,000|SSD 4TB_2,901,830",0,0,0,0,0,0,0,0,0,0,0,0,0,0,0,0
122930324,HP HyperX 오멘 16-ap1061AX,0,0,0,"_SSD 512GB_2,798,610|_SSD 1TB_2,720,000|SSD 2TB_2,783,900|SSD 4TB_3,912,000",0,0,0,0,0,0,0,0,0,0,0,0,0,0,0,0
122721860,HP HyperX 오멘 16-ap1067AX,0,0,0,"_SSD 512GB_3,164,000|_SSD 1TB_3,201,170|SSD 2TB_3,331,810|SSD 4TB_4,097,570",0,0,0,0,0,0,0,0,0,0,0,0,0,0,0,0
122724402,HP HyperX 오멘 16-ap1075AX,0,0,0,"_SSD 512GB_2,660,000|_SSD 1TB_2,464,940|SSD 2TB_2,589,750|SSD 4TB_3,410,980",0,0,0,0,0,0,0,0,0,0,0,0,0,0,0,0
122930717,HP HyperX 오멘 MAX 16-ah1056TX,0,0,0,"SSD 1TB_6,320,007",0,0,0,0,0,0,0,0,0,0,0,0,0,0,0,0
124116692,HP HyperX 오멘 MAX 16-ah1073TX,0,0,0,"_SSD 1TB_5,599,000|_SSD 2TB_6,527,000|SSD 4TB_7,103,030",0,0,0,0,0,0,0,0,0,0,0,0,0,0,0,0
124364390,HP HyperX 오멘 MAX 16-ah1073TX 64GB램,0,0,0,"_SSD 1TB_7,007,000|_SSD 2TB_7,391,000|SSD 4TB_7,967,030",0,0,0,0,0,0,0,0,0,0,0,0,0,0,0,0
124198588,HP Z북 8 G2a 14 C8HD5AV,0,0,0,"SSD 2TB_6,475,690",0,0,0,0,0,0,0,0,0,0,0,0,0,0,0,0
124198609,HP Z북 8 G2a 14 C8HD5AV 64GB램,0,0,0,"SSD 2TB_7,828,000",0,0,0,0,0,0,0,0,0,0,0,0,0,0,0,0
90957557,HP Z북 Ultra G1a OLED,0,0,0,"SSD 2TB_6,989,000",0,0,0,0,0,0,0,0,0,0,0,0,0,0,0,0
124224230,HP Z북 X G2i 16 CE2W5AV,0,0,0,"SSD 1TB_6,779,000",0,0,0,0,0,0,0,0,0,0,0,0,0,0,0,0
124224287,HP Z북 X G2i 16 CE2W9AV,0,0,0,"SSD 1TB_7,399,000",0,0,0,0,0,0,0,0,0,0,0,0,0,0,0,0
124224237,HP Z북 X G2i 16 CE2X1AV,0,0,0,"SSD 1TB_6,989,000",0,0,0,0,0,0,0,0,0,0,0,0,0,0,0,0
124224324,HP Z북 X G2i 16 CE2X5AV,0,0,0,"SSD 1TB_7,649,000",0,0,0,0,0,0,0,0,0,0,0,0,0,0,0,0
124224255,HP Z북 X G2i 16 CE2X6AV,0,0,0,"SSD 1TB_7,689,000",0,0,0,0,0,0,0,0,0,0,0,0,0,0,0,0
124224359,HP Z북 X G2i 16 CE2Y0AV,0,0,0,"SSD 1TB_8,369,000",0,0,0,0,0,0,0,0,0,0,0,0,0,0,0,0
124224212,HP Z북 X G2i 16 CE2Y5AV,0,0,0,"SSD 1TB_6,279,000",0,0,0,0,0,0,0,0,0,0,0,0,0,0,0,0
97955537,HP 엘리트북 6 G1i 16 BP2Q5PT 32GB램,0,0,0,"_SSD 512GB_2,045,000|_SSD 1TB_2,134,000|SSD 2TB_2,224,000|SSD 4TB_2,656,000",0,0,0,0,0,0,0,0,0,0,0,0,0,0,0,0
123994741,HP 엘리트북 8 G2a 16 DK6Y4AT,0,0,0,"SSD 512GB_2,163,930",0,0,0,0,0,0,0,0,0,0,0,0,0,0,0,0
98543600,HP 오멘 16-am0261TX,0,0,0,"_SSD 512GB_1,953,000|_SSD 1TB_2,087,000|SSD 2TB_2,232,000|SSD 4TB_2,899,000",0,0,0,0,0,0,0,0,0,0,0,0,0,0,0,0
98771726,HP 오멘 16-am0305TX WIN11 32GB램,0,0,0,"_SSD 512GB_2,517,460|_SSD 1TB_2,688,460|SSD 2TB_2,806,260|SSD 4TB_3,079,000",0,0,0,0,0,0,0,0,0,0,0,0,0,0,0,0
92187689,HP 오멘 16-ap0074AX,0,0,0,"_SSD 512GB_2,390,000|_SSD 1TB_2,590,000|SSD 2TB_2,699,000|SSD 4TB_3,149,000",0,0,0,0,0,0,0,0,0,0,0,0,0,0,0,0
94081355,HP 오멘 MAX 16-ah0207TX,0,0,0,"_SSD 1TB_6,800,000|_SSD 2TB_6,490,000|SSD 4TB_6,990,000",0,0,0,0,0,0,0,0,0,0,0,0,0,0,0,0
122620874,HP 오멘 슬림 16-an0003TX,0,0,0,"_SSD 512GB_2,486,000|_SSD 1TB_2,668,000|SSD 2TB_2,788,970|SSD 4TB_3,699,000",0,0,0,0,0,0,0,0,0,0,0,0,0,0,0,0
122634199,HP 오멘 슬림 16-an0003TX WIN11 32GB램,0,0,0,"_SSD 512GB_2,891,220|_SSD 1TB_3,097,000|SSD 2TB_3,279,000|SSD 4TB_3,764,750",0,0,0,0,0,0,0,0,0,0,0,0,0,0,0,0
122699867,HP 옴니북 3 16-bu0022TU 16GB램,0,0,0,"_SSD 512GB_1,161,570|_SSD 1TB_1,350,000",0,0,0,0,0,0,0,0,0,0,0,0,0,0,0,0
124364880,HP 옴니북 3 16-bu0098TU,0,0,0,"_SSD 512GB_1,499,000|_SSD 1TB_1,496,370|SSD 2TB_1,598,670",0,0,0,0,0,0,0,0,0,0,0,0,0,0,0,0
124364882,HP 옴니북 3 16-bu0098TU 32GB램,0,0,0,"_SSD 512GB_1,654,000|_SSD 1TB_1,849,000|SSD 2TB_1,952,070",0,0,0,0,0,0,0,0,0,0,0,0,0,0,0,0
124364883,HP 옴니북 3 16-bu0098TU 64GB램,0,0,0,"_SSD 512GB_2,407,770|SSD 1TB_2,603,070|_SSD 2TB_2,714,670",0,0,0,0,0,0,0,0,0,0,0,0,0,0,0,0
124349928,HP 옴니북 5 14-hh0036TU,0,0,0,"SSD 1TB_1,792,000",0,0,0,0,0,0,0,0,0,0,0,0,0,0,0,0
108415826,HP 옴니북 5 14-hn0015AU,0,0,0,"_SSD 512GB_1,248,000|_SSD 1TB_1,448,980|SSD 2TB_1,598,980|SSD 4TB_2,262,480",0,0,0,0,0,0,0,0,0,0,0,0,0,0,0,0
124350036,HP 옴니북 5 16-bn0006TU,0,0,0,"SSD 512GB_1,416,600",0,0,0,0,0,0,0,0,0,0,0,0,0,0,0,0
122663719,HP 옴니북 X 플립 14-kb0039TU,0,0,0,"_SSD 512GB_2,510,000|_SSD 1TB_2,659,000||",0,0,0,0,0,0,0,0,0,0,0,0,0,0,0,0
124130865,HP 프로북 4 G2i1 16 DZ3S8AT,0,0,0,"_SSD 512GB_1,535,840|_SSD 1TB_1,850,000|SSD 2TB_2,207,910",0,0,0,0,0,0,0,0,0,0,0,0,0,0,0,0
124130919,HP 프로북 4 G2i1 16 DZ3S8AT WIN11,0,0,0,"_SSD 1TB_1,958,310|SSD 2TB_2,246,310|_SSD 512GB_1,835,430",0,0,0,0,0,0,0,0,0,0,0,0,0,0,0,0
71216507,LG전자 2023 그램15 15ZD90RU-GX54K,0,0,0,"_SSD 256GB_1,522,720|_SSD 512GB_1,602,040|SSD 1TB_1,754,580|SSD 2TB_1,919,990|SSD 4TB_2,625,030",0,0,0,0,0,0,0,0,0,0,0,0,0,0,0,0
74115974,LG전자 2023 그램15 15ZD90RU-GX54K WIN11,0,0,0,"_SSD 256GB_1,525,080|_SSD 512GB_1,678,990|SSD 1TB_1,778,990|SSD 2TB_1,948,970|SSD 4TB_2,757,390",0,0,0,0,0,0,0,0,0,0,0,0,0,0,0,0
71216612,LG전자 2023 그램16 16ZD90RU-GX54K,0,0,0,"_SSD 256GB_1,558,880|_SSD 512GB_1,637,540|SSD 1TB_1,748,990|SSD 2TB_1,988,540|SSD 4TB_2,616,960",0,0,0,0,0,0,0,0,0,0,0,0,0,0,0,0
42674804,LG전자 2024 그램 프로17 17ZD90SP-EX59K WIN11,0,0,0,"_SSD 512GB_2,799,560|_SSD 1TB_2,959,000|SSD 2TB_3,059,000|SSD 4TB_3,439,130",0,0,0,0,0,0,0,0,0,0,0,0,0,0,0,0
103690733,LG전자 2024 그램14 14ZD90S-GX5VK,0,0,0,"_SSD 256GB_1,509,580|_SSD 512GB_1,600,000|SSD 1TB_1,720,440|SSD 2TB_1,908,990|SSD 4TB_2,683,000",0,0,0,0,0,0,0,0,0,0,0,0,0,0,0,0
31680323,LG전자 2024 그램15 15Z90S-GA59K,0,0,0,"_SSD 512GB_2,765,440|_SSD 1TB_2,949,130|SSD 2TB_3,148,000|SSD 4TB_3,600,000",0,0,0,0,0,0,0,0,0,0,0,0,0,0,0,0
103690817,LG전자 2024 그램15 15Z90S-GA5VK,0,0,0,"_SSD 256GB_1,658,640|SSD 512GB_1,687,160|_SSD 1TB_1,779,740|SSD 2TB_2,092,290|SSD 4TB_2,929,000",0,0,0,0,0,0,0,0,0,0,0,0,0,0,0,0
64390217,LG전자 2024 그램15 15Z90S-GP7ML,0,0,0,"_SSD 512GB_1,783,740|_SSD 1TB_1,896,150|SSD 2TB_2,032,690",0,0,0,0,0,0,0,0,0,0,0,0,0,0,0,0
43524080,LG전자 2024 그램16 16Z90S-GA5HK,0,0,0,"_SSD 512GB_1,697,460|_SSD 1TB_1,754,350|SSD 2TB_1,910,000|SSD 4TB_3,327,870",0,0,0,0,0,0,0,0,0,0,0,0,0,0,0,0
75854315,LG전자 2024 그램16 16ZD90SU-GXF6K,0,0,0,"_SSD 256GB_1,408,870|_SSD 512GB_1,487,990|SSD 1TB_1,626,910|SSD 2TB_1,778,270|SSD 4TB_2,349,000",0,0,0,0,0,0,0,0,0,0,0,0,0,0,0,0
53522981,LG전자 2024 그램17 17Z90S-GA5PK,0,0,0,"_SSD 512GB_1,798,990|_SSD 1TB_1,830,300|SSD 2TB_1,999,990|SSD 4TB_2,501,680",0,0,0,0,0,0,0,0,0,0,0,0,0,0,0,0
75855008,LG전자 2024 그램17 17ZD90SU-GXF6K,0,0,0,"_SSD 256GB_1,420,000|_SSD 512GB_1,509,000|SSD 1TB_1,620,000|SSD 2TB_1,745,000|SSD 4TB_2,179,000",0,0,0,0,0,0,0,0,0,0,0,0,0,0,0,0
76875317,LG전자 2024 그램17 17ZD90SU-GXF6K WIN11 16GB램,0,0,0,"_SSD 256GB_1,605,010|_SSD 512GB_1,683,380|SSD 1TB_1,795,880|SSD 2TB_1,955,000|SSD 4TB_2,355,000",0,0,0,0,0,0,0,0,0,0,0,0,0,0,0,0
74007437,LG전자 2025 그램 프로16 16Z90TP-KA5WK,0,0,0,"_SSD 512GB_2,021,460|_SSD 1TB_2,145,780|SSD 2TB_2,356,550|SSD 4TB_2,849,990",0,0,0,0,0,0,0,0,0,0,0,0,0,0,0,0
74007554,LG전자 2025 그램 프로16 16Z90TP-KD7WK,0,0,0,"_SSD 1TB_2,899,590|_SSD 2TB_3,469,900|SSD 4TB_3,499,990",0,0,0,0,0,0,0,0,0,0,0,0,0,0,0,0
103810079,LG전자 2025 그램 프로16 16Z90TS-GS5PK,0,0,0,"_SSD 256GB_2,009,690|SSD 512GB_2,025,140|_SSD 1TB_2,127,160|SSD 2TB_2,312,020|SSD 4TB_3,015,990",0,0,0,0,0,0,0,0,0,0,0,0,0,0,0,0
77279492,LG전자 2025 그램 프로16 16Z90TS-GU7WK,0,0,0,"_SSD 1TB_3,076,130|_SSD 2TB_3,242,990|SSD 4TB_3,619,690",0,0,0,0,0,0,0,0,0,0,0,0,0,0,0,0
103810247,LG전자 2025 그램 프로16 16ZD90TS-GX5PK,0,0,0,"_SSD 256GB_1,800,000|_SSD 512GB_1,928,360|SSD 1TB_2,028,310|SSD 2TB_2,198,000",0,0,0,0,0,0,0,0,0,0,0,0,0,0,0,0
74007608,LG전자 2025 그램 프로17 17Z90TP-GA5CK,0,0,0,"_SSD 256GB_1,847,850|SSD 512GB_2,043,990|_SSD 1TB_2,048,690|SSD 2TB_2,275,920|SSD 4TB_3,000,000",0,0,0,0,0,0,0,0,0,0,0,0,0,0,0,0
103690793,LG전자 2025 그램 프로17 17Z90TR-EA5CK,0,0,0,"_SSD 512GB_3,290,000|SSD 1TB_3,599,000|_SSD 2TB_3,779,480|SSD 4TB_3,999,990",0,0,0,0,0,0,0,0,0,0,0,0,0,0,0,0
103415684,LG전자 2025 그램 프로17 17Z90TR-ED7HK,0,0,0,"_SSD 1TB_3,719,980|_SSD 2TB_3,779,980|SSD 4TB_4,279,990",0,0,0,0,0,0,0,0,0,0,0,0,0,0,0,0
74054924,LG전자 2025 그램 프로17 17ZD90TP-GX56K,0,0,0,"_SSD 256GB_1,977,890|_SSD 512GB_1,993,690|SSD 1TB_2,114,520|SSD 2TB_2,303,190|SSD 4TB_3,179,000",0,0,0,0,0,0,0,0,0,0,0,0,0,0,0,0
103449566,LG전자 2025 그램 프로17 17ZD90TR-EX79K,0,0,0,"_SSD 512GB_3,319,000|_SSD 1TB_3,463,550|SSD 2TB_3,571,200|SSD 4TB_4,500,000",0,0,0,0,0,0,0,0,0,0,0,0,0,0,0,0
74007722,LG전자 2025 그램 프로360 16T90TP-GA5HK,0,0,0,"_SSD 512GB_2,378,000|_SSD 1TB_2,518,000||",0,0,0,0,0,0,0,0,0,0,0,0,0,0,0,0
74055050,LG전자 2025 그램 프로360 16TD90TP-GX56K,0,0,0,"_SSD 256GB_2,079,990|SSD 512GB_2,239,000|_SSD 1TB_2,379,000|SSD 2TB_2,657,990|SSD 4TB_3,418,040",0,0,0,0,0,0,0,0,0,0,0,0,0,0,0,0
74545847,LG전자 2025 그램14 14ZD90T-GX56K WIN11,0,0,0,"_SSD 256GB_1,582,700|_SSD 512GB_1,689,000|SSD 1TB_1,797,030|SSD 2TB_1,908,000|SSD 4TB_2,508,990",0,0,0,0,0,0,0,0,0,0,0,0,0,0,0,0
104324315,LG전자 2025 그램15 15Z90T-GA5NK,0,0,0,"_SSD 256GB_1,699,390|_SSD 512GB_1,805,520|SSD 1TB_1,898,810|SSD 2TB_2,083,760|오피스 패키지_1,979,000",0,0,0,0,0,0,0,0,0,0,0,0,0,0,0,0
124215296,LG전자 2025 그램15 15Z90T-GP56ML,0,0,0,"SSD 256GB_1,848,990|_SSD 512GB_1,948,990|_SSD 1TB_2,048,990|SSD 2TB_2,158,990",0,0,0,0,0,0,0,0,0,0,0,0,0,0,0,0
82472777,LG전자 2025 그램15 15ZD80T-GX56K WIN11,0,0,0,"_SSD 256GB_1,496,000|_SSD 512GB_1,596,000|SSD 1TB_1,730,000|SSD 2TB_1,899,810|SSD 4TB_2,379,000",0,0,0,0,0,0,0,0,0,0,0,0,0,0,0,0
79554701,LG전자 2025 그램15 15ZD80T-GX79K,0,0,0,"_SSD 512GB_2,378,980|_SSD 1TB_2,435,730|SSD 2TB_2,719,110|SSD 4TB_3,000,000",0,0,0,0,0,0,0,0,0,0,0,0,0,0,0,0
74054642,LG전자 2025 그램15 15ZD90T-GX56K,0,0,0,"_SSD 256GB_1,656,160|_SSD 512GB_1,790,000|SSD 1TB_1,886,830|SSD 2TB_2,068,930|SSD 4TB_2,201,500",0,0,0,0,0,0,0,0,0,0,0,0,0,0,0,0
74814458,LG전자 2025 그램15 15ZD90T-GX56K WIN11,0,0,0,"SSD 256GB_1,684,580|_SSD 512GB_1,739,090|_SSD 1TB_1,959,000|SSD 2TB_1,990,280|SSD 4TB_2,474,190",0,0,0,0,0,0,0,0,0,0,0,0,0,0,0,0
94024784,LG전자 2025 그램16 16Z90T U7,0,0,0,"램16GB, SSD 512GB_2,318,000|_램16GB, SSD 1TB_2,478,000|램16GB, SSD 2TB_2,618,000|_램32GB, SSD 512GB_2,838,000|램32GB, SSD 1TB_2,978,000|램32GB, SSD 2TB_3,138,000|램32GB, SSD 4TB_3,578,000",0,0,0,0,0,0,0,0,0,0,0,0,0,0,0,0
122673346,LG전자 2025 그램16 16Z90TL-GS5WK,0,0,0,"_SSD 512GB_1,879,000|_SSD 1TB_1,969,000|SSD 2TB_2,187,300",0,0,0,0,0,0,0,0,0,0,0,0,0,0,0,0
103810856,LG전자 2025 그램16 16ZD90T-GX56K,0,0,0,"_SSD 256GB_1,741,450|_SSD 512GB_1,827,230|SSD 1TB_1,930,090|SSD 2TB_2,086,490|SSD 4TB_2,478,600",0,0,0,0,0,0,0,0,0,0,0,0,0,0,0,0
103810964,LG전자 2025 그램16 16ZD90T-GX56K WIN11,0,0,0,"SSD 256GB_1,757,240|_SSD 512GB_1,848,830|_SSD 1TB_1,947,400|SSD 2TB_2,087,380|SSD 4TB_2,484,710",0,0,0,0,0,0,0,0,0,0,0,0,0,0,0,0
104967095,LG전자 2026 그램 프로16 16Z90U-GS59K,0,0,0,"SSD 256GB_2,694,140|_SSD 512GB_2,796,540|_SSD 1TB_2,880,050|SSD 2TB_3,089,770|SSD 4TB_3,804,990",0,0,0,0,0,0,0,0,0,0,0,0,0,0,0,0
104965043,LG전자 2026 그램 프로16 16Z90U-GS5BK,0,0,0,"_SSD 256GB_2,000,000|SSD 512GB_2,111,360|_SSD 1TB_2,188,580|SSD 2TB_2,400,020|SSD 4TB_3,069,000",0,0,0,0,0,0,0,0,0,0,0,0,0,0,0,0
104987975,LG전자 2026 그램 프로16 16Z90U-GS5ZK,0,0,0,"_SSD 512GB_2,146,990|_SSD 1TB_2,225,000|SSD 2TB_2,419,630|SSD 4TB_3,429,950",0,0,0,0,0,0,0,0,0,0,0,0,0,0,0,0
103453769,LG전자 2026 그램 프로16 16Z90U-KS5WK,0,0,0,"_SSD 512GB_2,503,510|_SSD 1TB_2,743,050|SSD 2TB_2,761,630|SSD 4TB_3,383,570",0,0,0,0,0,0,0,0,0,0,0,0,0,0,0,0
103453775,LG전자 2026 그램 프로16 16Z90U-KU7BK,0,0,0,"_SSD 512GB_3,205,740|SSD 1TB_3,291,950|_SSD 2TB_3,436,130|SSD 4TB_3,923,670",0,0,0,0,0,0,0,0,0,0,0,0,0,0,0,0
103453379,LG전자 2026 그램 프로16 16Z90U-KU7EK,0,0,0,"_SSD 2TB_3,485,890|_SSD 4TB_4,379,990|SSD 6TB_4,990,000|SSD 8TB_5,690,000",0,0,0,0,0,0,0,0,0,0,0,0,0,0,0,0
103453760,LG전자 2026 그램 프로16 16Z90U-KU7WK,0,0,0,"_SSD 1TB_3,365,530|_SSD 2TB_3,459,570|SSD 4TB_4,322,640",0,0,0,0,0,0,0,0,0,0,0,0,0,0,0,0
103452347,LG전자 2026 그램 프로16 16Z95U-GS59K,0,0,0,"_SSD 256GB_2,489,000|_SSD 512GB_2,548,000|SSD 1TB_2,698,000|SSD 2TB_2,848,000|SSD 4TB_3,532,000",0,0,0,0,0,0,0,0,0,0,0,0,0,0,0,0
103451807,LG전자 2026 그램 프로16 16Z95U-GS5BK,0,0,0,"_SSD 256GB_2,027,300|_SSD 512GB_2,116,280|SSD 1TB_2,170,580|SSD 2TB_2,396,940|SSD 4TB_3,228,990",0,0,0,0,0,0,0,0,0,0,0,0,0,0,0,0
103451621,LG전자 2026 그램 프로16 16Z95U-GS5CK,0,0,0,"_SSD 256GB_2,005,000|_SSD 512GB_2,152,190|SSD 1TB_2,233,570|SSD 2TB_2,446,200|SSD 4TB_3,199,990",0,0,0,0,0,0,0,0,0,0,0,0,0,0,0,0
103451483,LG전자 2026 그램 프로16 16Z95U-GS5WK,0,0,0,"_SSD 512GB_2,141,430|SSD 1TB_2,243,420|_SSD 2TB_2,355,280|SSD 4TB_3,049,980",0,0,0,0,0,0,0,0,0,0,0,0,0,0,0,0
103451456,LG전자 2026 그램 프로16 16Z95U-GS5ZK,0,0,0,"_SSD 512GB_2,128,540|SSD 1TB_2,246,850|_SSD 2TB_2,377,870|SSD 4TB_3,049,990",0,0,0,0,0,0,0,0,0,0,0,0,0,0,0,0
104947802,LG전자 2026 그램 프로16 16ZD90U-GX56K,0,0,0,"_SSD 256GB_2,024,000|_SSD 512GB_2,082,000|SSD 1TB_2,175,000|SSD 2TB_2,359,000|SSD 4TB_2,982,920",0,0,0,0,0,0,0,0,0,0,0,0,0,0,0,0
105550868,LG전자 2026 그램 프로16 16ZD90U-GX56K WIN11,0,0,0,"SSD 256GB_1,999,000|_SSD 512GB_2,085,000|_SSD 1TB_2,216,940|SSD 2TB_2,359,000|SSD 4TB_2,988,280",0,0,0,0,0,0,0,0,0,0,0,0,0,0,0,0
106720049,LG전자 2026 그램 프로16 16ZD90U-KX5WK WIN11,0,0,0,"_SSD 512GB_2,314,000|_SSD 1TB_2,387,000|SSD 2TB_2,508,000|SSD 4TB_3,019,890",0,0,0,0,0,0,0,0,0,0,0,0,0,0,0,0
103452410,LG전자 2026 그램 프로16 16ZD95U-GX56K,0,0,0,"_SSD 256GB_1,950,000|_SSD 512GB_1,999,000|SSD 1TB_2,137,000|SSD 2TB_2,346,000|SSD 4TB_2,733,300",0,0,0,0,0,0,0,0,0,0,0,0,0,0,0,0
103452437,LG전자 2026 그램 프로16 16ZD95U-GX59K,0,0,0,"_SSD 256GB_2,400,000|_SSD 512GB_2,499,000|SSD 1TB_2,585,000|SSD 2TB_2,778,000|SSD 4TB_3,017,000",0,0,0,0,0,0,0,0,0,0,0,0,0,0,0,0
103808333,LG전자 2026 그램 프로16 16ZD95U-GX59K WIN11,0,0,0,"SSD 256GB_2,413,000|_SSD 512GB_2,451,000|SSD 1TB_2,640,950|_SSD 2TB_2,796,000|SSD 4TB_3,024,000",0,0,0,0,0,0,0,0,0,0,0,0,0,0,0,0
103452389,LG전자 2026 그램 프로16 16ZD95U-GX5BK,0,0,0,"_SSD 256GB_1,970,390|_SSD 512GB_2,063,770|SSD 1TB_2,186,720|SSD 2TB_2,371,790|SSD 4TB_2,809,030",0,0,0,0,0,0,0,0,0,0,0,0,0,0,0,0
103452512,LG전자 2026 그램 프로16 16ZD95U-GX79K,0,0,0,"_SSD 256GB_2,947,980|SSD 512GB_3,028,870|_SSD 1TB_3,128,890|SSD 2TB_3,395,000|SSD 4TB_3,959,990",0,0,0,0,0,0,0,0,0,0,0,0,0,0,0,0
104939327,LG전자 2026 그램 프로17 17ZD90U-GX56K,0,0,0,"_SSD 256GB_2,020,990|_SSD 512GB_2,138,010|SSD 1TB_2,231,830|SSD 2TB_2,516,930|SSD 4TB_3,221,980",0,0,0,0,0,0,0,0,0,0,0,0,0,0,0,0
103415900,LG전자 2026 그램 프로360 16T95TP-KA5WK,0,0,0,"_SSD 512GB_2,595,650|_SSD 1TB_2,702,660|SSD 2TB_2,835,780|SSD 4TB_3,729,930",0,0,0,0,0,0,0,0,0,0,0,0,0,0,0,0
103415702,LG전자 2026 그램 프로360 16T95TP-KD7BK,0,0,0,"_SSD 1TB_3,421,870|_SSD 2TB_3,664,190|SSD 4TB_4,339,040",0,0,0,0,0,0,0,0,0,0,0,0,0,0,0,0
104987396,LG전자 2026 그램14 14Z90U-GS5WK,0,0,0,"_SSD 512GB_1,821,710|_SSD 1TB_1,913,550|SSD 2TB_2,015,780|SSD 4TB_3,070,260",0,0,0,0,0,0,0,0,0,0,0,0,0,0,0,0
103451711,LG전자 2026 그램14 14Z95U-GS59K,0,0,0,"_SSD 256GB_1,985,490|SSD 512GB_2,101,670|_SSD 1TB_2,194,670|SSD 2TB_2,469,980|SSD 4TB_2,984,810",0,0,0,0,0,0,0,0,0,0,0,0,0,0,0,0
103451186,LG전자 2026 그램14 14Z95U-GS5WK,0,0,0,"_SSD 512GB_1,628,000|_SSD 1TB_1,727,580|SSD 2TB_1,932,830|SSD 4TB_2,470,750",0,0,0,0,0,0,0,0,0,0,0,0,0,0,0,0
103448942,LG전자 2026 그램14 14ZD95U-GX56K,0,0,0,"_SSD 256GB_1,491,970|SSD 512GB_1,562,370|_SSD 1TB_1,655,390|SSD 2TB_1,958,640|SSD 4TB_2,455,330",0,0,0,0,0,0,0,0,0,0,0,0,0,0,0,0
103451900,LG전자 2026 그램14 14ZD95U-GX5WK,0,0,0,"_SSD 256GB_1,478,530|_SSD 512GB_1,559,780|SSD 1TB_1,653,780|SSD 2TB_1,873,980|SSD 4TB_2,373,730",0,0,0,0,0,0,0,0,0,0,0,0,0,0,0,0
108354137,LG전자 2026 그램14 14ZD95U-GX79K,0,0,0,"_SSD 256GB_2,036,690|SSD 512GB_2,129,700|_SSD 1TB_2,222,690|SSD 2TB_2,468,830|SSD 4TB_3,224,310",0,0,0,0,0,0,0,0,0,0,0,0,0,0,0,0
108354176,LG전자 2026 그램14 14ZD95U-GX79K WIN11,0,0,0,"SSD 256GB_2,045,990|_SSD 512GB_2,228,960|_SSD 1TB_2,338,860|SSD 2TB_2,488,910|SSD 4TB_2,999,960",0,0,0,0,0,0,0,0,0,0,0,0,0,0,0,0
103451963,LG전자 2026 그램15 15Z95U-GS5CK,0,0,0,"_SSD 256GB_1,635,300|_SSD 512GB_1,752,680|SSD 1TB_1,859,310|SSD 2TB_2,019,370|SSD 4TB_2,920,200",0,0,0,0,0,0,0,0,0,0,0,0,0,0,0,0
103451189,LG전자 2026 그램15 15Z95U-GS5WK,0,0,0,"_SSD 512GB_1,742,850|_SSD 1TB_1,869,650|SSD 2TB_1,955,990|SSD 4TB_3,084,440",0,0,0,0,0,0,0,0,0,0,0,0,0,0,0,0
103451192,LG전자 2026 그램15 15Z95U-GU7WK,0,0,0,"_SSD 1TB_2,486,830|_SSD 2TB_2,645,890|SSD 4TB_3,378,990",0,0,0,0,0,0,0,0,0,0,0,0,0,0,0,0
105816818,LG전자 2026 그램15 15ZD90U-GX56K WIN11,0,0,0,"SSD 256GB_1,725,440|_SSD 512GB_1,811,390|_SSD 1TB_1,946,090|SSD 2TB_2,116,960|",0,0,0,0,0,0,0,0,0,0,0,0,0,0,0,0
104966918,LG전자 2026 그램15 15ZD90U-GX59K,0,0,0,"_SSD 256GB_2,389,990|SSD 512GB_2,550,000|_SSD 1TB_2,700,000|SSD 2TB_2,774,320|SSD 4TB_3,309,760",0,0,0,0,0,0,0,0,0,0,0,0,0,0,0,0
103451750,LG전자 2026 그램15 15ZD95U-GX56K,0,0,0,"_SSD 256GB_1,600,100|SSD 512GB_1,723,940|_SSD 1TB_1,811,000|SSD 2TB_1,970,220|SSD 4TB_2,674,550",0,0,0,0,0,0,0,0,0,0,0,0,0,0,0,0
108363791,LG전자 2026 그램15 15ZD95U-GX79K WIN11,0,0,0,"SSD 256GB_2,201,530|_SSD 512GB_2,400,930|_SSD 1TB_2,520,930|SSD 2TB_2,688,440|SSD 4TB_3,212,530",0,0,0,0,0,0,0,0,0,0,0,0,0,0,0,0
124326763,LG전자 그램북 14U40V-GA5CK,0,0,0,"SSD 1TB_1,691,690|_SSD 256GB_1,470,800|SSD 2TB_1,861,420|_SSD 512GB_1,588,970",0,0,0,0,0,0,0,0,0,0,0,0,0,0,0,0
124277737,LG전자 그램북 14U40V-GA5WK,0,0,0,"SSD 1TB_1,637,870|_SSD 2TB_1,802,860|_SSD 512GB_1,527,770",0,0,0,0,0,0,0,0,0,0,0,0,0,0,0,0
124298832,LG전자 그램북 14U40V-GA5ZK,0,0,0,"_SSD 1TB_1,638,650|SSD 2TB_1,802,750|_SSD 512GB_1,527,640",0,0,0,0,0,0,0,0,0,0,0,0,0,0,0,0
124289018,LG전자 그램북 14U40V-GR3CK,0,0,0,"_SSD 256GB_1,215,100|_SSD 512GB_1,330,380|SSD 1TB_1,425,720|SSD 2TB_1,595,450",0,0,0,0,0,0,0,0,0,0,0,0,0,0,0,0
124276800,LG전자 그램북 14U40V-GR3WK,0,0,0,"_SSD 512GB_1,198,450|SSD 1TB_1,298,770|_SSD 2TB_1,448,770",0,0,0,0,0,0,0,0,0,0,0,0,0,0,0,0
124326754,LG전자 그램북 14U40V-GR5CK,0,0,0,"_SSD 1TB_1,532,520|SSD 256GB_1,346,850|SSD 2TB_1,702,250|_SSD 512GB_1,437,000",0,0,0,0,0,0,0,0,0,0,0,0,0,0,0,0
124276775,LG전자 그램북 14UD40V-GX3BK,0,0,0,"SSD 256GB_1,009,470|_SSD 512GB_1,300,770|_SSD 1TB_1,393,730|SSD 2TB_1,544,990",0,0,0,0,0,0,0,0,0,0,0,0,0,0,0,0
124276787,LG전자 그램북 14UD40V-GX3BK WIN11,0,0,0,"SSD 256GB_1,238,730|_SSD 512GB_1,328,770|_SSD 1TB_1,424,750|SSD 2TB_1,578,730",0,0,0,0,0,0,0,0,0,0,0,0,0,0,0,0
124276740,LG전자 그램북 14UD40V-GX3JK,0,0,0,"_SSD 256GB_1,009,470|_SSD 512GB_1,276,950|SSD 1TB_1,386,950|SSD 2TB_1,527,730",0,0,0,0,0,0,0,0,0,0,0,0,0,0,0,0
124276759,LG전자 그램북 14UD40V-GX3JK WIN11,0,0,0,"SSD 256GB_1,166,580|_SSD 512GB_1,259,990|_SSD 1TB_1,401,650|SSD 2TB_1,533,990",0,0,0,0,0,0,0,0,0,0,0,0,0,0,0,0
124326460,LG전자 그램북 14UD40V-GX5BK,0,0,0,"SSD 256GB_1,069,000|SSD 512GB_1,381,790|_SSD 1TB_1,474,800|_SSD 2TB_1,648,770",0,0,0,0,0,0,0,0,0,0,0,0,0,0,0,0
124326464,LG전자 그램북 14UD40V-GX5BK WIN11,0,0,0,"SSD 256GB_1,345,790|_SSD 512GB_1,435,790|_SSD 1TB_1,531,780|SSD 2TB_1,672,780",0,0,0,0,0,0,0,0,0,0,0,0,0,0,0,0
124277250,LG전자 그램북 14UD40V-GX5JK,0,0,0,"_SSD 1TB_1,395,950|_SSD 256GB_1,069,000|SSD 2TB_1,549,000|SSD 512GB_1,295,950",0,0,0,0,0,0,0,0,0,0,0,0,0,0,0,0
124277292,LG전자 그램북 14UD40V-GX5JK WIN11,0,0,0,"_SSD 1TB_1,462,950|_SSD 256GB_1,215,950|SSD 2TB_1,609,870|SSD 512GB_1,364,870",0,0,0,0,0,0,0,0,0,0,0,0,0,0,0,0
124249264,LG전자 그램북 14UD40V-GX5KK,0,0,0,"SSD 1TB_1,595,950|_SSD 256GB_1,262,100|SSD 2TB_1,713,980|_SSD 512GB_1,495,950",0,0,0,0,0,0,0,0,0,0,0,0,0,0,0,0
124249283,LG전자 그램북 14UD40V-GX5KK WIN11,0,0,0,"SSD 1TB_1,650,770|_SSD 256GB_1,422,950|SSD 2TB_1,799,000|_SSD 512GB_1,557,770",0,0,0,0,0,0,0,0,0,0,0,0,0,0,0,0
124277426,LG전자 그램북 14UD40V-GX5LK,0,0,0,"_SSD 1TB_1,629,670|_SSD 256GB_1,262,100|SSD 2TB_1,795,760|SSD 512GB_1,536,670",0,0,0,0,0,0,0,0,0,0,0,0,0,0,0,0
124277441,LG전자 그램북 14UD40V-GX5LK WIN11,0,0,0,"_SSD 1TB_1,648,950|SSD 256GB_1,448,980|_SSD 2TB_1,747,950|SSD 512GB_1,548,950",0,0,0,0,0,0,0,0,0,0,0,0,0,0,0,0
104749781,LG전자 그램북 15U50U-GROWK,0,0,0,"_SSD 256GB_958,350|_SSD 512GB_1,059,340|SSD 1TB_1,137,810|SSD 2TB_1,347,350|SSD 4TB_2,579,790",0,0,0,0,0,0,0,0,0,0,0,0,0,0,0,0
103414757,LG전자 그램북 15UD50U-GX5JK,0,0,0,"_SSD 256GB_927,420|_SSD 512GB_999,000|SSD 1TB_1,104,650|SSD 2TB_1,293,820|SSD 4TB_1,729,250|모니터 패키지_1,115,480",0,0,0,0,0,0,0,0,0,0,0,0,0,0,0,0
104547293,LG전자 그램북 15UD50U-GX5JK WIN11 16GB램,0,0,0,"_SSD 256GB_1,103,780|_SSD 512GB_1,180,890|SSD 1TB_1,273,930|SSD 2TB_1,490,890|SSD 4TB_1,918,630",0,0,0,0,0,0,0,0,0,0,0,0,0,0,0,0
122627055,LG전자 그램북 16U55U-GS5HK,0,0,0,"_SSD 512GB_1,395,680|_SSD 1TB_1,523,650|SSD 2TB_1,656,090",0,0,0,0,0,0,0,0,0,0,0,0,0,0,0,0
122624573,LG전자 그램북 16U55U-GSOWK,0,0,0,"_SSD 256GB_1,239,720|_SSD 512GB_1,338,470|SSD 1TB_1,456,020|SSD 2TB_1,622,000",0,0,0,0,0,0,0,0,0,0,0,0,0,0,0,0
122627065,LG전자 그램북 16UD55U-GX5JK,0,0,0,"_SSD 256GB_1,198,900|_SSD 512GB_1,345,380|SSD 1TB_1,476,950|SSD 2TB_1,596,790|모니터 패키지_1,454,890",0,0,0,0,0,0,0,0,0,0,0,0,0,0,0,0
70335374,LG전자 울트라PC 15U50T-GA5HK,0,0,0,"_SSD 256GB_992,580|_SSD 512GB_1,078,870|SSD 1TB_1,186,030|SSD 2TB_1,378,090|SSD 4TB_1,969,980",0,0,0,0,0,0,0,0,0,0,0,0,0,0,0,0
70102928,LG전자 울트라PC 15UD50T-GX5JK,0,0,0,"_SSD 256GB_899,000|_SSD 512GB_916,990|SSD 1TB_979,990|SSD 2TB_1,208,830|SSD 4TB_1,885,140",0,0,0,0,0,0,0,0,0,0,0,0,0,0,0,0
71777459,LG전자 울트라PC 15UD50T-GX5JK 32GB램,0,0,0,"_SSD 256GB_1,166,350|_SSD 512GB_1,272,410|SSD 1TB_1,375,070|SSD 2TB_1,470,070|SSD 4TB_2,408,990",0,0,0,0,0,0,0,0,0,0,0,0,0,0,0,0
15564539,MSI GE시리즈 GE66 레이더 11UG QHD,0,0,0,"SSD 1TB_2,990,000",0,0,0,0,0,0,0,0,0,0,0,0,0,0,0,0
15564563,MSI GE시리즈 GE66 레이더 11UG QHD 32GB램,0,0,0,"_SSD 512GB_2,990,000|_SSD 1TB_2,990,000",0,0,0,0,0,0,0,0,0,0,0,0,0,0,0,0
15564617,MSI GE시리즈 GE66 레이더 11UG QHD WIN10,0,0,0,"_SSD 512GB_2,990,000|_SSD 1TB_2,990,000",0,0,0,0,0,0,0,0,0,0,0,0,0,0,0,0
15505001,MSI GE시리즈 GE66 레이더 11UG QHD WIN10 32GB램,0,0,0,"_SSD 512GB_2,890,000|_SSD 1TB_2,990,000",0,0,0,0,0,0,0,0,0,0,0,0,0,0,0,0
15560903,MSI GE시리즈 GE76 레이더 11UG,0,0,0,"_SSD 1TB_3,690,000|_SSD 2TB_2,980,000|SSD 500GB + SSD 512GB_2,790,000",0,0,0,0,0,0,0,0,0,0,0,0,0,0,0,0
15522797,MSI GE시리즈 GE76 레이더 11UG 32GB램,0,0,0,"_SSD 512GB_3,790,000|_SSD 1TB_3,990,000|SSD 2TB_3,090,000",0,0,0,0,0,0,0,0,0,0,0,0,0,0,0,0
15917666,MSI GE시리즈 GE76 레이더 11UG 64GB램,0,0,0,"_SSD 512GB_2,990,000|_SSD 1TB_3,090,000|SSD 2TB_3,400,000",0,0,0,0,0,0,0,0,0,0,0,0,0,0,0,0
15522764,MSI GE시리즈 GE76 레이더 11UG WIN10,0,0,0,"_SSD 512GB_3,690,000|_SSD 1TB_3,990,000|SSD 2TB_2,990,000",0,0,0,0,0,0,0,0,0,0,0,0,0,0,0,0
15917786,MSI GE시리즈 GE76 레이더 11UG WIN10 32GB램,0,0,0,"_SSD 512GB_3,790,000|_SSD 1TB_3,990,000|SSD 2TB_3,190,000",0,0,0,0,0,0,0,0,0,0,0,0,0,0,0,0
15560930,MSI GE시리즈 GE76 레이더 11UG WIN10 64GB램,0,0,0,"_SSD 512GB_3,250,000|_SSD 1TB_3,190,000|SSD 2TB_3,450,000",0,0,0,0,0,0,0,0,0,0,0,0,0,0,0,0
15465545,MSI GE시리즈 GE76 레이더 11UH-i9 4K WIN10,0,0,0,"SSD 1TB + SSD 1TB_4,970,000",0,0,0,0,0,0,0,0,0,0,0,0,0,0,0,0
15465596,MSI GE시리즈 GE76 레이더 11UH-i9 4K WIN10 64GB램,0,0,0,"_SSD 1TB_5,390,000|_SSD 1TB + SSD 1TB_5,390,000",0,0,0,0,0,0,0,0,0,0,0,0,0,0,0,0
18208709,MSI GE시리즈 레이더 GE66 12UGS QHD,0,0,0,"SSD 2TB_3,350,000",0,0,0,0,0,0,0,0,0,0,0,0,0,0,0,0
18208739,MSI GE시리즈 레이더 GE66 12UGS QHD 32GB램,0,0,0,"SSD 2TB_3,430,000",0,0,0,0,0,0,0,0,0,0,0,0,0,0,0,0
18208799,MSI GE시리즈 레이더 GE66 12UGS QHD 64GB램,0,0,0,"_SSD 1TB_3,490,000|_SSD 2TB_3,520,000",0,0,0,0,0,0,0,0,0,0,0,0,0,0,0,0
18208841,MSI GE시리즈 레이더 GE66 12UGS QHD WIN11,0,0,0,"_SSD 2TB_3,250,000|_SSD 1TB + SSD 1TB_2,899,000",0,0,0,0,0,0,0,0,0,0,0,0,0,0,0,0
18208889,MSI GE시리즈 레이더 GE66 12UGS QHD WIN11 32GB램,0,0,0,"SSD 2TB_3,590,000",0,0,0,0,0,0,0,0,0,0,0,0,0,0,0,0
18208916,MSI GE시리즈 레이더 GE66 12UGS QHD WIN11 64GB램,0,0,0,"_SSD 1TB_4,490,000|_SSD 2TB_3,590,000",0,0,0,0,0,0,0,0,0,0,0,0,0,0,0,0
18341891,MSI GE시리즈 레이더 GE66 12UGS-i9 QHD,0,0,0,"SSD 1TB_2,890,000",0,0,0,0,0,0,0,0,0,0,0,0,0,0,0,0
18357188,MSI GE시리즈 레이더 GE66 12UGS-i9 QHD WIN11,0,0,0,"SSD 1TB_3,120,000",0,0,0,0,0,0,0,0,0,0,0,0,0,0,0,0
18357023,MSI GE시리즈 레이더 GE66 12UGS-i9 QHD WIN11 32GB램,0,0,0,"_SSD 1TB_3,390,000|_SSD 2TB_3,550,000",0,0,0,0,0,0,0,0,0,0,0,0,0,0,0,0
18357143,MSI GE시리즈 레이더 GE66 12UGS-i9 QHD WIN11 64GB램,0,0,0,"_SSD 1TB_3,590,000|_SSD 2TB_3,710,000",0,0,0,0,0,0,0,0,0,0,0,0,0,0,0,0
17667926,MSI GE시리즈 레이더 GE67 HX 12UHS-i9 QHD,0,0,0,"SSD 1TB + SSD 1TB_4,299,000",0,0,0,0,0,0,0,0,0,0,0,0,0,0,0,0
17667950,MSI GE시리즈 레이더 GE67 HX 12UHS-i9 QHD WIN11,0,0,0,"SSD 1TB + SSD 1TB_4,399,000",0,0,0,0,0,0,0,0,0,0,0,0,0,0,0,0
20166269,MSI GE시리즈 레이더 GE68 HX 13VG-i9 4K,0,0,0,"_SSD 1TB_3,990,000|_SSD 2TB_3,649,000|SSD 4TB_3,590,000",0,0,0,0,0,0,0,0,0,0,0,0,0,0,0,0
20250212,MSI GE시리즈 레이더 GE68 HX 13VG-i9 4K 32GB램,0,0,0,"_SSD 1TB_3,744,000|_SSD 2TB_3,840,000|SSD 4TB_3,790,000",0,0,0,0,0,0,0,0,0,0,0,0,0,0,0,0
20250335,MSI GE시리즈 레이더 GE68 HX 13VG-i9 4K 64GB램,0,0,0,"_SSD 1TB_3,799,000|_SSD 2TB_3,750,000|SSD 4TB_3,990,000",0,0,0,0,0,0,0,0,0,0,0,0,0,0,0,0
20278853,MSI GE시리즈 레이더 GE68 HX 13VG-i9 4K WIN11,0,0,0,"_SSD 1TB_3,454,950|_SSD 2TB_3,551,910|SSD 4TB_3,690,000",0,0,0,0,0,0,0,0,0,0,0,0,0,0,0,0
20250242,MSI GE시리즈 레이더 GE68 HX 13VG-i9 4K WIN11 32GB램,0,0,0,"_SSD 1TB_3,648,000|_SSD 2TB_3,840,000|SSD 4TB_3,890,000",0,0,0,0,0,0,0,0,0,0,0,0,0,0,0,0
20250320,MSI GE시리즈 레이더 GE68 HX 13VG-i9 4K WIN11 64GB램,0,0,0,"_SSD 1TB_3,840,000|_SSD 2TB_4,128,000|SSD 4TB_3,990,000",0,0,0,0,0,0,0,0,0,0,0,0,0,0,0,0
18197438,MSI GE시리즈 레이더 GE76 12UGS QHD 64GB램,0,0,0,"_SSD 1TB_3,490,000|_SSD 2TB_3,799,000",0,0,0,0,0,0,0,0,0,0,0,0,0,0,0,0
18197459,MSI GE시리즈 레이더 GE76 12UGS QHD WIN10 64GB램,0,0,0,"_SSD 1TB_3,590,000|_SSD 2TB_3,780,000",0,0,0,0,0,0,0,0,0,0,0,0,0,0,0,0
18197495,MSI GE시리즈 레이더 GE76 12UGS QHD WIN11 64GB램,0,0,0,"_SSD 1TB_3,590,000|_SSD 2TB_3,770,000|SSD 2TB + SSD 2TB_6,990,000",0,0,0,0,0,0,0,0,0,0,0,0,0,0,0,0
18007772,MSI GE시리즈 레이더 GE76 12UHS 4K W11 64GB램,0,0,0,"_SSD 2TB_5,399,000|_SSD 2TB + SSD 2TB_5,599,000",0,0,0,0,0,0,0,0,0,0,0,0,0,0,0,0
20105159,MSI GE시리즈 레이더 GE78 HX 13VG-i9 QHD,0,0,0,"_SSD 1TB_3,145,000|_SSD 2TB_3,699,000",0,0,0,0,0,0,0,0,0,0,0,0,0,0,0,0
20143310,MSI GE시리즈 레이더 GE78 HX 13VG-i9 QHD 32GB램,0,0,0,"_SSD 1TB_3,599,000|_SSD 2TB_3,699,000",0,0,0,0,0,0,0,0,0,0,0,0,0,0,0,0
20143400,MSI GE시리즈 레이더 GE78 HX 13VG-i9 QHD 64GB램,0,0,0,"_SSD 1TB_4,490,000|_SSD 2TB_4,790,000",0,0,0,0,0,0,0,0,0,0,0,0,0,0,0,0
20143574,MSI GE시리즈 레이더 GE78 HX 13VG-i9 QHD WIN11,0,0,0,"_SSD 1TB_5,240,000|_SSD 2TB_3,699,000",0,0,0,0,0,0,0,0,0,0,0,0,0,0,0,0
20143343,MSI GE시리즈 레이더 GE78 HX 13VG-i9 QHD WIN11 32GB램,0,0,0,"_SSD 1TB_5,340,000|_SSD 2TB_3,799,000|SSD 4TB_5,699,000",0,0,0,0,0,0,0,0,0,0,0,0,0,0,0,0
20143388,MSI GE시리즈 레이더 GE78 HX 13VG-i9 QHD WIN11 64GB램,0,0,0,"_SSD 1TB_4,490,000|_SSD 2TB_4,790,000|SSD 4TB_6,990,000",0,0,0,0,0,0,0,0,0,0,0,0,0,0,0,0
20524235,MSI GE시리즈 레이더 GE78 HX 13VG-i9 SmartTP,0,0,0,"_SSD 2TB_3,465,000|_SSD 4TB_3,645,000|SSD 2TB + SSD 2TB_3,725,000",0,0,0,0,0,0,0,0,0,0,0,0,0,0,0,0
25670615,MSI GE시리즈 레이더 GE78 HX 13VG-i9 SmartTP 64GB램,0,0,0,"_SSD 2TB_3,936,000|SSD 4TB_4,290,000|_SSD 2TB + SSD 2TB_3,570,000",0,0,0,0,0,0,0,0,0,0,0,0,0,0,0,0
25669352,MSI GE시리즈 레이더 GE78 HX 13VG-i9 SmartTP WIN11,0,0,0,"_SSD 2TB_3,915,830|_SSD 4TB_3,675,000|SSD 2TB + SSD 2TB_4,590,000|SSD 4TB + SSD 4TB_4,145,000",0,0,0,0,0,0,0,0,0,0,0,0,0,0,0,0
27545534,MSI GE시리즈 레이더 GE78 HX 13VG-i9 SmartTP WIN11 64GB램,0,0,0,"_SSD 2TB + SSD 2TB_4,540,790|_SSD 4TB + SSD 4TB_4,245,000",0,0,0,0,0,0,0,0,0,0,0,0,0,0,0,0
20160305,MSI GE시리즈 레이더 GE78 HX 13VH-i9 QHD W11,0,0,0,"_SSD 1TB_4,990,000|_SSD 2TB_4,785,000|SSD 2TB + SSD 2TB_4,784,000",0,0,0,0,0,0,0,0,0,0,0,0,0,0,0,0
20228618,MSI GE시리즈 레이더 GE78 HX 13VH-i9 QHD W11 64GB램,0,0,0,"_SSD 1TB_6,990,000|_SSD 2TB_4,985,000|SSD 2TB + SSD 2TB_7,990,000",0,0,0,0,0,0,0,0,0,0,0,0,0,0,0,0
20519810,MSI GE시리즈 레이더 GE78 HX 13VI-i9 QHD W11,0,0,0,"_SSD 2TB_6,787,000|_SSD 2TB + SSD 2TB_7,685,000",0,0,0,0,0,0,0,0,0,0,0,0,0,0,0,0
21541940,MSI GE시리즈 레이더 GE78 HX 13VI-i9 QHD W11 64GB램,0,0,0,"_SSD 2TB_7,685,000|_SSD 2TB + SSD 2TB_7,885,000|SSD 4TB + SSD 2TB_8,185,000",0,0,0,0,0,0,0,0,0,0,0,0,0,0,0,0
32070443,MSI GE시리즈 레이더 GE78 HX 14VIG-i9 QHD W11,0,0,0,"_SSD 2TB_7,990,000|_SSD 4TB_8,990,000",0,0,0,0,0,0,0,0,0,0,0,0,0,0,0,0
14330210,MSI GF시리즈 GF63 Thin 10SC-i7 WIN10 32GB램,0,0,0,"SSD 512GB_1,390,000",0,0,0,0,0,0,0,0,0,0,0,0,0,0,0,0
14330480,MSI GF시리즈 GF63 Thin 10SC-i7 WIN10 64GB램,0,0,0,"SSD 1TB_3,590,000",0,0,0,0,0,0,0,0,0,0,0,0,0,0,0,0
14305361,MSI GF시리즈 GF63 Thin 10UD WIN10 32GB램,0,0,0,"_SSD 512GB_1,990,000|_SSD 1TB_1,890,000",0,0,0,0,0,0,0,0,0,0,0,0,0,0,0,0
16630256,MSI GF시리즈 GF63 Thin 11UC WIN10 16GB램,0,0,0,"SSD 1TB_1,690,000",0,0,0,0,0,0,0,0,0,0,0,0,0,0,0,0
16630277,MSI GF시리즈 GF63 Thin 11UC WIN10 32GB램,0,0,0,"_SSD 512GB_1,790,000|_SSD 1TB_1,890,000",0,0,0,0,0,0,0,0,0,0,0,0,0,0,0,0
18739658,MSI GF시리즈 GF63 Thin 11UC WIN11,0,0,0,"SSD 512GB_1,790,000",0,0,0,0,0,0,0,0,0,0,0,0,0,0,0,0
18739622,MSI GF시리즈 GF63 Thin 11UC WIN11 16GB램,0,0,0,"_SSD 512GB_1,840,000|_SSD 1TB_1,990,000",0,0,0,0,0,0,0,0,0,0,0,0,0,0,0,0
18739685,MSI GF시리즈 GF63 Thin 11UC WIN11 32GB램,0,0,0,"_SSD 512GB_1,940,000|_SSD 1TB_2,060,000",0,0,0,0,0,0,0,0,0,0,0,0,0,0,0,0
17400833,MSI GF시리즈 GF63 Thin 11UC-i5,0,0,0,"_SSD 512GB_1,490,000|_SSD 1TB_2,290,000|SSD 2TB_1,690,000|1TB + SSD 512GB_1,690,000",0,0,0,0,0,0,0,0,0,0,0,0,0,0,0,0
17476580,MSI GF시리즈 GF63 Thin 11UC-i5 32GB램,0,0,0,"_SSD 512GB_2,790,000|_SSD 1TB_2,790,000|SSD 2TB_2,490,000",0,0,0,0,0,0,0,0,0,0,0,0,0,0,0,0
17800847,MSI GF시리즈 GF63 Thin 11UC-i5 64GB램,0,0,0,"_SSD 512GB_3,490,000|_SSD 1TB_3,590,000|SSD 2TB_3,690,000",0,0,0,0,0,0,0,0,0,0,0,0,0,0,0,0
17479280,MSI GF시리즈 GF63 Thin 11UC-i5 WIN10,0,0,0,"_SSD 512GB_1,590,000|_SSD 1TB_1,690,000|SSD 2TB_1,790,000|1TB + SSD 512GB_1,790,000",0,0,0,0,0,0,0,0,0,0,0,0,0,0,0,0
17476598,MSI GF시리즈 GF63 Thin 11UC-i5 WIN10 32GB램,0,0,0,"_SSD 512GB_2,390,000|_SSD 1TB_2,490,000|SSD 2TB_2,590,000",0,0,0,0,0,0,0,0,0,0,0,0,0,0,0,0
17476631,MSI GF시리즈 GF63 Thin 11UC-i5 WIN10 64GB램,0,0,0,"_SSD 512GB_3,590,000|_SSD 1TB_3,690,000|SSD 2TB_3,790,000",0,0,0,0,0,0,0,0,0,0,0,0,0,0,0,0
18739760,MSI GF시리즈 GF63 Thin 11UC-i5 WIN11,0,0,0,"_SSD 512GB_1,690,000|_SSD 1TB_1,870,000|SSD 2TB_1,810,000",0,0,0,0,0,0,0,0,0,0,0,0,0,0,0,0
18739835,MSI GF시리즈 GF63 Thin 11UC-i5 WIN11 32GB램,0,0,0,"_SSD 512GB_2,370,000|_SSD 1TB_2,490,000|SSD 2TB_2,490,000",0,0,0,0,0,0,0,0,0,0,0,0,0,0,0,0
18739508,MSI GF시리즈 GF63 Thin 11UC-i5 WIN11 64GB램,0,0,0,"_SSD 512GB_3,390,000|_SSD 1TB_3,390,000|SSD 2TB_3,490,000",0,0,0,0,0,0,0,0,0,0,0,0,0,0,0,0
27729710,MSI GF시리즈 GF63 Thin 11UCX-i5 64GB램,0,0,0,"_SSD 512GB_3,399,000|_SSD 1TB_3,449,000|SSD 2TB_3,549,000",0,0,0,0,0,0,0,0,0,0,0,0,0,0,0,0
28056695,MSI GF시리즈 GF63 Thin 11UCX-i5 WIN10 16GB램,0,0,0,"_SSD 512GB_3,089,000|_SSD 1TB_3,089,000|SSD 2TB_3,189,000",0,0,0,0,0,0,0,0,0,0,0,0,0,0,0,0
28056773,MSI GF시리즈 GF63 Thin 11UCX-i5 WIN10 32GB램,0,0,0,"_SSD 1TB_3,289,000|_SSD 2TB_3,389,000",0,0,0,0,0,0,0,0,0,0,0,0,0,0,0,0
27730247,MSI GF시리즈 GF63 Thin 11UCX-i5 WIN11,0,0,0,"_SSD 512GB_2,799,000|_SSD 1TB_2,849,000|SSD 2TB_2,888,000|1TB + SSD 512GB_3,079,000",0,0,0,0,0,0,0,0,0,0,0,0,0,0,0,0
27730370,MSI GF시리즈 GF63 Thin 11UCX-i5 WIN11 16GB램,0,0,0,"_SSD 512GB_2,349,000|_SSD 1TB_2,399,000|SSD 2TB_2,878,000",0,0,0,0,0,0,0,0,0,0,0,0,0,0,0,0
27731423,MSI GF시리즈 GF63 Thin 11UCX-i5 WIN11 32GB램,0,0,0,"_SSD 512GB_2,248,000|_SSD 1TB_2,328,000|SSD 2TB_2,518,000",0,0,0,0,0,0,0,0,0,0,0,0,0,0,0,0
27731516,MSI GF시리즈 GF63 Thin 11UCX-i5 WIN11 64GB램,0,0,0,"_SSD 512GB_2,989,000|_SSD 1TB_2,978,000|SSD 2TB_4,490,000",0,0,0,0,0,0,0,0,0,0,0,0,0,0,0,0
19667018,MSI GF시리즈 GF63 Thin 11UD-i5,0,0,0,"1TB + SSD 512GB_1,290,000",0,0,0,0,0,0,0,0,0,0,0,0,0,0,0,0
16121636,MSI GF시리즈 GF65 Thin 10UE-i5 32GB램,0,0,0,"SSD 1TB_1,840,000",0,0,0,0,0,0,0,0,0,0,0,0,0,0,0,0
16121603,MSI GF시리즈 GF65 Thin 10UE-i5 WIN10,0,0,0,"SSD 1TB_1,790,000",0,0,0,0,0,0,0,0,0,0,0,0,0,0,0,0
13534850,MSI GF시리즈 GF75 Thin 10UEK-i7 WIN10,0,0,0,"SSD 512GB_2,290,000",0,0,0,0,0,0,0,0,0,0,0,0,0,0,0,0
13534811,MSI GF시리즈 GF75 Thin 10UEK-i7 WIN10 16GB램,0,0,0,"_SSD 512GB_2,190,000|_SSD 1TB_2,390,000",0,0,0,0,0,0,0,0,0,0,0,0,0,0,0,0
13535162,MSI GF시리즈 GF75 Thin 10UEK-i7 WIN10 32GB램,0,0,0,"SSD 1TB_2,590,000",0,0,0,0,0,0,0,0,0,0,0,0,0,0,0,0
96313118,MSI GF시리즈 GF76 A17 AI B8VFB1 W11,0,0,0,"_SSD 512GB_1,997,000|_SSD 1TB_2,799,000|SSD 2TB_2,899,000|SSD 4TB_3,299,000",0,0,0,0,0,0,0,0,0,0,0,0,0,0,0,0
96649721,MSI GF시리즈 GF76 A17 AI B8VFB1 W11 32GB램,0,0,0,"_SSD 512GB_2,790,000|_SSD 1TB_3,290,000|SSD 2TB_2,990,000|SSD 4TB_4,290,000",0,0,0,0,0,0,0,0,0,0,0,0,0,0,0,0
96649733,MSI GF시리즈 GF76 A17 AI B8VFB1 W11 64GB램,0,0,0,"_SSD 512GB_3,999,000|_SSD 1TB_4,099,000|SSD 2TB_4,199,000|SSD 4TB_4,499,000",0,0,0,0,0,0,0,0,0,0,0,0,0,0,0,0
96313004,MSI GF시리즈 GF76 B13VFKB1 W11,0,0,0,"SSD 512GB_1,895,280|_SSD 1TB_2,053,350|_SSD 2TB_2,178,710|SSD 4TB_4,399,000",0,0,0,0,0,0,0,0,0,0,0,0,0,0,0,0
96649907,MSI GF시리즈 GF76 B13VFKB1 W11 32GB램,0,0,0,"_SSD 512GB_2,251,070|_SSD 1TB_2,363,680|SSD 2TB_2,480,470|SSD 4TB_4,490,000",0,0,0,0,0,0,0,0,0,0,0,0,0,0,0,0
96649919,MSI GF시리즈 GF76 B13VFKB1 W11 64GB램,0,0,0,"_SSD 512GB_2,815,850|_SSD 1TB_2,918,610|SSD 2TB_3,083,040|SSD 4TB_4,590,000",0,0,0,0,0,0,0,0,0,0,0,0,0,0,0,0
14820716,MSI GF시리즈 Sword GF66 A11SC-i5 블랙,0,0,0,"_SSD 512GB_1,090,000|_SSD 1TB_1,290,000|SSD 2TB_1,490,000",0,0,0,0,0,0,0,0,0,0,0,0,0,0,0,0
14869247,MSI GF시리즈 Sword GF66 A11SC-i5 블랙 16GB램,0,0,0,"_SSD 512GB_1,150,000|_SSD 1TB_1,250,000|SSD 2TB_1,490,000",0,0,0,0,0,0,0,0,0,0,0,0,0,0,0,0
14869289,MSI GF시리즈 Sword GF66 A11SC-i5 블랙 32GB램,0,0,0,"_SSD 512GB_1,290,000|_SSD 1TB_1,490,000|SSD 2TB_1,690,000",0,0,0,0,0,0,0,0,0,0,0,0,0,0,0,0
14869367,MSI GF시리즈 Sword GF66 A11SC-i5 블랙 WIN10,0,0,0,"_SSD 512GB_1,290,000|_SSD 1TB_1,490,000|SSD 2TB_1,590,000",0,0,0,0,0,0,0,0,0,0,0,0,0,0,0,0
14869391,MSI GF시리즈 Sword GF66 A11SC-i5 블랙 WIN10 16GB램,0,0,0,"_SSD 512GB_1,290,000|_SSD 1TB_1,390,000|SSD 2TB_1,690,000",0,0,0,0,0,0,0,0,0,0,0,0,0,0,0,0
14869628,MSI GF시리즈 Sword GF66 A11SC-i5 블랙 WIN10 32GB램,0,0,0,"_SSD 512GB_1,390,000|_SSD 1TB_1,590,000|SSD 2TB_1,890,000",0,0,0,0,0,0,0,0,0,0,0,0,0,0,0,0
15722633,MSI GF시리즈 Sword GF66 A11SC-i5 블랙 WIN10 64GB램,0,0,0,"_SSD 512GB_3,590,000|_SSD 1TB_3,190,000|SSD 2TB_2,490,000",0,0,0,0,0,0,0,0,0,0,0,0,0,0,0,0
18377717,MSI GF시리즈 Sword GF66 A11SC-i5 블랙 WIN11,0,0,0,"_SSD 512GB_1,299,000|_SSD 1TB_1,399,000|SSD 2TB_1,499,000",0,0,0,0,0,0,0,0,0,0,0,0,0,0,0,0
18377807,MSI GF시리즈 Sword GF66 A11SC-i5 블랙 WIN11 16GB램,0,0,0,"_SSD 512GB_1,299,000|_SSD 1TB_1,299,000",0,0,0,0,0,0,0,0,0,0,0,0,0,0,0,0
18377843,MSI GF시리즈 Sword GF66 A11SC-i5 블랙 WIN11 32GB램,0,0,0,"_SSD 512GB_1,499,000|_SSD 1TB_1,599,000",0,0,0,0,0,0,0,0,0,0,0,0,0,0,0,0
18377909,MSI GF시리즈 Sword GF66 A11SC-i5 블랙 WIN11 64GB램,0,0,0,"_SSD 512GB_3,599,000|_SSD 1TB_3,499,000|SSD 2TB_3,499,000",0,0,0,0,0,0,0,0,0,0,0,0,0,0,0,0
14820758,MSI GF시리즈 Sword GF66 A11SC-i5 화이트,0,0,0,"_SSD 512GB_1,090,000|_SSD 1TB_1,290,000|SSD 2TB_1,490,000",0,0,0,0,0,0,0,0,0,0,0,0,0,0,0,0
14870195,MSI GF시리즈 Sword GF66 A11SC-i5 화이트 16GB램,0,0,0,"_SSD 512GB_1,170,000|_SSD 1TB_1,290,000|SSD 2TB_1,490,000",0,0,0,0,0,0,0,0,0,0,0,0,0,0,0,0
14870228,MSI GF시리즈 Sword GF66 A11SC-i5 화이트 32GB램,0,0,0,"_SSD 512GB_1,290,000|_SSD 1TB_1,490,000|SSD 2TB_1,590,000",0,0,0,0,0,0,0,0,0,0,0,0,0,0,0,0
14870393,MSI GF시리즈 Sword GF66 A11SC-i5 화이트 WIN10,0,0,0,"_SSD 512GB_1,190,000|_SSD 1TB_1,390,000|SSD 2TB_1,590,000",0,0,0,0,0,0,0,0,0,0,0,0,0,0,0,0
14870435,MSI GF시리즈 Sword GF66 A11SC-i5 화이트 WIN10 16GB램,0,0,0,"_SSD 512GB_1,170,000|_SSD 1TB_1,390,000|SSD 2TB_1,690,000",0,0,0,0,0,0,0,0,0,0,0,0,0,0,0,0
14870645,MSI GF시리즈 Sword GF66 A11SC-i5 화이트 WIN10 32GB램,0,0,0,"_SSD 512GB_1,390,000|_SSD 1TB_1,590,000|SSD 2TB_1,790,000",0,0,0,0,0,0,0,0,0,0,0,0,0,0,0,0
15722879,MSI GF시리즈 Sword GF66 A11SC-i5 화이트 WIN10 64GB램,0,0,0,"_SSD 512GB_3,590,000|_SSD 1TB_3,190,000|SSD 2TB_2,490,000",0,0,0,0,0,0,0,0,0,0,0,0,0,0,0,0
14820797,MSI GF시리즈 Sword GF66 A11SC-i7 블랙,0,0,0,"_SSD 512GB_1,250,000|_SSD 1TB_1,490,000|SSD 2TB_1,590,000",0,0,0,0,0,0,0,0,0,0,0,0,0,0,0,0
14867357,MSI GF시리즈 Sword GF66 A11SC-i7 블랙 16GB램,0,0,0,"_SSD 512GB_1,390,000|_SSD 1TB_1,490,000|SSD 2TB_1,690,000",0,0,0,0,0,0,0,0,0,0,0,0,0,0,0,0
14867447,MSI GF시리즈 Sword GF66 A11SC-i7 블랙 32GB램,0,0,0,"_SSD 512GB_1,590,000|_SSD 1TB_1,590,000|SSD 2TB_1,790,000",0,0,0,0,0,0,0,0,0,0,0,0,0,0,0,0
14867420,MSI GF시리즈 Sword GF66 A11SC-i7 블랙 WIN10,0,0,0,"_SSD 512GB_1,390,000|_SSD 1TB_1,590,000|SSD 2TB_1,790,000",0,0,0,0,0,0,0,0,0,0,0,0,0,0,0,0
14867549,MSI GF시리즈 Sword GF66 A11SC-i7 블랙 WIN10 16GB램,0,0,0,"_SSD 512GB_1,390,000|_SSD 1TB_1,690,000|SSD 2TB_1,890,000",0,0,0,0,0,0,0,0,0,0,0,0,0,0,0,0
14867705,MSI GF시리즈 Sword GF66 A11SC-i7 블랙 WIN10 32GB램,0,0,0,"_SSD 512GB_1,590,000|SSD 1TB_1,790,000|_SSD 2TB_1,990,000",0,0,0,0,0,0,0,0,0,0,0,0,0,0,0,0
15761126,MSI GF시리즈 Sword GF66 A11SC-i7 블랙 WIN10 64GB램,0,0,0,"_SSD 512GB_3,520,000|_SSD 1TB_3,590,000|SSD 2TB_3,150,000",0,0,0,0,0,0,0,0,0,0,0,0,0,0,0,0
15010919,MSI GF시리즈 Sword GF66 A11SC-i7 화이트,0,0,0,"_SSD 512GB_1,490,000|_SSD 1TB_1,990,000|SSD 2TB_1,470,000",0,0,0,0,0,0,0,0,0,0,0,0,0,0,0,0
15045362,MSI GF시리즈 Sword GF66 A11SC-i7 화이트 16GB램,0,0,0,"_SSD 512GB_1,390,000|_SSD 1TB_1,290,000",0,0,0,0,0,0,0,0,0,0,0,0,0,0,0,0
15045440,MSI GF시리즈 Sword GF66 A11SC-i7 화이트 32GB램,0,0,0,"_SSD 512GB_1,990,000|_SSD 1TB_1,990,000",0,0,0,0,0,0,0,0,0,0,0,0,0,0,0,0
15651095,MSI GF시리즈 Sword GF66 A11SC-i7 화이트 64GB램,0,0,0,"_SSD 512GB_3,530,000|_SSD 1TB_3,690,000|SSD 2TB_3,560,000",0,0,0,0,0,0,0,0,0,0,0,0,0,0,0,0
15045305,MSI GF시리즈 Sword GF66 A11SC-i7 화이트 WIN10,0,0,0,"_SSD 512GB_1,990,000|_SSD 1TB_1,990,000|SSD 2TB_1,530,000",0,0,0,0,0,0,0,0,0,0,0,0,0,0,0,0
15045392,MSI GF시리즈 Sword GF66 A11SC-i7 화이트 WIN10 16GB램,0,0,0,"_SSD 512GB_1,390,000|_SSD 1TB_1,420,000|SSD 2TB_1,540,000",0,0,0,0,0,0,0,0,0,0,0,0,0,0,0,0
15045449,MSI GF시리즈 Sword GF66 A11SC-i7 화이트 WIN10 32GB램,0,0,0,"_SSD 512GB_2,090,000|_SSD 1TB_2,290,000|SSD 2TB_1,630,000",0,0,0,0,0,0,0,0,0,0,0,0,0,0,0,0
15651137,MSI GF시리즈 Sword GF66 A11SC-i7 화이트 WIN10 64GB램,0,0,0,"_SSD 512GB_3,680,000|_SSD 1TB_3,550,000|SSD 2TB_3,190,000",0,0,0,0,0,0,0,0,0,0,0,0,0,0,0,0
15070496,MSI GF시리즈 Sword GF66 A11UC 블랙,0,0,0,"_SSD 512GB_3,090,000|_SSD 1TB_2,990,000",0,0,0,0,0,0,0,0,0,0,0,0,0,0,0,0
16114163,MSI GF시리즈 Sword GF66 A11UC 블랙 16GB램,0,0,0,"SSD 1TB_2,790,000",0,0,0,0,0,0,0,0,0,0,0,0,0,0,0,0
16231196,MSI GF시리즈 Sword GF66 A11UC 블랙 64GB램,0,0,0,"SSD 512GB_2,720,000",0,0,0,0,0,0,0,0,0,0,0,0,0,0,0,0
16231259,MSI GF시리즈 Sword GF66 A11UC 블랙 WIN10,0,0,0,"_SSD 1TB_2,750,000|_SSD 2TB_2,990,000",0,0,0,0,0,0,0,0,0,0,0,0,0,0,0,0
15451901,MSI GF시리즈 Sword GF66 A11UC 블랙 WIN10 16GB램,0,0,0,"_SSD 512GB_2,690,000|_SSD 1TB_2,890,000",0,0,0,0,0,0,0,0,0,0,0,0,0,0,0,0
15736538,MSI GF시리즈 Sword GF66 A11UC 블랙 WIN10 32GB램,0,0,0,"_SSD 512GB_2,790,000|_SSD 2TB_2,990,000",0,0,0,0,0,0,0,0,0,0,0,0,0,0,0,0
16231364,MSI GF시리즈 Sword GF66 A11UC 블랙 WIN10 64GB램,0,0,0,"_SSD 512GB_3,190,000|_SSD 1TB_3,490,000|SSD 2TB_3,990,000",0,0,0,0,0,0,0,0,0,0,0,0,0,0,0,0
16210934,MSI GF시리즈 Sword GF66 A11UC 화이트,0,0,0,"SSD 2TB_2,640,000",0,0,0,0,0,0,0,0,0,0,0,0,0,0,0,0
16210952,MSI GF시리즈 Sword GF66 A11UC 화이트 32GB램,0,0,0,"SSD 512GB_2,550,000",0,0,0,0,0,0,0,0,0,0,0,0,0,0,0,0
16210961,MSI GF시리즈 Sword GF66 A11UC 화이트 64GB램,0,0,0,"SSD 512GB_3,190,000",0,0,0,0,0,0,0,0,0,0,0,0,0,0,0,0
15451931,MSI GF시리즈 Sword GF66 A11UC 화이트 WIN10,0,0,0,"_SSD 512GB_2,490,000|_SSD 1TB_2,750,000|SSD 2TB_2,990,000",0,0,0,0,0,0,0,0,0,0,0,0,0,0,0,0
15736646,MSI GF시리즈 Sword GF66 A11UC 화이트 WIN10 16GB램,0,0,0,"SSD 1TB_2,790,000",0,0,0,0,0,0,0,0,0,0,0,0,0,0,0,0
15736676,MSI GF시리즈 Sword GF66 A11UC 화이트 WIN10 32GB램,0,0,0,"_SSD 512GB_2,690,000|_SSD 1TB_3,090,000",0,0,0,0,0,0,0,0,0,0,0,0,0,0,0,0
16211057,MSI GF시리즈 Sword GF66 A11UC 화이트 WIN10 64GB램,0,0,0,"_SSD 512GB_3,190,000|_SSD 1TB_3,290,000|SSD 2TB_3,490,000",0,0,0,0,0,0,0,0,0,0,0,0,0,0,0,0
20740448,MSI GF시리즈 Sword GF66 A11UD 블랙 24GB램,0,0,0,"SSD 512GB_2,990,000",0,0,0,0,0,0,0,0,0,0,0,0,0,0,0,0
17926955,MSI GF시리즈 Sword GF66 A11UD 화이트 WIN11,0,0,0,"_SSD 512GB_1,899,000|_SSD 1TB_1,899,000|SSD 2TB_2,099,000",0,0,0,0,0,0,0,0,0,0,0,0,0,0,0,0
17926973,MSI GF시리즈 Sword GF66 A11UD 화이트 WIN11 16GB램,0,0,0,"_SSD 512GB_1,690,000|SSD 1TB_1,770,000|_SSD 2TB_1,840,000",0,0,0,0,0,0,0,0,0,0,0,0,0,0,0,0
17926988,MSI GF시리즈 Sword GF66 A11UD 화이트 WIN11 32GB램,0,0,0,"_SSD 512GB_2,280,000|_SSD 1TB_2,370,000|SSD 2TB_2,420,000",0,0,0,0,0,0,0,0,0,0,0,0,0,0,0,0
17927033,MSI GF시리즈 Sword GF66 A11UD 화이트 WIN11 64GB램,0,0,0,"_SSD 512GB_2,920,000|_SSD 1TB_3,010,000|SSD 2TB_3,090,000",0,0,0,0,0,0,0,0,0,0,0,0,0,0,0,0
17806991,MSI GF시리즈 Sword GF66 A11UE 블랙 WIN11,0,0,0,"_SSD 512GB_1,999,000|_SSD 1TB_2,199,000|SSD 2TB_2,199,000",0,0,0,0,0,0,0,0,0,0,0,0,0,0,0,0
17808365,MSI GF시리즈 Sword GF66 A11UE 블랙 WIN11 16GB램,0,0,0,"_SSD 512GB_1,999,000|_SSD 1TB_2,099,000",0,0,0,0,0,0,0,0,0,0,0,0,0,0,0,0
17808371,MSI GF시리즈 Sword GF66 A11UE 블랙 WIN11 32GB램,0,0,0,"_SSD 512GB_2,029,000|_SSD 1TB_2,099,000|SSD 2TB_3,499,000",0,0,0,0,0,0,0,0,0,0,0,0,0,0,0,0
17808404,MSI GF시리즈 Sword GF66 A11UE 블랙 WIN11 64GB램,0,0,0,"_SSD 512GB_3,199,000|_SSD 1TB_3,299,000|SSD 2TB_3,399,000",0,0,0,0,0,0,0,0,0,0,0,0,0,0,0,0
17808332,MSI GF시리즈 Sword GF66 A11UE 화이트 WIN11,0,0,0,"_SSD 512GB_1,939,000|_SSD 1TB_2,019,000|SSD 2TB_2,099,000",0,0,0,0,0,0,0,0,0,0,0,0,0,0,0,0
17808341,MSI GF시리즈 Sword GF66 A11UE 화이트 WIN11 16GB램,0,0,0,"_SSD 512GB_1,919,000|_SSD 1TB_2,019,000",0,0,0,0,0,0,0,0,0,0,0,0,0,0,0,0
17808347,MSI GF시리즈 Sword GF66 A11UE 화이트 WIN11 32GB램,0,0,0,"_SSD 512GB_2,049,000|_SSD 1TB_2,039,000|SSD 2TB_2,289,000",0,0,0,0,0,0,0,0,0,0,0,0,0,0,0,0
17808356,MSI GF시리즈 Sword GF66 A11UE 화이트 WIN11 64GB램,0,0,0,"_SSD 512GB_3,229,000|_SSD 1TB_3,329,000|SSD 2TB_3,359,000",0,0,0,0,0,0,0,0,0,0,0,0,0,0,0,0
18679058,MSI GF시리즈 Sword GF66 A12UC-i5 블랙,0,0,0,"SSD 2TB_1,299,000",0,0,0,0,0,0,0,0,0,0,0,0,0,0,0,0
18681074,MSI GF시리즈 Sword GF66 A12UC-i5 블랙 16GB램,0,0,0,"SSD 2TB_1,399,000",0,0,0,0,0,0,0,0,0,0,0,0,0,0,0,0
18681206,MSI GF시리즈 Sword GF66 A12UC-i5 블랙 32GB램,0,0,0,"SSD 2TB_1,499,000",0,0,0,0,0,0,0,0,0,0,0,0,0,0,0,0
18613265,MSI GF시리즈 Sword GF66 A12UE 베이직 블랙 32GB램,0,0,0,"SSD 512GB_1,599,000",0,0,0,0,0,0,0,0,0,0,0,0,0,0,0,0
19012031,MSI GF시리즈 Sword GF66 A12UE 베이직 블랙 WIN11,0,0,0,"_SSD 1TB_1,620,000|_SSD 2TB_1,770,000",0,0,0,0,0,0,0,0,0,0,0,0,0,0,0,0
16257419,MSI GF시리즈 Sword GF66 A12UE 블랙,0,0,0,"_SSD 512GB_1,690,000|_SSD 1TB_1,990,000|SSD 2TB_2,190,000|SSD 500GB + SSD 512GB_2,099,000",0,0,0,0,0,0,0,0,0,0,0,0,0,0,0,0
16398083,MSI GF시리즈 Sword GF66 A12UE 블랙 32GB램,0,0,0,"_SSD 512GB_1,990,000|_SSD 1TB_2,190,000|SSD 2TB_2,490,000",0,0,0,0,0,0,0,0,0,0,0,0,0,0,0,0
16398122,MSI GF시리즈 Sword GF66 A12UE 블랙 64GB램,0,0,0,"SSD 512GB_3,180,000",0,0,0,0,0,0,0,0,0,0,0,0,0,0,0,0
16398161,MSI GF시리즈 Sword GF66 A12UE 블랙 WIN10,0,0,0,"SSD 512GB_1,880,000",0,0,0,0,0,0,0,0,0,0,0,0,0,0,0,0
16398173,MSI GF시리즈 Sword GF66 A12UE 블랙 WIN10 32GB램,0,0,0,"_SSD 512GB_1,970,000|_SSD 1TB_2,130,000",0,0,0,0,0,0,0,0,0,0,0,0,0,0,0,0
16398185,MSI GF시리즈 Sword GF66 A12UE 블랙 WIN10 64GB램,0,0,0,"_SSD 512GB_3,160,000|_SSD 1TB_2,330,000",0,0,0,0,0,0,0,0,0,0,0,0,0,0,0,0
16849439,MSI GF시리즈 Sword GF66 A12UE 블랙 WIN11,0,0,0,"_SSD 512GB_1,990,000|_SSD 1TB_2,090,000|SSD 2TB_2,290,000|SSD 500GB + SSD 512GB_2,490,000",0,0,0,0,0,0,0,0,0,0,0,0,0,0,0,0
16910459,MSI GF시리즈 Sword GF66 A12UE 블랙 WIN11 32GB램,0,0,0,"_SSD 512GB_1,950,000|_SSD 1TB_1,910,000|SSD 2TB_2,040,000",0,0,0,0,0,0,0,0,0,0,0,0,0,0,0,0
16910477,MSI GF시리즈 Sword GF66 A12UE 블랙 WIN11 64GB램,0,0,0,"_SSD 512GB_3,190,000|_SSD 1TB_2,320,000",0,0,0,0,0,0,0,0,0,0,0,0,0,0,0,0
20146568,MSI GF시리즈 Sword GF66 A12UE 화이트,0,0,0,"SSD 500GB + SSD 512GB_2,490,000",0,0,0,0,0,0,0,0,0,0,0,0,0,0,0,0
16397684,MSI GF시리즈 Sword GF66 A12UE 화이트 32GB램,0,0,0,"SSD 512GB_1,990,000",0,0,0,0,0,0,0,0,0,0,0,0,0,0,0,0
16397762,MSI GF시리즈 Sword GF66 A12UE 화이트 64GB램,0,0,0,"SSD 512GB_3,180,000",0,0,0,0,0,0,0,0,0,0,0,0,0,0,0,0
16397957,MSI GF시리즈 Sword GF66 A12UE 화이트 WIN10,0,0,0,"SSD 512GB_1,870,000",0,0,0,0,0,0,0,0,0,0,0,0,0,0,0,0
16397984,MSI GF시리즈 Sword GF66 A12UE 화이트 WIN10 32GB램,0,0,0,"SSD 512GB_1,990,000",0,0,0,0,0,0,0,0,0,0,0,0,0,0,0,0
16398005,MSI GF시리즈 Sword GF66 A12UE 화이트 WIN10 64GB램,0,0,0,"_SSD 512GB_3,190,000|_SSD 1TB_2,290,000",0,0,0,0,0,0,0,0,0,0,0,0,0,0,0,0
20146541,MSI GF시리즈 Sword GF66 A12UE 화이트 WIN11,0,0,0,"SSD 500GB + SSD 512GB_2,590,000",0,0,0,0,0,0,0,0,0,0,0,0,0,0,0,0
16910627,MSI GF시리즈 Sword GF66 A12UE 화이트 WIN11 64GB램,0,0,0,"_SSD 512GB_2,290,000|_SSD 1TB_2,590,000",0,0,0,0,0,0,0,0,0,0,0,0,0,0,0,0
19425671,MSI GF시리즈 Sword GF66 B12VGK,0,0,0,"_SSD 1TB_3,290,000|_SSD 2TB_3,490,000|SSD 1TB + SSD 1TB_3,740,000",0,0,0,0,0,0,0,0,0,0,0,0,0,0,0,0
19724915,MSI GF시리즈 Sword GF66 B12VGK 32GB램,0,0,0,"_SSD 1TB_3,360,000|_SSD 1TB + SSD 1TB_3,330,000",0,0,0,0,0,0,0,0,0,0,0,0,0,0,0,0
19724840,MSI GF시리즈 Sword GF66 B12VGK 64GB램,0,0,0,"_SSD 1TB_3,510,000|_SSD 1TB + SSD 1TB_3,890,000",0,0,0,0,0,0,0,0,0,0,0,0,0,0,0,0
19724714,MSI GF시리즈 Sword GF66 B12VGK WIN11,0,0,0,"_SSD 2TB_3,490,000|_SSD 1TB + SSD 1TB_3,770,000",0,0,0,0,0,0,0,0,0,0,0,0,0,0,0,0
19743677,MSI GF시리즈 Sword GF66 B12VGK WIN11 64GB램,0,0,0,"SSD 1TB + SSD 1TB_3,890,000",0,0,0,0,0,0,0,0,0,0,0,0,0,0,0,0
19073759,MSI GF시리즈 Sword GF66 B13VEK,0,0,0,"SSD 512GB_1,690,000|_SSD 1TB_1,920,000|_SSD 2TB_2,040,000|SSD 4TB_3,099,000",0,0,0,0,0,0,0,0,0,0,0,0,0,0,0,0
19093538,MSI GF시리즈 Sword GF66 B13VEK 32GB램,0,0,0,"_SSD 512GB_1,990,000|_SSD 1TB_2,438,170|SSD 2TB_2,595,740|SSD 4TB_3,299,000",0,0,0,0,0,0,0,0,0,0,0,0,0,0,0,0
19093550,MSI GF시리즈 Sword GF66 B13VEK 64GB램,0,0,0,"_SSD 512GB_2,590,000|_SSD 1TB_2,690,000|SSD 2TB_2,890,000|SSD 4TB_3,599,000",0,0,0,0,0,0,0,0,0,0,0,0,0,0,0,0
19093736,MSI GF시리즈 Sword GF66 B13VEK WIN11,0,0,0,"_SSD 512GB_1,960,000|_SSD 1TB_1,990,000|SSD 2TB_2,090,000|SSD 4TB_3,199,000",0,0,0,0,0,0,0,0,0,0,0,0,0,0,0,0
19093721,MSI GF시리즈 Sword GF66 B13VEK WIN11 32GB램,0,0,0,"_SSD 512GB_2,060,000|_SSD 1TB_2,090,000|SSD 2TB_2,617,370|SSD 4TB_3,399,000",0,0,0,0,0,0,0,0,0,0,0,0,0,0,0,0
19093730,MSI GF시리즈 Sword GF66 B13VEK WIN11 64GB램,0,0,0,"_SSD 512GB_2,550,000|_SSD 1TB_3,047,570|SSD 2TB_2,890,000|SSD 4TB_3,699,000",0,0,0,0,0,0,0,0,0,0,0,0,0,0,0,0
19073867,MSI GF시리즈 Sword GF66 B13VFK,0,0,0,"_SSD 512GB_1,999,000|_SSD 1TB_2,030,000|SSD 2TB_2,140,000",0,0,0,0,0,0,0,0,0,0,0,0,0,0,0,0
19105802,MSI GF시리즈 Sword GF66 B13VFK 32GB램,0,0,0,"_SSD 512GB_2,090,000|_SSD 1TB_2,130,000|SSD 2TB_2,240,000|SSD 4TB_3,190,000",0,0,0,0,0,0,0,0,0,0,0,0,0,0,0,0
19105829,MSI GF시리즈 Sword GF66 B13VFK 64GB램,0,0,0,"_SSD 512GB_2,927,800|_SSD 1TB_3,036,640|SSD 2TB_3,210,790|SSD 4TB_4,990,000",0,0,0,0,0,0,0,0,0,0,0,0,0,0,0,0
19105982,MSI GF시리즈 Sword GF66 B13VFK WIN11,0,0,0,"_SSD 512GB_1,979,320|_SSD 1TB_2,087,470|SSD 2TB_2,210,000|SSD 4TB_3,490,000",0,0,0,0,0,0,0,0,0,0,0,0,0,0,0,0
19105895,MSI GF시리즈 Sword GF66 B13VFK WIN11 32GB램,0,0,0,"_SSD 512GB_2,347,040|_SSD 1TB_2,470,760|SSD 2TB_2,644,910|SSD 4TB_4,989,000",0,0,0,0,0,0,0,0,0,0,0,0,0,0,0,0
19105859,MSI GF시리즈 Sword GF66 B13VFK WIN11 64GB램,0,0,0,"_SSD 512GB_2,930,960|_SSD 1TB_3,039,110|SSD 2TB_3,232,560|SSD 4TB_5,990,000",0,0,0,0,0,0,0,0,0,0,0,0,0,0,0,0
18539030,MSI GF시리즈 Sword GF76 A11SC 비전 블랙 WIN10 16GB램,0,0,0,"SSD 2TB_2,099,000",0,0,0,0,0,0,0,0,0,0,0,0,0,0,0,0
18500537,MSI GF시리즈 Sword GF76 A11SC 비전 블랙 WIN11,0,0,0,"_SSD 256GB_1,899,000|_SSD 512GB_1,999,000|SSD 1TB_2,199,000|SSD 2TB_2,299,000",0,0,0,0,0,0,0,0,0,0,0,0,0,0,0,0
18500687,MSI GF시리즈 Sword GF76 A11SC 비전 블랙 WIN11 16GB램,0,0,0,"_SSD 256GB_1,599,000|_SSD 512GB_2,199,000|SSD 1TB_2,299,000",0,0,0,0,0,0,0,0,0,0,0,0,0,0,0,0
18500738,MSI GF시리즈 Sword GF76 A11SC 비전 블랙 WIN11 32GB램,0,0,0,"_SSD 256GB_1,699,000|_SSD 512GB_1,799,000|SSD 1TB_1,899,000|SSD 2TB_1,999,000",0,0,0,0,0,0,0,0,0,0,0,0,0,0,0,0
18500804,MSI GF시리즈 Sword GF76 A11SC 비전 블랙 WIN11 64GB램,0,0,0,"_SSD 256GB_3,499,000|_SSD 1TB_3,099,000|SSD 2TB_3,199,000",0,0,0,0,0,0,0,0,0,0,0,0,0,0,0,0
15070190,MSI GF시리즈 Sword GF76 A11UC 블랙,0,0,0,"SSD 512GB_1,290,000",0,0,0,0,0,0,0,0,0,0,0,0,0,0,0,0
19185698,MSI GF시리즈 Sword GF76 A11UC 블랙 16GB램,0,0,0,"SSD 2TB_2,690,000",0,0,0,0,0,0,0,0,0,0,0,0,0,0,0,0
17797772,MSI GF시리즈 Sword GF76 A11UC 블랙 32GB램,0,0,0,"SSD 1TB_1,790,000",0,0,0,0,0,0,0,0,0,0,0,0,0,0,0,0
17797727,MSI GF시리즈 Sword GF76 A11UC 블랙 64GB램,0,0,0,"_SSD 512GB_3,590,000|_SSD 1TB_3,190,000|SSD 2TB_2,330,000",0,0,0,0,0,0,0,0,0,0,0,0,0,0,0,0
17797640,MSI GF시리즈 Sword GF76 A11UC 블랙 WIN10,0,0,0,"_SSD 1TB_1,870,000|_SSD 2TB_2,080,000",0,0,0,0,0,0,0,0,0,0,0,0,0,0,0,0
17797676,MSI GF시리즈 Sword GF76 A11UC 블랙 WIN10 64GB램,0,0,0,"_SSD 512GB_3,350,000|_SSD 1TB_3,150,000",0,0,0,0,0,0,0,0,0,0,0,0,0,0,0,0
19185782,MSI GF시리즈 Sword GF76 A11UC 블랙 WIN11,0,0,0,"_SSD 512GB_2,690,000|_SSD 1TB_2,690,000|SSD 2TB_2,690,000",0,0,0,0,0,0,0,0,0,0,0,0,0,0,0,0
19185905,MSI GF시리즈 Sword GF76 A11UC 블랙 WIN11 16GB램,0,0,0,"_SSD 512GB_2,690,000|_SSD 1TB_2,690,000|SSD 2TB_2,690,000",0,0,0,0,0,0,0,0,0,0,0,0,0,0,0,0
19185992,MSI GF시리즈 Sword GF76 A11UC 블랙 WIN11 32GB램,0,0,0,"_SSD 512GB_2,690,000|_SSD 1TB_2,690,000|SSD 2TB_2,690,000",0,0,0,0,0,0,0,0,0,0,0,0,0,0,0,0
19186073,MSI GF시리즈 Sword GF76 A11UC 블랙 WIN11 64GB램,0,0,0,"_SSD 512GB_3,490,000|_SSD 1TB_3,690,000|SSD 2TB_3,990,000",0,0,0,0,0,0,0,0,0,0,0,0,0,0,0,0
17924087,MSI GF시리즈 Sword GF76 A11UE 베이직,0,0,0,"_SSD 512GB_2,270,000|_SSD 1TB_2,390,000|SSD 2TB_2,690,000|SSD 500GB + SSD 512GB_2,390,000",0,0,0,0,0,0,0,0,0,0,0,0,0,0,0,0
18175760,MSI GF시리즈 Sword GF76 A11UE 베이직 16GB램,0,0,0,"_SSD 512GB_2,368,000|_SSD 1TB_2,448,000|SSD 2TB_2,440,000",0,0,0,0,0,0,0,0,0,0,0,0,0,0,0,0
18175859,MSI GF시리즈 Sword GF76 A11UE 베이직 32GB램,0,0,0,"_SSD 512GB_2,590,000|_SSD 1TB_2,790,000|SSD 2TB_2,540,000",0,0,0,0,0,0,0,0,0,0,0,0,0,0,0,0
18175985,MSI GF시리즈 Sword GF76 A11UE 베이직 64GB램,0,0,0,"_SSD 512GB_2,570,000|_SSD 1TB_2,599,000|SSD 2TB_2,690,000|SSD 4TB_2,890,000",0,0,0,0,0,0,0,0,0,0,0,0,0,0,0,0
19719152,MSI GF시리즈 Sword GF76 A11UE 베이직 WIN10,0,0,0,"SSD 512GB_2,860,000",0,0,0,0,0,0,0,0,0,0,0,0,0,0,0,0
18184334,MSI GF시리즈 Sword GF76 A11UE 베이직 WIN10 16GB램,0,0,0,"_SSD 512GB_2,590,000|_SSD 1TB_2,790,000",0,0,0,0,0,0,0,0,0,0,0,0,0,0,0,0
18184346,MSI GF시리즈 Sword GF76 A11UE 베이직 WIN10 64GB램,0,0,0,"_SSD 512GB_2,640,000|_SSD 1TB_2,840,000",0,0,0,0,0,0,0,0,0,0,0,0,0,0,0,0
18113846,MSI GF시리즈 Sword GF76 A11UE 베이직 WIN11,0,0,0,"_SSD 512GB_2,395,000|_SSD 1TB_2,690,000|SSD 2TB_2,620,000|SSD 500GB + SSD 512GB_2,690,000",0,0,0,0,0,0,0,0,0,0,0,0,0,0,0,0
18113891,MSI GF시리즈 Sword GF76 A11UE 베이직 WIN11 16GB램,0,0,0,"_SSD 512GB_2,590,000|_SSD 1TB_2,790,000|SSD 2TB_2,480,000",0,0,0,0,0,0,0,0,0,0,0,0,0,0,0,0
18113987,MSI GF시리즈 Sword GF76 A11UE 베이직 WIN11 32GB램,0,0,0,"_SSD 512GB_2,537,000|_SSD 1TB_2,599,000|SSD 2TB_2,560,000",0,0,0,0,0,0,0,0,0,0,0,0,0,0,0,0
18114029,MSI GF시리즈 Sword GF76 A11UE 베이직 WIN11 64GB램,0,0,0,"_SSD 512GB_2,679,000|_SSD 1TB_2,790,000|SSD 2TB_2,970,000",0,0,0,0,0,0,0,0,0,0,0,0,0,0,0,0
17865509,MSI GF시리즈 Sword GF76 A11UE 블랙 64GB램,0,0,0,"SSD 1TB_2,799,000",0,0,0,0,0,0,0,0,0,0,0,0,0,0,0,0
14822306,MSI GF시리즈 Sword GF76 A11UE 화이트,0,0,0,"_SSD 1TB_2,790,000|SSD 2TB_2,590,000|_SSD 500GB + SSD 512GB_2,490,000",0,0,0,0,0,0,0,0,0,0,0,0,0,0,0,0
14822357,MSI GF시리즈 Sword GF76 A11UE 화이트 24GB램,0,0,0,"SSD 512GB_2,490,000",0,0,0,0,0,0,0,0,0,0,0,0,0,0,0,0
14822381,MSI GF시리즈 Sword GF76 A11UE 화이트 32GB램,0,0,0,"_SSD 512GB_2,690,000|_SSD 1TB_2,890,000",0,0,0,0,0,0,0,0,0,0,0,0,0,0,0,0
14844086,MSI GF시리즈 Sword GF76 A11UE 화이트 64GB램,0,0,0,"_SSD 512GB_2,790,000|_SSD 2TB_2,990,000",0,0,0,0,0,0,0,0,0,0,0,0,0,0,0,0
14830649,MSI GF시리즈 Sword GF76 A11UE 화이트 WIN10,0,0,0,"_SSD 512GB_2,890,000|_SSD 1TB_2,990,000|SSD 2TB_2,690,000|SSD 500GB + SSD 512GB_2,950,000",0,0,0,0,0,0,0,0,0,0,0,0,0,0,0,0
14822474,MSI GF시리즈 Sword GF76 A11UE 화이트 WIN10 32GB램,0,0,0,"_SSD 512GB_2,990,000|_SSD 1TB_3,190,000|SSD 2TB_2,990,000|SSD 2TB + SSD 2TB_4,590,000",0,0,0,0,0,0,0,0,0,0,0,0,0,0,0,0
14844104,MSI GF시리즈 Sword GF76 A11UE 화이트 WIN10 64GB램,0,0,0,"_SSD 512GB_3,490,000|_SSD 1TB_2,990,000|SSD 2TB_3,490,000|SSD 1TB + SSD 1TB_4,190,000",0,0,0,0,0,0,0,0,0,0,0,0,0,0,0,0
17614760,MSI GF시리즈 Sword GF76 A11UE 화이트 WIN11,0,0,0,"_SSD 512GB_2,590,000|_SSD 1TB_2,690,000|SSD 2TB_2,790,000",0,0,0,0,0,0,0,0,0,0,0,0,0,0,0,0
17614829,MSI GF시리즈 Sword GF76 A11UE 화이트 WIN11 32GB램,0,0,0,"_SSD 512GB_2,790,000|_SSD 1TB_2,890,000|SSD 2TB_2,990,000",0,0,0,0,0,0,0,0,0,0,0,0,0,0,0,0
17614871,MSI GF시리즈 Sword GF76 A11UE 화이트 WIN11 64GB램,0,0,0,"_SSD 512GB_2,790,000|_SSD 1TB_2,890,000|SSD 2TB_2,990,000",0,0,0,0,0,0,0,0,0,0,0,0,0,0,0,0
16463576,MSI GF시리즈 Sword GF76 A12UC 32GB램,0,0,0,"_SSD 512GB_2,180,000|_SSD 2TB_2,860,000",0,0,0,0,0,0,0,0,0,0,0,0,0,0,0,0
17798189,MSI GF시리즈 Sword GF76 A12UC 64GB램,0,0,0,"_SSD 1TB_3,310,000|_SSD 2TB_3,550,000",0,0,0,0,0,0,0,0,0,0,0,0,0,0,0,0
16463594,MSI GF시리즈 Sword GF76 A12UC WIN10,0,0,0,"SSD 512GB_2,140,000",0,0,0,0,0,0,0,0,0,0,0,0,0,0,0,0
16463624,MSI GF시리즈 Sword GF76 A12UC WIN10 16GB램,0,0,0,"_SSD 512GB_2,210,000|_SSD 1TB_2,370,000",0,0,0,0,0,0,0,0,0,0,0,0,0,0,0,0
16463645,MSI GF시리즈 Sword GF76 A12UC WIN10 32GB램,0,0,0,"SSD 512GB_2,300,000",0,0,0,0,0,0,0,0,0,0,0,0,0,0,0,0
16463651,MSI GF시리즈 Sword GF76 A12UC WIN10 64GB램,0,0,0,"SSD 512GB_2,490,000",0,0,0,0,0,0,0,0,0,0,0,0,0,0,0,0
16463684,MSI GF시리즈 Sword GF76 A12UC WIN11,0,0,0,"_SSD 512GB_2,220,000|_SSD 1TB_2,540,000|SSD 2TB_2,780,000",0,0,0,0,0,0,0,0,0,0,0,0,0,0,0,0
16463693,MSI GF시리즈 Sword GF76 A12UC WIN11 16GB램,0,0,0,"_SSD 512GB_2,690,000|_SSD 2TB_2,260,000",0,0,0,0,0,0,0,0,0,0,0,0,0,0,0,0
16463735,MSI GF시리즈 Sword GF76 A12UC WIN11 32GB램,0,0,0,"_SSD 512GB_2,420,000|_SSD 2TB_3,040,000",0,0,0,0,0,0,0,0,0,0,0,0,0,0,0,0
16463777,MSI GF시리즈 Sword GF76 A12UC WIN11 64GB램,0,0,0,"_SSD 512GB_2,980,000|_SSD 1TB_3,490,000|SSD 2TB_3,730,000",0,0,0,0,0,0,0,0,0,0,0,0,0,0,0,0
18827123,MSI GF시리즈 Sword GF76 A12UC 포스,0,0,0,"_SSD 512GB_2,090,000|_SSD 1TB_1,990,000|SSD 2TB_2,090,000",0,0,0,0,0,0,0,0,0,0,0,0,0,0,0,0
18875420,MSI GF시리즈 Sword GF76 A12UC 포스 16GB램,0,0,0,"_SSD 512GB_1,960,000|_SSD 1TB_2,150,000|SSD 2TB_2,230,000",0,0,0,0,0,0,0,0,0,0,0,0,0,0,0,0
18875489,MSI GF시리즈 Sword GF76 A12UC 포스 32GB램,0,0,0,"_SSD 512GB_2,040,000|_SSD 1TB_2,090,000|SSD 2TB_2,290,000",0,0,0,0,0,0,0,0,0,0,0,0,0,0,0,0
18875552,MSI GF시리즈 Sword GF76 A12UC 포스 64GB램,0,0,0,"_SSD 512GB_4,490,000|_SSD 1TB_4,690,000|SSD 2TB_4,990,000",0,0,0,0,0,0,0,0,0,0,0,0,0,0,0,0
18876053,MSI GF시리즈 Sword GF76 A12UC 포스 WIN11,0,0,0,"_SSD 512GB_1,930,000|_SSD 1TB_2,030,000|SSD 2TB_2,140,000",0,0,0,0,0,0,0,0,0,0,0,0,0,0,0,0
18876140,MSI GF시리즈 Sword GF76 A12UC 포스 WIN11 16GB램,0,0,0,"_SSD 512GB_1,970,000|_SSD 1TB_2,040,000|SSD 2TB_2,270,000",0,0,0,0,0,0,0,0,0,0,0,0,0,0,0,0
18876200,MSI GF시리즈 Sword GF76 A12UC 포스 WIN11 32GB램,0,0,0,"_SSD 512GB_1,990,000|_SSD 1TB_2,140,000|SSD 2TB_2,310,000",0,0,0,0,0,0,0,0,0,0,0,0,0,0,0,0
18876245,MSI GF시리즈 Sword GF76 A12UC 포스 WIN11 64GB램,0,0,0,"_SSD 512GB_3,490,000|_SSD 1TB_3,990,000|SSD 2TB_4,990,000",0,0,0,0,0,0,0,0,0,0,0,0,0,0,0,0
16257689,MSI GF시리즈 Sword GF76 A12UD,0,0,0,"_SSD 512GB_1,690,000|_SSD 1TB_1,630,000|SSD 2TB_1,990,000",0,0,0,0,0,0,0,0,0,0,0,0,0,0,0,0
16306973,MSI GF시리즈 Sword GF76 A12UD 16GB램,0,0,0,"_SSD 512GB_1,790,000|_SSD 1TB_1,990,000|SSD 2TB_1,970,000",0,0,0,0,0,0,0,0,0,0,0,0,0,0,0,0
16834676,MSI GF시리즈 Sword GF76 A12UD 24GB램,0,0,0,"SSD 512GB_1,620,000",0,0,0,0,0,0,0,0,0,0,0,0,0,0,0,0
16306988,MSI GF시리즈 Sword GF76 A12UD 32GB램,0,0,0,"_SSD 512GB_1,690,000|_SSD 1TB_2,290,000",0,0,0,0,0,0,0,0,0,0,0,0,0,0,0,0
16307003,MSI GF시리즈 Sword GF76 A12UD 64GB램,0,0,0,"_SSD 512GB_3,590,000|_SSD 1TB_2,790,000|SSD 2TB_2,990,000",0,0,0,0,0,0,0,0,0,0,0,0,0,0,0,0
16307588,MSI GF시리즈 Sword GF76 A12UD WIN10,0,0,0,"_SSD 512GB_1,630,000|_SSD 1TB_1,730,000",0,0,0,0,0,0,0,0,0,0,0,0,0,0,0,0
16307609,MSI GF시리즈 Sword GF76 A12UD WIN10 16GB램,0,0,0,"_SSD 512GB_1,990,000|_SSD 1TB_1,790,000",0,0,0,0,0,0,0,0,0,0,0,0,0,0,0,0
16834679,MSI GF시리즈 Sword GF76 A12UD WIN10 24GB램,0,0,0,"SSD 512GB_1,790,000",0,0,0,0,0,0,0,0,0,0,0,0,0,0,0,0
16307621,MSI GF시리즈 Sword GF76 A12UD WIN10 32GB램,0,0,0,"_SSD 512GB_2,290,000|_SSD 1TB_2,490,000",0,0,0,0,0,0,0,0,0,0,0,0,0,0,0,0
16307630,MSI GF시리즈 Sword GF76 A12UD WIN10 64GB램,0,0,0,"_SSD 512GB_2,990,000|_SSD 2TB_2,990,000",0,0,0,0,0,0,0,0,0,0,0,0,0,0,0,0
20487407,MSI GF시리즈 Sword GF76 A12UDX 화이트,0,0,0,"SSD 512GB_1,899,000",0,0,0,0,0,0,0,0,0,0,0,0,0,0,0,0
18516113,MSI GF시리즈 Sword GF76 A12UE 베이직,0,0,0,"_SSD 512GB_2,049,000|_SSD 1TB_2,099,000|SSD 2TB_2,199,000",0,0,0,0,0,0,0,0,0,0,0,0,0,0,0,0
18579611,MSI GF시리즈 Sword GF76 A12UE 베이직 16GB램,0,0,0,"_SSD 512GB_2,099,000|_SSD 1TB_2,139,000|SSD 2TB_2,159,000",0,0,0,0,0,0,0,0,0,0,0,0,0,0,0,0
18579620,MSI GF시리즈 Sword GF76 A12UE 베이직 32GB램,0,0,0,"_SSD 512GB_2,619,000|_SSD 1TB_2,679,000|SSD 2TB_2,699,000",0,0,0,0,0,0,0,0,0,0,0,0,0,0,0,0
18579653,MSI GF시리즈 Sword GF76 A12UE 베이직 64GB램,0,0,0,"_SSD 512GB_2,699,000|_SSD 1TB_2,639,000|SSD 2TB_2,799,000|SSD 2TB + SSD 2TB_2,999,000",0,0,0,0,0,0,0,0,0,0,0,0,0,0,0,0
18579800,MSI GF시리즈 Sword GF76 A12UE 베이직 WIN11,0,0,0,"_SSD 512GB_1,819,000|_SSD 1TB_2,019,000|SSD 2TB_2,119,000",0,0,0,0,0,0,0,0,0,0,0,0,0,0,0,0
18579761,MSI GF시리즈 Sword GF76 A12UE 베이직 WIN11 16GB램,0,0,0,"_SSD 512GB_1,959,000|_SSD 1TB_1,999,000|SSD 2TB_2,199,000",0,0,0,0,0,0,0,0,0,0,0,0,0,0,0,0
18579716,MSI GF시리즈 Sword GF76 A12UE 베이직 WIN11 32GB램,0,0,0,"_SSD 512GB_2,079,000|_SSD 1TB_2,149,000|SSD 2TB_2,199,000",0,0,0,0,0,0,0,0,0,0,0,0,0,0,0,0
18579665,MSI GF시리즈 Sword GF76 A12UE 베이직 WIN11 64GB램,0,0,0,"_SSD 512GB_3,149,000|_SSD 1TB_2,390,000|SSD 2TB_2,299,000",0,0,0,0,0,0,0,0,0,0,0,0,0,0,0,0
19013444,MSI GF시리즈 Sword GF76 A12UE 포스,0,0,0,"_SSD 512GB_2,199,000|_SSD 1TB_1,849,000|SSD 2TB_1,899,000",0,0,0,0,0,0,0,0,0,0,0,0,0,0,0,0
19241501,MSI GF시리즈 Sword GF76 A12UE 포스 16GB램,0,0,0,"_SSD 512GB_2,249,000|_SSD 1TB_2,299,000|SSD 2TB_2,399,000",0,0,0,0,0,0,0,0,0,0,0,0,0,0,0,0
19241453,MSI GF시리즈 Sword GF76 A12UE 포스 32GB램,0,0,0,"_SSD 512GB_2,490,000|_SSD 1TB_2,690,000|SSD 2TB_2,990,000",0,0,0,0,0,0,0,0,0,0,0,0,0,0,0,0
19241438,MSI GF시리즈 Sword GF76 A12UE 포스 64GB램,0,0,0,"_SSD 512GB_3,490,000|_SSD 1TB_3,690,000|SSD 2TB_3,990,000",0,0,0,0,0,0,0,0,0,0,0,0,0,0,0,0
19241312,MSI GF시리즈 Sword GF76 A12UE 포스 WIN11,0,0,0,"_SSD 512GB_2,699,000|_SSD 1TB_2,759,000|SSD 2TB_2,289,000",0,0,0,0,0,0,0,0,0,0,0,0,0,0,0,0
19241342,MSI GF시리즈 Sword GF76 A12UE 포스 WIN11 16GB램,0,0,0,"_SSD 512GB_2,799,000|_SSD 1TB_2,899,000|SSD 2TB_2,399,000",0,0,0,0,0,0,0,0,0,0,0,0,0,0,0,0
19241366,MSI GF시리즈 Sword GF76 A12UE 포스 WIN11 32GB램,0,0,0,"_SSD 512GB_3,399,000|_SSD 1TB_3,499,000|SSD 2TB_2,999,000",0,0,0,0,0,0,0,0,0,0,0,0,0,0,0,0
19241390,MSI GF시리즈 Sword GF76 A12UE 포스 WIN11 64GB램,0,0,0,"_SSD 512GB_3,490,000|_SSD 1TB_3,699,000|SSD 2TB_3,990,000",0,0,0,0,0,0,0,0,0,0,0,0,0,0,0,0
28856840,MSI GF시리즈 Sword GF76 B12UDXK,0,0,0,"SSD 512GB_1,526,170|_SSD 1TB_1,354,860|_SSD 2TB_1,502,220",0,0,0,0,0,0,0,0,0,0,0,0,0,0,0,0
28857419,MSI GF시리즈 Sword GF76 B12UDXK 16GB램,0,0,0,"_SSD 512GB_1,385,410|_SSD 1TB_1,566,190|SSD 2TB_1,699,120",0,0,0,0,0,0,0,0,0,0,0,0,0,0,0,0
28857470,MSI GF시리즈 Sword GF76 B12UDXK 32GB램,0,0,0,"_SSD 512GB_1,756,520|_SSD 1TB_1,880,000|SSD 2TB_1,910,000",0,0,0,0,0,0,0,0,0,0,0,0,0,0,0,0
28858034,MSI GF시리즈 Sword GF76 B12UDXK 64GB램,0,0,0,"_SSD 512GB_2,341,610|_SSD 1TB_2,440,390|SSD 2TB_2,554,520",0,0,0,0,0,0,0,0,0,0,0,0,0,0,0,0
28857161,MSI GF시리즈 Sword GF76 B12UDXK WIN11,0,0,0,"_SSD 512GB_1,224,530|_SSD 1TB_1,384,380|SSD 2TB_1,457,250",0,0,0,0,0,0,0,0,0,0,0,0,0,0,0,0
28858073,MSI GF시리즈 Sword GF76 B12UDXK WIN11 16GB램,0,0,0,"_SSD 512GB_1,379,370|_SSD 1TB_1,478,690|SSD 2TB_1,578,420|SSD 4TB_3,099,000",0,0,0,0,0,0,0,0,0,0,0,0,0,0,0,0
28858127,MSI GF시리즈 Sword GF76 B12UDXK WIN11 32GB램,0,0,0,"_SSD 512GB_1,757,270|_SSD 1TB_1,853,650|SSD 2TB_1,980,000|SSD 4TB_3,399,000",0,0,0,0,0,0,0,0,0,0,0,0,0,0,0,0
28858223,MSI GF시리즈 Sword GF76 B12UDXK WIN11 64GB램,0,0,0,"_SSD 512GB_2,251,920|_SSD 1TB_2,475,840|SSD 2TB_2,756,610",0,0,0,0,0,0,0,0,0,0,0,0,0,0,0,0
19074182,MSI GF시리즈 Sword GF76 B12VEK,0,0,0,"_SSD 512GB_1,890,000|_SSD 1TB_1,838,000|SSD 2TB_1,970,000|SSD 4TB_1,803,000",0,0,0,0,0,0,0,0,0,0,0,0,0,0,0,0
19238450,MSI GF시리즈 Sword GF76 B12VEK 16GB램,0,0,0,"_SSD 512GB_1,808,000|_SSD 1TB_1,870,000|SSD 2TB_1,908,000|SSD 4TB_2,150,000",0,0,0,0,0,0,0,0,0,0,0,0,0,0,0,0
19238474,MSI GF시리즈 Sword GF76 B12VEK 32GB램,0,0,0,"_SSD 512GB_1,854,000|_SSD 1TB_1,914,000|SSD 2TB_1,962,000|SSD 4TB_2,290,000",0,0,0,0,0,0,0,0,0,0,0,0,0,0,0,0
19238498,MSI GF시리즈 Sword GF76 B12VEK 64GB램,0,0,0,"_SSD 512GB_3,490,000|_SSD 1TB_3,690,000|SSD 2TB_3,990,000|SSD 4TB_2,066,000",0,0,0,0,0,0,0,0,0,0,0,0,0,0,0,0
19238579,MSI GF시리즈 Sword GF76 B12VEK WIN11,0,0,0,"_SSD 512GB_3,290,000|_SSD 1TB_1,919,820|SSD 2TB_1,498,420|SSD 4TB_1,898,000",0,0,0,0,0,0,0,0,0,0,0,0,0,0,0,0
19238555,MSI GF시리즈 Sword GF76 B12VEK WIN11 16GB램,0,0,0,"_SSD 512GB_1,400,420|_SSD 1TB_1,449,420|SSD 2TB_1,518,020|SSD 4TB_2,250,000",0,0,0,0,0,0,0,0,0,0,0,0,0,0,0,0
19238534,MSI GF시리즈 Sword GF76 B12VEK WIN11 32GB램,0,0,0,"_SSD 512GB_3,280,000|_SSD 1TB_1,586,620|SSD 2TB_1,655,220|SSD 4TB_2,390,000",0,0,0,0,0,0,0,0,0,0,0,0,0,0,0,0
19238510,MSI GF시리즈 Sword GF76 B12VEK WIN11 64GB램,0,0,0,"_SSD 512GB_1,645,420|_SSD 1TB_4,790,000|SSD 2TB_3,990,000|SSD 4TB_2,126,000",0,0,0,0,0,0,0,0,0,0,0,0,0,0,0,0
73892066,MSI GF시리즈 Sword GF76 B13UDXK,0,0,0,"SSD 512GB_1,248,500|_SSD 1TB_1,320,530|_SSD 2TB_1,499,930|SSD 4TB_2,371,500",0,0,0,0,0,0,0,0,0,0,0,0,0,0,0,0
74053502,MSI GF시리즈 Sword GF76 B13UDXK 16GB램,0,0,0,"_SSD 512GB_1,394,800|_SSD 1TB_1,486,350|SSD 2TB_1,680,290|SSD 4TB_2,538,800",0,0,0,0,0,0,0,0,0,0,0,0,0,0,0,0
74053607,MSI GF시리즈 Sword GF76 B13UDXK 32GB램,0,0,0,"SSD 512GB_1,704,000|_SSD 1TB_1,827,000|_SSD 2TB_1,941,420|SSD 4TB_2,851,820",0,0,0,0,0,0,0,0,0,0,0,0,0,0,0,0
74054090,MSI GF시리즈 Sword GF76 B13UDXK 64GB램,0,0,0,"_SSD 512GB_2,401,020|_SSD 1TB_2,455,410|SSD 2TB_2,643,160|SSD 4TB_3,588,410",0,0,0,0,0,0,0,0,0,0,0,0,0,0,0,0
74053445,MSI GF시리즈 Sword GF76 B13UDXK WIN11,0,0,0,"_SSD 512GB_1,246,400|_SSD 1TB_1,364,090|SSD 2TB_1,474,110|SSD 4TB_2,392,180",0,0,0,0,0,0,0,0,0,0,0,0,0,0,0,0
74053556,MSI GF시리즈 Sword GF76 B13UDXK WIN11 16GB램,0,0,0,"_SSD 512GB_1,376,110|_SSD 1TB_1,518,580|SSD 2TB_1,678,990|SSD 4TB_2,559,580",0,0,0,0,0,0,0,0,0,0,0,0,0,0,0,0
74053658,MSI GF시리즈 Sword GF76 B13UDXK WIN11 32GB램,0,0,0,"_SSD 512GB_1,720,550|_SSD 1TB_1,830,000|SSD 2TB_1,954,050|SSD 4TB_2,872,500",0,0,0,0,0,0,0,0,0,0,0,0,0,0,0,0
74054141,MSI GF시리즈 Sword GF76 B13UDXK WIN11 64GB램,0,0,0,"SSD 512GB_2,490,000|_SSD 1TB_2,487,140|_SSD 2TB_2,674,860|SSD 4TB_3,500,000",0,0,0,0,0,0,0,0,0,0,0,0,0,0,0,0
19108895,MSI GF시리즈 Sword GF76 B13VEK,0,0,0,"_SSD 1TB_2,047,150|SSD 512GB_1,999,000|_SSD 2TB_2,198,630",0,0,0,0,0,0,0,0,0,0,0,0,0,0,0,0
19109072,MSI GF시리즈 Sword GF76 B13VEK 32GB램,0,0,0,"_SSD 512GB_2,265,070|_SSD 1TB_2,329,530|SSD 2TB_2,538,680",0,0,0,0,0,0,0,0,0,0,0,0,0,0,0,0
19109327,MSI GF시리즈 Sword GF76 B13VEK 64GB램,0,0,0,"_SSD 512GB_2,867,880|_SSD 1TB_2,998,700|SSD 2TB_3,171,750",0,0,0,0,0,0,0,0,0,0,0,0,0,0,0,0
19109468,MSI GF시리즈 Sword GF76 B13VEK WIN11,0,0,0,"_SSD 512GB_1,913,140|_SSD 1TB_2,007,820|SSD 2TB_2,209,730|SSD 4TB_2,299,000",0,0,0,0,0,0,0,0,0,0,0,0,0,0,0,0
19109384,MSI GF시리즈 Sword GF76 B13VEK WIN11 32GB램,0,0,0,"_SSD 512GB_2,246,720|_SSD 1TB_2,329,530|SSD 2TB_2,568,730|SSD 4TB_2,799,000",0,0,0,0,0,0,0,0,0,0,0,0,0,0,0,0
19109351,MSI GF시리즈 Sword GF76 B13VEK WIN11 64GB램,0,0,0,"_SSD 512GB_2,912,180|_SSD 1TB_3,020,340|SSD 2TB_3,193,360|SSD 4TB_2,699,000",0,0,0,0,0,0,0,0,0,0,0,0,0,0,0,0
19074476,MSI GF시리즈 Sword GF76 B13VFK,0,0,0,"SSD 512GB_2,590,000|_SSD 1TB_1,989,300|_SSD 2TB_2,170,610|SSD 4TB_3,390,000",0,0,0,0,0,0,0,0,0,0,0,0,0,0,0,0
19109762,MSI GF시리즈 Sword GF76 B13VFK 32GB램,0,0,0,"SSD 512GB_2,319,690|_SSD 1TB_2,418,500|_SSD 2TB_2,538,220|SSD 4TB_3,304,320",0,0,0,0,0,0,0,0,0,0,0,0,0,0,0,0
19109783,MSI GF시리즈 Sword GF76 B13VFK 64GB램,0,0,0,"_SSD 512GB_2,890,190|SSD 1TB_2,924,710|_SSD 2TB_3,068,730|SSD 4TB_3,769,920",0,0,0,0,0,0,0,0,0,0,0,0,0,0,0,0
19109885,MSI GF시리즈 Sword GF76 B13VFK WIN11,0,0,0,"_SSD 512GB_1,896,890|_SSD 1TB_1,899,000|SSD 2TB_2,165,120|SSD 4TB_3,490,000",0,0,0,0,0,0,0,0,0,0,0,0,0,0,0,0
19109849,MSI GF시리즈 Sword GF76 B13VFK WIN11 32GB램,0,0,0,"_SSD 512GB_2,266,850|_SSD 1TB_2,336,130|SSD 2TB_2,477,200|SSD 4TB_3,325,440",0,0,0,0,0,0,0,0,0,0,0,0,0,0,0,0
19109813,MSI GF시리즈 Sword GF76 B13VFK WIN11 64GB램,0,0,0,"SSD 512GB_2,930,380|_SSD 1TB_3,019,980|_SSD 2TB_3,034,490|SSD 4TB_3,948,990",0,0,0,0,0,0,0,0,0,0,0,0,0,0,0,0
20523881,MSI GF시리즈 Sword GF76 B13VGK-i9 QHD,0,0,0,"SSD 512GB_5,490,000|_SSD 1TB_2,330,000|_SSD 2TB_2,504,150|SSD 500GB + SSD 512GB_2,505,000",0,0,0,0,0,0,0,0,0,0,0,0,0,0,0,0
20623790,MSI GF시리즈 Sword GF76 B13VGK-i9 QHD 32GB램,0,0,0,"_SSD 512GB_2,591,220|_SSD 1TB_2,689,230|SSD 2TB_2,755,000",0,0,0,0,0,0,0,0,0,0,0,0,0,0,0,0
20623889,MSI GF시리즈 Sword GF76 B13VGK-i9 QHD 64GB램,0,0,0,"SSD 512GB_2,530,000|_SSD 1TB_2,890,000|_SSD 2TB_3,390,000",0,0,0,0,0,0,0,0,0,0,0,0,0,0,0,0
20623640,MSI GF시리즈 Sword GF76 B13VGK-i9 QHD WIN11,0,0,0,"_SSD 512GB_2,253,860|_SSD 1TB_2,351,770|",0,0,0,0,0,0,0,0,0,0,0,0,0,0,0,0
20623697,MSI GF시리즈 Sword GF76 B13VGK-i9 QHD WIN11 32GB램,0,0,0,"_SSD 512GB_2,612,990|_SSD 1TB_2,460,000||",0,0,0,0,0,0,0,0,0,0,0,0,0,0,0,0
20623712,MSI GF시리즈 Sword GF76 B13VGK-i9 QHD WIN11 64GB램,0,0,0,"SSD 512GB_3,190,000|_SSD 1TB_3,290,000|_SSD 2TB_2,990,000|",0,0,0,0,0,0,0,0,0,0,0,0,0,0,0,0
24702857,MSI GF시리즈 Thin GF63 12UCX-i5,0,0,0,"SSD 512GB_1,290,000",0,0,0,0,0,0,0,0,0,0,0,0,0,0,0,0
25210448,MSI GF시리즈 Thin GF63 12UCX-i5 WIN11,0,0,0,"_SSD 512GB_2,794,660|_SSD 1TB_2,199,000|SSD 4TB_1,899,000",0,0,0,0,0,0,0,0,0,0,0,0,0,0,0,0
25637852,MSI GF시리즈 Thin GF63 12UCX-i5 WIN11 16GB램,0,0,0,"_SSD 512GB_2,996,280|_SSD 1TB_2,996,000|SSD 4TB_1,999,000",0,0,0,0,0,0,0,0,0,0,0,0,0,0,0,0
25637918,MSI GF시리즈 Thin GF63 12UCX-i5 WIN11 32GB램,0,0,0,"_SSD 1TB_2,998,000|_SSD 4TB_2,059,000",0,0,0,0,0,0,0,0,0,0,0,0,0,0,0,0
25637972,MSI GF시리즈 Thin GF63 12UCX-i5 WIN11 64GB램,0,0,0,"_SSD 512GB_3,200,000|_SSD 1TB_3,317,050|SSD 4TB_2,299,000",0,0,0,0,0,0,0,0,0,0,0,0,0,0,0,0
19097864,MSI GF시리즈 Thin GF63 12VE-i5,0,0,0,"_SSD 512GB_1,289,000|_SSD 1TB_1,535,030|SSD 2TB_1,670,390",0,0,0,0,0,0,0,0,0,0,0,0,0,0,0,0
19119569,MSI GF시리즈 Thin GF63 12VE-i5 16GB램,0,0,0,"_SSD 512GB_1,535,990|SSD 1TB_1,668,470|_SSD 2TB_1,729,000",0,0,0,0,0,0,0,0,0,0,0,0,0,0,0,0
19119623,MSI GF시리즈 Thin GF63 12VE-i5 32GB램,0,0,0,"_SSD 512GB_1,697,000|SSD 1TB_1,836,000|_SSD 2TB_1,800,000",0,0,0,0,0,0,0,0,0,0,0,0,0,0,0,0
19119710,MSI GF시리즈 Thin GF63 12VE-i5 64GB램,0,0,0,"_SSD 512GB_3,490,000|_SSD 1TB_3,690,000|SSD 2TB_3,990,000",0,0,0,0,0,0,0,0,0,0,0,0,0,0,0,0
19120199,MSI GF시리즈 Thin GF63 12VE-i5 WIN11,0,0,0,"_SSD 512GB_1,403,510|_SSD 1TB_1,562,870|SSD 2TB_1,680,950|SSD 4TB_2,599,000",0,0,0,0,0,0,0,0,0,0,0,0,0,0,0,0
19120289,MSI GF시리즈 Thin GF63 12VE-i5 WIN11 16GB램,0,0,0,"_SSD 512GB_1,534,070|_SSD 1TB_1,639,000|SSD 2TB_1,718,000|SSD 4TB_2,899,000",0,0,0,0,0,0,0,0,0,0,0,0,0,0,0,0
19120688,MSI GF시리즈 Thin GF63 12VE-i5 WIN11 32GB램,0,0,0,"_SSD 512GB_1,900,790|_SSD 1TB_1,918,000|SSD 2TB_2,234,870|SSD 4TB_3,499,000",0,0,0,0,0,0,0,0,0,0,0,0,0,0,0,0
19120787,MSI GF시리즈 Thin GF63 12VE-i5 WIN11 64GB램,0,0,0,"_SSD 512GB_3,490,000|_SSD 1TB_3,690,000|SSD 2TB_3,990,000|SSD 4TB_3,799,000|1TB + SSD 1TB_3,990,000",0,0,0,0,0,0,0,0,0,0,0,0,0,0,0,0
19169879,MSI GF시리즈 Thin GF63 12VE-i7,0,0,0,"SSD 512GB_2,150,000|_SSD 1TB_2,190,000|_SSD 2TB_1,930,000|SSD 4TB_2,999,000",0,0,0,0,0,0,0,0,0,0,0,0,0,0,0,0
19427681,MSI GF시리즈 Thin GF63 12VE-i7 16GB램,0,0,0,"_SSD 512GB_2,290,000|_SSD 1TB_2,123,520|SSD 2TB_2,190,720|SSD 4TB_2,999,000",0,0,0,0,0,0,0,0,0,0,0,0,0,0,0,0
19427750,MSI GF시리즈 Thin GF63 12VE-i7 32GB램,0,0,0,"_SSD 512GB_2,304,000|SSD 1TB_2,322,240|_SSD 2TB_2,400,000|SSD 4TB_3,099,000",0,0,0,0,0,0,0,0,0,0,0,0,0,0,0,0
19639988,MSI GF시리즈 Thin GF63 12VE-i7 64GB램,0,0,0,"_SSD 512GB_2,359,160|SSD 1TB_2,421,110|_SSD 2TB_2,557,440|SSD 4TB_3,299,000",0,0,0,0,0,0,0,0,0,0,0,0,0,0,0,0
19427843,MSI GF시리즈 Thin GF63 12VE-i7 WIN11,0,0,0,"SSD 512GB_2,302,930|_SSD 1TB_1,790,000|_SSD 2TB_2,301,960|SSD 4TB_2,899,000",0,0,0,0,0,0,0,0,0,0,0,0,0,0,0,0
19427705,MSI GF시리즈 Thin GF63 12VE-i7 WIN11 16GB램,0,0,0,"SSD 512GB_2,300,590|_SSD 1TB_1,719,000|_SSD 2TB_2,783,910|SSD 4TB_2,999,000",0,0,0,0,0,0,0,0,0,0,0,0,0,0,0,0
19427747,MSI GF시리즈 Thin GF63 12VE-i7 WIN11 32GB램,0,0,0,"SSD 512GB_2,517,110|_SSD 1TB_2,049,000|_SSD 2TB_2,736,000|SSD 4TB_3,099,000",0,0,0,0,0,0,0,0,0,0,0,0,0,0,0,0
19427783,MSI GF시리즈 Thin GF63 12VE-i7 WIN11 64GB램,0,0,0,"_SSD 512GB_2,673,120|_SSD 1TB_2,784,000|SSD 2TB_2,865,600|SSD 4TB_3,299,000",0,0,0,0,0,0,0,0,0,0,0,0,0,0,0,0
20160395,MSI GF시리즈 Thin GF63 12VF,0,0,0,"_SSD 512GB_2,149,000|_SSD 1TB_2,199,000|SSD 2TB_2,099,000|1TB + SSD 512GB_1,949,000",0,0,0,0,0,0,0,0,0,0,0,0,0,0,0,0
20258804,MSI GF시리즈 Thin GF63 12VF 16GB램,0,0,0,"_SSD 512GB_2,199,000|_SSD 1TB_2,999,000|SSD 2TB_2,399,000",0,0,0,0,0,0,0,0,0,0,0,0,0,0,0,0
20258876,MSI GF시리즈 Thin GF63 12VF 32GB램,0,0,0,"_SSD 512GB_2,399,000|_SSD 1TB_2,499,000|SSD 2TB_2,499,000",0,0,0,0,0,0,0,0,0,0,0,0,0,0,0,0
20258915,MSI GF시리즈 Thin GF63 12VF 64GB램,0,0,0,"_SSD 512GB_2,599,000|_SSD 1TB_2,699,000|SSD 2TB_2,799,000",0,0,0,0,0,0,0,0,0,0,0,0,0,0,0,0
20199893,MSI GF시리즈 Thin GF63 12VF WIN11,0,0,0,"_SSD 512GB_1,840,000|_SSD 1TB_2,040,000|SSD 2TB_2,040,000",0,0,0,0,0,0,0,0,0,0,0,0,0,0,0,0
20199962,MSI GF시리즈 Thin GF63 12VF WIN11 16GB램,0,0,0,"_SSD 512GB_1,899,000|_SSD 1TB_1,920,000|SSD 2TB_2,090,000",0,0,0,0,0,0,0,0,0,0,0,0,0,0,0,0
20200013,MSI GF시리즈 Thin GF63 12VF WIN11 32GB램,0,0,0,"_SSD 512GB_1,950,000|_SSD 1TB_2,250,000|SSD 2TB_2,499,000",0,0,0,0,0,0,0,0,0,0,0,0,0,0,0,0
20200049,MSI GF시리즈 Thin GF63 12VF WIN11 64GB램,0,0,0,"_SSD 512GB_3,140,000|_SSD 1TB_2,240,000|SSD 2TB_2,290,000",0,0,0,0,0,0,0,0,0,0,0,0,0,0,0,0
20486096,MSI GF시리즈 Thin GF63 12VF-i5,0,0,0,"_SSD 512GB_1,990,000|_SSD 1TB_1,999,000|SSD 2TB_2,240,000",0,0,0,0,0,0,0,0,0,0,0,0,0,0,0,0
20486336,MSI GF시리즈 Thin GF63 12VF-i5 16GB램,0,0,0,"_SSD 512GB_1,985,000|_SSD 1TB_2,020,000|SSD 2TB_2,090,000",0,0,0,0,0,0,0,0,0,0,0,0,0,0,0,0
20486369,MSI GF시리즈 Thin GF63 12VF-i5 32GB램,0,0,0,"_SSD 512GB_1,954,000|_SSD 1TB_2,270,000|SSD 2TB_2,370,000",0,0,0,0,0,0,0,0,0,0,0,0,0,0,0,0
20486411,MSI GF시리즈 Thin GF63 12VF-i5 64GB램,0,0,0,"_SSD 512GB_3,150,000|_SSD 1TB_3,179,000|SSD 2TB_2,250,000",0,0,0,0,0,0,0,0,0,0,0,0,0,0,0,0
20486807,MSI GF시리즈 Thin GF63 12VF-i5 WIN11,0,0,0,"_SSD 512GB_1,975,000|_SSD 1TB_2,030,000|SSD 2TB_2,120,000",0,0,0,0,0,0,0,0,0,0,0,0,0,0,0,0
20486591,MSI GF시리즈 Thin GF63 12VF-i5 WIN11 16GB램,0,0,0,"_SSD 512GB_2,015,000|_SSD 1TB_2,055,000|SSD 2TB_2,120,000",0,0,0,0,0,0,0,0,0,0,0,0,0,0,0,0
20486570,MSI GF시리즈 Thin GF63 12VF-i5 WIN11 32GB램,0,0,0,"_SSD 512GB_2,080,000|_SSD 1TB_2,099,000|SSD 2TB_2,390,000",0,0,0,0,0,0,0,0,0,0,0,0,0,0,0,0
20486540,MSI GF시리즈 Thin GF63 12VF-i5 WIN11 64GB램,0,0,0,"_SSD 512GB_3,180,000|_SSD 1TB_3,199,000|SSD 2TB_2,240,000",0,0,0,0,0,0,0,0,0,0,0,0,0,0,0,0
35810942,MSI GF시리즈 소드 GF66 A AI B8VF-R7,0,0,0,"_SSD 512GB_1,950,000|_SSD 1TB_1,669,000|SSD 2TB_1,949,000|SSD 4TB_3,065,000",0,0,0,0,0,0,0,0,0,0,0,0,0,0,0,0
36789275,MSI GF시리즈 소드 GF66 A AI B8VF-R7 32GB램,0,0,0,"SSD 512GB_1,869,000|_SSD 1TB_2,009,000|_SSD 2TB_2,289,000|SSD 4TB_3,159,000",0,0,0,0,0,0,0,0,0,0,0,0,0,0,0,0
36789314,MSI GF시리즈 소드 GF66 A AI B8VF-R7 64GB램,0,0,0,"_SSD 512GB_2,939,470|_SSD 1TB_2,856,450|SSD 2TB_3,020,760|SSD 4TB_4,847,000",0,0,0,0,0,0,0,0,0,0,0,0,0,0,0,0
36789356,MSI GF시리즈 소드 GF66 A AI B8VF-R7 WIN11,0,0,0,"_SSD 512GB_1,999,000|_SSD 1TB_1,679,000|SSD 2TB_1,959,000|SSD 4TB_3,627,700",0,0,0,0,0,0,0,0,0,0,0,0,0,0,0,0
36789401,MSI GF시리즈 소드 GF66 A AI B8VF-R7 WIN11 32GB램,0,0,0,"_SSD 512GB_1,879,000|_SSD 1TB_2,009,000|SSD 2TB_2,289,000|SSD 4TB_3,248,000",0,0,0,0,0,0,0,0,0,0,0,0,0,0,0,0
36789422,MSI GF시리즈 소드 GF66 A AI B8VF-R7 WIN11 64GB램,0,0,0,"_SSD 512GB_2,961,110|_SSD 1TB_3,019,990|SSD 2TB_3,040,100|SSD 4TB_4,490,000",0,0,0,0,0,0,0,0,0,0,0,0,0,0,0,0
49995944,MSI GF시리즈 소드 GF76 A AI B8VF-R7,0,0,0,"SSD 512GB_2,106,382|_SSD 1TB_1,760,890|_SSD 2TB_2,113,370|SSD 4TB_2,800,000",0,0,0,0,0,0,0,0,0,0,0,0,0,0,0,0
50126834,MSI GF시리즈 소드 GF76 A AI B8VF-R7 32GB램,0,0,0,"_SSD 512GB_2,176,570|SSD 1TB_2,336,890|_SSD 2TB_2,398,410|SSD 4TB_3,473,540",0,0,0,0,0,0,0,0,0,0,0,0,0,0,0,0
50126909,MSI GF시리즈 소드 GF76 A AI B8VF-R7 64GB램,0,0,0,"SSD 512GB_2,745,540|_SSD 1TB_2,955,690|_SSD 2TB_3,155,700|SSD 4TB_3,987,000",0,0,0,0,0,0,0,0,0,0,0,0,0,0,0,0
50127464,MSI GF시리즈 소드 GF76 A AI B8VF-R7 WIN11,0,0,0,"_SSD 512GB_1,873,110|_SSD 1TB_1,907,350|SSD 2TB_2,057,430|SSD 4TB_3,000,000",0,0,0,0,0,0,0,0,0,0,0,0,0,0,0,0
50127506,MSI GF시리즈 소드 GF76 A AI B8VF-R7 WIN11 32GB램,0,0,0,"_SSD 512GB_2,163,450|_SSD 1TB_2,262,250|SSD 2TB_2,452,940|SSD 4TB_3,290,000",0,0,0,0,0,0,0,0,0,0,0,0,0,0,0,0
50127527,MSI GF시리즈 소드 GF76 A AI B8VF-R7 WIN11 64GB램,0,0,0,"_SSD 512GB_2,787,610|_SSD 1TB_2,774,820|SSD 2TB_2,859,420|SSD 4TB_3,699,000",0,0,0,0,0,0,0,0,0,0,0,0,0,0,0,0
61540052,MSI GF시리즈 소드 GF76 A AI B8VF-R9,0,0,0,"SSD 512GB_2,690,000|_SSD 1TB_2,359,000|_SSD 2TB_2,479,000|SSD 4TB_2,764,000",0,0,0,0,0,0,0,0,0,0,0,0,0,0,0,0
61842959,MSI GF시리즈 소드 GF76 A AI B8VF-R9 32GB램,0,0,0,"_SSD 512GB_2,489,000|_SSD 1TB_2,557,000|SSD 2TB_2,637,000|SSD 4TB_2,858,000",0,0,0,0,0,0,0,0,0,0,0,0,0,0,0,0
61842971,MSI GF시리즈 소드 GF76 A AI B8VF-R9 64GB램,0,0,0,"SSD 512GB_3,490,000|_SSD 1TB_3,790,000|_SSD 2TB_3,990,000|SSD 4TB_2,981,000",0,0,0,0,0,0,0,0,0,0,0,0,0,0,0,0
61842893,MSI GF시리즈 소드 GF76 A AI B8VF-R9 WIN11,0,0,0,"_SSD 512GB_2,444,000|_SSD 1TB_2,515,000|SSD 2TB_2,603,000|SSD 4TB_2,783,000",0,0,0,0,0,0,0,0,0,0,0,0,0,0,0,0
61843052,MSI GF시리즈 소드 GF76 A AI B8VF-R9 WIN11 32GB램,0,0,0,"_SSD 512GB_2,555,000|_SSD 1TB_2,597,000|SSD 2TB_2,657,000|SSD 4TB_3,990,000",0,0,0,0,0,0,0,0,0,0,0,0,0,0,0,0
61843061,MSI GF시리즈 소드 GF76 A AI B8VF-R9 WIN11 64GB램,0,0,0,"SSD 512GB_3,490,000|_SSD 1TB_2,671,000|_SSD 2TB_2,794,000|SSD 4TB_4,990,000",0,0,0,0,0,0,0,0,0,0,0,0,0,0,0,0
88208537,MSI GF시리즈 소드 GF76 A AI B8VG-R9 QHD,0,0,0,"_SSD 1TB_2,387,000|_SSD 2TB_2,469,080|SSD 4TB_3,050,000",0,0,0,0,0,0,0,0,0,0,0,0,0,0,0,0
90154934,MSI GF시리즈 소드 GF76 A AI B8VG-R9 QHD 64GB램,0,0,0,"_SSD 1TB_2,813,200|_SSD 2TB_2,986,020|SSD 4TB_3,550,000",0,0,0,0,0,0,0,0,0,0,0,0,0,0,0,0
90111011,MSI GF시리즈 소드 GF76 A AI B8VG-R9 QHD WIN11,0,0,0,"_SSD 1TB_2,335,040|_SSD 2TB_2,488,660|SSD 4TB_3,150,000",0,0,0,0,0,0,0,0,0,0,0,0,0,0,0,0
90111035,MSI GF시리즈 소드 GF76 A AI B8VG-R9 QHD WIN11 64GB램,0,0,0,"_SSD 1TB_2,857,470|_SSD 2TB_3,007,850|SSD 4TB_3,573,000",0,0,0,0,0,0,0,0,0,0,0,0,0,0,0,0
14767937,MSI GL시리즈 펄스 GL66 11UDK,0,0,0,"_SSD 512GB_1,690,000|_SSD 1TB_1,890,000|1TB + SSD 512GB_1,890,000",0,0,0,0,0,0,0,0,0,0,0,0,0,0,0,0
14820476,MSI GL시리즈 펄스 GL66 11UDK 16GB램,0,0,0,"SSD 512GB_1,890,000",0,0,0,0,0,0,0,0,0,0,0,0,0,0,0,0
14820551,MSI GL시리즈 펄스 GL66 11UDK 32GB램,0,0,0,"SSD 512GB_1,890,000",0,0,0,0,0,0,0,0,0,0,0,0,0,0,0,0
14820461,MSI GL시리즈 펄스 GL66 11UDK WIN10,0,0,0,"SSD 512GB_1,790,000",0,0,0,0,0,0,0,0,0,0,0,0,0,0,0,0
14820494,MSI GL시리즈 펄스 GL66 11UDK WIN10 16GB램,0,0,0,"SSD 512GB_1,790,000",0,0,0,0,0,0,0,0,0,0,0,0,0,0,0,0
14820560,MSI GL시리즈 펄스 GL66 11UDK WIN10 32GB램,0,0,0,"_SSD 512GB_1,890,000|_SSD 1TB_2,090,000",0,0,0,0,0,0,0,0,0,0,0,0,0,0,0,0
16146563,MSI GL시리즈 펄스 GL66 11UEK 16GB램,0,0,0,"SSD 1TB_1,740,000",0,0,0,0,0,0,0,0,0,0,0,0,0,0,0,0
16146623,MSI GL시리즈 펄스 GL66 11UEK WIN10,0,0,0,"SSD 1TB_1,770,000",0,0,0,0,0,0,0,0,0,0,0,0,0,0,0,0
16146659,MSI GL시리즈 펄스 GL66 11UEK WIN10 16GB램,0,0,0,"SSD 1TB_1,830,000",0,0,0,0,0,0,0,0,0,0,0,0,0,0,0,0
14768075,MSI GL시리즈 펄스 GL76 11UDK,0,0,0,"_SSD 512GB_1,990,000|_SSD 1TB_1,890,000|SSD 2TB_2,090,000|1TB + SSD 512GB_1,890,000",0,0,0,0,0,0,0,0,0,0,0,0,0,0,0,0
14855183,MSI GL시리즈 펄스 GL76 11UDK 16GB램,0,0,0,"_SSD 512GB_1,790,000|_SSD 1TB_1,620,000",0,0,0,0,0,0,0,0,0,0,0,0,0,0,0,0
14855249,MSI GL시리즈 펄스 GL76 11UDK 32GB램,0,0,0,"SSD 512GB_1,890,000",0,0,0,0,0,0,0,0,0,0,0,0,0,0,0,0
15766382,MSI GL시리즈 펄스 GL76 11UDK 64GB램,0,0,0,"SSD 512GB_3,320,000",0,0,0,0,0,0,0,0,0,0,0,0,0,0,0,0
14855108,MSI GL시리즈 펄스 GL76 11UDK WIN10,0,0,0,"_SSD 512GB_1,890,000|_SSD 1TB_1,990,000|SSD 2TB_1,820,000",0,0,0,0,0,0,0,0,0,0,0,0,0,0,0,0
14855201,MSI GL시리즈 펄스 GL76 11UDK WIN10 16GB램,0,0,0,"_SSD 512GB_1,890,000|_SSD 1TB_1,750,000|SSD 2TB_1,890,000",0,0,0,0,0,0,0,0,0,0,0,0,0,0,0,0
14855270,MSI GL시리즈 펄스 GL76 11UDK WIN10 32GB램,0,0,0,"_SSD 512GB_1,990,000|_SSD 1TB_2,090,000|SSD 2TB_1,970,000",0,0,0,0,0,0,0,0,0,0,0,0,0,0,0,0
15766787,MSI GL시리즈 펄스 GL76 11UDK WIN10 64GB램,0,0,0,"SSD 2TB_2,390,000",0,0,0,0,0,0,0,0,0,0,0,0,0,0,0,0
15011150,MSI GL시리즈 펄스 GL76 11UEK,0,0,0,"SSD 1TB_1,990,000",0,0,0,0,0,0,0,0,0,0,0,0,0,0,0,0
15011084,MSI GL시리즈 펄스 GL76 11UEK WIN10,0,0,0,"SSD 512GB_1,990,000",0,0,0,0,0,0,0,0,0,0,0,0,0,0,0,0
15011129,MSI GL시리즈 펄스 GL76 11UEK WIN10 16GB램,0,0,0,"SSD 512GB_2,090,000",0,0,0,0,0,0,0,0,0,0,0,0,0,0,0,0
15011201,MSI GL시리즈 펄스 GL76 11UEK WIN10 32GB램,0,0,0,"SSD 1TB_2,290,000",0,0,0,0,0,0,0,0,0,0,0,0,0,0,0,0
30130850,MSI GL시리즈 펄스 GL76 11UEK WIN11,0,0,0,"SSD 512GB_1,990,000",0,0,0,0,0,0,0,0,0,0,0,0,0,0,0,0
30130847,MSI GL시리즈 펄스 GL76 11UEK WIN11 16GB램,0,0,0,"SSD 512GB_1,990,000",0,0,0,0,0,0,0,0,0,0,0,0,0,0,0,0
17972339,MSI GL시리즈 펄스 GL76 12UEK-i9,0,0,0,"_SSD 1TB_2,499,000|_SSD 2TB_2,699,000|SSD 512GB + SSD 512GB_2,499,000",0,0,0,0,0,0,0,0,0,0,0,0,0,0,0,0
17689751,MSI GL시리즈 펄스 GL76 12UEK-i9 32GB램,0,0,0,"_SSD 512GB_2,399,000|_SSD 1TB_2,699,000|SSD 2TB_3,990,000|SSD 512GB + SSD 512GB_3,790,000",0,0,0,0,0,0,0,0,0,0,0,0,0,0,0,0
17689724,MSI GL시리즈 펄스 GL76 12UEK-i9 64GB램,0,0,0,"_SSD 512GB_2,599,000|_SSD 1TB_4,590,000|SSD 2TB_4,790,000",0,0,0,0,0,0,0,0,0,0,0,0,0,0,0,0
17689772,MSI GL시리즈 펄스 GL76 12UEK-i9 WIN11,0,0,0,"_SSD 512GB_2,499,000|_SSD 1TB_2,599,000|SSD 2TB_2,799,000",0,0,0,0,0,0,0,0,0,0,0,0,0,0,0,0
17689823,MSI GL시리즈 펄스 GL76 12UEK-i9 WIN11 32GB램,0,0,0,"_SSD 512GB_2,699,000|_SSD 1TB_2,699,000|SSD 2TB_2,799,000",0,0,0,0,0,0,0,0,0,0,0,0,0,0,0,0
17689895,MSI GL시리즈 펄스 GL76 12UEK-i9 WIN11 64GB램,0,0,0,"_SSD 512GB_2,949,000|_SSD 1TB_3,099,000|SSD 2TB_2,999,000",0,0,0,0,0,0,0,0,0,0,0,0,0,0,0,0
18841634,MSI GL시리즈 펄스 GL76 12UEOK,0,0,0,"_SSD 512GB_2,499,000|_SSD 1TB_2,599,000|SSD 2TB_2,599,000|SSD 500GB + SSD 512GB_1,608,000",0,0,0,0,0,0,0,0,0,0,0,0,0,0,0,0
18925949,MSI GL시리즈 펄스 GL76 12UEOK 16GB램,0,0,0,"_SSD 512GB_2,499,000|_SSD 500GB + SSD 512GB_1,769,000",0,0,0,0,0,0,0,0,0,0,0,0,0,0,0,0
19036502,MSI GL시리즈 펄스 GL76 12UEOK 64GB램,0,0,0,"_SSD 512GB_2,490,000|_SSD 2TB_2,480,000",0,0,0,0,0,0,0,0,0,0,0,0,0,0,0,0
19046147,MSI GL시리즈 펄스 GL76 12UEOK WIN11,0,0,0,"SSD 500GB + SSD 512GB_1,719,000",0,0,0,0,0,0,0,0,0,0,0,0,0,0,0,0
19045997,MSI GL시리즈 펄스 GL76 12UEOK WIN11 32GB램,0,0,0,"SSD 500GB + SSD 512GB_1,810,000",0,0,0,0,0,0,0,0,0,0,0,0,0,0,0,0
19036736,MSI GL시리즈 펄스 GL76 12UEOK WIN11 64GB램,0,0,0,"_SSD 512GB_2,590,000|_SSD 4TB_2,360,000",0,0,0,0,0,0,0,0,0,0,0,0,0,0,0,0
62637851,MSI GP시리즈 GP66 Leopard 11UG QHD 16GB램,0,0,0,"SSD 1TB_3,085,000",0,0,0,0,0,0,0,0,0,0,0,0,0,0,0,0
17774861,MSI GP시리즈 GP76 Leopard 11UG 다이나믹,0,0,0,"_SSD 2TB_2,299,000|_SSD 512GB + SSD 512GB_2,199,000",0,0,0,0,0,0,0,0,0,0,0,0,0,0,0,0
17774786,MSI GP시리즈 GP76 Leopard 11UG 다이나믹 32GB램,0,0,0,"_SSD 512GB_2,299,000|_SSD 1TB_2,399,000|SSD 2TB_2,499,000|SSD 512GB + SSD 512GB_2,399,000",0,0,0,0,0,0,0,0,0,0,0,0,0,0,0,0
17775206,MSI GP시리즈 GP76 Leopard 11UG 다이나믹 64GB램,0,0,0,"_SSD 512GB_2,299,000|_SSD 1TB_2,399,000|SSD 2TB_2,499,000",0,0,0,0,0,0,0,0,0,0,0,0,0,0,0,0
17775392,MSI GP시리즈 GP76 Leopard 11UG 다이나믹 WIN10,0,0,0,"_SSD 1TB_2,299,000|_SSD 2TB_2,399,000|SSD 512GB + SSD 512GB_2,299,000",0,0,0,0,0,0,0,0,0,0,0,0,0,0,0,0
17775503,MSI GP시리즈 GP76 Leopard 11UG 다이나믹 WIN10 16GB램,0,0,0,"SSD 1TB_2,249,000",0,0,0,0,0,0,0,0,0,0,0,0,0,0,0,0
17775515,MSI GP시리즈 GP76 Leopard 11UG 다이나믹 WIN10 32GB램,0,0,0,"SSD 2TB_2,399,000",0,0,0,0,0,0,0,0,0,0,0,0,0,0,0,0
17775569,MSI GP시리즈 GP76 Leopard 11UG 다이나믹 WIN10 64GB램,0,0,0,"_SSD 1TB_2,499,000|_SSD 2TB + SSD 2TB_3,499,000",0,0,0,0,0,0,0,0,0,0,0,0,0,0,0,0
17775581,MSI GP시리즈 GP76 Leopard 11UG 다이나믹 WIN11,0,0,0,"_SSD 512GB_2,599,000|_SSD 512GB + SSD 512GB_2,299,000",0,0,0,0,0,0,0,0,0,0,0,0,0,0,0,0
17776490,MSI GP시리즈 GP76 Leopard 11UG 다이나믹 WIN11 32GB램,0,0,0,"SSD 512GB + SSD 512GB_2,399,000",0,0,0,0,0,0,0,0,0,0,0,0,0,0,0,0
17698463,MSI GP시리즈 GP76 Leopard 11UH WIN11,0,0,0,"_SSD 1TB_2,699,000|_SSD 2TB_2,899,000",0,0,0,0,0,0,0,0,0,0,0,0,0,0,0,0
17698517,MSI GP시리즈 GP76 Leopard 11UH WIN11 32GB램,0,0,0,"_SSD 1TB_2,899,000|_SSD 2TB_2,999,000",0,0,0,0,0,0,0,0,0,0,0,0,0,0,0,0
17698538,MSI GP시리즈 GP76 Leopard 11UH WIN11 64GB램,0,0,0,"_SSD 1TB_2,999,000|_SSD 2TB_3,099,000",0,0,0,0,0,0,0,0,0,0,0,0,0,0,0,0
18841397,MSI GP시리즈 Vector GP66 12UEO QHD OLED,0,0,0,"SSD 512GB_3,199,000",0,0,0,0,0,0,0,0,0,0,0,0,0,0,0,0
19059464,MSI GP시리즈 Vector GP66 12UEO QHD OLED 32GB램,0,0,0,"SSD 512GB + SSD 512GB_3,149,000",0,0,0,0,0,0,0,0,0,0,0,0,0,0,0,0
20011583,MSI GP시리즈 Vector GP66 12UEO QHD OLED WIN11,0,0,0,"SSD 512GB_3,109,000",0,0,0,0,0,0,0,0,0,0,0,0,0,0,0,0
18922943,MSI GP시리즈 Vector GP66 12UEO QHD OLED WIN11 16GB램,0,0,0,"_SSD 512GB_2,999,000|_SSD 1TB_3,099,000",0,0,0,0,0,0,0,0,0,0,0,0,0,0,0,0
18922868,MSI GP시리즈 Vector GP66 12UEO QHD OLED WIN11 32GB램,0,0,0,"_SSD 512GB_3,199,000|_SSD 1TB_3,299,000|SSD 2TB_3,299,000",0,0,0,0,0,0,0,0,0,0,0,0,0,0,0,0
18923306,MSI GP시리즈 Vector GP66 12UEO QHD WIN11,0,0,0,"SSD 500GB + SSD 512GB_1,799,000",0,0,0,0,0,0,0,0,0,0,0,0,0,0,0,0
19525214,MSI GP시리즈 Vector GP66 12UGSO QHD,0,0,0,"_SSD 1TB_2,549,000|_SSD 2TB_2,599,000",0,0,0,0,0,0,0,0,0,0,0,0,0,0,0,0
19582850,MSI GP시리즈 Vector GP66 12UGSO QHD 32GB램,0,0,0,"_SSD 1TB_2,599,000|_SSD 2TB_2,799,000",0,0,0,0,0,0,0,0,0,0,0,0,0,0,0,0
19582871,MSI GP시리즈 Vector GP66 12UGSO QHD 64GB램,0,0,0,"_SSD 1TB_2,749,000|_SSD 2TB_2,899,000",0,0,0,0,0,0,0,0,0,0,0,0,0,0,0,0
19582979,MSI GP시리즈 Vector GP66 12UGSO QHD WIN11,0,0,0,"_SSD 1TB_2,499,000|_SSD 2TB_2,699,000",0,0,0,0,0,0,0,0,0,0,0,0,0,0,0,0
19582904,MSI GP시리즈 Vector GP66 12UGSO QHD WIN11 32GB램,0,0,0,"_SSD 1TB_2,599,000|_SSD 2TB_2,799,000",0,0,0,0,0,0,0,0,0,0,0,0,0,0,0,0
19582889,MSI GP시리즈 Vector GP66 12UGSO QHD WIN11 64GB램,0,0,0,"_SSD 1TB_2,899,000|_SSD 2TB_2,999,000",0,0,0,0,0,0,0,0,0,0,0,0,0,0,0,0
20317952,MSI GP시리즈 Vector GP66 12UH-i7 32GB램,0,0,0,"SSD 1TB + SSD 1TB_3,799,000",0,0,0,0,0,0,0,0,0,0,0,0,0,0,0,0
20317901,MSI GP시리즈 Vector GP66 12UH-i7 64GB램,0,0,0,"SSD 1TB + SSD 1TB_2,999,000",0,0,0,0,0,0,0,0,0,0,0,0,0,0,0,0
20166860,MSI GP시리즈 Vector GP68 HX 12VH-i9 QHD,0,0,0,"_SSD 1TB_5,999,000|_SSD 2TB_4,089,000",0,0,0,0,0,0,0,0,0,0,0,0,0,0,0,0
20247086,MSI GP시리즈 Vector GP68 HX 12VH-i9 QHD 32GB램,0,0,0,"_SSD 1TB_4,089,000|_SSD 2TB_4,249,000",0,0,0,0,0,0,0,0,0,0,0,0,0,0,0,0
20247410,MSI GP시리즈 Vector GP68 HX 12VH-i9 QHD 64GB램,0,0,0,"_SSD 1TB_4,189,000|_SSD 2TB_4,289,000",0,0,0,0,0,0,0,0,0,0,0,0,0,0,0,0
20247590,MSI GP시리즈 Vector GP68 HX 12VH-i9 QHD WIN11,0,0,0,"_SSD 1TB_6,299,000|_SSD 2TB_4,249,000",0,0,0,0,0,0,0,0,0,0,0,0,0,0,0,0
20247188,MSI GP시리즈 Vector GP68 HX 12VH-i9 QHD WIN11 32GB램,0,0,0,"_SSD 1TB_4,169,000|_SSD 2TB_4,229,000",0,0,0,0,0,0,0,0,0,0,0,0,0,0,0,0
20247401,MSI GP시리즈 Vector GP68 HX 12VH-i9 QHD WIN11 64GB램,0,0,0,"_SSD 1TB_6,990,000|_SSD 2TB_7,290,000",0,0,0,0,0,0,0,0,0,0,0,0,0,0,0,0
27612995,MSI GP시리즈 Vector GP68 HX 13VH-i9 QHD,0,0,0,"SSD 1TB_4,690,000",0,0,0,0,0,0,0,0,0,0,0,0,0,0,0,0
27627311,MSI GP시리즈 Vector GP68 HX 13VH-i9 QHD 32GB램,0,0,0,"_SSD 1TB_4,390,000|_SSD 2TB_4,650,000",0,0,0,0,0,0,0,0,0,0,0,0,0,0,0,0
27627512,MSI GP시리즈 Vector GP68 HX 13VH-i9 QHD 64GB램,0,0,0,"_SSD 1TB_4,490,000|_SSD 2TB_4,390,000",0,0,0,0,0,0,0,0,0,0,0,0,0,0,0,0
27627632,MSI GP시리즈 Vector GP68 HX 13VH-i9 QHD WIN11,0,0,0,"_SSD 1TB_4,190,000|_SSD 2TB_4,590,000",0,0,0,0,0,0,0,0,0,0,0,0,0,0,0,0
27627383,MSI GP시리즈 Vector GP68 HX 13VH-i9 QHD WIN11 32GB램,0,0,0,"_SSD 1TB_4,390,000|_SSD 2TB_4,590,000|",0,0,0,0,0,0,0,0,0,0,0,0,0,0,0,0
27627497,MSI GP시리즈 Vector GP68 HX 13VH-i9 QHD WIN11 64GB램,0,0,0,"_SSD 1TB_4,490,000|_SSD 2TB_4,590,000|",0,0,0,0,0,0,0,0,0,0,0,0,0,0,0,0
16310075,MSI GP시리즈 Vector GP76 12UGS,0,0,0,"_SSD 2TB_2,890,000|_SSD 1TB + SSD 1TB_2,890,000",0,0,0,0,0,0,0,0,0,0,0,0,0,0,0,0
16309478,MSI GP시리즈 Vector GP76 12UGS 32GB램,0,0,0,"_SSD 1TB_2,890,000|_SSD 2TB_2,990,000|SSD 1TB + SSD 1TB_3,290,000",0,0,0,0,0,0,0,0,0,0,0,0,0,0,0,0
16310138,MSI GP시리즈 Vector GP76 12UGS 64GB램,0,0,0,"_SSD 1TB_3,070,000|_SSD 2TB_3,240,000|SSD 1TB + SSD 1TB_3,790,000",0,0,0,0,0,0,0,0,0,0,0,0,0,0,0,0
19201988,MSI GP시리즈 Vector GP76 12UGS QHD 32GB램,0,0,0,"SSD 1TB + SSD 1TB_4,399,000",0,0,0,0,0,0,0,0,0,0,0,0,0,0,0,0
17814503,MSI GP시리즈 Vector GP76 12UGS QHD WIN10,0,0,0,"SSD 2TB_2,699,000",0,0,0,0,0,0,0,0,0,0,0,0,0,0,0,0
29822072,MSI GP시리즈 Vector GP76 12UGS QHD WIN11 32GB램,0,0,0,"SSD 1TB + SSD 1TB_4,090,000",0,0,0,0,0,0,0,0,0,0,0,0,0,0,0,0
16309394,MSI GP시리즈 Vector GP76 12UGS WIN10,0,0,0,"SSD 1TB_2,990,000",0,0,0,0,0,0,0,0,0,0,0,0,0,0,0,0
16309613,MSI GP시리즈 Vector GP76 12UGS WIN10 32GB램,0,0,0,"_SSD 1TB_3,090,000|_SSD 2TB_3,190,000",0,0,0,0,0,0,0,0,0,0,0,0,0,0,0,0
16310186,MSI GP시리즈 Vector GP76 12UGS WIN10 64GB램,0,0,0,"_SSD 1TB_3,190,000|_SSD 2TB_3,290,000",0,0,0,0,0,0,0,0,0,0,0,0,0,0,0,0
17524181,MSI GP시리즈 Vector GP76 12UGS WIN11,0,0,0,"_SSD 1TB_4,790,000|_SSD 2TB_4,290,000|SSD 1TB + SSD 1TB_4,290,000",0,0,0,0,0,0,0,0,0,0,0,0,0,0,0,0
17524148,MSI GP시리즈 Vector GP76 12UGS WIN11 32GB램,0,0,0,"_SSD 1TB_3,490,000|_SSD 2TB_3,190,000|SSD 1TB + SSD 1TB_4,190,000",0,0,0,0,0,0,0,0,0,0,0,0,0,0,0,0
17524046,MSI GP시리즈 Vector GP76 12UGS WIN11 64GB램,0,0,0,"_SSD 1TB_3,790,000|_SSD 2TB_3,290,000|SSD 1TB + SSD 1TB_4,490,000",0,0,0,0,0,0,0,0,0,0,0,0,0,0,0,0
17430827,MSI GP시리즈 Vector GP76 12UH-i7,0,0,0,"_SSD 2TB_2,890,000|_SSD 1TB + SSD 1TB_2,990,000",0,0,0,0,0,0,0,0,0,0,0,0,0,0,0,0
17430842,MSI GP시리즈 Vector GP76 12UH-i7 32GB램,0,0,0,"_SSD 1TB_2,950,000|_SSD 2TB_3,130,000",0,0,0,0,0,0,0,0,0,0,0,0,0,0,0,0
17430854,MSI GP시리즈 Vector GP76 12UH-i7 64GB램,0,0,0,"_SSD 1TB_3,090,000|_SSD 2TB_3,260,000",0,0,0,0,0,0,0,0,0,0,0,0,0,0,0,0
17430995,MSI GP시리즈 Vector GP76 12UH-i7 WIN11,0,0,0,"_SSD 1TB_2,799,000|_SSD 2TB_3,120,000",0,0,0,0,0,0,0,0,0,0,0,0,0,0,0,0
17431010,MSI GP시리즈 Vector GP76 12UH-i7 WIN11 32GB램,0,0,0,"_SSD 1TB_2,999,000|_SSD 2TB_3,060,000",0,0,0,0,0,0,0,0,0,0,0,0,0,0,0,0
17431034,MSI GP시리즈 Vector GP76 12UH-i7 WIN11 64GB램,0,0,0,"_SSD 1TB_3,120,000|_SSD 2TB_3,290,000",0,0,0,0,0,0,0,0,0,0,0,0,0,0,0,0
16491791,MSI GP시리즈 Vector GP76 12UH-i9 WIN10,0,0,0,"_SSD 1TB_4,290,000|_SSD 2TB_4,390,000",0,0,0,0,0,0,0,0,0,0,0,0,0,0,0,0
16491941,MSI GP시리즈 Vector GP76 12UH-i9 WIN10 16GB램,0,0,0,"SSD 1TB_4,390,000",0,0,0,0,0,0,0,0,0,0,0,0,0,0,0,0
16491830,MSI GP시리즈 Vector GP76 12UH-i9 WIN10 32GB램,0,0,0,"_SSD 1TB_4,690,000|_SSD 2TB_4,890,000",0,0,0,0,0,0,0,0,0,0,0,0,0,0,0,0
16491842,MSI GP시리즈 Vector GP76 12UH-i9 WIN10 64GB램,0,0,0,"_SSD 1TB_4,690,000|_SSD 2TB_4,890,000|SSD 1TB + SSD 1TB_4,890,000",0,0,0,0,0,0,0,0,0,0,0,0,0,0,0,0
17538554,MSI GP시리즈 Vector GP76 12UHSO QHD,0,0,0,"_SSD 1TB_8,750,000|_SSD 2TB_4,299,000",0,0,0,0,0,0,0,0,0,0,0,0,0,0,0,0
17660081,MSI GP시리즈 Vector GP76 12UHSO QHD 64GB램,0,0,0,"_SSD 1TB_4,090,000|_SSD 2TB_4,299,000",0,0,0,0,0,0,0,0,0,0,0,0,0,0,0,0
17660057,MSI GP시리즈 Vector GP76 12UHSO QHD WIN11,0,0,0,"_SSD 1TB_3,890,000|_SSD 2TB_4,090,000",0,0,0,0,0,0,0,0,0,0,0,0,0,0,0,0
17660075,MSI GP시리즈 Vector GP76 12UHSO QHD WIN11 64GB램,0,0,0,"_SSD 1TB_4,230,000|_SSD 2TB_4,499,000",0,0,0,0,0,0,0,0,0,0,0,0,0,0,0,0
18344405,MSI GP시리즈 Vector GP76 HX 12UHS QHD,0,0,0,"SSD 1TB_3,990,000",0,0,0,0,0,0,0,0,0,0,0,0,0,0,0,0
26038859,MSI GP시리즈 Vector GP76 HX 12UHS QHD 64GB램,0,0,0,"_SSD 1TB + SSD 1TB_4,599,000|_SSD 2TB + SSD 2TB_4,750,000",0,0,0,0,0,0,0,0,0,0,0,0,0,0,0,0
18711581,MSI GP시리즈 Vector GP76 HX 12UHS QHD WIN11 64GB,0,0,0,"SSD 2TB + SSD 2TB_4,599,000",0,0,0,0,0,0,0,0,0,0,0,0,0,0,0,0
19053803,MSI GP시리즈 Vector GP77 13VF QHD,0,0,0,"_SSD 512GB_4,099,000|_SSD 1TB_2,499,000|SSD 2TB_2,699,000|SSD 500GB + SSD 512GB_2,990,000",0,0,0,0,0,0,0,0,0,0,0,0,0,0,0,0
19105475,MSI GP시리즈 Vector GP77 13VF QHD 32GB램,0,0,0,"_SSD 512GB_2,599,000|_SSD 1TB_3,099,000|SSD 2TB_2,799,000|SSD 4TB_3,990,000",0,0,0,0,0,0,0,0,0,0,0,0,0,0,0,0
19105466,MSI GP시리즈 Vector GP77 13VF QHD 64GB램,0,0,0,"_SSD 512GB_2,699,000|_SSD 1TB_4,690,000|SSD 2TB_4,990,000|SSD 4TB_3,990,000",0,0,0,0,0,0,0,0,0,0,0,0,0,0,0,0
19105454,MSI GP시리즈 Vector GP77 13VF QHD WIN11,0,0,0,"_SSD 512GB_2,270,000|_SSD 1TB_2,350,000|SSD 2TB_2,399,000",0,0,0,0,0,0,0,0,0,0,0,0,0,0,0,0
19105451,MSI GP시리즈 Vector GP77 13VF QHD WIN11 32GB램,0,0,0,"_SSD 512GB_2,990,000|_SSD 1TB_2,890,000|SSD 2TB_2,499,000|SSD 4TB_2,999,000",0,0,0,0,0,0,0,0,0,0,0,0,0,0,0,0
19105442,MSI GP시리즈 Vector GP77 13VF QHD WIN11 64GB램,0,0,0,"_SSD 512GB_4,990,000|_SSD 1TB_4,690,000|SSD 2TB_4,990,000|SSD 4TB_3,990,000",0,0,0,0,0,0,0,0,0,0,0,0,0,0,0,0
19053896,MSI GP시리즈 Vector GP77 13VG QHD,0,0,0,"_SSD 1TB_3,899,000|_SSD 2TB_4,399,000",0,0,0,0,0,0,0,0,0,0,0,0,0,0,0,0
19104872,MSI GP시리즈 Vector GP77 13VG QHD 32GB램,0,0,0,"_SSD 1TB_4,399,000|_SSD 2TB_4,699,000|SSD 4TB_4,099,000|SSD 2TB + SSD 2TB_5,499,000",0,0,0,0,0,0,0,0,0,0,0,0,0,0,0,0
19104878,MSI GP시리즈 Vector GP77 13VG QHD 64GB램,0,0,0,"_SSD 1TB_6,690,000|_SSD 2TB_6,990,000|SSD 4TB_4,259,000",0,0,0,0,0,0,0,0,0,0,0,0,0,0,0,0
19105004,MSI GP시리즈 Vector GP77 13VG QHD WIN11,0,0,0,"_SSD 1TB_5,499,000|_SSD 2TB_5,499,000",0,0,0,0,0,0,0,0,0,0,0,0,0,0,0,0
19104914,MSI GP시리즈 Vector GP77 13VG QHD WIN11 32GB램,0,0,0,"_SSD 1TB_4,499,000|_SSD 2TB_4,899,000|SSD 4TB_4,199,000|SSD 2TB + SSD 2TB_5,549,000",0,0,0,0,0,0,0,0,0,0,0,0,0,0,0,0
19104899,MSI GP시리즈 Vector GP77 13VG QHD WIN11 64GB램,0,0,0,"_SSD 1TB_4,599,000|_SSD 2TB_4,999,000|SSD 4TB_4,499,000",0,0,0,0,0,0,0,0,0,0,0,0,0,0,0,0
19053977,MSI GP시리즈 Vector GP77 13VG-i9 QHD,0,0,0,"_SSD 1TB_3,399,000|_SSD 2TB_4,799,000|SSD 1TB + SSD 1TB_4,290,000",0,0,0,0,0,0,0,0,0,0,0,0,0,0,0,0
19120679,MSI GP시리즈 Vector GP77 13VG-i9 QHD 32GB램,0,0,0,"_SSD 1TB_5,799,000|_SSD 2TB_4,990,000|SSD 4TB_3,559,000|SSD 2TB + SSD 2TB_5,499,000",0,0,0,0,0,0,0,0,0,0,0,0,0,0,0,0
19120685,MSI GP시리즈 Vector GP77 13VG-i9 QHD 64GB램,0,0,0,"_SSD 1TB_5,990,000|_SSD 2TB_5,990,000|",0,0,0,0,0,0,0,0,0,0,0,0,0,0,0,0
19120757,MSI GP시리즈 Vector GP77 13VG-i9 QHD WIN11,0,0,0,"_SSD 1TB_4,999,000|_SSD 2TB_4,199,000",0,0,0,0,0,0,0,0,0,0,0,0,0,0,0,0
19120715,MSI GP시리즈 Vector GP77 13VG-i9 QHD WIN11 32GB램,0,0,0,"_SSD 1TB_4,490,000|_SSD 2TB_4,990,000|SSD 4TB_3,599,000|SSD 2TB + SSD 2TB_4,299,000",0,0,0,0,0,0,0,0,0,0,0,0,0,0,0,0
19120697,MSI GP시리즈 Vector GP77 13VG-i9 QHD WIN11 64GB램,0,0,0,"_SSD 1TB_5,490,000|_SSD 2TB_2,790,000|SSD 4TB_3,799,000",0,0,0,0,0,0,0,0,0,0,0,0,0,0,0,0
20522777,MSI GP시리즈 Vector GP78 HX 13VH-i9 QHD,0,0,0,"_SSD 1TB_5,290,000|_SSD 2TB_5,220,000|SSD 1TB + SSD 1TB_4,790,000|SSD 2TB + SSD 2TB_4,970,000",0,0,0,0,0,0,0,0,0,0,0,0,0,0,0,0
20698532,MSI GP시리즈 Vector GP78 HX 13VH-i9 QHD 64GB램,0,0,0,"_SSD 1TB_4,870,000|_SSD 2TB_4,960,000|SSD 1TB + SSD 1TB_4,960,000|SSD 2TB + SSD 2TB_5,130,000",0,0,0,0,0,0,0,0,0,0,0,0,0,0,0,0
20698799,MSI GP시리즈 Vector GP78 HX 13VH-i9 QHD WIN11,0,0,0,"_SSD 1TB_4,810,000|_SSD 2TB_5,099,000|SSD 2TB + SSD 2TB_4,599,000",0,0,0,0,0,0,0,0,0,0,0,0,0,0,0,0
20699003,MSI GP시리즈 Vector GP78 HX 13VH-i9 QHD WIN11 64GB램,0,0,0,"_SSD 1TB_4,704,000|_SSD 2TB_6,899,000|SSD 2TB + SSD 2TB_4,699,000",0,0,0,0,0,0,0,0,0,0,0,0,0,0,0,0
24702674,MSI GP시리즈 Vector GP78 HX 13VI-i9 QHD,0,0,0,"_SSD 2TB_8,199,000|_SSD 2TB + SSD 2TB_7,799,000",0,0,0,0,0,0,0,0,0,0,0,0,0,0,0,0
27756338,MSI GP시리즈 Vector GP78 HX 13VI-i9 QHD 64GB램,0,0,0,"_SSD 2TB_8,890,000|_SSD 2TB + SSD 2TB_8,990,000|SSD 4TB + SSD 2TB_9,990,000",0,0,0,0,0,0,0,0,0,0,0,0,0,0,0,0
27484778,MSI GP시리즈 Vector GP78 HX 13VI-i9 QHD WIN11,0,0,0,"_SSD 2TB_7,799,000|_SSD 2TB + SSD 2TB_7,999,000",0,0,0,0,0,0,0,0,0,0,0,0,0,0,0,0
27484796,MSI GP시리즈 Vector GP78 HX 13VI-i9 QHD WIN11 64GB램,0,0,0,"_SSD 2TB_7,999,000|_SSD 2TB + SSD 2TB_7,899,000|SSD 4TB + SSD 2TB_8,990,000",0,0,0,0,0,0,0,0,0,0,0,0,0,0,0,0
15179723,MSI GS시리즈 GS66 Stealth 11UG QHD,0,0,0,"_SSD 1TB_2,990,000|_SSD 2TB_3,410,000|SSD 1TB + SSD 1TB_3,250,000",0,0,0,0,0,0,0,0,0,0,0,0,0,0,0,0
15938372,MSI GS시리즈 GS66 Stealth 11UG QHD 32GB램,0,0,0,"SSD 1TB_3,120,000",0,0,0,0,0,0,0,0,0,0,0,0,0,0,0,0
15938378,MSI GS시리즈 GS66 Stealth 11UG QHD 64GB램,0,0,0,"SSD 1TB_3,410,000",0,0,0,0,0,0,0,0,0,0,0,0,0,0,0,0
15938417,MSI GS시리즈 GS66 Stealth 11UG QHD WIN10,0,0,0,"SSD 1TB_3,110,000",0,0,0,0,0,0,0,0,0,0,0,0,0,0,0,0
15938384,MSI GS시리즈 GS66 Stealth 11UG QHD WIN10 32GB램,0,0,0,"_SSD 1TB_3,280,000|_SSD 1TB + SSD 1TB_3,520,000",0,0,0,0,0,0,0,0,0,0,0,0,0,0,0,0
15938387,MSI GS시리즈 GS66 Stealth 11UG QHD WIN10 64GB램,0,0,0,"_SSD 1TB_3,580,000|_SSD 1TB + SSD 1TB_3,810,000",0,0,0,0,0,0,0,0,0,0,0,0,0,0,0,0
14800700,MSI GS시리즈 GS66 Stealth 11UG WIN10,0,0,0,"SSD 1TB + SSD 1TB_3,590,000",0,0,0,0,0,0,0,0,0,0,0,0,0,0,0,0
14800808,MSI GS시리즈 GS66 Stealth 11UG WIN10 32GB램,0,0,0,"_SSD 1TB_3,690,000|_SSD 1TB + SSD 1TB_3,690,000",0,0,0,0,0,0,0,0,0,0,0,0,0,0,0,0
14800880,MSI GS시리즈 GS66 Stealth 11UG WIN10 64GB램,0,0,0,"_SSD 1TB_3,790,000|_SSD 1TB + SSD 1TB_3,890,000",0,0,0,0,0,0,0,0,0,0,0,0,0,0,0,0
17680691,MSI GS시리즈 GS76 Stealth 11UG-i9 WIN10,0,0,0,"SSD 2TB_4,099,000",0,0,0,0,0,0,0,0,0,0,0,0,0,0,0,0
17680769,MSI GS시리즈 GS76 Stealth 11UG-i9 WIN10 64GB램,0,0,0,"_SSD 1TB_4,249,000|_SSD 2TB_4,299,000",0,0,0,0,0,0,0,0,0,0,0,0,0,0,0,0
15813779,MSI GS시리즈 GS76 Stealth 11UH-i7 WIN10,0,0,0,"SSD 1TB + SSD 1TB_4,290,000",0,0,0,0,0,0,0,0,0,0,0,0,0,0,0,0
15813869,MSI GS시리즈 GS76 Stealth 11UH-i7 WIN10 32GB램,0,0,0,"SSD 1TB_4,350,000",0,0,0,0,0,0,0,0,0,0,0,0,0,0,0,0
15813887,MSI GS시리즈 GS76 Stealth 11UH-i7 WIN10 64GB램,0,0,0,"_SSD 1TB_4,490,000|_SSD 1TB + SSD 1TB_4,650,000",0,0,0,0,0,0,0,0,0,0,0,0,0,0,0,0
19881407,MSI GS시리즈 Stealth GS66 12UH QHD W11,0,0,0,"SSD 1TB + SSD 1TB_4,490,000",0,0,0,0,0,0,0,0,0,0,0,0,0,0,0,0
19881455,MSI GS시리즈 Stealth GS66 12UH QHD W11 64GB램,0,0,0,"_SSD 1TB_4,690,000|_SSD 1TB + SSD 1TB_4,790,000|SSD 2TB + SSD 2TB_4,990,000",0,0,0,0,0,0,0,0,0,0,0,0,0,0,0,0
19492970,MSI GS시리즈 Stealth GS77 12UH QHD W11,0,0,0,"SSD 1TB + SSD 1TB_4,099,000",0,0,0,0,0,0,0,0,0,0,0,0,0,0,0,0
18663893,MSI GS시리즈 Stealth GS77 12UHS-i7 4K W11,0,0,0,"_SSD 2TB_5,840,000|_SSD 1TB + SSD 1TB_5,750,000",0,0,0,0,0,0,0,0,0,0,0,0,0,0,0,0
20501102,MSI Stealth 14 Studio A13VF QHD 스타 블루,0,0,0,"_SSD 512GB_2,990,000|_SSD 1TB_3,290,000|SSD 2TB_3,490,000",0,0,0,0,0,0,0,0,0,0,0,0,0,0,0,0
21520091,MSI Stealth 14 Studio A13VF QHD 스타 블루 32GB램,0,0,0,"_SSD 1TB_3,490,000|_SSD 512GB_3,490,000|SSD 2TB_3,490,000",0,0,0,0,0,0,0,0,0,0,0,0,0,0,0,0
21520067,MSI Stealth 14 Studio A13VF QHD 스타 블루 64GB램,0,0,0,"_SSD 512GB_3,690,000|_SSD 1TB_3,690,000|SSD 2TB_3,790,000",0,0,0,0,0,0,0,0,0,0,0,0,0,0,0,0
21518492,MSI Stealth 14 Studio A13VF QHD 스타 블루 WIN11,0,0,0,"_SSD 512GB_6,290,000|_SSD 1TB_6,290,000|SSD 2TB_3,590,000",0,0,0,0,0,0,0,0,0,0,0,0,0,0,0,0
21518531,MSI Stealth 14 Studio A13VF QHD 스타 블루 WIN11 32GB램,0,0,0,"_SSD 512GB_6,690,000|_SSD 1TB_6,890,000|SSD 2TB_3,690,000",0,0,0,0,0,0,0,0,0,0,0,0,0,0,0,0
21518594,MSI Stealth 14 Studio A13VF QHD 스타 블루 WIN11 64GB램,0,0,0,"_SSD 512GB_7,590,000|_SSD 1TB_7,690,000|SSD 2TB_3,970,000",0,0,0,0,0,0,0,0,0,0,0,0,0,0,0,0
20501156,MSI Stealth 14 Studio A13VF QHD 퓨어 화이트,0,0,0,"_SSD 512GB_2,289,000|_SSD 1TB_2,459,000|SSD 2TB_2,549,000",0,0,0,0,0,0,0,0,0,0,0,0,0,0,0,0
21520415,MSI Stealth 14 Studio A13VF QHD 퓨어 화이트 32GB램,0,0,0,"_SSD 512GB_2,539,000|_SSD 1TB_2,489,000|SSD 2TB_2,589,000",0,0,0,0,0,0,0,0,0,0,0,0,0,0,0,0
21520430,MSI Stealth 14 Studio A13VF QHD 퓨어 화이트 64GB램,0,0,0,"_SSD 512GB_2,659,000|_SSD 1TB_2,679,000|SSD 2TB_2,719,000",0,0,0,0,0,0,0,0,0,0,0,0,0,0,0,0
21520235,MSI Stealth 14 Studio A13VF QHD 퓨어 화이트 WIN11,0,0,0,"_SSD 512GB_2,479,000|_SSD 1TB_3,490,000|SSD 2TB_3,489,000",0,0,0,0,0,0,0,0,0,0,0,0,0,0,0,0
21520265,MSI Stealth 14 Studio A13VF QHD 퓨어 화이트 WIN11 32GB램,0,0,0,"_SSD 512GB_2,559,000|_SSD 1TB_2,609,000|SSD 2TB_2,689,000",0,0,0,0,0,0,0,0,0,0,0,0,0,0,0,0
21520292,MSI Stealth 14 Studio A13VF QHD 퓨어 화이트 WIN11 64GB램,0,0,0,"_SSD 512GB_2,669,000|_SSD 1TB_2,689,000|SSD 2TB_2,779,000",0,0,0,0,0,0,0,0,0,0,0,0,0,0,0,0
19073399,MSI Stealth 15 A13VF 4K,0,0,0,"_SSD 512GB_3,590,000|_SSD 1TB_3,929,000|SSD 2TB_4,089,000|SSD 500GB + SSD 512GB_3,949,000",0,0,0,0,0,0,0,0,0,0,0,0,0,0,0,0
19122962,MSI Stealth 15 A13VF 4K 32GB램,0,0,0,"_SSD 512GB_3,949,000|_SSD 1TB_4,049,000|SSD 2TB_4,189,000|SSD 4TB_4,289,000",0,0,0,0,0,0,0,0,0,0,0,0,0,0,0,0
19123022,MSI Stealth 15 A13VF 4K 64GB램,0,0,0,"_SSD 512GB_5,490,000|_SSD 1TB_5,690,000|SSD 2TB_5,990,000|SSD 4TB_6,990,000",0,0,0,0,0,0,0,0,0,0,0,0,0,0,0,0
19123178,MSI Stealth 15 A13VF 4K WIN11,0,0,0,"_SSD 512GB_4,289,000|_SSD 1TB_3,989,000|SSD 2TB_4,089,000",0,0,0,0,0,0,0,0,0,0,0,0,0,0,0,0
13642139,MSI Stealth 15M A11SDK 카본 그레이,0,0,0,"SSD 1TB_2,090,000",0,0,0,0,0,0,0,0,0,0,0,0,0,0,0,0
13642025,MSI Stealth 15M A11SDK 카본 그레이 16GB램,0,0,0,"SSD 512GB_1,990,000",0,0,0,0,0,0,0,0,0,0,0,0,0,0,0,0
13642172,MSI Stealth 15M A11SDK 카본 그레이 32GB램,0,0,0,"SSD 512GB_2,090,000",0,0,0,0,0,0,0,0,0,0,0,0,0,0,0,0
13642082,MSI Stealth 15M A11SDK 카본 그레이 WIN10,0,0,0,"_SSD 512GB_1,990,000|_SSD 1TB_2,290,000",0,0,0,0,0,0,0,0,0,0,0,0,0,0,0,0
13642283,MSI Stealth 15M A11SDK 카본 그레이 WIN10 16GB램,0,0,0,"_SSD 512GB_2,290,000|_SSD 1TB_2,390,000",0,0,0,0,0,0,0,0,0,0,0,0,0,0,0,0
13642358,MSI Stealth 15M A11SDK 카본 그레이 WIN10 32GB램,0,0,0,"_SSD 512GB_2,290,000|_SSD 1TB_2,490,000",0,0,0,0,0,0,0,0,0,0,0,0,0,0,0,0
13642697,MSI Stealth 15M A11SDK 화이트,0,0,0,"SSD 1TB_1,990,000",0,0,0,0,0,0,0,0,0,0,0,0,0,0,0,0
13642619,MSI Stealth 15M A11SDK 화이트 16GB램,0,0,0,"SSD 512GB_1,890,000",0,0,0,0,0,0,0,0,0,0,0,0,0,0,0,0
13642814,MSI Stealth 15M A11SDK 화이트 32GB램,0,0,0,"SSD 512GB_1,990,000",0,0,0,0,0,0,0,0,0,0,0,0,0,0,0,0
13642655,MSI Stealth 15M A11SDK 화이트 WIN10,0,0,0,"_SSD 512GB_1,990,000|_SSD 1TB_1,990,000",0,0,0,0,0,0,0,0,0,0,0,0,0,0,0,0
13642838,MSI Stealth 15M A11SDK 화이트 WIN10 16GB램,0,0,0,"_SSD 512GB_1,990,000|_SSD 1TB_2,190,000",0,0,0,0,0,0,0,0,0,0,0,0,0,0,0,0
13642931,MSI Stealth 15M A11SDK 화이트 WIN10 32GB램,0,0,0,"_SSD 512GB_2,090,000|_SSD 1TB_2,290,000",0,0,0,0,0,0,0,0,0,0,0,0,0,0,0,0
13800611,MSI Stealth 15M A11SEK 카본 그레이 WIN10,0,0,0,"SSD 512GB_2,990,000",0,0,0,0,0,0,0,0,0,0,0,0,0,0,0,0
13800644,MSI Stealth 15M A11SEK 카본 그레이 WIN10 16GB램,0,0,0,"_SSD 512GB_2,990,000|_SSD 1TB_3,790,000",0,0,0,0,0,0,0,0,0,0,0,0,0,0,0,0
13800677,MSI Stealth 15M A11SEK 카본 그레이 WIN10 32GB램,0,0,0,"SSD 512GB_3,990,000",0,0,0,0,0,0,0,0,0,0,0,0,0,0,0,0
18197633,MSI Stealth 15M B12UE 64GB램,0,0,0,"SSD 1TB_3,150,000",0,0,0,0,0,0,0,0,0,0,0,0,0,0,0,0
27728276,MSI Stealth 16 Mercedes-AMG Motorsport A13VG,0,0,0,"_SSD 2TB_3,599,000|_SSD 1TB + SSD 1TB_3,989,000",0,0,0,0,0,0,0,0,0,0,0,0,0,0,0,0
27573233,MSI Stealth 16 Mercedes-AMG Motorsport A13VG 64GB램,0,0,0,"_SSD 1TB_4,299,000|SSD 2TB_3,999,000|_SSD 1TB + SSD 1TB_4,379,000|SSD 2TB + SSD 2TB_4,399,000",0,0,0,0,0,0,0,0,0,0,0,0,0,0,0,0
20520197,MSI Stealth 16 Studio A13VF-i9 QHD 스타 블루,0,0,0,"_SSD 512GB_2,689,000|_SSD 1TB_2,989,000|SSD 2TB_3,029,000|SSD 500GB + SSD 512GB_2,749,000",0,0,0,0,0,0,0,0,0,0,0,0,0,0,0,0
21456218,MSI Stealth 16 Studio A13VF-i9 QHD 스타 블루 32GB램,0,0,0,"_SSD 512GB_2,989,000|_SSD 1TB_3,089,000|SSD 2TB_3,189,000",0,0,0,0,0,0,0,0,0,0,0,0,0,0,0,0
21456245,MSI Stealth 16 Studio A13VF-i9 QHD 스타 블루 64GB램,0,0,0,"_SSD 512GB_3,990,000|_SSD 1TB_3,369,000|SSD 2TB_4,190,000",0,0,0,0,0,0,0,0,0,0,0,0,0,0,0,0
21456311,MSI Stealth 16 Studio A13VF-i9 QHD 스타 블루 WIN11,0,0,0,"_SSD 512GB_3,389,000|_SSD 1TB_3,089,000|SSD 2TB_3,089,000|SSD 500GB + SSD 512GB_3,589,000",0,0,0,0,0,0,0,0,0,0,0,0,0,0,0,0
21456269,MSI Stealth 16 Studio A13VF-i9 QHD 스타 블루 WIN11 32GB램,0,0,0,"_SSD 512GB_3,189,000|_SSD 1TB_3,149,000|SSD 2TB_3,189,000",0,0,0,0,0,0,0,0,0,0,0,0,0,0,0,0
21456278,MSI Stealth 16 Studio A13VF-i9 QHD 스타 블루 WIN11 64GB램,0,0,0,"_SSD 512GB_3,189,000|_SSD 1TB_3,289,000|SSD 2TB_3,389,000",0,0,0,0,0,0,0,0,0,0,0,0,0,0,0,0
21570857,MSI Stealth 16 Studio A13VF-i9 QHD 퓨어 화이트,0,0,0,"_SSD 512GB_2,989,000|_SSD 1TB_3,089,000|SSD 2TB_3,189,000",0,0,0,0,0,0,0,0,0,0,0,0,0,0,0,0
25640408,MSI Stealth 16 Studio A13VF-i9 QHD 퓨어 화이트 32GB램,0,0,0,"_SSD 512GB_3,089,000|_SSD 1TB_3,189,000|SSD 2TB_3,289,000",0,0,0,0,0,0,0,0,0,0,0,0,0,0,0,0
25640582,MSI Stealth 16 Studio A13VF-i9 QHD 퓨어 화이트 64GB램,0,0,0,"_SSD 512GB_3,189,000|_SSD 1TB_3,289,000|SSD 2TB_3,389,000",0,0,0,0,0,0,0,0,0,0,0,0,0,0,0,0
25640675,MSI Stealth 16 Studio A13VF-i9 QHD 퓨어 화이트 WIN11,0,0,0,"_SSD 512GB_3,089,000|_SSD 1TB_3,189,000|SSD 2TB_3,289,000",0,0,0,0,0,0,0,0,0,0,0,0,0,0,0,0
25640468,MSI Stealth 16 Studio A13VF-i9 QHD 퓨어 화이트 WIN11 32GB램,0,0,0,"_SSD 512GB_3,189,000|_SSD 1TB_3,289,000|SSD 2TB_3,389,000",0,0,0,0,0,0,0,0,0,0,0,0,0,0,0,0
25640558,MSI Stealth 16 Studio A13VF-i9 QHD 퓨어 화이트 WIN11 64GB램,0,0,0,"_SSD 512GB_3,289,000|_SSD 1TB_3,389,000|SSD 2TB_3,489,000",0,0,0,0,0,0,0,0,0,0,0,0,0,0,0,0
18910532,MSI Stealth 17 Studio A13VH QHD,0,0,0,"_SSD 1TB_3,990,000|_SSD 2TB_4,088,000|SSD 1TB + SSD 1TB_4,088,000",0,0,0,0,0,0,0,0,0,0,0,0,0,0,0,0
19021265,MSI Stealth 17 Studio A13VH QHD 32GB램,0,0,0,"_SSD 1TB_4,118,000|_SSD 2TB_4,268,000",0,0,0,0,0,0,0,0,0,0,0,0,0,0,0,0
19021241,MSI Stealth 17 Studio A13VH QHD 64GB램,0,0,0,"_SSD 1TB_4,288,000|_SSD 2TB_4,448,000",0,0,0,0,0,0,0,0,0,0,0,0,0,0,0,0
19021034,MSI Stealth 17 Studio A13VH QHD WIN11,0,0,0,"_SSD 1TB_4,089,000|_SSD 2TB_4,178,000",0,0,0,0,0,0,0,0,0,0,0,0,0,0,0,0
19021130,MSI Stealth 17 Studio A13VH QHD WIN11 32GB램,0,0,0,"_SSD 1TB_4,229,000|_SSD 2TB_4,469,000",0,0,0,0,0,0,0,0,0,0,0,0,0,0,0,0
19021178,MSI Stealth 17 Studio A13VH QHD WIN11 64GB램,0,0,0,"_SSD 1TB_4,389,000|_SSD 2TB_4,639,000",0,0,0,0,0,0,0,0,0,0,0,0,0,0,0,0
19053473,MSI Stealth 17 Studio A13VH-i9 4K Mini LED W11,0,0,0,"_SSD 1TB_4,990,000|_SSD 2TB_5,389,000",0,0,0,0,0,0,0,0,0,0,0,0,0,0,0,0
19081709,MSI Stealth 17 Studio A13VH-i9 4K Mini LED W11 64GB램,0,0,0,"_SSD 1TB_5,359,000|_SSD 2TB_5,629,000",0,0,0,0,0,0,0,0,0,0,0,0,0,0,0,0
19510745,MSI Stealth 17 Studio A13VI 4K Mini LED W11,0,0,0,"_SSD 2TB_6,489,000|SSD 1TB + SSD 1TB_5,999,000|_SSD 2TB + SSD 2TB_6,849,000",0,0,0,0,0,0,0,0,0,0,0,0,0,0,0,0
19510808,MSI Stealth 17 Studio A13VI 4K Mini LED W11 64GB램,0,0,0,"_SSD 1TB_6,489,000|_SSD 2TB_6,779,000|SSD 2TB + SSD 2TB_7,129,000",0,0,0,0,0,0,0,0,0,0,0,0,0,0,0,0
19088267,MSI Stealth 17 Studio A13VI-i9 4K Mini LED W11,0,0,0,"SSD 1TB_4,725,000",0,0,0,0,0,0,0,0,0,0,0,0,0,0,0,0
19088453,MSI Stealth 17 Studio A13VI-i9 4K Mini LED W11 64GB램,0,0,0,"_SSD 1TB_7,449,000|_SSD 2TB_7,679,000",0,0,0,0,0,0,0,0,0,0,0,0,0,0,0,0
122656095,MSI 레이더 16 Max HX B2WI-U9+ QHD+ OLED W11,0,0,0,"_SSD 1TB_5,798,990|_SSD 2TB_6,329,790|SSD 4TB_6,784,160",0,0,0,0,0,0,0,0,0,0,0,0,0,0,0,0
122667436,MSI 레이더 16 Max HX B2WI-U9+ QHD+ OLED W11 64GB램,0,0,0,"_SSD 1TB_6,832,000|_SSD 2TB_7,069,460|",0,0,0,0,0,0,0,0,0,0,0,0,0,0,0,0
51433565,MSI 레이더 18 HX A14VIG-i9 4K Mini LED W11,0,0,0,"SSD 4TB_8,499,000",0,0,0,0,0,0,0,0,0,0,0,0,0,0,0,0
51450884,MSI 레이더 18 HX A14VIG-i9 4K Mini LED W11 64GB램,0,0,0,"_SSD 2TB_8,999,000|_SSD 4TB_9,599,000",0,0,0,0,0,0,0,0,0,0,0,0,0,0,0,0
78234437,MSI 레이더 18 HX AI A2XWIG-U9 UHD+ Mini LED W11,0,0,0,"_SSD 4TB_7,312,000|_SSD 6TB_8,484,920",0,0,0,0,0,0,0,0,0,0,0,0,0,0,0,0
94261238,MSI 레이더 18 HX AI A2XWIG-U9 UHD+ Mini LED W11 벨류,0,0,0,"_SSD 2TB_7,284,670|_SSD 4TB_7,521,000",0,0,0,0,0,0,0,0,0,0,0,0,0,0,0,0
94881539,MSI 레이더 18 HX AI A2XWIG-U9 UHD+ Mini LED W11 벨류 64GB램,0,0,0,"_SSD 2TB_7,267,000|_SSD 4TB_7,653,000",0,0,0,0,0,0,0,0,0,0,0,0,0,0,0,0
78990425,MSI 레이더 18 HX AI A2XWJG-U9 UHD+ Mini LED W11,0,0,0,"_SSD 4TB_8,295,000|_SSD 6TB_8,380,000|SSD 8TB_8,589,000",0,0,0,0,0,0,0,0,0,0,0,0,0,0,0,0
89863295,MSI 레이더 18 HX AI A2XWJG-U9 UHD+ Mini LED W11 96GB램,0,0,0,"_SSD 4TB_9,695,000|_SSD 6TB_10,475,000|SSD 8TB_10,675,000",0,0,0,0,0,0,0,0,0,0,0,0,0,0,0,0
94203236,MSI 레이더 18 HX AI A2XWJG-U9 UHD+ Mini LED W11 벨류,0,0,0,"_SSD 2TB_8,000,000|_SSD 4TB_8,363,000",0,0,0,0,0,0,0,0,0,0,0,0,0,0,0,0
94884536,MSI 레이더 18 HX AI A2XWJG-U9 UHD+ Mini LED W11 벨류 64GB램,0,0,0,"_SSD 2TB_8,110,000|_SSD 4TB_8,476,000",0,0,0,0,0,0,0,0,0,0,0,0,0,0,0,0
122656150,MSI 레이더 18 Max HX A2WI-U9+ UHD+ Mini LED W11,0,0,0,"_SSD 1TB_6,107,240|_SSD 2TB_7,273,740|SSD 4TB_7,587,440",0,0,0,0,0,0,0,0,0,0,0,0,0,0,0,0
122667406,MSI 레이더 18 Max HX A2WI-U9+ UHD+ Mini LED W11 64GB램,0,0,0,"_SSD 1TB_7,691,740|_SSD 2TB_7,785,910|",0,0,0,0,0,0,0,0,0,0,0,0,0,0,0,0
122658886,MSI 레이더 18 Max HX A2WJ-U9+ UHD+ Mini LED W11,0,0,0,"_SSD 2TB_8,718,990|_SSD 4TB_9,410,830",0,0,0,0,0,0,0,0,0,0,0,0,0,0,0,0
61437851,MSI 레이더 A18 HX A7VIG-R9 QHD W11,0,0,0,"SSD 2TB_5,130,000",0,0,0,0,0,0,0,0,0,0,0,0,0,0,0,0
101723504,MSI 레이더 A18 HX A9WHG-R9 QHD+,0,0,0,"_SSD 1TB_4,400,000|_SSD 2TB_4,600,000|SSD 4TB_5,390,000",0,0,0,0,0,0,0,0,0,0,0,0,0,0,0,0
102355805,MSI 레이더 A18 HX A9WHG-R9 QHD+ 32GB램,0,0,0,"_SSD 1TB_4,400,000|_SSD 2TB_4,600,000|SSD 4TB_5,499,000",0,0,0,0,0,0,0,0,0,0,0,0,0,0,0,0
102355868,MSI 레이더 A18 HX A9WHG-R9 QHD+ 64GB램,0,0,0,"_SSD 1TB_4,990,000|_SSD 2TB_5,200,000|SSD 4TB_7,590,000",0,0,0,0,0,0,0,0,0,0,0,0,0,0,0,0
102355742,MSI 레이더 A18 HX A9WHG-R9 QHD+ WIN11,0,0,0,"_SSD 1TB_4,201,000|SSD 2TB_4,324,000|_SSD 4TB_4,800,000",0,0,0,0,0,0,0,0,0,0,0,0,0,0,0,0
102355847,MSI 레이더 A18 HX A9WHG-R9 QHD+ WIN11 32GB램,0,0,0,"_SSD 1TB_4,400,000|SSD 2TB_4,600,000|_SSD 4TB_5,499,000",0,0,0,0,0,0,0,0,0,0,0,0,0,0,0,0
102355880,MSI 레이더 A18 HX A9WHG-R9 QHD+ WIN11 64GB램,0,0,0,"_SSD 1TB_4,990,000|SSD 2TB_6,000,000|_SSD 4TB_5,800,000",0,0,0,0,0,0,0,0,0,0,0,0,0,0,0,0
98409857,MSI 레이더 A18 HX A9WIG-R9 QHD+,0,0,0,"_SSD 1TB_5,500,000|_SSD 2TB_5,654,300|SSD 4TB_6,300,000",0,0,0,0,0,0,0,0,0,0,0,0,0,0,0,0
98483744,MSI 레이더 A18 HX A9WIG-R9 QHD+ 32GB램,0,0,0,"_SSD 1TB_5,600,000|_SSD 2TB_5,599,000|SSD 4TB_5,449,000",0,0,0,0,0,0,0,0,0,0,0,0,0,0,0,0
98483756,MSI 레이더 A18 HX A9WIG-R9 QHD+ 64GB램,0,0,0,"_SSD 1TB_6,399,000|_SSD 2TB_6,599,000|SSD 4TB_6,899,000",0,0,0,0,0,0,0,0,0,0,0,0,0,0,0,0
98483783,MSI 레이더 A18 HX A9WIG-R9 QHD+ WIN11,0,0,0,"_SSD 1TB_5,199,000|SSD 2TB_5,099,000|_SSD 4TB_6,300,000",0,0,0,0,0,0,0,0,0,0,0,0,0,0,0,0
98483789,MSI 레이더 A18 HX A9WIG-R9 QHD+ WIN11 32GB램,0,0,0,"_SSD 1TB_4,999,000|SSD 2TB_5,199,000|_SSD 4TB_5,398,000",0,0,0,0,0,0,0,0,0,0,0,0,0,0,0,0
98483798,MSI 레이더 A18 HX A9WIG-R9 QHD+ WIN11 64GB램,0,0,0,"_SSD 1TB_6,499,000|_SSD 2TB_6,699,000|SSD 4TB_7,049,000",0,0,0,0,0,0,0,0,0,0,0,0,0,0,0,0
78239582,MSI 레이더 A18 HX A9WIG-R9 UHD+ Mini LED W11,0,0,0,"_SSD 2TB_6,990,000|_SSD 4TB_7,211,000|SSD 6TB_7,883,740|SSD 8TB_10,895,860",0,0,0,0,0,0,0,0,0,0,0,0,0,0,0,0
78999269,MSI 레이더 A18 HX A9WJG-R9 UHD+ Mini LED W11,0,0,0,"_SSD 2TB_7,418,990|_SSD 4TB_8,909,900",0,0,0,0,0,0,0,0,0,0,0,0,0,0,0,0
19616072,MSI 모던시리즈 모던 14 C13M-i5,0,0,0,"_SSD 1TB_1,990,000|_SSD 2TB_2,090,000|SSD 512GB_1,890,000",0,0,0,0,0,0,0,0,0,0,0,0,0,0,0,0
19616132,MSI 모던시리즈 모던 14 C13M-i5 WIN11,0,0,0,"_SSD 1TB_2,090,000|SSD 2TB_2,190,000|_SSD 512GB_1,316,160",0,0,0,0,0,0,0,0,0,0,0,0,0,0,0,0
61539917,MSI 모던시리즈 모던 14 C13M-i5 베이지 로즈,0,0,0,"SSD 512GB_2,399,000|_SSD 1TB_2,399,000|_SSD 2TB_2,599,000|SSD 4TB_2,899,000",0,0,0,0,0,0,0,0,0,0,0,0,0,0,0,0
62563739,MSI 모던시리즈 모던 14 C13M-i5 베이지 로즈 WIN11,0,0,0,"_SSD 512GB_1,939,000|_SSD 1TB_2,399,000|SSD 2TB_2,699,000|SSD 4TB_2,999,000",0,0,0,0,0,0,0,0,0,0,0,0,0,0,0,0
19616168,MSI 모던시리즈 모던 14 C13M-i7,0,0,0,"_SSD 1TB_1,790,000|_SSD 2TB_1,080,000|SSD 512GB_1,369,820",0,0,0,0,0,0,0,0,0,0,0,0,0,0,0,0
19616177,MSI 모던시리즈 모던 14 C13M-i7 WIN11,0,0,0,"_SSD 512GB_1,214,390||_SSD 2TB_1,070,000|SSD 4TB_1,999,000",0,0,0,0,0,0,0,0,0,0,0,0,0,0,0,0
19475165,MSI 모던시리즈 모던 14 C7M-R5,0,0,0,"_SSD 512GB_638,900|SSD 1TB_823,430|_SSD 2TB_939,990|SSD 4TB_1,900,000",0,0,0,0,0,0,0,0,0,0,0,0,0,0,0,0
20209412,MSI 모던시리즈 모던 14 C7M-R5 WIN10,0,0,0,"_SSD 1TB_1,178,000|_SSD 512GB_759,000|SSD 2TB_1,448,000",0,0,0,0,0,0,0,0,0,0,0,0,0,0,0,0
19504133,MSI 모던시리즈 모던 14 C7M-R5 WIN11,0,0,0,"_SSD 512GB_658,990|_SSD 1TB_845,050|SSD 2TB_960,680|SSD 4TB_1,990,000",0,0,0,0,0,0,0,0,0,0,0,0,0,0,0,0
29481050,MSI 모던시리즈 모던 14 C7M-R5 매트 블랙,0,0,0,"_SSD 512GB_638,900|_SSD 1TB_782,860|SSD 2TB_940,000|SSD 4TB_1,356,000",0,0,0,0,0,0,0,0,0,0,0,0,0,0,0,0
63465440,MSI 모던시리즈 모던 14 C7M-R5 매트 블랙 WIN10,0,0,0,"_SSD 1TB_1,178,000|_SSD 512GB_759,000|SSD 2TB_1,448,000",0,0,0,0,0,0,0,0,0,0,0,0,0,0,0,0
32040158,MSI 모던시리즈 모던 14 C7M-R5 매트 블랙 WIN11,0,0,0,"_SSD 512GB_628,890|SSD 1TB_845,050|_SSD 2TB_960,670|SSD 4TB_1,500,000",0,0,0,0,0,0,0,0,0,0,0,0,0,0,0,0
21457610,MSI 모던시리즈 모던 14 C7M-R5 어반 실버,0,0,0,"_SSD 1TB_1,078,000|SSD 2TB_1,348,000|_SSD 512GB_659,000",0,0,0,0,0,0,0,0,0,0,0,0,0,0,0,0
21457745,MSI 모던시리즈 모던 14 C7M-R5 어반 실버 WIN10,0,0,0,"_SSD 512GB_759,000|_SSD 1TB_1,178,000|SSD 2TB_1,448,000",0,0,0,0,0,0,0,0,0,0,0,0,0,0,0,0
21457781,MSI 모던시리즈 모던 14 C7M-R5 어반 실버 WIN11,0,0,0,"_SSD 512GB_759,000|_SSD 1TB_1,178,000|SSD 2TB_1,448,000",0,0,0,0,0,0,0,0,0,0,0,0,0,0,0,0
19503917,MSI 모던시리즈 모던 14 C7M-R7,0,0,0,"SSD 1TB_899,000",0,0,0,0,0,0,0,0,0,0,0,0,0,0,0,0
19503959,MSI 모던시리즈 모던 14 C7M-R7 WIN11,0,0,0,"SSD 512GB_1,227,340",0,0,0,0,0,0,0,0,0,0,0,0,0,0,0,0
71156189,MSI 모던시리즈 모던 14 F1MG-C5,0,0,0,"_SSD 512GB_1,248,000|_SSD 1TB_1,280,000||SSD 4TB_1,792,000",0,0,0,0,0,0,0,0,0,0,0,0,0,0,0,0
71500400,MSI 모던시리즈 모던 14 F1MG-C5 16GB램,0,0,0,"_SSD 512GB_1,432,000|_SSD 1TB_1,545,000|SSD 2TB_1,617,000|SSD 4TB_1,828,000",0,0,0,0,0,0,0,0,0,0,0,0,0,0,0,0
71500409,MSI 모던시리즈 모던 14 F1MG-C5 32GB램,0,0,0,"_SSD 512GB_1,643,000|_SSD 1TB_1,698,000|SSD 2TB_1,808,000|SSD 4TB_1,980,000",0,0,0,0,0,0,0,0,0,0,0,0,0,0,0,0
71500418,MSI 모던시리즈 모던 14 F1MG-C5 64GB램,0,0,0,"_SSD 512GB_1,549,000|_SSD 1TB_1,609,000||SSD 4TB_2,081,000",0,0,0,0,0,0,0,0,0,0,0,0,0,0,0,0
71500376,MSI 모던시리즈 모던 14 F1MG-C5 WIN11,0,0,0,"_SSD 512GB_1,298,000||_SSD 2TB_1,490,000|SSD 4TB_1,875,000",0,0,0,0,0,0,0,0,0,0,0,0,0,0,0,0
71500490,MSI 모던시리즈 모던 14 F1MG-C5 WIN11 16GB램,0,0,0,"_SSD 512GB_1,399,000|_SSD 1TB_1,457,000|SSD 2TB_1,547,000|SSD 4TB_1,881,000",0,0,0,0,0,0,0,0,0,0,0,0,0,0,0,0
71500499,MSI 모던시리즈 모던 14 F1MG-C5 WIN11 32GB램,0,0,0,"_SSD 512GB_1,529,000|SSD 1TB_4,990,000|_SSD 2TB_1,197,000|SSD 4TB_1,971,000",0,0,0,0,0,0,0,0,0,0,0,0,0,0,0,0
71500508,MSI 모던시리즈 모던 14 F1MG-C5 WIN11 64GB램,0,0,0,"_SSD 512GB_1,149,000||_SSD 2TB_1,561,000|SSD 4TB_2,890,000",0,0,0,0,0,0,0,0,0,0,0,0,0,0,0,0
32088455,MSI 모던시리즈 모던 14 H D13MG-i9,0,0,0,"_SSD 2TB_1,990,000|_SSD 4TB_2,899,000",0,0,0,0,0,0,0,0,0,0,0,0,0,0,0,0
32088488,MSI 모던시리즈 모던 14 H D13MG-i9 32GB램,0,0,0,"_SSD 1TB_2,285,000|_SSD 2TB_2,890,000|SSD 4TB_3,499,000",0,0,0,0,0,0,0,0,0,0,0,0,0,0,0,0
32088506,MSI 모던시리즈 모던 14 H D13MG-i9 64GB램,0,0,0,"_SSD 1TB_2,790,000|_SSD 4TB_4,490,000",0,0,0,0,0,0,0,0,0,0,0,0,0,0,0,0
32088617,MSI 모던시리즈 모던 14 H D13MG-i9 WIN11,0,0,0,"_SSD 1TB_1,890,000|_SSD 2TB_1,980,000|SSD 4TB_2,490,000",0,0,0,0,0,0,0,0,0,0,0,0,0,0,0,0
32088575,MSI 모던시리즈 모던 14 H D13MG-i9 WIN11 32GB램,0,0,0,"_SSD 1TB_2,790,000|_SSD 2TB_2,990,000|SSD 4TB_3,499,000",0,0,0,0,0,0,0,0,0,0,0,0,0,0,0,0
32088545,MSI 모던시리즈 모던 14 H D13MG-i9 WIN11 64GB램,0,0,0,"_SSD 1TB_3,190,000|SSD 2TB_3,890,000|_SSD 4TB_3,281,280",0,0,0,0,0,0,0,0,0,0,0,0,0,0,0,0
122710637,MSI 모던시리즈 모던 14S AI+ G3MG-U5 OLED,0,0,0,"_SSD 512GB_1,419,000|_SSD 1TB_1,655,000|",0,0,0,0,0,0,0,0,0,0,0,0,0,0,0,0
122720649,MSI 모던시리즈 모던 14S AI+ G3MG-U5 OLED 32GB램,0,0,0,"_SSD 512GB_1,869,350|_SSD 1TB_1,988,910|SSD 2TB_2,128,590",0,0,0,0,0,0,0,0,0,0,0,0,0,0,0,0
122720660,MSI 모던시리즈 모던 14S AI+ G3MG-U5 OLED WIN11,0,0,0,"_SSD 512GB_1,589,380|_SSD 1TB_1,734,440|",0,0,0,0,0,0,0,0,0,0,0,0,0,0,0,0
122720658,MSI 모던시리즈 모던 14S AI+ G3MG-U5 OLED WIN11 32GB램,0,0,0,"_SSD 512GB_1,858,190|_SSD 1TB_2,032,500|",0,0,0,0,0,0,0,0,0,0,0,0,0,0,0,0
122710615,MSI 모던시리즈 모던 14S AI+ G3MG-U7 OLED,0,0,0,"_SSD 512GB_1,519,000|_SSD 1TB_1,739,980|",0,0,0,0,0,0,0,0,0,0,0,0,0,0,0,0
122720746,MSI 모던시리즈 모던 14S AI+ G3MG-U7 OLED 32GB램,0,0,0,"SSD 512GB_1,958,990|_SSD 1TB_2,124,520|_SSD 2TB_2,262,380",0,0,0,0,0,0,0,0,0,0,0,0,0,0,0,0
122720761,MSI 모던시리즈 모던 14S AI+ G3MG-U7 OLED WIN11,0,0,0,"SSD 512GB_1,738,900|_SSD 1TB_1,868,620|_SSD 2TB_2,058,920",0,0,0,0,0,0,0,0,0,0,0,0,0,0,0,0
122720766,MSI 모던시리즈 모던 14S AI+ G3MG-U7 OLED WIN11 32GB램,0,0,0,"SSD 512GB_2,027,140|_SSD 1TB_2,145,990|_SSD 2TB_2,247,040",0,0,0,0,0,0,0,0,0,0,0,0,0,0,0,0
19810517,MSI 모던시리즈 모던 15 B12M-i5,0,0,0,"_SSD 512GB_1,120,000|_SSD 1TB_1,350,000|SSD 2TB_1,990,000",0,0,0,0,0,0,0,0,0,0,0,0,0,0,0,0
28461638,MSI 모던시리즈 모던 15 B12M-i5 16GB램,0,0,0,"_SSD 512GB_1,490,000|_SSD 1TB_1,690,000|SSD 2TB_1,890,000",0,0,0,0,0,0,0,0,0,0,0,0,0,0,0,0
28461620,MSI 모던시리즈 모던 15 B12M-i5 24GB램,0,0,0,"_SSD 512GB_1,790,000|_SSD 1TB_1,890,000|SSD 2TB_2,190,000",0,0,0,0,0,0,0,0,0,0,0,0,0,0,0,0
28461596,MSI 모던시리즈 모던 15 B12M-i5 40GB램,0,0,0,"_SSD 512GB_1,340,000|_SSD 1TB_2,190,000|SSD 2TB_2,490,000",0,0,0,0,0,0,0,0,0,0,0,0,0,0,0,0
19962713,MSI 모던시리즈 모던 15 B12M-i5 WIN11,0,0,0,"_SSD 512GB_1,690,000|_SSD 1TB_1,790,000|SSD 2TB_1,990,000",0,0,0,0,0,0,0,0,0,0,0,0,0,0,0,0
28461512,MSI 모던시리즈 모던 15 B12M-i5 WIN11 16GB램,0,0,0,"_SSD 512GB_1,290,000|_SSD 1TB_1,990,000|SSD 2TB_1,490,000",0,0,0,0,0,0,0,0,0,0,0,0,0,0,0,0
28461554,MSI 모던시리즈 모던 15 B12M-i5 WIN11 40GB램,0,0,0,"_SSD 512GB_1,450,000|_SSD 1TB_1,490,000|SSD 2TB_1,590,000",0,0,0,0,0,0,0,0,0,0,0,0,0,0,0,0
20500643,MSI 모던시리즈 모던 15 B12M-i5 스타 블루,0,0,0,"_SSD 512GB_1,098,000|_SSD 1TB_1,219,000|SSD 2TB_1,364,000",0,0,0,0,0,0,0,0,0,0,0,0,0,0,0,0
20518709,MSI 모던시리즈 모던 15 B12M-i5 스타 블루 WIN11,0,0,0,"_SSD 512GB_1,300,840|_SSD 1TB_1,344,000|SSD 2TB_1,464,000",0,0,0,0,0,0,0,0,0,0,0,0,0,0,0,0
19753682,MSI 모던시리즈 모던 15 B13M-i5,0,0,0,"_SSD 1TB_756,720|_SSD 2TB_936,720",0,0,0,0,0,0,0,0,0,0,0,0,0,0,0,0
19753595,MSI 모던시리즈 모던 15 B13M-i5 WIN11,0,0,0,"_SSD 512GB_751,460|_SSD 1TB_790,410|",0,0,0,0,0,0,0,0,0,0,0,0,0,0,0,0
19604876,MSI 모던시리즈 모던 15 B13M-i7,0,0,0,"_SSD 1TB_1,180,000|_SSD 2TB_1,160,000",0,0,0,0,0,0,0,0,0,0,0,0,0,0,0,0
19604996,MSI 모던시리즈 모던 15 B13M-i7 WIN11,0,0,0,"_SSD 512GB_1,050,000|_SSD 1TB_1,080,000|SSD 2TB_1,379,520",0,0,0,0,0,0,0,0,0,0,0,0,0,0,0,0
19425596,MSI 모던시리즈 모던 15 B7M-R5,0,0,0,"SSD 1TB_1,248,000|_SSD 2TB_1,217,070|_SSD 512GB_899,000",0,0,0,0,0,0,0,0,0,0,0,0,0,0,0,0
19425722,MSI 모던시리즈 모던 15 B7M-R5 WIN11,0,0,0,"_SSD 512GB_1,124,850|_SSD 1TB_1,248,000|SSD 2TB_1,248,000|SSD 4TB_1,250,000",0,0,0,0,0,0,0,0,0,0,0,0,0,0,0,0
68781218,MSI 모던시리즈 모던 15 B7M-R5 매트 블랙,0,0,0,"_SSD 1TB_1,179,000|_SSD 512GB_825,000|SSD 2TB_1,196,000|SSD 4TB_1,179,000",0,0,0,0,0,0,0,0,0,0,0,0,0,0,0,0
65222303,MSI 모던시리즈 모던 15 B7M-R5 매트 블랙 WIN11,0,0,0,"_SSD 512GB_860,000|_SSD 1TB_1,210,000||SSD 4TB_1,140,000",0,0,0,0,0,0,0,0,0,0,0,0,0,0,0,0
74805575,MSI 모던시리즈 모던 15 B7M-R5 포스 W11,0,0,0,"_SSD 512GB_896,000|_SSD 1TB_1,071,000|SSD 2TB_1,045,000|SSD 4TB_1,290,000",0,0,0,0,0,0,0,0,0,0,0,0,0,0,0,0
19355744,MSI 모던시리즈 모던 15 B7M-R7,0,0,0,"SSD 512GB_1,039,000|_SSD 1TB_1,190,000|_SSD 2TB_1,270,000",0,0,0,0,0,0,0,0,0,0,0,0,0,0,0,0
27987560,MSI 모던시리즈 모던 15 B7M-R7 WIN10,0,0,0,"SSD 512GB_1,290,000",0,0,0,0,0,0,0,0,0,0,0,0,0,0,0,0
19403063,MSI 모던시리즈 모던 15 B7M-R7 WIN11,0,0,0,"_SSD 512GB_1,233,220|_SSD 1TB_1,230,000|SSD 2TB_1,270,370",0,0,0,0,0,0,0,0,0,0,0,0,0,0,0,0
71156009,MSI 모던시리즈 모던 15 F1MG-C5,0,0,0,"_SSD 512GB_1,277,000|_SSD 1TB_1,817,000|SSD 2TB_1,927,000|SSD 4TB_2,499,000",0,0,0,0,0,0,0,0,0,0,0,0,0,0,0,0
71500082,MSI 모던시리즈 모던 15 F1MG-C5 16GB램,0,0,0,"_SSD 512GB_1,808,000|_SSD 1TB_1,839,000|SSD 2TB_1,987,000|SSD 4TB_2,599,000",0,0,0,0,0,0,0,0,0,0,0,0,0,0,0,0
71500091,MSI 모던시리즈 모던 15 F1MG-C5 32GB램,0,0,0,"_SSD 512GB_1,887,000|_SSD 1TB_1,958,000|SSD 2TB_2,048,000|SSD 4TB_2,699,000",0,0,0,0,0,0,0,0,0,0,0,0,0,0,0,0
71500100,MSI 모던시리즈 모던 15 F1MG-C5 64GB램,0,0,0,"_SSD 512GB_2,321,000|_SSD 1TB_2,371,000|SSD 2TB_2,471,000|SSD 4TB_2,899,000",0,0,0,0,0,0,0,0,0,0,0,0,0,0,0,0
71500121,MSI 모던시리즈 모던 15 F1MG-C5 WIN11,0,0,0,"_SSD 512GB_1,368,000|_SSD 1TB_1,428,000|SSD 2TB_1,498,000|SSD 4TB_2,999,000",0,0,0,0,0,0,0,0,0,0,0,0,0,0,0,0
71500160,MSI 모던시리즈 모던 15 F1MG-C5 WIN11 16GB램,0,0,0,"_SSD 512GB_1,448,000|_SSD 1TB_1,518,000|SSD 2TB_1,588,000|SSD 4TB_3,099,000",0,0,0,0,0,0,0,0,0,0,0,0,0,0,0,0
71500169,MSI 모던시리즈 모던 15 F1MG-C5 WIN11 32GB램,0,0,0,"_SSD 512GB_1,498,000|_SSD 1TB_1,548,000|SSD 2TB_1,618,000|SSD 4TB_2,699,000",0,0,0,0,0,0,0,0,0,0,0,0,0,0,0,0
71500178,MSI 모던시리즈 모던 15 F1MG-C5 WIN11 64GB램,0,0,0,"_SSD 512GB_2,098,000|_SSD 1TB_2,148,000||SSD 4TB_2,999,000",0,0,0,0,0,0,0,0,0,0,0,0,0,0,0,0
47832938,MSI 모던시리즈 모던 15 H AI C1MG-U5,0,0,0,"_SSD 512GB_1,990,000|_SSD 1TB_1,519,000|SSD 2TB_1,890,000|SSD 4TB_1,869,000",0,0,0,0,0,0,0,0,0,0,0,0,0,0,0,0
48644765,MSI 모던시리즈 모던 15 H AI C1MG-U5 32GB램,0,0,0,"_SSD 512GB_1,890,000|_SSD 1TB_1,990,000|SSD 2TB_2,090,000|SSD 4TB_2,690,000",0,0,0,0,0,0,0,0,0,0,0,0,0,0,0,0
48644855,MSI 모던시리즈 모던 15 H AI C1MG-U5 64GB램,0,0,0,"_SSD 512GB_2,207,040|_SSD 1TB_2,255,040|SSD 2TB_2,418,240|SSD 4TB_2,490,000",0,0,0,0,0,0,0,0,0,0,0,0,0,0,0,0
48644912,MSI 모던시리즈 모던 15 H AI C1MG-U5 WIN11,0,0,0,"_SSD 512GB_1,790,000|_SSD 1TB_1,578,000|SSD 2TB_1,950,000|SSD 4TB_2,290,000",0,0,0,0,0,0,0,0,0,0,0,0,0,0,0,0
48644945,MSI 모던시리즈 모던 15 H AI C1MG-U5 WIN11 32GB램,0,0,0,"_SSD 512GB_1,990,000|_SSD 1TB_1,990,000|SSD 2TB_2,190,000|SSD 4TB_2,390,000",0,0,0,0,0,0,0,0,0,0,0,0,0,0,0,0
48644957,MSI 모던시리즈 모던 15 H AI C1MG-U5 WIN11 64GB램,0,0,0,"_SSD 512GB_2,235,840|_SSD 1TB_2,283,840|SSD 2TB_2,447,040|SSD 4TB_2,660,000",0,0,0,0,0,0,0,0,0,0,0,0,0,0,0,0
48645782,MSI 모던시리즈 모던 15 H AI C1MG-U7 32GB램,0,0,0,"_SSD 512GB_2,190,000|_SSD 1TB_2,390,000|SSD 2TB_2,590,000",0,0,0,0,0,0,0,0,0,0,0,0,0,0,0,0
48645809,MSI 모던시리즈 모던 15 H AI C1MG-U7 64GB램,0,0,0,"_SSD 512GB_2,290,000|_SSD 1TB_3,490,000|SSD 2TB_3,590,000",0,0,0,0,0,0,0,0,0,0,0,0,0,0,0,0
48645854,MSI 모던시리즈 모던 15 H AI C1MG-U7 WIN11,0,0,0,"_SSD 512GB_2,190,000|_SSD 1TB_2,290,000|SSD 2TB_2,490,000",0,0,0,0,0,0,0,0,0,0,0,0,0,0,0,0
48645878,MSI 모던시리즈 모던 15 H AI C1MG-U7 WIN11 32GB램,0,0,0,"_SSD 512GB_2,390,000|_SSD 1TB_2,490,000|SSD 2TB_2,690,000|SSD 4TB_3,099,000",0,0,0,0,0,0,0,0,0,0,0,0,0,0,0,0
48645893,MSI 모던시리즈 모던 15 H AI C1MG-U7 WIN11 64GB램,0,0,0,"_SSD 512GB_2,350,000|_SSD 1TB_2,490,000|SSD 2TB_3,590,000",0,0,0,0,0,0,0,0,0,0,0,0,0,0,0,0
76789676,MSI 모던시리즈 모던 15 H AI C2HMG-U5,0,0,0,"_SSD 512GB_1,190,000|_SSD 1TB_1,390,000|SSD 2TB_1,440,000|SSD 4TB_2,284,000",0,0,0,0,0,0,0,0,0,0,0,0,0,0,0,0
77082107,MSI 모던시리즈 모던 15 H AI C2HMG-U5 16GB램,0,0,0,"_SSD 1TB_1,590,000|_SSD 512GB_1,390,000|SSD 2TB_1,790,000|SSD 4TB_2,000,000",0,0,0,0,0,0,0,0,0,0,0,0,0,0,0,0
77082188,MSI 모던시리즈 모던 15 H AI C2HMG-U5 32GB램,0,0,0,"_SSD 512GB_1,780,000|_SSD 1TB_1,880,000|SSD 2TB_1,978,000|SSD 4TB_2,405,000",0,0,0,0,0,0,0,0,0,0,0,0,0,0,0,0
77082266,MSI 모던시리즈 모던 15 H AI C2HMG-U5 64GB램,0,0,0,"_SSD 512GB_2,300,000|SSD 1TB_2,500,000|_SSD 2TB_2,493,980|SSD 4TB_4,229,000",0,0,0,0,0,0,0,0,0,0,0,0,0,0,0,0
77082083,MSI 모던시리즈 모던 15 H AI C2HMG-U5 WIN11,0,0,0,"_SSD 512GB_1,190,000|_SSD 1TB_1,390,000|SSD 2TB_1,590,000|SSD 4TB_2,000,000",0,0,0,0,0,0,0,0,0,0,0,0,0,0,0,0
77082131,MSI 모던시리즈 모던 15 H AI C2HMG-U5 WIN11 16GB램,0,0,0,"_SSD 512GB_1,390,000|_SSD 1TB_1,590,000|SSD 2TB_1,790,000|SSD 4TB_2,288,000",0,0,0,0,0,0,0,0,0,0,0,0,0,0,0,0
77082227,MSI 모던시리즈 모던 15 H AI C2HMG-U5 WIN11 32GB램,0,0,0,"_SSD 512GB_1,880,000|_SSD 1TB_1,978,000|SSD 2TB_2,058,000|SSD 4TB_2,353,000",0,0,0,0,0,0,0,0,0,0,0,0,0,0,0,0
77082293,MSI 모던시리즈 모던 15 H AI C2HMG-U5 WIN11 64GB램,0,0,0,"_SSD 512GB_2,300,000|_SSD 1TB_2,435,430|SSD 2TB_2,275,000|SSD 4TB_4,250,000",0,0,0,0,0,0,0,0,0,0,0,0,0,0,0,0
76789748,MSI 모던시리즈 모던 15 H AI C2HMG-U7,0,0,0,"SSD 512GB_1,650,000|_SSD 1TB_1,544,190|_SSD 2TB_1,724,540|SSD 4TB_2,500,000",0,0,0,0,0,0,0,0,0,0,0,0,0,0,0,0
77209079,MSI 모던시리즈 모던 15 H AI C2HMG-U7 16GB램,0,0,0,"_SSD 512GB_1,635,280|_SSD 1TB_1,705,370|SSD 2TB_1,904,780|SSD 4TB_2,800,000",0,0,0,0,0,0,0,0,0,0,0,0,0,0,0,0
77209091,MSI 모던시리즈 모던 15 H AI C2HMG-U7 32GB램,0,0,0,"_SSD 1TB_1,962,890|_SSD 512GB_1,801,350|SSD 2TB_2,067,350|SSD 4TB_3,300,000",0,0,0,0,0,0,0,0,0,0,0,0,0,0,0,0
77209097,MSI 모던시리즈 모던 15 H AI C2HMG-U7 64GB램,0,0,0,"_SSD 512GB_2,607,920|_SSD 1TB_2,731,400|SSD 2TB_2,725,000",0,0,0,0,0,0,0,0,0,0,0,0,0,0,0,0
77209175,MSI 모던시리즈 모던 15 H AI C2HMG-U7 WIN11,0,0,0,"_SSD 512GB_1,424,140|_SSD 1TB_1,545,930|SSD 2TB_1,771,900|SSD 4TB_2,500,000",0,0,0,0,0,0,0,0,0,0,0,0,0,0,0,0
77210213,MSI 모던시리즈 모던 15 H AI C2HMG-U7 WIN11 16GB램,0,0,0,"_SSD 512GB_1,614,700|_SSD 1TB_1,719,110|SSD 2TB_1,914,560|SSD 4TB_2,590,000",0,0,0,0,0,0,0,0,0,0,0,0,0,0,0,0
77210264,MSI 모던시리즈 모던 15 H AI C2HMG-U7 WIN11 32GB램,0,0,0,"_SSD 512GB_1,812,230|_SSD 1TB_1,982,090|SSD 2TB_2,088,020|SSD 4TB_3,396,000",0,0,0,0,0,0,0,0,0,0,0,0,0,0,0,0
77210411,MSI 모던시리즈 모던 15 H AI C2HMG-U7 WIN11 64GB램,0,0,0,"SSD 512GB_2,636,530|_SSD 1TB_2,759,940|_SSD 2TB_2,902,410|SSD 4TB_3,990,000",0,0,0,0,0,0,0,0,0,0,0,0,0,0,0,0
52367030,MSI 모던시리즈 모던 15 H B13M-i9,0,0,0,"_SSD 1TB_1,695,000|_SSD 2TB_1,787,000|SSD 4TB_2,498,000",0,0,0,0,0,0,0,0,0,0,0,0,0,0,0,0
54327833,MSI 모던시리즈 모던 15 H B13M-i9 32GB램,0,0,0,"_SSD 1TB_2,390,000|_SSD 2TB_2,590,000|SSD 4TB_3,499,000",0,0,0,0,0,0,0,0,0,0,0,0,0,0,0,0
54327851,MSI 모던시리즈 모던 15 H B13M-i9 64GB램,0,0,0,"_SSD 1TB_2,500,000|_SSD 2TB_2,690,000|SSD 4TB_3,599,000",0,0,0,0,0,0,0,0,0,0,0,0,0,0,0,0
54327740,MSI 모던시리즈 모던 15 H B13M-i9 WIN11,0,0,0,"_SSD 1TB_2,390,000|_SSD 2TB_2,490,000|SSD 4TB_2,999,000",0,0,0,0,0,0,0,0,0,0,0,0,0,0,0,0
54327794,MSI 모던시리즈 모던 15 H B13M-i9 WIN11 32GB램,0,0,0,"_SSD 1TB_2,490,000|_SSD 2TB_2,690,000|SSD 4TB_3,599,000",0,0,0,0,0,0,0,0,0,0,0,0,0,0,0,0
54327809,MSI 모던시리즈 모던 15 H B13M-i9 WIN11 64GB램,0,0,0,"_SSD 1TB_2,590,000|_SSD 2TB_2,790,000|SSD 4TB_3,799,000",0,0,0,0,0,0,0,0,0,0,0,0,0,0,0,0
74481575,MSI 모던시리즈 모던 15 H C13M-i5,0,0,0,"SSD 512GB_979,000|_SSD 1TB_1,149,000|_SSD 2TB_1,359,000|SSD 4TB_1,700,000",0,0,0,0,0,0,0,0,0,0,0,0,0,0,0,0
76160585,MSI 모던시리즈 모던 15 H C13M-i5 16GB램,0,0,0,"SSD 512GB_1,279,000|_SSD 1TB_1,444,910|_SSD 2TB_1,565,120|SSD 4TB_2,111,000",0,0,0,0,0,0,0,0,0,0,0,0,0,0,0,0
76160555,MSI 모던시리즈 모던 15 H C13M-i5 32GB램,0,0,0,"_SSD 512GB_1,570,000|SSD 1TB_1,770,000|_SSD 2TB_1,970,000|SSD 4TB_2,697,000",0,0,0,0,0,0,0,0,0,0,0,0,0,0,0,0
76160528,MSI 모던시리즈 모던 15 H C13M-i5 64GB램,0,0,0,"_SSD 512GB_2,060,000|_SSD 1TB_2,260,000|SSD 2TB_2,460,000|SSD 4TB_2,884,000",0,0,0,0,0,0,0,0,0,0,0,0,0,0,0,0
76328642,MSI 모던시리즈 모던 15 H C13M-i5 WIN11,0,0,0,"_SSD 1TB_1,399,000|_SSD 512GB_1,229,000|SSD 2TB_1,600,000|SSD 4TB_1,990,000",0,0,0,0,0,0,0,0,0,0,0,0,0,0,0,0
76069346,MSI 모던시리즈 모던 15 H C13M-i5 WIN11 16GB램,0,0,0,"_SSD 512GB_1,350,000|_SSD 1TB_1,529,000|SSD 2TB_1,559,000|SSD 4TB_2,155,000",0,0,0,0,0,0,0,0,0,0,0,0,0,0,0,0
76069376,MSI 모던시리즈 모던 15 H C13M-i5 WIN11 32GB램,0,0,0,"_SSD 512GB_1,649,000|_SSD 1TB_1,800,000|SSD 2TB_2,029,000|SSD 4TB_2,700,000",0,0,0,0,0,0,0,0,0,0,0,0,0,0,0,0
76160501,MSI 모던시리즈 모던 15 H C13M-i5 WIN11 64GB램,0,0,0,"_SSD 512GB_2,491,000|_SSD 1TB_2,588,000|SSD 2TB_2,702,000",0,0,0,0,0,0,0,0,0,0,0,0,0,0,0,0
122682258,MSI 모던시리즈 모던 16S AI+ G3MG-U5,0,0,0,"SSD 512GB_999,000|_SSD 1TB_1,038,040|_SSD 2TB_1,222,100",0,0,0,0,0,0,0,0,0,0,0,0,0,0,0,0
122690761,MSI 모던시리즈 모던 16S AI+ G3MG-U5 16GB램,0,0,0,"_SSD 512GB_1,135,720|_SSD 1TB_1,242,120|SSD 2TB_1,412,310",0,0,0,0,0,0,0,0,0,0,0,0,0,0,0,0
122690778,MSI 모던시리즈 모던 16S AI+ G3MG-U5 32GB램,0,0,0,"_SSD 512GB_1,392,400|SSD 1TB_1,499,170|_SSD 2TB_1,667,810",0,0,0,0,0,0,0,0,0,0,0,0,0,0,0,0
122682131,MSI 모던시리즈 모던 16S AI+ G3MG-U5 OLED,0,0,0,"SSD 512GB_1,450,880|_SSD 1TB_1,600,570|_SSD 2TB_1,687,230",0,0,0,0,0,0,0,0,0,0,0,0,0,0,0,0
122690689,MSI 모던시리즈 모던 16S AI+ G3MG-U5 OLED 32GB램,0,0,0,"_SSD 512GB_1,784,680|_SSD 1TB_1,889,080|SSD 2TB_2,054,240",0,0,0,0,0,0,0,0,0,0,0,0,0,0,0,0
122686702,MSI 모던시리즈 모던 16S AI+ G3MG-U5 OLED WIN11,0,0,0,"_SSD 512GB_1,490,640|_SSD 1TB_1,614,800|SSD 2TB_1,752,060|SSD 4TB_2,650,000",0,0,0,0,0,0,0,0,0,0,0,0,0,0,0,0
122686708,MSI 모던시리즈 모던 16S AI+ G3MG-U5 OLED WIN11 32GB램,0,0,0,"_SSD 512GB_1,780,800|_SSD 1TB_1,910,410||",0,0,0,0,0,0,0,0,0,0,0,0,0,0,0,0
122685021,MSI 모던시리즈 모던 16S AI+ G3MG-U5 WIN11,0,0,0,"_SSD 512GB_966,250|_SSD 1TB_1,082,970|SSD 2TB_1,232,320",0,0,0,0,0,0,0,0,0,0,0,0,0,0,0,0
122690716,MSI 모던시리즈 모던 16S AI+ G3MG-U5 WIN11 16GB램,0,0,0,"_SSD 512GB_1,157,010|_SSD 1TB_1,263,430|SSD 2TB_1,432,620|SSD 4TB_2,160,000",0,0,0,0,0,0,0,0,0,0,0,0,0,0,0,0
122690730,MSI 모던시리즈 모던 16S AI+ G3MG-U5 WIN11 32GB램,0,0,0,"_SSD 512GB_1,422,010|_SSD 1TB_1,524,380|SSD 2TB_1,693,940|SSD 4TB_2,603,000",0,0,0,0,0,0,0,0,0,0,0,0,0,0,0,0
123133986,MSI 모던시리즈 모던 16S AI+ G3MG-U7,0,0,0,"_SSD 512GB_1,097,390|_SSD 1TB_1,295,000|SSD 2TB_1,417,210",0,0,0,0,0,0,0,0,0,0,0,0,0,0,0,0
123721456,MSI 모던시리즈 모던 16S AI+ G3MG-U7 16GB램,0,0,0,"SSD 512GB_1,306,090|_SSD 1TB_1,405,780|_SSD 2TB_1,565,400",0,0,0,0,0,0,0,0,0,0,0,0,0,0,0,0
123721459,MSI 모던시리즈 모던 16S AI+ G3MG-U7 32GB램,0,0,0,"_SSD 512GB_1,607,950|_SSD 1TB_1,735,230|SSD 2TB_1,884,470",0,0,0,0,0,0,0,0,0,0,0,0,0,0,0,0
122688005,MSI 모던시리즈 모던 16S AI+ G3MG-U7 OLED,0,0,0,"_SSD 512GB_1,613,760|_SSD 1TB_1,888,630|",0,0,0,0,0,0,0,0,0,0,0,0,0,0,0,0
122699664,MSI 모던시리즈 모던 16S AI+ G3MG-U7 OLED 32GB램,0,0,0,"SSD 512GB_2,058,980|_SSD 1TB_2,202,210|_SSD 2TB_2,321,890",0,0,0,0,0,0,0,0,0,0,0,0,0,0,0,0
122699676,MSI 모던시리즈 모던 16S AI+ G3MG-U7 OLED WIN11,0,0,0,"_SSD 512GB_1,727,330|SSD 1TB_1,909,210|_SSD 2TB_2,005,730",0,0,0,0,0,0,0,0,0,0,0,0,0,0,0,0
122699669,MSI 모던시리즈 모던 16S AI+ G3MG-U7 OLED WIN11 32GB램,0,0,0,"_SSD 512GB_2,087,710|_SSD 1TB_2,217,070|SSD 2TB_2,332,250",0,0,0,0,0,0,0,0,0,0,0,0,0,0,0,0
123721471,MSI 모던시리즈 모던 16S AI+ G3MG-U7 WIN11,0,0,0,"_SSD 512GB_1,136,790|_SSD 1TB_1,277,330|SSD 2TB_1,433,280",0,0,0,0,0,0,0,0,0,0,0,0,0,0,0,0
123721467,MSI 모던시리즈 모던 16S AI+ G3MG-U7 WIN11 16GB램,0,0,0,"_SSD 512GB_1,310,150|_SSD 1TB_1,416,510|SSD 2TB_1,586,580",0,0,0,0,0,0,0,0,0,0,0,0,0,0,0,0
123721464,MSI 모던시리즈 모던 16S AI+ G3MG-U7 WIN11 32GB램,0,0,0,"_SSD 512GB_1,633,070|_SSD 1TB_1,743,670|",0,0,0,0,0,0,0,0,0,0,0,0,0,0,0,0
109598213,MSI 모던시리즈 모던 A15 AI+ F3HMG R5,0,0,0,"_SSD 512GB_898,990|_SSD 1TB_1,048,990|SSD 2TB_1,248,990",0,0,0,0,0,0,0,0,0,0,0,0,0,0,0,0
109598462,MSI 모던시리즈 모던 A15 AI+ F3HMG R5 32GB램,0,0,0,"_SSD 512GB_1,298,990|_SSD 1TB_1,444,730|SSD 2TB_1,648,730",0,0,0,0,0,0,0,0,0,0,0,0,0,0,0,0
109598471,MSI 모던시리즈 모던 A15 AI+ F3HMG R5 WIN11,0,0,0,"_SSD 512GB_998,560|_SSD 1TB_1,148,850|SSD 2TB_1,348,790|SSD 4TB_2,144,230",0,0,0,0,0,0,0,0,0,0,0,0,0,0,0,0
109598489,MSI 모던시리즈 모던 A15 AI+ F3HMG R5 WIN11 32GB램,0,0,0,"_SSD 512GB_1,398,780|_SSD 1TB_1,548,610|SSD 2TB_1,658,790|SSD 4TB_2,482,400",0,0,0,0,0,0,0,0,0,0,0,0,0,0,0,0
14303381,MSI 모던시리즈 모던14 A10M-i5 16GB램,0,0,0,"SSD 256GB_1,090,000",0,0,0,0,0,0,0,0,0,0,0,0,0,0,0,0
14303462,MSI 모던시리즈 모던14 A10M-i5 카본 그레이,0,0,0,"_SSD 500GB_990,000|_SSD 1TB_990,000",0,0,0,0,0,0,0,0,0,0,0,0,0,0,0,0
14303582,MSI 모던시리즈 모던14 A10M-i5 카본 그레이 16GB램,0,0,0,"SSD 256GB_1,090,000",0,0,0,0,0,0,0,0,0,0,0,0,0,0,0,0
14303609,MSI 모던시리즈 모던14 A10M-i5 카본 그레이 WIN10,0,0,0,"SSD 256GB_990,000",0,0,0,0,0,0,0,0,0,0,0,0,0,0,0,0
13549094,MSI 모던시리즈 모던14 B10MW-i5 블루 스톤 WIN10,0,0,0,"_SSD 256GB_990,000|_SSD 500GB_1,090,000|SSD 1TB_1,190,000",0,0,0,0,0,0,0,0,0,0,0,0,0,0,0,0
13549157,MSI 모던시리즈 모던14 B10MW-i5 블루 스톤 WIN10 16GB램,0,0,0,"_SSD 256GB_1,190,000|_SSD 500GB_1,390,000|SSD 1TB_1,290,000",0,0,0,0,0,0,0,0,0,0,0,0,0,0,0,0
13856600,MSI 모던시리즈 모던14 B10MW-i5 카본 그레이 WIN10,0,0,0,"_SSD 256GB_990,000|_SSD 500GB_1,090,000|SSD 1TB_1,190,000",0,0,0,0,0,0,0,0,0,0,0,0,0,0,0,0
13856666,MSI 모던시리즈 모던14 B10MW-i5 카본 그레이 WIN10 16GB램,0,0,0,"_SSD 256GB_1,190,000|SSD 500GB_1,290,000|_SSD 1TB_1,290,000",0,0,0,0,0,0,0,0,0,0,0,0,0,0,0,0
13948667,MSI 모던시리즈 모던14 B4MW-R5 카본 그레이,0,0,0,"_SSD 1TB_1,078,000|_SSD 512GB_644,050|SSD 2TB_1,290,000",0,0,0,0,0,0,0,0,0,0,0,0,0,0,0,0
13948697,MSI 모던시리즈 모던14 B4MW-R5 카본 그레이 16GB램,0,0,0,"_SSD 1TB_1,490,000|_SSD 512GB_1,290,000",0,0,0,0,0,0,0,0,0,0,0,0,0,0,0,0
15340544,MSI 모던시리즈 모던14 B4MW-R5 카본 그레이 WIN10,0,0,0,"SSD 1TB_1,178,000|_SSD 512GB_759,000|_SSD 2TB_1,448,000",0,0,0,0,0,0,0,0,0,0,0,0,0,0,0,0
13949087,MSI 모던시리즈 모던14 B4MW-R5 카본 그레이 WIN10 16GB램,0,0,0,"SSD 1TB_1,590,000",0,0,0,0,0,0,0,0,0,0,0,0,0,0,0,0
13949006,MSI 모던시리즈 모던14 B4MW-R5 카본 그레이 WIN10 32GB램,0,0,0,"_SSD 1TB_1,990,000|_SSD 512GB_1,890,000",0,0,0,0,0,0,0,0,0,0,0,0,0,0,0,0
28366316,MSI 모던시리즈 모던14 B4MW-R5 카본 그레이 WIN11,0,0,0,"_SSD 1TB_1,178,000|_SSD 512GB_759,000|SSD 2TB_1,448,000",0,0,0,0,0,0,0,0,0,0,0,0,0,0,0,0
14477384,MSI 모던시리즈 모던14 B4MW-R7 WIN10,0,0,0,"_SSD 500GB_1,050,000|_SSD 1TB_1,090,000",0,0,0,0,0,0,0,0,0,0,0,0,0,0,0,0
14477423,MSI 모던시리즈 모던14 B4MW-R7 WIN10 16GB램,0,0,0,"SSD 500GB_1,090,000",0,0,0,0,0,0,0,0,0,0,0,0,0,0,0,0
15320066,MSI 모던시리즈 모던14 B5M-R7,0,0,0,"_SSD 1TB_1,590,000|_SSD 512GB_1,390,000",0,0,0,0,0,0,0,0,0,0,0,0,0,0,0,0
15319988,MSI 모던시리즈 모던14 B5M-R7 16GB램,0,0,0,"SSD 512GB_1,450,000",0,0,0,0,0,0,0,0,0,0,0,0,0,0,0,0
16216106,MSI 모던시리즈 모던14 B5M-R7 32GB램,0,0,0,"_SSD 1TB_1,690,000|_SSD 512GB_1,590,000",0,0,0,0,0,0,0,0,0,0,0,0,0,0,0,0
15319955,MSI 모던시리즈 모던14 B5M-R7 WIN10,0,0,0,"SSD 512GB_1,590,000",0,0,0,0,0,0,0,0,0,0,0,0,0,0,0,0
15320135,MSI 모던시리즈 모던14 B5M-R7 WIN10 16GB램,0,0,0,"_SSD 1TB_1,570,000|_SSD 512GB_1,580,000",0,0,0,0,0,0,0,0,0,0,0,0,0,0,0,0
15320153,MSI 모던시리즈 모던14 B5M-R7 WIN10 32GB램,0,0,0,"SSD 1TB_1,890,000",0,0,0,0,0,0,0,0,0,0,0,0,0,0,0,0
17718653,MSI 모던시리즈 모던14 C12M,0,0,0,"_SSD 1TB_1,090,000|_SSD 2TB_1,150,000",0,0,0,0,0,0,0,0,0,0,0,0,0,0,0,0
17709392,MSI 모던시리즈 모던14 C12M WIN11,0,0,0,"_SSD 1TB_1,090,000|_SSD 512GB_989,000|SSD 2TB_1,190,000",0,0,0,0,0,0,0,0,0,0,0,0,0,0,0,0
17972789,MSI 모던시리즈 모던14 C12M-i5,0,0,0,"_SSD 1TB_890,000|_SSD 2TB_990,000|SSD 512GB_1,170,000",0,0,0,0,0,0,0,0,0,0,0,0,0,0,0,0
18992291,MSI 모던시리즈 모던14 C12M-i5 WIN10,0,0,0,"_SSD 512GB_890,000|_SSD 1TB_1,040,000|SSD 2TB_1,289,000",0,0,0,0,0,0,0,0,0,0,0,0,0,0,0,0
17972834,MSI 모던시리즈 모던14 C12M-i5 WIN11,0,0,0,"_SSD 512GB_890,000|_SSD 1TB_890,000|SSD 2TB_990,000",0,0,0,0,0,0,0,0,0,0,0,0,0,0,0,0
20522285,MSI 모던시리즈 모던14 C12M-i5 베이지 로즈,0,0,0,"_SSD 1TB_990,000|_SSD 2TB_790,000|SSD 512GB_849,000",0,0,0,0,0,0,0,0,0,0,0,0,0,0,0,0
20522342,MSI 모던시리즈 모던14 C12M-i5 베이지 로즈 WIN11,0,0,0,"_SSD 1TB_840,000|_SSD 2TB_889,000",0,0,0,0,0,0,0,0,0,0,0,0,0,0,0,0
17932730,MSI 모던시리즈 모던14 C5M-R5,0,0,0,"_SSD 1TB_1,078,000|SSD 2TB_1,348,000|_SSD 512GB_659,000",0,0,0,0,0,0,0,0,0,0,0,0,0,0,0,0
17932802,MSI 모던시리즈 모던14 C5M-R5 WIN10,0,0,0,"_SSD 1TB_1,178,000|_SSD 2TB_1,448,000|SSD 512GB_759,000",0,0,0,0,0,0,0,0,0,0,0,0,0,0,0,0
17932847,MSI 모던시리즈 모던14 C5M-R5 WIN11,0,0,0,"_SSD 1TB_1,178,000|SSD 2TB_1,448,000|_SSD 512GB_759,000",0,0,0,0,0,0,0,0,0,0,0,0,0,0,0,0
17932610,MSI 모던시리즈 모던14 C5M-R7,0,0,0,"_SSD 1TB_899,000|_SSD 2TB_999,000|SSD 512GB_840,000",0,0,0,0,0,0,0,0,0,0,0,0,0,0,0,0
17932667,MSI 모던시리즈 모던14 C5M-R7 WIN10,0,0,0,"_SSD 1TB_1,149,000|_SSD 2TB_1,099,000|SSD 512GB_799,000",0,0,0,0,0,0,0,0,0,0,0,0,0,0,0,0
17932691,MSI 모던시리즈 모던14 C5M-R7 WIN11,0,0,0,"_SSD 1TB_1,049,000|_SSD 2TB_1,099,000|SSD 512GB_999,000",0,0,0,0,0,0,0,0,0,0,0,0,0,0,0,0
21540029,MSI 모던시리즈 모던15 A10M-i5 스페이스 그레이 WIN10,0,0,0,"_SSD 256GB_799,000|_SSD 500GB_819,000|SSD 1TB_869,000",0,0,0,0,0,0,0,0,0,0,0,0,0,0,0,0
21540095,MSI 모던시리즈 모던15 A10M-i5 스페이스 그레이 WIN11,0,0,0,"_SSD 256GB_1,209,000|_SSD 500GB_819,000|SSD 1TB_889,000",0,0,0,0,0,0,0,0,0,0,0,0,0,0,0,0
21538058,MSI 모던시리즈 모던15 A10M-i5 오닉스 블랙 WIN10,0,0,0,"_SSD 256GB_990,000|_SSD 500GB_1,290,000|SSD 1TB_1,490,000",0,0,0,0,0,0,0,0,0,0,0,0,0,0,0,0
21538016,MSI 모던시리즈 모던15 A10M-i5 오닉스 블랙 WIN11,0,0,0,"_SSD 256GB_1,249,000|_SSD 500GB_789,000|SSD 1TB_869,000",0,0,0,0,0,0,0,0,0,0,0,0,0,0,0,0
14247251,MSI 모던시리즈 모던15 A11M-i5 카본 그레이 WIN10 16GB램,0,0,0,"_SSD 512GB_1,090,000|_SSD 1TB_1,190,000",0,0,0,0,0,0,0,0,0,0,0,0,0,0,0,0
14247695,MSI 모던시리즈 모던15 A11M-i5 카본 그레이 WIN10 32GB램,0,0,0,"SSD 2TB_1,590,000",0,0,0,0,0,0,0,0,0,0,0,0,0,0,0,0
15179000,MSI 모던시리즈 모던15 A11MU,0,0,0,"SSD 512GB_1,090,000",0,0,0,0,0,0,0,0,0,0,0,0,0,0,0,0
15765218,MSI 모던시리즈 모던15 A11MU WIN10 16GB램,0,0,0,"SSD 500GB + SSD 512GB_1,490,000",0,0,0,0,0,0,0,0,0,0,0,0,0,0,0,0
18962969,MSI 모던시리즈 모던15 B11M-i5,0,0,0,"_SSD 512GB_790,000|_SSD 1TB_1,260,000|SSD 2TB_1,330,000",0,0,0,0,0,0,0,0,0,0,0,0,0,0,0,0
19277063,MSI 모던시리즈 모던15 B11M-i5 WIN10,0,0,0,"_SSD 512GB_1,159,000|_SSD 1TB_1,199,000|SSD 2TB_1,299,000",0,0,0,0,0,0,0,0,0,0,0,0,0,0,0,0
19081871,MSI 모던시리즈 모던15 B11M-i5 WIN11,0,0,0,"_SSD 512GB_1,290,000|_SSD 1TB_1,440,000|SSD 2TB_1,550,000",0,0,0,0,0,0,0,0,0,0,0,0,0,0,0,0
17971829,MSI 모던시리즈 모던15 B5M-R5 WIN10,0,0,0,"_SSD 512GB_1,299,000|_SSD 2TB_1,599,000",0,0,0,0,0,0,0,0,0,0,0,0,0,0,0,0
17923304,MSI 모던시리즈 모던15 B5M-R7,0,0,0,"_SSD 512GB_860,000|_SSD 1TB_959,000|SSD 2TB_1,079,000",0,0,0,0,0,0,0,0,0,0,0,0,0,0,0,0
17983223,MSI 모던시리즈 모던15 B5M-R7 WIN10,0,0,0,"_SSD 512GB_1,399,000|_SSD 1TB_1,349,000|SSD 2TB_1,399,000",0,0,0,0,0,0,0,0,0,0,0,0,0,0,0,0
17945639,MSI 모던시리즈 모던15 B5M-R7 WIN11,0,0,0,"_SSD 512GB_1,249,000|_SSD 1TB_1,299,000|SSD 2TB_1,349,000",0,0,0,0,0,0,0,0,0,0,0,0,0,0,0,0
31407188,MSI 모던시리즈 모던15 H B13M-i5,0,0,0,"_SSD 512GB_885,000|_SSD 2TB_1,390,000",0,0,0,0,0,0,0,0,0,0,0,0,0,0,0,0
32042639,MSI 모던시리즈 모던15 H B13M-i5 16GB램,0,0,0,"SSD 512GB_928,060",0,0,0,0,0,0,0,0,0,0,0,0,0,0,0,0
68777057,MSI 벡터 16 HX A14VHG-i9 QHD,0,0,0,"_SSD 1TB_5,990,000|_SSD 2TB_5,213,000",0,0,0,0,0,0,0,0,0,0,0,0,0,0,0,0
69054254,MSI 벡터 16 HX A14VHG-i9 QHD 64GB램,0,0,0,"_SSD 1TB_5,214,000|_SSD 2TB_5,356,000",0,0,0,0,0,0,0,0,0,0,0,0,0,0,0,0
69054263,MSI 벡터 16 HX A14VHG-i9 QHD WIN11,0,0,0,"_SSD 1TB_5,190,000|_SSD 2TB_5,290,000",0,0,0,0,0,0,0,0,0,0,0,0,0,0,0,0
69054332,MSI 벡터 16 HX A14VHG-i9 QHD WIN11 64GB램,0,0,0,"_SSD 1TB_5,309,000|_SSD 2TB_5,442,000",0,0,0,0,0,0,0,0,0,0,0,0,0,0,0,0
68776976,MSI 벡터 16 HX A14VIG-i9 QHD W11,0,0,0,"_SSD 1TB_7,990,000|SSD 2TB_6,750,000|_SSD 4TB_6,890,000",0,0,0,0,0,0,0,0,0,0,0,0,0,0,0,0
69556013,MSI 벡터 16 HX A14VIG-i9 QHD W11 64GB램,0,0,0,"_SSD 1TB_6,790,000|_SSD 2TB_6,990,000|SSD 4TB_6,999,000",0,0,0,0,0,0,0,0,0,0,0,0,0,0,0,0
89607152,MSI 벡터 16 HX AI A2XWHG-U7 QHD+,0,0,0,"_SSD 512GB_2,998,000|_SSD 1TB_2,998,000|SSD 2TB_3,083,000|SSD 4TB_3,448,000",0,0,0,0,0,0,0,0,0,0,0,0,0,0,0,0
90154757,MSI 벡터 16 HX AI A2XWHG-U7 QHD+ 32GB램,0,0,0,"_SSD 1TB_3,490,000|SSD 512GB_3,490,000|_SSD 2TB_3,690,000|SSD 4TB_4,500,000",0,0,0,0,0,0,0,0,0,0,0,0,0,0,0,0
90154766,MSI 벡터 16 HX AI A2XWHG-U7 QHD+ 64GB램,0,0,0,"SSD 512GB_4,490,000|_SSD 1TB_4,640,000|_SSD 2TB_4,840,000|SSD 4TB_5,290,000",0,0,0,0,0,0,0,0,0,0,0,0,0,0,0,0
90154805,MSI 벡터 16 HX AI A2XWHG-U7 QHD+ WIN11,0,0,0,"_SSD 512GB_2,749,000|_SSD 1TB_2,812,000|SSD 2TB_2,945,000|SSD 4TB_3,940,000",0,0,0,0,0,0,0,0,0,0,0,0,0,0,0,0
90154835,MSI 벡터 16 HX AI A2XWHG-U7 QHD+ WIN11 32GB램,0,0,0,"_SSD 512GB_3,590,000|_SSD 1TB_3,750,000|SSD 2TB_3,990,000|SSD 4TB_4,190,000",0,0,0,0,0,0,0,0,0,0,0,0,0,0,0,0
90154847,MSI 벡터 16 HX AI A2XWHG-U7 QHD+ WIN11 64GB램,0,0,0,"SSD 512GB_4,490,000|_SSD 1TB_4,690,000|_SSD 2TB_4,890,000|SSD 4TB_5,290,000",0,0,0,0,0,0,0,0,0,0,0,0,0,0,0,0
89607116,MSI 벡터 16 HX AI A2XWHG-U9 QHD+,0,0,0,"_SSD 1TB_4,490,000|_SSD 2TB_3,890,000|SSD 4TB_4,950,000",0,0,0,0,0,0,0,0,0,0,0,0,0,0,0,0
90154622,MSI 벡터 16 HX AI A2XWHG-U9 QHD+ 32GB램,0,0,0,"_SSD 1TB_4,200,000|_SSD 2TB_4,599,000|SSD 4TB_5,200,000",0,0,0,0,0,0,0,0,0,0,0,0,0,0,0,0
90154631,MSI 벡터 16 HX AI A2XWHG-U9 QHD+ 64GB램,0,0,0,"_SSD 1TB_4,950,000|_SSD 2TB_5,150,000|SSD 4TB_4,988,000",0,0,0,0,0,0,0,0,0,0,0,0,0,0,0,0
90154661,MSI 벡터 16 HX AI A2XWHG-U9 QHD+ WIN11,0,0,0,"_SSD 1TB_4,300,000|_SSD 2TB_3,799,000|SSD 4TB_5,000,000",0,0,0,0,0,0,0,0,0,0,0,0,0,0,0,0
90154676,MSI 벡터 16 HX AI A2XWHG-U9 QHD+ WIN11 32GB램,0,0,0,"_SSD 1TB_4,555,210|_SSD 2TB_4,654,000|SSD 4TB_5,150,000",0,0,0,0,0,0,0,0,0,0,0,0,0,0,0,0
90154685,MSI 벡터 16 HX AI A2XWHG-U9 QHD+ WIN11 64GB램,0,0,0,"_SSD 1TB_5,000,000|_SSD 2TB_5,278,000|SSD 4TB_5,565,000",0,0,0,0,0,0,0,0,0,0,0,0,0,0,0,0
79554236,MSI 벡터 16 HX AI A2XWIG-U9 QHD+,0,0,0,"_SSD 1TB_5,800,000|_SSD 2TB_6,000,000|SSD 4TB_6,590,000",0,0,0,0,0,0,0,0,0,0,0,0,0,0,0,0
80570081,MSI 벡터 16 HX AI A2XWIG-U9 QHD+ 32GB램,0,0,0,"_SSD 1TB_5,998,000|_SSD 2TB_6,099,000|SSD 4TB_6,890,000",0,0,0,0,0,0,0,0,0,0,0,0,0,0,0,0
80570087,MSI 벡터 16 HX AI A2XWIG-U9 QHD+ 64GB램,0,0,0,"_SSD 1TB_6,990,000||_SSD 4TB_7,490,000",0,0,0,0,0,0,0,0,0,0,0,0,0,0,0,0
79860104,MSI 벡터 16 HX AI A2XWIG-U9 QHD+ WIN11,0,0,0,"_SSD 1TB_5,736,000|_SSD 2TB_5,766,000|SSD 4TB_6,171,000",0,0,0,0,0,0,0,0,0,0,0,0,0,0,0,0
80570141,MSI 벡터 16 HX AI A2XWIG-U9 QHD+ WIN11 32GB램,0,0,0,"_SSD 1TB_6,037,000|_SSD 2TB_6,200,000|SSD 4TB_6,990,000",0,0,0,0,0,0,0,0,0,0,0,0,0,0,0,0
80570150,MSI 벡터 16 HX AI A2XWIG-U9 QHD+ WIN11 64GB램,0,0,0,"_SSD 1TB_6,990,000|_SSD 2TB_7,090,000|SSD 4TB_7,690,000",0,0,0,0,0,0,0,0,0,0,0,0,0,0,0,0
32067443,MSI 벡터 17 HX A13VHG-i9,0,0,0,"_SSD 1TB_4,400,000|_SSD 2TB_4,790,000",0,0,0,0,0,0,0,0,0,0,0,0,0,0,0,0
32109968,MSI 벡터 17 HX A13VHG-i9 32GB램,0,0,0,"_SSD 1TB_4,690,000|_SSD 2TB_4,890,000",0,0,0,0,0,0,0,0,0,0,0,0,0,0,0,0
32109995,MSI 벡터 17 HX A13VHG-i9 64GB램,0,0,0,"_SSD 1TB_4,990,000|_SSD 2TB_5,090,000",0,0,0,0,0,0,0,0,0,0,0,0,0,0,0,0
42292706,MSI 벡터 17 HX A13VHG-i9 QHD,0,0,0,"_SSD 1TB_4,197,000|_SSD 2TB_4,880,000|SSD 4TB_5,160,000",0,0,0,0,0,0,0,0,0,0,0,0,0,0,0,0
46889363,MSI 벡터 17 HX A13VHG-i9 QHD 32GB램,0,0,0,"_SSD 1TB_5,990,000|_SSD 2TB_6,290,000",0,0,0,0,0,0,0,0,0,0,0,0,0,0,0,0
46889552,MSI 벡터 17 HX A13VHG-i9 QHD 64GB램,0,0,0,"_SSD 1TB_6,790,000|_SSD 2TB_6,890,000|SSD 4TB_6,990,000",0,0,0,0,0,0,0,0,0,0,0,0,0,0,0,0
42858224,MSI 벡터 17 HX A13VHG-i9 QHD WIN11,0,0,0,"_SSD 1TB_5,040,000|_SSD 2TB_5,250,000|SSD 4TB_5,490,000",0,0,0,0,0,0,0,0,0,0,0,0,0,0,0,0
42858242,MSI 벡터 17 HX A13VHG-i9 QHD WIN11 32GB램,0,0,0,"_SSD 1TB_5,160,000|_SSD 2TB_5,350,000",0,0,0,0,0,0,0,0,0,0,0,0,0,0,0,0
42858308,MSI 벡터 17 HX A13VHG-i9 QHD WIN11 64GB램,0,0,0,"_SSD 1TB_5,290,000|_SSD 2TB_5,490,000|SSD 4TB_7,990,000",0,0,0,0,0,0,0,0,0,0,0,0,0,0,0,0
32110049,MSI 벡터 17 HX A13VHG-i9 WIN11,0,0,0,"_SSD 1TB_4,690,000|_SSD 2TB_4,990,000",0,0,0,0,0,0,0,0,0,0,0,0,0,0,0,0
32110034,MSI 벡터 17 HX A13VHG-i9 WIN11 32GB램,0,0,0,"_SSD 2TB_4,460,000|_SSD 4TB_4,600,000",0,0,0,0,0,0,0,0,0,0,0,0,0,0,0,0
32110013,MSI 벡터 17 HX A13VHG-i9 WIN11 64GB램,0,0,0,"_SSD 1TB_4,460,000|_SSD 2TB_4,560,000|SSD 4TB_5,000,000",0,0,0,0,0,0,0,0,0,0,0,0,0,0,0,0
32067710,MSI 벡터 17 HX A14VGG-i9 QHD,0,0,0,"_SSD 1TB_3,839,000|_SSD 2TB_4,039,000|SSD 4TB_4,090,000",0,0,0,0,0,0,0,0,0,0,0,0,0,0,0,0
32316101,MSI 벡터 17 HX A14VGG-i9 QHD 32GB램,0,0,0,"_SSD 1TB_3,989,000|_SSD 2TB_4,090,000|SSD 4TB_5,590,000",0,0,0,0,0,0,0,0,0,0,0,0,0,0,0,0
32321210,MSI 벡터 17 HX A14VGG-i9 QHD 64GB램,0,0,0,"_SSD 1TB_4,090,000|_SSD 2TB_4,290,000|SSD 4TB_4,589,000",0,0,0,0,0,0,0,0,0,0,0,0,0,0,0,0
32325986,MSI 벡터 17 HX A14VGG-i9 QHD WIN11,0,0,0,"_SSD 1TB_3,690,000|_SSD 2TB_3,870,000|SSD 4TB_5,590,000",0,0,0,0,0,0,0,0,0,0,0,0,0,0,0,0
32324825,MSI 벡터 17 HX A14VGG-i9 QHD WIN11 32GB램,0,0,0,"_SSD 1TB_3,890,000|_SSD 2TB_3,940,000|SSD 4TB_4,990,000",0,0,0,0,0,0,0,0,0,0,0,0,0,0,0,0
32323340,MSI 벡터 17 HX A14VGG-i9 QHD WIN11 64GB램,0,0,0,"_SSD 1TB_4,290,000|_SSD 2TB_4,490,000|SSD 4TB_4,990,000",0,0,0,0,0,0,0,0,0,0,0,0,0,0,0,0
32067797,MSI 벡터 17 HX A14VHG-i9 QHD,0,0,0,"_SSD 1TB_4,680,000|_SSD 2TB_4,274,000|SSD 4TB_4,613,000",0,0,0,0,0,0,0,0,0,0,0,0,0,0,0,0
32468582,MSI 벡터 17 HX A14VHG-i9 QHD 32GB램,0,0,0,"_SSD 1TB_4,301,000|_SSD 2TB_4,990,000|SSD 4TB_4,799,000",0,0,0,0,0,0,0,0,0,0,0,0,0,0,0,0
32468597,MSI 벡터 17 HX A14VHG-i9 QHD 64GB램,0,0,0,"_SSD 1TB_5,990,000|_SSD 2TB_6,290,000|SSD 4TB_6,990,000",0,0,0,0,0,0,0,0,0,0,0,0,0,0,0,0
32468663,MSI 벡터 17 HX A14VHG-i9 QHD WIN11,0,0,0,"_SSD 1TB_4,890,000|_SSD 2TB_4,660,000|SSD 4TB_4,759,000",0,0,0,0,0,0,0,0,0,0,0,0,0,0,0,0
32468639,MSI 벡터 17 HX A14VHG-i9 QHD WIN11 32GB램,0,0,0,"_SSD 1TB_4,429,000|_SSD 2TB_4,529,000|SSD 4TB_4,799,000",0,0,0,0,0,0,0,0,0,0,0,0,0,0,0,0
32468618,MSI 벡터 17 HX A14VHG-i9 QHD WIN11 64GB램,0,0,0,"_SSD 1TB_6,190,000|_SSD 2TB_6,290,000|SSD 4TB_6,490,000",0,0,0,0,0,0,0,0,0,0,0,0,0,0,0,0
90438254,MSI 벡터 17 HX AI A2XWHG-U9 QHD+ W11,0,0,0,"_SSD 1TB_4,500,000|_SSD 2TB_4,290,000|SSD 4TB_4,490,000",0,0,0,0,0,0,0,0,0,0,0,0,0,0,0,0
91038533,MSI 벡터 17 HX AI A2XWHG-U9 QHD+ W11 64GB램,0,0,0,"_SSD 1TB_4,885,000|_SSD 2TB_5,290,000|SSD 4TB_5,187,000",0,0,0,0,0,0,0,0,0,0,0,0,0,0,0,0
91347488,MSI 벡터 17 HX AI A2XWJG-U9 QHD+ W11,0,0,0,"_SSD 2TB_7,800,000|_SSD 4TB_8,265,600",0,0,0,0,0,0,0,0,0,0,0,0,0,0,0,0
92107445,MSI 벡터 17 HX AI A2XWJG-U9 QHD+ W11 96GB램,0,0,0,"_SSD 2TB_8,199,000|_SSD 4TB_8,899,000",0,0,0,0,0,0,0,0,0,0,0,0,0,0,0,0
94203689,MSI 벡터 18 HX AI A2XWIG-U9 QHD+,0,0,0,"_SSD 2TB_7,601,000|_SSD 4TB_5,717,000",0,0,0,0,0,0,0,0,0,0,0,0,0,0,0,0
94522508,MSI 벡터 18 HX AI A2XWIG-U9 QHD+ 64GB램,0,0,0,"_SSD 2TB_6,190,000|_SSD 4TB_9,290,000",0,0,0,0,0,0,0,0,0,0,0,0,0,0,0,0
94522541,MSI 벡터 18 HX AI A2XWIG-U9 QHD+ WIN11,0,0,0,"_SSD 2TB_6,673,000|_SSD 4TB_8,575,000",0,0,0,0,0,0,0,0,0,0,0,0,0,0,0,0
94522583,MSI 벡터 18 HX AI A2XWIG-U9 QHD+ WIN11 64GB램,0,0,0,"_SSD 2TB_8,100,000|_SSD 4TB_6,490,000",0,0,0,0,0,0,0,0,0,0,0,0,0,0,0,0
96313925,MSI 벡터 A16 HX A8WHG-R7 QHD+,0,0,0,"_SSD 512GB_2,795,480|_SSD 1TB_2,889,000||",0,0,0,0,0,0,0,0,0,0,0,0,0,0,0,0
96650426,MSI 벡터 A16 HX A8WHG-R7 QHD+ 32GB램,0,0,0,"SSD 512GB_3,119,000|_SSD 1TB_3,259,000|_SSD 2TB_3,389,000|SSD 4TB_4,300,000",0,0,0,0,0,0,0,0,0,0,0,0,0,0,0,0
96650471,MSI 벡터 A16 HX A8WHG-R7 QHD+ 64GB램,0,0,0,"_SSD 512GB_4,100,000|SSD 1TB_4,307,850|_SSD 2TB_4,375,050|SSD 4TB_4,855,050",0,0,0,0,0,0,0,0,0,0,0,0,0,0,0,0
96649631,MSI 벡터 A16 HX A8WHG-R7 QHD+ WIN11,0,0,0,"_SSD 512GB_2,759,000|_SSD 1TB_2,899,000|SSD 2TB_3,029,000|SSD 4TB_3,534,000",0,0,0,0,0,0,0,0,0,0,0,0,0,0,0,0
96649664,MSI 벡터 A16 HX A8WHG-R7 QHD+ WIN11 32GB램,0,0,0,"_SSD 512GB_3,129,000|_SSD 1TB_3,279,000|SSD 2TB_3,429,000|SSD 4TB_4,285,440",0,0,0,0,0,0,0,0,0,0,0,0,0,0,0,0
96649655,MSI 벡터 A16 HX A8WHG-R7 QHD+ WIN11 64GB램,0,0,0,"_SSD 512GB_4,000,000|SSD 1TB_4,249,920|_SSD 2TB_4,345,920|SSD 4TB_4,801,920",0,0,0,0,0,0,0,0,0,0,0,0,0,0,0,0
96478994,MSI 벡터 A16 HX A8WHG-R9 QHD+,0,0,0,"_SSD 2TB_3,329,000|_SSD 4TB_3,799,000",0,0,0,0,0,0,0,0,0,0,0,0,0,0,0,0
96479027,MSI 벡터 A16 HX A8WHG-R9 QHD+ 32GB램,0,0,0,"_SSD 1TB_3,478,000|_SSD 2TB_3,639,000|SSD 4TB_4,800,000",0,0,0,0,0,0,0,0,0,0,0,0,0,0,0,0
96479033,MSI 벡터 A16 HX A8WHG-R9 QHD+ 64GB램,0,0,0,"_SSD 1TB_4,300,000|_SSD 2TB_4,500,000|SSD 4TB_5,500,000",0,0,0,0,0,0,0,0,0,0,0,0,0,0,0,0
96479006,MSI 벡터 A16 HX A8WHG-R9 QHD+ WIN11,0,0,0,"_SSD 1TB_3,179,000|_SSD 2TB_3,439,000|SSD 4TB_3,858,000",0,0,0,0,0,0,0,0,0,0,0,0,0,0,0,0
96479081,MSI 벡터 A16 HX A8WHG-R9 QHD+ WIN11 32GB램,0,0,0,"_SSD 1TB_3,249,000|_SSD 2TB_3,499,000|SSD 4TB_4,850,000",0,0,0,0,0,0,0,0,0,0,0,0,0,0,0,0
96479093,MSI 벡터 A16 HX A8WHG-R9 QHD+ WIN11 64GB램,0,0,0,"_SSD 1TB_4,500,000|_SSD 2TB_4,700,000|SSD 4TB_5,500,000",0,0,0,0,0,0,0,0,0,0,0,0,0,0,0,0
96313751,MSI 벡터 A16 HX A8WIG-R9 QHD+,0,0,0,"_SSD 1TB_4,298,000|_SSD 2TB_4,631,000|SSD 4TB_4,869,000",0,0,0,0,0,0,0,0,0,0,0,0,0,0,0,0
96423305,MSI 벡터 A16 HX A8WIG-R9 QHD+ 32GB램,0,0,0,"_SSD 1TB_4,641,000|_SSD 2TB_4,726,000|SSD 4TB_4,964,000",0,0,0,0,0,0,0,0,0,0,0,0,0,0,0,0
96423314,MSI 벡터 A16 HX A8WIG-R9 QHD+ 64GB램,0,0,0,"_SSD 1TB_5,350,000|_SSD 2TB_5,500,000|SSD 4TB_6,100,000",0,0,0,0,0,0,0,0,0,0,0,0,0,0,0,0
96423335,MSI 벡터 A16 HX A8WIG-R9 QHD+ WIN11,0,0,0,"_SSD 1TB_4,500,000|_SSD 2TB_4,660,000|SSD 4TB_4,888,000",0,0,0,0,0,0,0,0,0,0,0,0,0,0,0,0
96423359,MSI 벡터 A16 HX A8WIG-R9 QHD+ WIN11 32GB램,0,0,0,"_SSD 1TB_4,660,000|_SSD 2TB_4,745,000|SSD 4TB_4,983,000",0,0,0,0,0,0,0,0,0,0,0,0,0,0,0,0
96423368,MSI 벡터 A16 HX A8WIG-R9 QHD+ WIN11 64GB램,0,0,0,"_SSD 1TB_5,400,000|_SSD 2TB_5,500,000|SSD 4TB_6,100,000",0,0,0,0,0,0,0,0,0,0,0,0,0,0,0,0
90500798,MSI 벡터 A18 HX A9WHG-R9 QHD+,0,0,0,"_SSD 1TB_4,147,000|_SSD 2TB_4,600,000|SSD 4TB_4,862,000",0,0,0,0,0,0,0,0,0,0,0,0,0,0,0,0
90574607,MSI 벡터 A18 HX A9WHG-R9 QHD+ 64GB램,0,0,0,"SSD 1TB_4,990,000|_SSD 2TB_5,200,000|_SSD 4TB_6,000,000",0,0,0,0,0,0,0,0,0,0,0,0,0,0,0,0
90574652,MSI 벡터 A18 HX A9WHG-R9 QHD+ WIN11,0,0,0,"_SSD 1TB_4,400,000|SSD 2TB_4,600,000|_SSD 4TB_4,413,000",0,0,0,0,0,0,0,0,0,0,0,0,0,0,0,0
90574670,MSI 벡터 A18 HX A9WHG-R9 QHD+ WIN11 64GB램,0,0,0,"SSD 1TB_4,990,000|_SSD 2TB_7,497,000|_SSD 4TB_5,800,000",0,0,0,0,0,0,0,0,0,0,0,0,0,0,0,0
90436427,MSI 벡터 A18 HX A9WIG-R9 QHD+,0,0,0,"SSD 2TB_5,547,000",0,0,0,0,0,0,0,0,0,0,0,0,0,0,0,0
90579134,MSI 벡터 A18 HX A9WIG-R9 QHD+ 64GB램,0,0,0,"_SSD 2TB_6,550,000|_SSD 4TB_6,890,000|SSD 6TB_7,470,000",0,0,0,0,0,0,0,0,0,0,0,0,0,0,0,0
90579161,MSI 벡터 A18 HX A9WIG-R9 QHD+ WIN11 64GB램,0,0,0,"_SSD 2TB_6,570,000|_SSD 4TB_6,890,000|SSD 6TB_7,610,000",0,0,0,0,0,0,0,0,0,0,0,0,0,0,0,0
79792340,MSI 벤처 A16 AI+ A3HMG-R7 2K OLED,0,0,0,"SSD 512GB_2,290,000|_SSD 1TB_1,795,000|_SSD 2TB_1,750,000|SSD 4TB_2,170,000",0,0,0,0,0,0,0,0,0,0,0,0,0,0,0,0
82472744,MSI 벤처 A16 AI+ A3HMG-R7 2K OLED 32GB램,0,0,0,"_SSD 512GB_2,698,790|_SSD 1TB_2,788,790|SSD 2TB_2,878,790|SSD 4TB_3,245,000",0,0,0,0,0,0,0,0,0,0,0,0,0,0,0,0
82472759,MSI 벤처 A16 AI+ A3HMG-R7 2K OLED 64GB램,0,0,0,"SSD 512GB_2,868,790|_SSD 1TB_2,998,750|_SSD 2TB_3,088,750|SSD 4TB_3,850,000",0,0,0,0,0,0,0,0,0,0,0,0,0,0,0,0
82472714,MSI 벤처 A16 AI+ A3HMG-R7 2K OLED WIN11,0,0,0,"_SSD 512GB_1,745,000|_SSD 1TB_1,847,000|SSD 2TB_1,925,000|SSD 4TB_2,132,000",0,0,0,0,0,0,0,0,0,0,0,0,0,0,0,0
82472927,MSI 벤처 A16 AI+ A3HMG-R7 2K OLED WIN11 32GB램,0,0,0,"_SSD 512GB_2,693,190|_SSD 1TB_2,783,190|SSD 2TB_2,873,190|SSD 4TB_3,255,000",0,0,0,0,0,0,0,0,0,0,0,0,0,0,0,0
82472939,MSI 벤처 A16 AI+ A3HMG-R7 2K OLED WIN11 64GB램,0,0,0,"SSD 512GB_2,920,840|_SSD 1TB_3,010,840|_SSD 2TB_3,100,840|SSD 4TB_3,926,990",0,0,0,0,0,0,0,0,0,0,0,0,0,0,0,0
108420380,MSI 벤처 프로 16 A2RWEG-C7 2K OLED,0,0,0,"_SSD 1TB_1,719,520|_SSD 2TB_1,996,520|SSD 4TB_2,528,080",0,0,0,0,0,0,0,0,0,0,0,0,0,0,0,0
122626799,MSI 벤처 프로 16 A2RWEG-C7 2K OLED 32GB램,0,0,0,"_SSD 1TB_2,186,400|SSD 2TB_2,365,940|_SSD 4TB_2,881,540",0,0,0,0,0,0,0,0,0,0,0,0,0,0,0,0
122626806,MSI 벤처 프로 16 A2RWEG-C7 2K OLED 64GB램,0,0,0,"_SSD 1TB_2,862,260|SSD 2TB_3,041,800|_SSD 4TB_3,519,070",0,0,0,0,0,0,0,0,0,0,0,0,0,0,0,0
122626771,MSI 벤처 프로 16 A2RWEG-C7 2K OLED WIN11,0,0,0,"_SSD 1TB_1,869,650|_SSD 2TB_2,017,230|SSD 4TB_2,550,050",0,0,0,0,0,0,0,0,0,0,0,0,0,0,0,0
122626778,MSI 벤처 프로 16 A2RWEG-C7 2K OLED WIN11 32GB램,0,0,0,"_SSD 1TB_2,207,110|_SSD 2TB_2,386,650|SSD 4TB_2,928,270",0,0,0,0,0,0,0,0,0,0,0,0,0,0,0,0
122626781,MSI 벤처 프로 16 A2RWEG-C7 2K OLED WIN11 64GB램,0,0,0,"_SSD 1TB_2,882,970|SSD 2TB_3,062,510|_SSD 4TB_3,545,080",0,0,0,0,0,0,0,0,0,0,0,0,0,0,0,0
78307247,MSI 벤처 프로 16 AI A1VEG-U7 2K OLED,0,0,0,"_SSD 1TB_2,477,000|_SSD 2TB_2,589,000|SSD 4TB_2,939,000",0,0,0,0,0,0,0,0,0,0,0,0,0,0,0,0
78980243,MSI 벤처 프로 16 AI A1VEG-U7 2K OLED 32GB램,0,0,0,"_SSD 1TB_3,090,000|_SSD 2TB_2,796,000|SSD 4TB_3,028,000",0,0,0,0,0,0,0,0,0,0,0,0,0,0,0,0
78980264,MSI 벤처 프로 16 AI A1VEG-U7 2K OLED 64GB램,0,0,0,"_SSD 1TB_4,950,000|_SSD 2TB_5,060,000|SSD 4TB_4,350,000",0,0,0,0,0,0,0,0,0,0,0,0,0,0,0,0
78988229,MSI 벤처 프로 16 AI A1VEG-U7 2K OLED WIN11,0,0,0,"_SSD 1TB_2,608,000|_SSD 2TB_2,719,000|SSD 4TB_2,956,000",0,0,0,0,0,0,0,0,0,0,0,0,0,0,0,0
78988244,MSI 벤처 프로 16 AI A1VEG-U7 2K OLED WIN11 32GB램,0,0,0,"_SSD 1TB_2,689,000|_SSD 2TB_3,490,000|SSD 4TB_3,049,000",0,0,0,0,0,0,0,0,0,0,0,0,0,0,0,0
78988250,MSI 벤처 프로 16 AI A1VEG-U7 2K OLED WIN11 64GB램,0,0,0,"_SSD 1TB_3,990,000|_SSD 2TB_2,918,000|SSD 4TB_4,650,000",0,0,0,0,0,0,0,0,0,0,0,0,0,0,0,0
122690718,MSI 벤처 프로 A16 AI+ A3HWEG-R9 2K OLED,0,0,0,"_SSD 1TB_3,059,580||_SSD 512GB_2,719,000",0,0,0,0,0,0,0,0,0,0,0,0,0,0,0,0
122667307,MSI 벤처 프로 A16 AI+ A3HWEG-R9 2K OLED WIN11,0,0,0,"_SSD 512GB_2,973,980|_SSD 1TB_3,111,080||",0,0,0,0,0,0,0,0,0,0,0,0,0,0,0,0
122667311,MSI 벤처 프로 A16 AI+ A3HWEG-R9 2K OLED WIN11 32GB램,0,0,0,"_SSD 512GB_3,365,980|_SSD 1TB_3,503,970||",0,0,0,0,0,0,0,0,0,0,0,0,0,0,0,0
122667320,MSI 벤처 프로 A16 AI+ A3HWEG-R9 2K OLED WIN11 64GB램,0,0,0,"_SSD 512GB_3,970,320|_SSD 1TB_4,114,060||",0,0,0,0,0,0,0,0,0,0,0,0,0,0,0,0
17922905,MSI 브라보 15 B5ED-R5,0,0,0,"_SSD 512GB_1,590,000|_SSD 1TB_1,640,000|SSD 2TB_1,770,000",0,0,0,0,0,0,0,0,0,0,0,0,0,0,0,0
17984960,MSI 브라보 15 B5ED-R5 16GB램,0,0,0,"_SSD 1TB_1,690,000|_SSD 2TB_1,790,000",0,0,0,0,0,0,0,0,0,0,0,0,0,0,0,0
17985005,MSI 브라보 15 B5ED-R5 32GB램,0,0,0,"_SSD 1TB_2,290,000|_SSD 2TB_2,490,000",0,0,0,0,0,0,0,0,0,0,0,0,0,0,0,0
17985089,MSI 브라보 15 B5ED-R5 WIN11 16GB램,0,0,0,"SSD 2TB_1,990,000",0,0,0,0,0,0,0,0,0,0,0,0,0,0,0,0
17985125,MSI 브라보 15 B5ED-R5 WIN11 32GB램,0,0,0,"SSD 2TB_2,490,000",0,0,0,0,0,0,0,0,0,0,0,0,0,0,0,0
17985179,MSI 브라보 15 B5ED-R7,0,0,0,"SSD 1TB_1,990,000",0,0,0,0,0,0,0,0,0,0,0,0,0,0,0,0
17985242,MSI 브라보 15 B5ED-R7 32GB램,0,0,0,"SSD 1TB_2,090,000",0,0,0,0,0,0,0,0,0,0,0,0,0,0,0,0
27626000,MSI 브라보 15 C7VFKP-R9,0,0,0,"_SSD 512GB_2,090,000|_SSD 1TB_2,117,000|SSD 2TB_2,188,000",0,0,0,0,0,0,0,0,0,0,0,0,0,0,0,0
27634265,MSI 브라보 15 C7VFKP-R9 16GB램,0,0,0,"_SSD 512GB_2,088,000|_SSD 1TB_2,158,000|SSD 2TB_2,237,000",0,0,0,0,0,0,0,0,0,0,0,0,0,0,0,0
27634325,MSI 브라보 15 C7VFKP-R9 32GB램,0,0,0,"_SSD 512GB_2,652,000|_SSD 1TB_2,749,000|SSD 2TB_2,319,000",0,0,0,0,0,0,0,0,0,0,0,0,0,0,0,0
27634343,MSI 브라보 15 C7VFKP-R9 64GB램,0,0,0,"_SSD 512GB_3,849,000|_SSD 1TB_3,849,000|SSD 2TB_3,919,000",0,0,0,0,0,0,0,0,0,0,0,0,0,0,0,0
27634550,MSI 브라보 15 C7VFKP-R9 WIN11,0,0,0,"_SSD 512GB_2,139,000|_SSD 1TB_2,209,000|SSD 2TB_2,289,000",0,0,0,0,0,0,0,0,0,0,0,0,0,0,0,0
27634412,MSI 브라보 15 C7VFKP-R9 WIN11 16GB램,0,0,0,"_SSD 512GB_2,159,000|_SSD 1TB_2,209,000|SSD 2TB_2,289,000",0,0,0,0,0,0,0,0,0,0,0,0,0,0,0,0
27634385,MSI 브라보 15 C7VFKP-R9 WIN11 32GB램,0,0,0,"_SSD 512GB_2,749,000|_SSD 1TB_2,829,000|SSD 2TB_2,889,000",0,0,0,0,0,0,0,0,0,0,0,0,0,0,0,0
27634367,MSI 브라보 15 C7VFKP-R9 WIN11 64GB램,0,0,0,"_SSD 512GB_3,899,000|_SSD 1TB_3,949,000|SSD 2TB_3,989,000",0,0,0,0,0,0,0,0,0,0,0,0,0,0,0,0
20440796,MSI 브라보 17 C7VF,0,0,0,"_SSD 512GB_1,980,000|SSD 1TB_1,970,000|_SSD 2TB_2,030,000|SSD 512GB + SSD 512GB_2,090,000",0,0,0,0,0,0,0,0,0,0,0,0,0,0,0,0
20470121,MSI 브라보 17 C7VF 16GB램,0,0,0,"_SSD 512GB_1,890,000|_SSD 1TB_1,950,000|SSD 2TB_2,010,000|SSD 512GB + SSD 512GB_2,090,000",0,0,0,0,0,0,0,0,0,0,0,0,0,0,0,0
20470088,MSI 브라보 17 C7VF 32GB램,0,0,0,"_SSD 512GB_2,490,000|_SSD 1TB_2,530,000|SSD 2TB_2,590,000",0,0,0,0,0,0,0,0,0,0,0,0,0,0,0,0
20469968,MSI 브라보 17 C7VF 64GB램,0,0,0,"_SSD 512GB_3,099,000|_SSD 1TB_3,170,000|SSD 2TB_3,230,000",0,0,0,0,0,0,0,0,0,0,0,0,0,0,0,0
20469764,MSI 브라보 17 C7VF WIN11,0,0,0,"_SSD 512GB_1,890,000|_SSD 1TB_1,980,000|SSD 2TB_2,040,000|SSD 512GB + SSD 512GB_2,490,000",0,0,0,0,0,0,0,0,0,0,0,0,0,0,0,0
20469818,MSI 브라보 17 C7VF WIN11 16GB램,0,0,0,"_SSD 512GB_2,000,000|_SSD 1TB_1,960,000|SSD 2TB_2,020,000|SSD 512GB + SSD 512GB_2,490,000",0,0,0,0,0,0,0,0,0,0,0,0,0,0,0,0
20469881,MSI 브라보 17 C7VF WIN11 32GB램,0,0,0,"_SSD 512GB_2,490,000|_SSD 1TB_2,530,000|SSD 2TB_2,590,000",0,0,0,0,0,0,0,0,0,0,0,0,0,0,0,0
20469899,MSI 브라보 17 C7VF WIN11 64GB램,0,0,0,"_SSD 512GB_3,090,000|_SSD 1TB_3,120,000|SSD 2TB_3,240,000",0,0,0,0,0,0,0,0,0,0,0,0,0,0,0,0
22089878,MSI 브라보 17 C7VF 프로,0,0,0,"_SSD 512GB_1,950,000|_SSD 1TB_1,990,000|SSD 2TB_2,050,000|SSD 500GB + SSD 512GB_2,050,000",0,0,0,0,0,0,0,0,0,0,0,0,0,0,0,0
24132158,MSI 브라보 17 C7VF 프로 32GB램,0,0,0,"_SSD 512GB_2,520,000|SSD 1TB_2,630,000|_SSD 2TB_2,690,000",0,0,0,0,0,0,0,0,0,0,0,0,0,0,0,0
24132203,MSI 브라보 17 C7VF 프로 64GB램,0,0,0,"_SSD 512GB_3,130,000|_SSD 1TB_3,190,000|SSD 2TB_3,250,000|SSD 4TB_3,420,000",0,0,0,0,0,0,0,0,0,0,0,0,0,0,0,0
24132218,MSI 브라보 17 C7VF 프로 WIN11,0,0,0,"_SSD 512GB_1,970,000|_SSD 1TB_2,020,000|SSD 2TB_2,150,000|SSD 500GB + SSD 512GB_2,690,000",0,0,0,0,0,0,0,0,0,0,0,0,0,0,0,0
24132170,MSI 브라보 17 C7VF 프로 WIN11 32GB램,0,0,0,"_SSD 512GB_2,520,000|_SSD 1TB_2,590,000|SSD 2TB_2,590,000",0,0,0,0,0,0,0,0,0,0,0,0,0,0,0,0
24132191,MSI 브라보 17 C7VF 프로 WIN11 64GB램,0,0,0,"_SSD 512GB_3,190,000|_SSD 1TB_3,210,000|SSD 2TB_3,290,000|SSD 4TB_3,380,000",0,0,0,0,0,0,0,0,0,0,0,0,0,0,0,0
27626213,MSI 브라보 17 C7VFKP-R9,0,0,0,"_SSD 512GB_2,095,000|_SSD 1TB_2,490,000|SSD 2TB_2,590,000",0,0,0,0,0,0,0,0,0,0,0,0,0,0,0,0
27626783,MSI 브라보 17 C7VFKP-R9 32GB램,0,0,0,"_SSD 512GB_2,990,000|_SSD 1TB_2,990,000|SSD 2TB_3,090,000",0,0,0,0,0,0,0,0,0,0,0,0,0,0,0,0
27626807,MSI 브라보 17 C7VFKP-R9 64GB램,0,0,0,"_SSD 512GB_3,690,000|_SSD 1TB_3,790,000|SSD 2TB_4,190,000",0,0,0,0,0,0,0,0,0,0,0,0,0,0,0,0
27626969,MSI 브라보 17 C7VFKP-R9 WIN11,0,0,0,"_SSD 512GB_2,190,000|_SSD 1TB_2,230,000|SSD 2TB_2,590,000",0,0,0,0,0,0,0,0,0,0,0,0,0,0,0,0
27626876,MSI 브라보 17 C7VFKP-R9 WIN11 32GB램,0,0,0,"_SSD 512GB_3,190,000|_SSD 1TB_3,490,000|SSD 2TB_3,490,000",0,0,0,0,0,0,0,0,0,0,0,0,0,0,0,0
27626852,MSI 브라보 17 C7VFKP-R9 WIN11 64GB램,0,0,0,"_SSD 512GB_3,990,000|_SSD 1TB_4,790,000|SSD 2TB_4,990,000",0,0,0,0,0,0,0,0,0,0,0,0,0,0,0,0
47324363,MSI 사이보그 14 A13VE,0,0,0,"_SSD 512GB_1,990,000|_SSD 1TB_2,326,000|SSD 2TB_2,407,000",0,0,0,0,0,0,0,0,0,0,0,0,0,0,0,0
47832065,MSI 사이보그 14 A13VE 16GB램,0,0,0,"_SSD 512GB_2,292,000|_SSD 1TB_2,347,000|SSD 2TB_2,417,000|SSD 4TB_2,299,000",0,0,0,0,0,0,0,0,0,0,0,0,0,0,0,0
47832134,MSI 사이보그 14 A13VE 32GB램,0,0,0,"_SSD 512GB_3,347,000|_SSD 1TB_3,427,000|SSD 2TB_3,517,000|SSD 4TB_2,399,000",0,0,0,0,0,0,0,0,0,0,0,0,0,0,0,0
47832242,MSI 사이보그 14 A13VE 64GB램,0,0,0,"_SSD 512GB_3,517,000|_SSD 1TB_3,567,000|SSD 2TB_3,627,000|SSD 4TB_2,599,000",0,0,0,0,0,0,0,0,0,0,0,0,0,0,0,0
47831528,MSI 사이보그 14 A13VE WIN11,0,0,0,"_SSD 512GB_2,296,000|_SSD 1TB_2,377,000|SSD 2TB_2,437,000|SSD 4TB_2,299,000",0,0,0,0,0,0,0,0,0,0,0,0,0,0,0,0
47832074,MSI 사이보그 14 A13VE WIN11 16GB램,0,0,0,"_SSD 512GB_3,990,000|_SSD 1TB_3,990,000|SSD 2TB_2,437,000|SSD 4TB_2,299,000",0,0,0,0,0,0,0,0,0,0,0,0,0,0,0,0
47832143,MSI 사이보그 14 A13VE WIN11 32GB램,0,0,0,"_SSD 512GB_5,590,000|_SSD 1TB_5,690,000|SSD 2TB_3,537,000|SSD 4TB_2,499,000",0,0,0,0,0,0,0,0,0,0,0,0,0,0,0,0
47832254,MSI 사이보그 14 A13VE WIN11 64GB램,0,0,0,"_SSD 512GB_6,390,000|_SSD 1TB_6,490,000|SSD 2TB_4,490,000|SSD 4TB_2,699,000",0,0,0,0,0,0,0,0,0,0,0,0,0,0,0,0
48478598,MSI 사이보그 14 A13VF,0,0,0,"_SSD 1TB_1,740,000|_SSD 2TB_1,890,000|SSD 4TB_2,599,000",0,0,0,0,0,0,0,0,0,0,0,0,0,0,0,0
48478811,MSI 사이보그 14 A13VF 32GB램,0,0,0,"_SSD 2TB_2,150,000|_SSD 4TB_2,990,000",0,0,0,0,0,0,0,0,0,0,0,0,0,0,0,0
48479090,MSI 사이보그 14 A13VF 64GB램,0,0,0,"_SSD 512GB_3,160,000|SSD 1TB_3,210,000|_SSD 2TB_2,360,000|SSD 4TB_2,999,000",0,0,0,0,0,0,0,0,0,0,0,0,0,0,0,0
48478688,MSI 사이보그 14 A13VF WIN11,0,0,0,"SSD 512GB_1,990,000|_SSD 1TB_1,690,000|_SSD 2TB_1,890,000|SSD 4TB_2,639,000",0,0,0,0,0,0,0,0,0,0,0,0,0,0,0,0
48478778,MSI 사이보그 14 A13VF WIN11 16GB램,0,0,0,"_SSD 512GB_3,490,000|_SSD 1TB_3,490,000|SSD 2TB_2,490,000|SSD 4TB_2,699,000",0,0,0,0,0,0,0,0,0,0,0,0,0,0,0,0
48479054,MSI 사이보그 14 A13VF WIN11 32GB램,0,0,0,"_SSD 512GB_4,090,000|_SSD 1TB_4,190,000|SSD 4TB_2,990,000",0,0,0,0,0,0,0,0,0,0,0,0,0,0,0,0
48479123,MSI 사이보그 14 A13VF WIN11 64GB램,0,0,0,"_SSD 512GB_4,790,000|_SSD 1TB_4,990,000|SSD 2TB_2,390,000|SSD 4TB_3,490,000",0,0,0,0,0,0,0,0,0,0,0,0,0,0,0,0
19355213,MSI 사이보그 15 A12VE,0,0,0,"SSD 512GB_1,490,000",0,0,0,0,0,0,0,0,0,0,0,0,0,0,0,0
19518731,MSI 사이보그 15 A12VE-i5,0,0,0,"_SSD 1TB_2,203,140|_SSD 2TB_2,272,130",0,0,0,0,0,0,0,0,0,0,0,0,0,0,0,0
19518785,MSI 사이보그 15 A12VE-i5 16GB램,0,0,0,"_SSD 512GB_2,177,860|_SSD 1TB_2,216,270|SSD 2TB_2,285,360",0,0,0,0,0,0,0,0,0,0,0,0,0,0,0,0
19518812,MSI 사이보그 15 A12VE-i5 32GB램,0,0,0,"_SSD 512GB_2,287,520|_SSD 1TB_2,325,840|SSD 2TB_2,394,930",0,0,0,0,0,0,0,0,0,0,0,0,0,0,0,0
19424753,MSI 사이보그 15 A12VF 32GB램,0,0,0,"_SSD 2TB_2,490,000|_SSD 4TB_2,999,000",0,0,0,0,0,0,0,0,0,0,0,0,0,0,0,0
19424678,MSI 사이보그 15 A12VF WIN11 64GB램,0,0,0,"_SSD 512GB_2,590,000|_SSD 1TB_2,650,000|SSD 2TB_2,750,000|SSD 4TB_3,299,000",0,0,0,0,0,0,0,0,0,0,0,0,0,0,0,0
70152434,MSI 사이보그 15 A13VE-i5,0,0,0,"SSD 512GB_1,990,000|_SSD 1TB_2,010,240|_SSD 2TB_1,991,000|SSD 4TB_3,199,000",0,0,0,0,0,0,0,0,0,0,0,0,0,0,0,0
71779790,MSI 사이보그 15 A13VE-i5 16GB램,0,0,0,"_SSD 512GB_1,407,820|_SSD 1TB_1,516,660|SSD 2TB_1,678,000|SSD 4TB_3,299,000",0,0,0,0,0,0,0,0,0,0,0,0,0,0,0,0
71779799,MSI 사이보그 15 A13VE-i5 32GB램,0,0,0,"_SSD 512GB_1,617,000|_SSD 1TB_1,657,000|SSD 2TB_1,975,970|SSD 4TB_3,399,000",0,0,0,0,0,0,0,0,0,0,0,0,0,0,0,0
71779808,MSI 사이보그 15 A13VE-i5 64GB램,0,0,0,"SSD 512GB_2,514,240|_SSD 1TB_2,430,930|_SSD 2TB_2,605,080|SSD 4TB_4,090,000",0,0,0,0,0,0,0,0,0,0,0,0,0,0,0,0
71779757,MSI 사이보그 15 A13VE-i5 WIN11,0,0,0,"_SSD 512GB_1,559,900|_SSD 1TB_1,678,000|SSD 2TB_1,778,000|SSD 4TB_2,699,000",0,0,0,0,0,0,0,0,0,0,0,0,0,0,0,0
71780135,MSI 사이보그 15 A13VE-i5 WIN11 16GB램,0,0,0,"_SSD 512GB_1,429,580|_SSD 1TB_1,538,430|SSD 2TB_1,591,000|SSD 4TB_2,799,000",0,0,0,0,0,0,0,0,0,0,0,0,0,0,0,0
71780144,MSI 사이보그 15 A13VE-i5 WIN11 32GB램,0,0,0,"_SSD 512GB_1,632,000|_SSD 1TB_1,778,000|SSD 2TB_1,878,000|SSD 4TB_2,899,000",0,0,0,0,0,0,0,0,0,0,0,0,0,0,0,0
71780153,MSI 사이보그 15 A13VE-i5 WIN11 64GB램,0,0,0,"SSD 512GB_2,340,000|_SSD 1TB_2,449,960|_SSD 2TB_2,590,000|SSD 4TB_3,099,000",0,0,0,0,0,0,0,0,0,0,0,0,0,0,0,0
70152746,MSI 사이보그 15 A13VF,0,0,0,"_SSD 512GB_2,646,000|_SSD 1TB_2,470,000|SSD 2TB_2,297,000|SSD 4TB_2,498,000",0,0,0,0,0,0,0,0,0,0,0,0,0,0,0,0
71779604,MSI 사이보그 15 A13VF 16GB램,0,0,0,"_SSD 512GB_5,290,000|SSD 1TB_5,313,910|_SSD 2TB_2,210,000|SSD 4TB_3,499,000",0,0,0,0,0,0,0,0,0,0,0,0,0,0,0,0
71779613,MSI 사이보그 15 A13VF 32GB램,0,0,0,"_SSD 512GB_2,410,000|_SSD 1TB_2,550,000|SSD 2TB_2,530,000|SSD 4TB_3,599,000",0,0,0,0,0,0,0,0,0,0,0,0,0,0,0,0
71779628,MSI 사이보그 15 A13VF 64GB램,0,0,0,"SSD 512GB_2,990,000|_SSD 1TB_4,890,000|_SSD 2TB_5,090,000|SSD 4TB_3,799,000",0,0,0,0,0,0,0,0,0,0,0,0,0,0,0,0
71779583,MSI 사이보그 15 A13VF WIN11,0,0,0,"_SSD 512GB_2,090,000|_SSD 1TB_2,190,000|SSD 2TB_2,290,000|SSD 4TB_2,199,000",0,0,0,0,0,0,0,0,0,0,0,0,0,0,0,0
71779694,MSI 사이보그 15 A13VF WIN11 16GB램,0,0,0,"_SSD 512GB_2,300,000|SSD 1TB_5,313,870|_SSD 2TB_2,390,000|SSD 4TB_2,950,000",0,0,0,0,0,0,0,0,0,0,0,0,0,0,0,0
71779703,MSI 사이보그 15 A13VF WIN11 32GB램,0,0,0,"_SSD 512GB_2,890,000|_SSD 1TB_3,090,000|SSD 2TB_2,890,000|SSD 4TB_2,990,000",0,0,0,0,0,0,0,0,0,0,0,0,0,0,0,0
71779712,MSI 사이보그 15 A13VF WIN11 64GB램,0,0,0,"SSD 512GB_3,490,000|_SSD 1TB_4,690,000|_SSD 2TB_4,890,000|SSD 4TB_3,290,000",0,0,0,0,0,0,0,0,0,0,0,0,0,0,0,0
32069531,MSI 사이보그 15 AI A1VEK,0,0,0,"SSD 512GB_1,490,000|_SSD 1TB_1,330,320|_SSD 2TB_1,516,130|SSD 4TB_3,550,000",0,0,0,0,0,0,0,0,0,0,0,0,0,0,0,0
32104226,MSI 사이보그 15 AI A1VEK 16GB램,0,0,0,"_SSD 512GB_1,398,990|_SSD 1TB_1,464,830|SSD 2TB_1,635,670|SSD 4TB_2,990,000",0,0,0,0,0,0,0,0,0,0,0,0,0,0,0,0
32104256,MSI 사이보그 15 AI A1VEK 32GB램,0,0,0,"SSD 512GB_1,737,680|_SSD 1TB_1,815,770|_SSD 2TB_2,018,990|SSD 4TB_3,490,000",0,0,0,0,0,0,0,0,0,0,0,0,0,0,0,0
32104274,MSI 사이보그 15 AI A1VEK 64GB램,0,0,0,"_SSD 512GB_2,402,400|_SSD 1TB_2,445,010|SSD 2TB_2,685,390|SSD 4TB_3,790,000",0,0,0,0,0,0,0,0,0,0,0,0,0,0,0,0
32104358,MSI 사이보그 15 AI A1VEK WIN11,0,0,0,"_SSD 512GB_1,218,990|_SSD 1TB_1,343,490|SSD 2TB_1,538,090|SSD 4TB_2,290,000",0,0,0,0,0,0,0,0,0,0,0,0,0,0,0,0
32104331,MSI 사이보그 15 AI A1VEK WIN11 16GB램,0,0,0,"_SSD 512GB_1,395,090|_SSD 1TB_1,495,650|SSD 2TB_1,694,200|SSD 4TB_2,990,000",0,0,0,0,0,0,0,0,0,0,0,0,0,0,0,0
32104313,MSI 사이보그 15 AI A1VEK WIN11 32GB램,0,0,0,"_SSD 512GB_1,735,490|_SSD 1TB_1,844,910|SSD 2TB_2,038,990|SSD 4TB_3,590,000",0,0,0,0,0,0,0,0,0,0,0,0,0,0,0,0
32104298,MSI 사이보그 15 AI A1VEK WIN11 64GB램,0,0,0,"_SSD 512GB_2,424,170|SSD 1TB_2,533,010|_SSD 2TB_2,629,050|SSD 4TB_3,490,000",0,0,0,0,0,0,0,0,0,0,0,0,0,0,0,0
32066777,MSI 사이보그 15 AI A1VEK-U5,0,0,0,"_SSD 512GB_1,199,000|SSD 1TB_1,308,990|_SSD 2TB_1,506,010|SSD 4TB_2,490,000",0,0,0,0,0,0,0,0,0,0,0,0,0,0,0,0
32350832,MSI 사이보그 15 AI A1VEK-U5 16GB램,0,0,0,"_SSD 512GB_1,398,990|_SSD 1TB_1,508,990|SSD 2TB_1,678,990|SSD 4TB_1,990,000",0,0,0,0,0,0,0,0,0,0,0,0,0,0,0,0
32357816,MSI 사이보그 15 AI A1VEK-U5 32GB램,0,0,0,"SSD 512GB_1,679,280|_SSD 1TB_1,788,120|_SSD 2TB_1,962,270|SSD 4TB_2,490,000",0,0,0,0,0,0,0,0,0,0,0,0,0,0,0,0
32364545,MSI 사이보그 15 AI A1VEK-U5 64GB램,0,0,0,"_SSD 512GB_2,310,570|_SSD 1TB_2,419,410|SSD 2TB_2,593,560|SSD 4TB_3,290,000",0,0,0,0,0,0,0,0,0,0,0,0,0,0,0,0
32376950,MSI 사이보그 15 AI A1VEK-U5 WIN11,0,0,0,"_SSD 512GB_1,242,190|_SSD 1TB_1,352,070|SSD 2TB_1,527,970|SSD 4TB_1,990,000",0,0,0,0,0,0,0,0,0,0,0,0,0,0,0,0
32373836,MSI 사이보그 15 AI A1VEK-U5 WIN11 16GB램,0,0,0,"_SSD 512GB_1,439,830|_SSD 1TB_1,548,670|SSD 2TB_1,722,820|SSD 4TB_2,290,000",0,0,0,0,0,0,0,0,0,0,0,0,0,0,0,0
32371907,MSI 사이보그 15 AI A1VEK-U5 WIN11 32GB램,0,0,0,"_SSD 512GB_1,701,050|_SSD 1TB_1,809,890|SSD 2TB_1,984,040|SSD 4TB_2,990,000",0,0,0,0,0,0,0,0,0,0,0,0,0,0,0,0
32366354,MSI 사이보그 15 AI A1VEK-U5 WIN11 64GB램,0,0,0,"SSD 512GB_2,332,340|_SSD 1TB_2,441,180|_SSD 2TB_2,615,330|SSD 4TB_3,090,000",0,0,0,0,0,0,0,0,0,0,0,0,0,0,0,0
32066963,MSI 사이보그 15 AI A1VFK,0,0,0,"_SSD 512GB_3,190,000|_SSD 1TB_3,290,000|SSD 2TB_3,390,000|SSD 4TB_3,590,000",0,0,0,0,0,0,0,0,0,0,0,0,0,0,0,0
32108552,MSI 사이보그 15 AI A1VFK 16GB램,0,0,0,"_SSD 512GB_3,490,000|SSD 1TB_3,590,000|_SSD 2TB_3,690,000|SSD 4TB_2,790,000",0,0,0,0,0,0,0,0,0,0,0,0,0,0,0,0
32109551,MSI 사이보그 15 AI A1VFK 32GB램,0,0,0,"_SSD 512GB_5,390,000|_SSD 1TB_5,490,000|SSD 2TB_5,590,000|SSD 4TB_2,990,000",0,0,0,0,0,0,0,0,0,0,0,0,0,0,0,0
32109590,MSI 사이보그 15 AI A1VFK 64GB램,0,0,0,"_SSD 512GB_4,590,000|_SSD 1TB_4,690,000|SSD 2TB_4,790,000|SSD 4TB_3,890,000",0,0,0,0,0,0,0,0,0,0,0,0,0,0,0,0
32109752,MSI 사이보그 15 AI A1VFK WIN11,0,0,0,"_SSD 512GB_5,190,000|_SSD 1TB_5,190,000|SSD 2TB_5,190,000|SSD 4TB_2,890,000",0,0,0,0,0,0,0,0,0,0,0,0,0,0,0,0
32109719,MSI 사이보그 15 AI A1VFK WIN11 16GB램,0,0,0,"_SSD 512GB_3,590,000|_SSD 1TB_3,690,000|SSD 2TB_5,290,000|SSD 4TB_2,790,000",0,0,0,0,0,0,0,0,0,0,0,0,0,0,0,0
32109671,MSI 사이보그 15 AI A1VFK WIN11 32GB램,0,0,0,"_SSD 512GB_4,190,000|_SSD 1TB_4,290,000|SSD 2TB_5,690,000|SSD 4TB_4,590,000",0,0,0,0,0,0,0,0,0,0,0,0,0,0,0,0
32109638,MSI 사이보그 15 AI A1VFK WIN11 64GB램,0,0,0,"_SSD 512GB_4,690,000|_SSD 1TB_4,790,000|SSD 2TB_4,890,000|SSD 4TB_5,090,000",0,0,0,0,0,0,0,0,0,0,0,0,0,0,0,0
32066897,MSI 사이보그 15 AI A1VFK-U5,0,0,0,"SSD 512GB_2,840,000|_SSD 1TB_5,190,000|_SSD 2TB_5,190,000",0,0,0,0,0,0,0,0,0,0,0,0,0,0,0,0
32126864,MSI 사이보그 15 AI A1VFK-U5 16GB램,0,0,0,"_SSD 512GB_5,190,000|_SSD 1TB_5,190,000|SSD 2TB_5,190,000",0,0,0,0,0,0,0,0,0,0,0,0,0,0,0,0
32126879,MSI 사이보그 15 AI A1VFK-U5 32GB램,0,0,0,"_SSD 512GB_5,190,000|_SSD 1TB_5,190,000|SSD 2TB_5,190,000",0,0,0,0,0,0,0,0,0,0,0,0,0,0,0,0
32126894,MSI 사이보그 15 AI A1VFK-U5 64GB램,0,0,0,"_SSD 512GB_5,190,000|SSD 1TB_5,190,000|_SSD 2TB_5,190,000",0,0,0,0,0,0,0,0,0,0,0,0,0,0,0,0
32126963,MSI 사이보그 15 AI A1VFK-U5 WIN11,0,0,0,"_SSD 512GB_5,190,000|SSD 1TB_5,190,000|_SSD 2TB_5,190,000",0,0,0,0,0,0,0,0,0,0,0,0,0,0,0,0
32126945,MSI 사이보그 15 AI A1VFK-U5 WIN11 16GB램,0,0,0,"_SSD 512GB_5,190,000|_SSD 1TB_5,190,000|SSD 2TB_5,190,000",0,0,0,0,0,0,0,0,0,0,0,0,0,0,0,0
32126927,MSI 사이보그 15 AI A1VFK-U5 WIN11 32GB램,0,0,0,"_SSD 512GB_5,190,000|_SSD 1TB_5,190,000|SSD 2TB_5,190,000",0,0,0,0,0,0,0,0,0,0,0,0,0,0,0,0
32126903,MSI 사이보그 15 AI A1VFK-U5 WIN11 64GB램,0,0,0,"SSD 512GB_5,190,000|_SSD 1TB_5,190,000|_SSD 2TB_5,190,000",0,0,0,0,0,0,0,0,0,0,0,0,0,0,0,0
108692906,MSI 사이보그 15 B13WEKG-i5,0,0,0,"_SSD 512GB_1,569,000|_SSD 1TB_1,758,690|SSD 2TB_1,908,280",0,0,0,0,0,0,0,0,0,0,0,0,0,0,0,0
109680671,MSI 사이보그 15 B13WEKG-i5 32GB램,0,0,0,"SSD 512GB_1,949,220|_SSD 1TB_2,114,830|_SSD 2TB_2,236,250",0,0,0,0,0,0,0,0,0,0,0,0,0,0,0,0
122627145,MSI 사이보그 15 B13WEKG-i5 64GB램,0,0,0,"_SSD 512GB_2,703,430|_SSD 1TB_2,840,670|SSD 2TB_2,957,230",0,0,0,0,0,0,0,0,0,0,0,0,0,0,0,0
109680686,MSI 사이보그 15 B13WEKG-i5 WIN11,0,0,0,"_SSD 512GB_1,676,110|_SSD 1TB_1,832,250|SSD 2TB_1,940,430",0,0,0,0,0,0,0,0,0,0,0,0,0,0,0,0
122627166,MSI 사이보그 15 B13WEKG-i5 WIN11 32GB램,0,0,0,"_SSD 512GB_2,012,680|_SSD 1TB_2,102,320|SSD 2TB_2,259,750",0,0,0,0,0,0,0,0,0,0,0,0,0,0,0,0
122627177,MSI 사이보그 15 B13WEKG-i5 WIN11 64GB램,0,0,0,"_SSD 512GB_2,672,410|_SSD 1TB_2,809,650|SSD 2TB_2,925,270",0,0,0,0,0,0,0,0,0,0,0,0,0,0,0,0
106708919,MSI 사이보그 15 B13WEKG-i7,0,0,0,"_SSD 512GB_1,669,000|_SSD 1TB_1,858,970|SSD 2TB_1,982,990|SSD 4TB_2,643,380",0,0,0,0,0,0,0,0,0,0,0,0,0,0,0,0
108219572,MSI 사이보그 15 B13WEKG-i7 32GB램,0,0,0,"_SSD 512GB_2,035,960|_SSD 1TB_2,252,560|SSD 2TB_2,415,960|SSD 4TB_3,099,290",0,0,0,0,0,0,0,0,0,0,0,0,0,0,0,0
108219608,MSI 사이보그 15 B13WEKG-i7 64GB램,0,0,0,"SSD 512GB_2,785,580|_SSD 1TB_2,924,330|_SSD 2TB_2,992,400|SSD 4TB_3,766,360",0,0,0,0,0,0,0,0,0,0,0,0,0,0,0,0
106763138,MSI 사이보그 15 B13WEKG-i7 WIN11,0,0,0,"_SSD 512GB_1,664,430|_SSD 1TB_1,842,660|SSD 2TB_1,948,280|SSD 4TB_2,848,000",0,0,0,0,0,0,0,0,0,0,0,0,0,0,0,0
106763213,MSI 사이보그 15 B13WEKG-i7 WIN11 32GB램,0,0,0,"_SSD 512GB_1,994,420|_SSD 1TB_2,230,160|SSD 2TB_2,365,780|SSD 4TB_3,228,000",0,0,0,0,0,0,0,0,0,0,0,0,0,0,0,0
106763222,MSI 사이보그 15 B13WEKG-i7 WIN11 64GB램,0,0,0,"_SSD 512GB_2,760,580|SSD 1TB_2,874,620|_SSD 2TB_2,998,500|SSD 4TB_3,859,430",0,0,0,0,0,0,0,0,0,0,0,0,0,0,0,0
94204634,MSI 사이보그 15 B2RWEKG-C5,0,0,0,"SSD 512GB_1,769,650|_SSD 1TB_1,320,150|_SSD 2TB_1,492,600|SSD 4TB_2,176,090",0,0,0,0,0,0,0,0,0,0,0,0,0,0,0,0
94635200,MSI 사이보그 15 B2RWEKG-C5 16GB램,0,0,0,"_SSD 1TB_1,503,440|_SSD 512GB_1,387,450|SSD 2TB_1,669,860|SSD 4TB_2,334,010",0,0,0,0,0,0,0,0,0,0,0,0,0,0,0,0
94635224,MSI 사이보그 15 B2RWEKG-C5 32GB램,0,0,0,"_SSD 1TB_1,788,120|SSD 512GB_1,679,280|_SSD 2TB_1,962,270|SSD 4TB_2,672,410",0,0,0,0,0,0,0,0,0,0,0,0,0,0,0,0
94635272,MSI 사이보그 15 B2RWEKG-C5 64GB램,0,0,0,"_SSD 1TB_2,419,410|SSD 512GB_2,310,570|_SSD 2TB_2,593,560|SSD 4TB_3,305,970",0,0,0,0,0,0,0,0,0,0,0,0,0,0,0,0
94690670,MSI 사이보그 15 B2RWEKG-C5 WIN11,0,0,0,"_SSD 1TB_1,341,920|_SSD 512GB_1,228,340|SSD 2TB_1,499,090|SSD 4TB_2,196,770",0,0,0,0,0,0,0,0,0,0,0,0,0,0,0,0
94690697,MSI 사이보그 15 B2RWEKG-C5 WIN11 16GB램,0,0,0,"_SSD 512GB_1,353,720|_SSD 1TB_1,514,600|SSD 2TB_1,699,350|SSD 4TB_2,299,990",0,0,0,0,0,0,0,0,0,0,0,0,0,0,0,0
94690739,MSI 사이보그 15 B2RWEKG-C5 WIN11 32GB램,0,0,0,"_SSD 512GB_1,700,000|_SSD 1TB_1,809,890|SSD 2TB_1,973,000|SSD 4TB_2,693,090",0,0,0,0,0,0,0,0,0,0,0,0,0,0,0,0
94690796,MSI 사이보그 15 B2RWEKG-C5 WIN11 64GB램,0,0,0,"_SSD 512GB_2,321,180|_SSD 1TB_2,440,460|SSD 2TB_2,587,700|SSD 4TB_3,326,650",0,0,0,0,0,0,0,0,0,0,0,0,0,0,0,0
94262492,MSI 사이보그 15 B2RWEKG-C7,0,0,0,"_SSD 1TB_1,516,590|_SSD 512GB_1,387,010|SSD 2TB_1,660,560|SSD 4TB_2,500,000",0,0,0,0,0,0,0,0,0,0,0,0,0,0,0,0
94262456,MSI 사이보그 15 B2RWEKG-C7 16GB램,0,0,0,"_SSD 512GB_1,507,700|SSD 1TB_1,667,680|_SSD 2TB_1,757,520|SSD 4TB_2,650,000",0,0,0,0,0,0,0,0,0,0,0,0,0,0,0,0
94262540,MSI 사이보그 15 B2RWEKG-C7 32GB램,0,0,0,"_SSD 512GB_1,969,850|_SSD 1TB_2,048,630|SSD 2TB_2,228,260|SSD 4TB_3,019,000",0,0,0,0,0,0,0,0,0,0,0,0,0,0,0,0
94262549,MSI 사이보그 15 B2RWEKG-C7 64GB램,0,0,0,"_SSD 512GB_2,636,650|_SSD 1TB_2,757,930|SSD 2TB_2,923,640|SSD 4TB_3,698,990",0,0,0,0,0,0,0,0,0,0,0,0,0,0,0,0
94262507,MSI 사이보그 15 B2RWEKG-C7 WIN11,0,0,0,"SSD 512GB_1,367,090|_SSD 1TB_1,545,390|_SSD 2TB_1,629,870|SSD 4TB_2,587,000",0,0,0,0,0,0,0,0,0,0,0,0,0,0,0,0
94262675,MSI 사이보그 15 B2RWEKG-C7 WIN11 16GB램,0,0,0,"_SSD 512GB_1,518,160|_SSD 1TB_1,655,460|SSD 2TB_1,702,300|SSD 4TB_2,597,000",0,0,0,0,0,0,0,0,0,0,0,0,0,0,0,0
94262636,MSI 사이보그 15 B2RWEKG-C7 WIN11 32GB램,0,0,0,"_SSD 512GB_1,906,490|_SSD 1TB_2,030,360|SSD 2TB_2,197,970|SSD 4TB_3,067,000",0,0,0,0,0,0,0,0,0,0,0,0,0,0,0,0
94447436,MSI 사이보그 15 B2RWEKG-C7 WIN11 64GB램,0,0,0,"_SSD 512GB_2,531,490|_SSD 1TB_2,640,260|SSD 2TB_2,863,460|SSD 4TB_3,717,000",0,0,0,0,0,0,0,0,0,0,0,0,0,0,0,0
99733247,MSI 사이보그 15 B2RWFKG-C5,0,0,0,"_SSD 512GB_1,248,990|_SSD 1TB_1,469,630|SSD 2TB_1,598,670|SSD 4TB_2,254,870",0,0,0,0,0,0,0,0,0,0,0,0,0,0,0,0
99836666,MSI 사이보그 15 B2RWFKG-C5 16GB램,0,0,0,"_SSD 512GB_1,402,820|_SSD 1TB_1,624,000|SSD 2TB_1,756,810|SSD 4TB_2,435,820",0,0,0,0,0,0,0,0,0,0,0,0,0,0,0,0
99836675,MSI 사이보그 15 B2RWFKG-C5 32GB램,0,0,0,"_SSD 512GB_1,792,000|_SSD 1TB_1,919,000|SSD 2TB_2,027,000|SSD 4TB_2,948,890",0,0,0,0,0,0,0,0,0,0,0,0,0,0,0,0
99836684,MSI 사이보그 15 B2RWFKG-C5 64GB램,0,0,0,"_SSD 512GB_2,299,000|SSD 1TB_2,400,000|_SSD 2TB_2,500,000|SSD 4TB_3,584,590",0,0,0,0,0,0,0,0,0,0,0,0,0,0,0,0
99836711,MSI 사이보그 15 B2RWFKG-C5 WIN11,0,0,0,"_SSD 512GB_1,269,760|_SSD 1TB_1,459,790|SSD 2TB_1,648,740|SSD 4TB_2,274,990",0,0,0,0,0,0,0,0,0,0,0,0,0,0,0,0
99836723,MSI 사이보그 15 B2RWFKG-C5 WIN11 16GB램,0,0,0,"_SSD 512GB_1,421,780|_SSD 1TB_1,624,000|SSD 2TB_1,776,960|SSD 4TB_2,345,000",0,0,0,0,0,0,0,0,0,0,0,0,0,0,0,0
99836732,MSI 사이보그 15 B2RWFKG-C5 WIN11 32GB램,0,0,0,"_SSD 512GB_1,896,850|_SSD 1TB_2,049,000|SSD 2TB_2,050,000|SSD 4TB_2,969,770",0,0,0,0,0,0,0,0,0,0,0,0,0,0,0,0
99836741,MSI 사이보그 15 B2RWFKG-C5 WIN11 64GB램,0,0,0,"SSD 512GB_2,334,000|_SSD 1TB_2,419,000|_SSD 2TB_2,519,000|SSD 4TB_3,605,610",0,0,0,0,0,0,0,0,0,0,0,0,0,0,0,0
99732854,MSI 사이보그 15 B2RWFKG-C7,0,0,0,"SSD 512GB_1,320,000|_SSD 1TB_1,949,000|_SSD 2TB_2,000,000|SSD 4TB_2,450,000",0,0,0,0,0,0,0,0,0,0,0,0,0,0,0,0
99895508,MSI 사이보그 15 B2RWFKG-C7 16GB램,0,0,0,"_SSD 512GB_1,647,000|_SSD 1TB_1,796,000|SSD 2TB_1,946,000|SSD 4TB_2,199,000",0,0,0,0,0,0,0,0,0,0,0,0,0,0,0,0
99895535,MSI 사이보그 15 B2RWFKG-C7 32GB램,0,0,0,"_SSD 512GB_2,199,000|_SSD 1TB_2,349,000|SSD 2TB_2,499,000|SSD 4TB_2,750,000",0,0,0,0,0,0,0,0,0,0,0,0,0,0,0,0
99895565,MSI 사이보그 15 B2RWFKG-C7 64GB램,0,0,0,"_SSD 512GB_3,030,000|_SSD 1TB_3,200,000|SSD 2TB_3,400,000|SSD 4TB_4,000,000",0,0,0,0,0,0,0,0,0,0,0,0,0,0,0,0
99896180,MSI 사이보그 15 B2RWFKG-C7 WIN11,0,0,0,"_SSD 512GB_1,618,080|_SSD 1TB_1,848,000|SSD 2TB_1,998,000|SSD 4TB_2,248,000",0,0,0,0,0,0,0,0,0,0,0,0,0,0,0,0
99896240,MSI 사이보그 15 B2RWFKG-C7 WIN11 16GB램,0,0,0,"_SSD 512GB_1,798,000|_SSD 1TB_2,200,000|SSD 2TB_2,300,000|SSD 4TB_2,599,000",0,0,0,0,0,0,0,0,0,0,0,0,0,0,0,0
99896285,MSI 사이보그 15 B2RWFKG-C7 WIN11 32GB램,0,0,0,"_SSD 512GB_2,290,000|_SSD 1TB_2,449,000|SSD 2TB_2,599,000|SSD 4TB_2,849,000",0,0,0,0,0,0,0,0,0,0,0,0,0,0,0,0
99896318,MSI 사이보그 15 B2RWFKG-C7 WIN11 64GB램,0,0,0,"_SSD 512GB_3,626,010|_SSD 1TB_3,749,700|SSD 2TB_3,949,000|SSD 4TB_4,149,000",0,0,0,0,0,0,0,0,0,0,0,0,0,0,0,0
122708738,MSI 사이보그 15 MAX C2WF-C7,0,0,0,"_SSD 512GB_2,349,720|_SSD 1TB_2,544,280|",0,0,0,0,0,0,0,0,0,0,0,0,0,0,0,0
122712440,MSI 사이보그 15 MAX C2WF-C7 32GB램,0,0,0,"_SSD 512GB_2,790,900|_SSD 1TB_2,898,310|",0,0,0,0,0,0,0,0,0,0,0,0,0,0,0,0
122712444,MSI 사이보그 15 MAX C2WF-C7 64GB램,0,0,0,"_SSD 512GB_3,343,160|_SSD 1TB_3,552,040|",0,0,0,0,0,0,0,0,0,0,0,0,0,0,0,0
122712450,MSI 사이보그 15 MAX C2WF-C7 WIN11,0,0,0,"SSD 512GB_2,448,760|_SSD 1TB_2,574,510|_SSD 2TB_2,658,770",0,0,0,0,0,0,0,0,0,0,0,0,0,0,0,0
122712455,MSI 사이보그 15 MAX C2WF-C7 WIN11 32GB램,0,0,0,"SSD 512GB_2,811,710|_SSD 1TB_2,918,360|_SSD 2TB_3,025,370",0,0,0,0,0,0,0,0,0,0,0,0,0,0,0,0
122712458,MSI 사이보그 15 MAX C2WF-C7 WIN11 64GB램,0,0,0,"SSD 512GB_3,400,990|_SSD 1TB_3,541,710|_SSD 2TB_3,649,040",0,0,0,0,0,0,0,0,0,0,0,0,0,0,0,0
94692443,MSI 사이보그 17 B2RWEKG-C5,0,0,0,"_SSD 512GB_1,177,980|_SSD 1TB_1,326,210|SSD 2TB_1,476,610|SSD 4TB_1,981,310",0,0,0,0,0,0,0,0,0,0,0,0,0,0,0,0
95202380,MSI 사이보그 17 B2RWEKG-C5 16GB램,0,0,0,"_SSD 512GB_1,391,160|_SSD 1TB_1,521,890|SSD 2TB_1,668,050|SSD 4TB_2,140,360",0,0,0,0,0,0,0,0,0,0,0,0,0,0,0,0
95202500,MSI 사이보그 17 B2RWEKG-C5 32GB램,0,0,0,"_SSD 512GB_1,727,710|SSD 1TB_1,830,010|_SSD 2TB_1,993,870|SSD 4TB_2,477,890",0,0,0,0,0,0,0,0,0,0,0,0,0,0,0,0
95202893,MSI 사이보그 17 B2RWEKG-C5 64GB램,0,0,0,"_SSD 512GB_2,353,370|_SSD 1TB_2,393,030|SSD 2TB_2,605,140|SSD 4TB_3,315,000",0,0,0,0,0,0,0,0,0,0,0,0,0,0,0,0
95202284,MSI 사이보그 17 B2RWEKG-C5 WIN11,0,0,0,"_SSD 512GB_1,243,490|SSD 1TB_1,346,970|_SSD 2TB_1,479,000|SSD 4TB_2,006,890",0,0,0,0,0,0,0,0,0,0,0,0,0,0,0,0
95202350,MSI 사이보그 17 B2RWEKG-C5 WIN11 16GB램,0,0,0,"_SSD 512GB_1,402,760|SSD 1TB_1,506,350|SSD 2TB_1,664,570|_SSD 4TB_2,164,810",0,0,0,0,0,0,0,0,0,0,0,0,0,0,0,0
95202467,MSI 사이보그 17 B2RWEKG-C5 WIN11 32GB램,0,0,0,"_SSD 512GB_1,749,820|_SSD 1TB_1,826,560|SSD 2TB_2,018,450|SSD 4TB_2,503,210",0,0,0,0,0,0,0,0,0,0,0,0,0,0,0,0
95202875,MSI 사이보그 17 B2RWEKG-C5 WIN11 64GB램,0,0,0,"_SSD 512GB_2,327,320|SSD 1TB_2,414,050|_SSD 2TB_2,628,290|SSD 4TB_3,480,050",0,0,0,0,0,0,0,0,0,0,0,0,0,0,0,0
94640153,MSI 사이보그 17 B2RWEKG-C7,0,0,0,"_SSD 512GB_1,289,000|_SSD 1TB_1,478,460|SSD 2TB_1,596,740|SSD 4TB_2,371,450",0,0,0,0,0,0,0,0,0,0,0,0,0,0,0,0
95055344,MSI 사이보그 17 B2RWEKG-C7 16GB램,0,0,0,"_SSD 512GB_1,466,440|_SSD 1TB_1,585,070|SSD 2TB_1,678,000|SSD 4TB_2,408,830",0,0,0,0,0,0,0,0,0,0,0,0,0,0,0,0
95055407,MSI 사이보그 17 B2RWEKG-C7 32GB램,0,0,0,"_SSD 512GB_1,800,000|_SSD 1TB_1,900,000|SSD 2TB_2,000,000|SSD 4TB_2,930,820",0,0,0,0,0,0,0,0,0,0,0,0,0,0,0,0
95055476,MSI 사이보그 17 B2RWEKG-C7 64GB램,0,0,0,"_SSD 512GB_2,200,000|SSD 1TB_2,300,000|_SSD 2TB_2,400,000|SSD 4TB_3,350,000",0,0,0,0,0,0,0,0,0,0,0,0,0,0,0,0
95055215,MSI 사이보그 17 B2RWEKG-C7 WIN11,0,0,0,"_SSD 512GB_1,334,080|SSD 1TB_1,466,290|_SSD 2TB_1,585,500|SSD 4TB_2,350,000",0,0,0,0,0,0,0,0,0,0,0,0,0,0,0,0
95055320,MSI 사이보그 17 B2RWEKG-C7 WIN11 16GB램,0,0,0,"_SSD 512GB_1,447,610|_SSD 1TB_1,574,880|SSD 2TB_1,694,870|SSD 4TB_2,547,400",0,0,0,0,0,0,0,0,0,0,0,0,0,0,0,0
95055371,MSI 사이보그 17 B2RWEKG-C7 WIN11 32GB램,0,0,0,"_SSD 512GB_1,835,650|_SSD 1TB_1,965,130|SSD 2TB_2,128,630|SSD 4TB_2,950,000",0,0,0,0,0,0,0,0,0,0,0,0,0,0,0,0
95055470,MSI 사이보그 17 B2RWEKG-C7 WIN11 64GB램,0,0,0,"_SSD 512GB_2,360,000|SSD 1TB_2,460,000|_SSD 2TB_2,600,000|SSD 4TB_3,500,000",0,0,0,0,0,0,0,0,0,0,0,0,0,0,0,0
99733358,MSI 사이보그 17 B2RWFKG-C5,0,0,0,"_SSD 512GB_1,307,000|_SSD 1TB_1,479,000|SSD 2TB_1,689,000|SSD 4TB_2,261,820",0,0,0,0,0,0,0,0,0,0,0,0,0,0,0,0
99836906,MSI 사이보그 17 B2RWFKG-C5 16GB램,0,0,0,"_SSD 512GB_1,498,000|_SSD 1TB_1,690,000|SSD 2TB_1,890,000|SSD 4TB_2,471,390",0,0,0,0,0,0,0,0,0,0,0,0,0,0,0,0
99836918,MSI 사이보그 17 B2RWFKG-C5 32GB램,0,0,0,"SSD 512GB_2,000,000|_SSD 1TB_2,210,000|_SSD 2TB_2,299,000|SSD 4TB_2,819,310",0,0,0,0,0,0,0,0,0,0,0,0,0,0,0,0
99836933,MSI 사이보그 17 B2RWFKG-C5 64GB램,0,0,0,"_SSD 512GB_2,339,000|_SSD 1TB_2,649,000|SSD 2TB_2,849,000|SSD 4TB_3,428,550",0,0,0,0,0,0,0,0,0,0,0,0,0,0,0,0
99836942,MSI 사이보그 17 B2RWFKG-C5 WIN11,0,0,0,"_SSD 512GB_1,289,000|_SSD 1TB_1,568,000|SSD 2TB_1,768,000|SSD 4TB_2,286,160",0,0,0,0,0,0,0,0,0,0,0,0,0,0,0,0
99836972,MSI 사이보그 17 B2RWFKG-C5 WIN11 16GB램,0,0,0,"_SSD 512GB_1,519,000|_SSD 1TB_1,718,990|SSD 2TB_1,900,000|SSD 4TB_2,450,000",0,0,0,0,0,0,0,0,0,0,0,0,0,0,0,0
99836981,MSI 사이보그 17 B2RWFKG-C5 WIN11 32GB램,0,0,0,"_SSD 512GB_2,000,000|_SSD 1TB_2,127,980|SSD 2TB_2,301,880|SSD 4TB_2,600,000",0,0,0,0,0,0,0,0,0,0,0,0,0,0,0,0
99836990,MSI 사이보그 17 B2RWFKG-C5 WIN11 64GB램,0,0,0,"_SSD 512GB_2,560,000|SSD 1TB_2,669,000|SSD 2TB_2,844,000|_SSD 4TB_3,050,990",0,0,0,0,0,0,0,0,0,0,0,0,0,0,0,0
99733133,MSI 사이보그 17 B2RWFKG-C7,0,0,0,"_SSD 512GB_1,845,740|_SSD 1TB_1,848,000|SSD 2TB_1,978,590|SSD 4TB_2,295,000",0,0,0,0,0,0,0,0,0,0,0,0,0,0,0,0
99745187,MSI 사이보그 17 B2RWFKG-C7 16GB램,0,0,0,"_SSD 512GB_1,799,000|_SSD 1TB_1,909,000|SSD 2TB_2,199,000|SSD 4TB_2,411,000",0,0,0,0,0,0,0,0,0,0,0,0,0,0,0,0
99745205,MSI 사이보그 17 B2RWFKG-C7 32GB램,0,0,0,"_SSD 512GB_2,198,990|_SSD 1TB_2,308,990|SSD 2TB_2,438,990|SSD 4TB_3,031,000",0,0,0,0,0,0,0,0,0,0,0,0,0,0,0,0
99889196,MSI 사이보그 17 B2RWFKG-C7 64GB램,0,0,0,"SSD 512GB_2,782,990|_SSD 1TB_2,778,990|_SSD 2TB_2,800,000|SSD 4TB_3,800,000",0,0,0,0,0,0,0,0,0,0,0,0,0,0,0,0
99889238,MSI 사이보그 17 B2RWFKG-C7 WIN11,0,0,0,"_SSD 512GB_1,690,000|_SSD 1TB_1,935,240|SSD 2TB_2,003,960|SSD 4TB_2,582,000",0,0,0,0,0,0,0,0,0,0,0,0,0,0,0,0
99745226,MSI 사이보그 17 B2RWFKG-C7 WIN11 16GB램,0,0,0,"_SSD 512GB_1,819,000|_SSD 1TB_1,929,000|SSD 2TB_2,198,000|SSD 4TB_2,500,000",0,0,0,0,0,0,0,0,0,0,0,0,0,0,0,0
99745244,MSI 사이보그 17 B2RWFKG-C7 WIN11 32GB램,0,0,0,"SSD 512GB_2,218,990|_SSD 1TB_2,328,990|_SSD 2TB_2,458,990|SSD 4TB_2,799,000",0,0,0,0,0,0,0,0,0,0,0,0,0,0,0,0
99889304,MSI 사이보그 17 B2RWFKG-C7 WIN11 64GB램,0,0,0,"SSD 512GB_2,804,990|_SSD 1TB_2,700,000|_SSD 2TB_2,800,000|SSD 4TB_3,800,000",0,0,0,0,0,0,0,0,0,0,0,0,0,0,0,0
124375833,MSI 사이보그 17 블랙 에디션 B2RWF-C7,0,0,0,"_SSD 1TB_3,043,000|SSD 2TB_3,176,000|_SSD 512GB_2,619,000",0,0,0,0,0,0,0,0,0,0,0,0,0,0,0,0
124375855,MSI 사이보그 17 블랙 에디션 B2RWF-C7 32GB램,0,0,0,"_SSD 1TB_3,366,470|_SSD 2TB_3,509,160|SSD 512GB_3,204,000",0,0,0,0,0,0,0,0,0,0,0,0,0,0,0,0
124375867,MSI 사이보그 17 블랙 에디션 B2RWF-C7 64GB램,0,0,0,"_SSD 1TB_3,984,780|_SSD 2TB_4,117,960|SSD 512GB_3,823,070",0,0,0,0,0,0,0,0,0,0,0,0,0,0,0,0
124375840,MSI 사이보그 17 블랙 에디션 B2RWF-C7 WIN11,0,0,0,"_SSD 1TB_3,062,070|_SSD 2TB_3,204,760|SSD 512GB_2,900,000",0,0,0,0,0,0,0,0,0,0,0,0,0,0,0,0
124375847,MSI 사이보그 17 블랙 에디션 B2RWF-C7 WIN11 32GB램,0,0,0,"_SSD 1TB_3,395,010|_SSD 2TB_3,528,180|SSD 512GB_3,223,000",0,0,0,0,0,0,0,0,0,0,0,0,0,0,0,0
124375861,MSI 사이보그 17 블랙 에디션 B2RWF-C7 WIN11 64GB램,0,0,0,"_SSD 1TB_4,003,810|_SSD 2TB_4,146,490|SSD 512GB_3,842,090",0,0,0,0,0,0,0,0,0,0,0,0,0,0,0,0
96261701,MSI 사이보그 A15 AI B2HWEKG-R5,0,0,0,"_SSD 512GB_1,182,390|_SSD 1TB_1,310,230|SSD 2TB_1,424,010|SSD 4TB_1,901,490",0,0,0,0,0,0,0,0,0,0,0,0,0,0,0,0
96655721,MSI 사이보그 A15 AI B2HWEKG-R5 16GB램,0,0,0,"_SSD 512GB_1,330,890|_SSD 1TB_1,469,170|SSD 2TB_1,577,890|SSD 4TB_2,060,350",0,0,0,0,0,0,0,0,0,0,0,0,0,0,0,0
96655682,MSI 사이보그 A15 AI B2HWEKG-R5 32GB램,0,0,0,"_SSD 512GB_1,662,420|_SSD 1TB_1,806,630|SSD 2TB_1,923,110|SSD 4TB_2,397,890",0,0,0,0,0,0,0,0,0,0,0,0,0,0,0,0
96655754,MSI 사이보그 A15 AI B2HWEKG-R5 64GB램,0,0,0,"_SSD 512GB_2,355,510|_SSD 1TB_2,493,730|SSD 2TB_2,609,310|SSD 4TB_2,850,000",0,0,0,0,0,0,0,0,0,0,0,0,0,0,0,0
96477896,MSI 사이보그 A15 AI B2HWEKG-R5 WIN11,0,0,0,"_SSD 512GB_1,194,730|_SSD 1TB_1,331,970|SSD 2TB_1,448,530|SSD 4TB_1,924,170",0,0,0,0,0,0,0,0,0,0,0,0,0,0,0,0
96477905,MSI 사이보그 A15 AI B2HWEKG-R5 WIN11 16GB램,0,0,0,"_SSD 512GB_1,353,590|_SSD 1TB_1,490,830|SSD 2TB_1,607,390|SSD 4TB_2,082,090",0,0,0,0,0,0,0,0,0,0,0,0,0,0,0,0
96477920,MSI 사이보그 A15 AI B2HWEKG-R5 WIN11 32GB램,0,0,0,"_SSD 512GB_1,691,050|_SSD 1TB_1,829,230|SSD 2TB_1,944,850|SSD 4TB_2,420,490",0,0,0,0,0,0,0,0,0,0,0,0,0,0,0,0
96477932,MSI 사이보그 A15 AI B2HWEKG-R5 WIN11 64GB램,0,0,0,"SSD 512GB_2,300,000|_SSD 1TB_2,500,000|_SSD 2TB_2,631,050|SSD 4TB_3,106,690",0,0,0,0,0,0,0,0,0,0,0,0,0,0,0,0
97357409,MSI 사이보그 A15 AI B2HWEKG-R7,0,0,0,"SSD 512GB_1,499,000|_SSD 1TB_1,341,000|_SSD 2TB_1,585,180|SSD 4TB_2,744,700",0,0,0,0,0,0,0,0,0,0,0,0,0,0,0,0
97567340,MSI 사이보그 A15 AI B2HWEKG-R7 16GB램,0,0,0,"_SSD 512GB_1,379,000|_SSD 1TB_1,521,000|SSD 2TB_1,749,180|SSD 4TB_2,498,920",0,0,0,0,0,0,0,0,0,0,0,0,0,0,0,0
97567397,MSI 사이보그 A15 AI B2HWEKG-R7 32GB램,0,0,0,"SSD 512GB_1,759,000|_SSD 1TB_1,871,000|_SSD 2TB_1,960,000|SSD 4TB_2,661,000",0,0,0,0,0,0,0,0,0,0,0,0,0,0,0,0
97958552,MSI 사이보그 A15 AI B2HWEKG-R7 64GB램,0,0,0,"SSD 512GB_2,564,840|_SSD 1TB_2,679,690|_SSD 2TB_2,823,220|SSD 4TB_3,778,890",0,0,0,0,0,0,0,0,0,0,0,0,0,0,0,0
97567508,MSI 사이보그 A15 AI B2HWEKG-R7 WIN11,0,0,0,"_SSD 512GB_1,300,500|_SSD 1TB_1,369,000|SSD 2TB_1,469,000|SSD 4TB_2,761,510",0,0,0,0,0,0,0,0,0,0,0,0,0,0,0,0
97567589,MSI 사이보그 A15 AI B2HWEKG-R7 WIN11 16GB램,0,0,0,"_SSD 512GB_1,421,960|_SSD 1TB_1,575,780|SSD 2TB_1,707,080|SSD 4TB_2,772,600",0,0,0,0,0,0,0,0,0,0,0,0,0,0,0,0
97567595,MSI 사이보그 A15 AI B2HWEKG-R7 WIN11 32GB램,0,0,0,"_SSD 512GB_1,766,070|_SSD 1TB_1,899,000|SSD 2TB_1,999,000|SSD 4TB_2,350,000",0,0,0,0,0,0,0,0,0,0,0,0,0,0,0,0
97958570,MSI 사이보그 A15 AI B2HWEKG-R7 WIN11 64GB램,0,0,0,"_SSD 512GB_2,593,640|_SSD 1TB_2,708,380|SSD 2TB_2,851,930|SSD 4TB_3,798,870",0,0,0,0,0,0,0,0,0,0,0,0,0,0,0,0
95058218,MSI 사이보그 A15 AI B2HWFKG-R7,0,0,0,"_SSD 512GB_1,626,790|_SSD 1TB_1,747,410|SSD 2TB_1,877,410|SSD 4TB_2,750,000",0,0,0,0,0,0,0,0,0,0,0,0,0,0,0,0
95419745,MSI 사이보그 A15 AI B2HWFKG-R7 32GB램,0,0,0,"_SSD 512GB_2,027,510|SSD 1TB_2,156,490|_SSD 2TB_2,224,350|SSD 4TB_3,500,000",0,0,0,0,0,0,0,0,0,0,0,0,0,0,0,0
95419760,MSI 사이보그 A15 AI B2HWFKG-R7 64GB램,0,0,0,"_SSD 512GB_2,588,260|_SSD 1TB_2,733,270|SSD 2TB_2,822,970|SSD 4TB_3,762,150",0,0,0,0,0,0,0,0,0,0,0,0,0,0,0,0
95341262,MSI 사이보그 A15 AI B2HWFKG-R7 WIN11,0,0,0,"_SSD 512GB_1,708,210|_SSD 1TB_1,856,170|SSD 2TB_1,961,270|SSD 4TB_2,850,000",0,0,0,0,0,0,0,0,0,0,0,0,0,0,0,0
95341307,MSI 사이보그 A15 AI B2HWFKG-R7 WIN11 32GB램,0,0,0,"_SSD 512GB_2,032,320|_SSD 1TB_2,150,940|SSD 2TB_2,305,480|SSD 4TB_3,500,000",0,0,0,0,0,0,0,0,0,0,0,0,0,0,0,0
95341319,MSI 사이보그 A15 AI B2HWFKG-R7 WIN11 64GB램,0,0,0,"_SSD 512GB_2,729,330|_SSD 1TB_2,887,730|SSD 2TB_2,958,650|SSD 4TB_3,768,000",0,0,0,0,0,0,0,0,0,0,0,0,0,0,0,0
94692653,MSI 사이보그 A17 AI B2HWEKG-R5,0,0,0,"SSD 512GB_1,429,000|_SSD 1TB_1,288,900|_SSD 2TB_1,438,620|SSD 4TB_2,122,350",0,0,0,0,0,0,0,0,0,0,0,0,0,0,0,0
94997516,MSI 사이보그 A17 AI B2HWEKG-R5 16GB램,0,0,0,"_SSD 512GB_1,296,400|_SSD 1TB_1,399,160|SSD 2TB_1,609,010|SSD 4TB_2,281,210",0,0,0,0,0,0,0,0,0,0,0,0,0,0,0,0
94997573,MSI 사이보그 A17 AI B2HWEKG-R5 32GB램,0,0,0,"_SSD 512GB_1,651,590|_SSD 1TB_1,760,510|SSD 2TB_1,926,820|SSD 4TB_2,661,130",0,0,0,0,0,0,0,0,0,0,0,0,0,0,0,0
94997612,MSI 사이보그 A17 AI B2HWEKG-R5 64GB램,0,0,0,"_SSD 512GB_2,249,990|_SSD 1TB_2,408,980|SSD 2TB_2,569,960|SSD 4TB_3,305,870",0,0,0,0,0,0,0,0,0,0,0,0,0,0,0,0
94997648,MSI 사이보그 A17 AI B2HWEKG-R5 WIN11,0,0,0,"_SSD 512GB_1,182,490|SSD 1TB_1,304,460|_SSD 2TB_1,409,580|SSD 4TB_2,196,770",0,0,0,0,0,0,0,0,0,0,0,0,0,0,0,0
94997693,MSI 사이보그 A17 AI B2HWEKG-R5 WIN11 16GB램,0,0,0,"_SSD 512GB_1,341,350|_SSD 1TB_1,478,610|SSD 2TB_1,624,960|SSD 4TB_2,355,630",0,0,0,0,0,0,0,0,0,0,0,0,0,0,0,0
94997714,MSI 사이보그 A17 AI B2HWEKG-R5 WIN11 32GB램,0,0,0,"_SSD 512GB_1,667,160|_SSD 1TB_1,778,790|SSD 2TB_1,923,760|SSD 4TB_2,682,750",0,0,0,0,0,0,0,0,0,0,0,0,0,0,0,0
94997768,MSI 사이보그 A17 AI B2HWEKG-R5 WIN11 64GB램,0,0,0,"_SSD 512GB_2,261,150|_SSD 1TB_2,350,000|SSD 2TB_2,575,130|SSD 4TB_3,326,650",0,0,0,0,0,0,0,0,0,0,0,0,0,0,0,0
94692539,MSI 사이보그 A17 AI B2HWEKG-R7,0,0,0,"_SSD 512GB_1,198,990|_SSD 1TB_1,348,990|SSD 2TB_1,548,990|SSD 4TB_2,800,000",0,0,0,0,0,0,0,0,0,0,0,0,0,0,0,0
94931804,MSI 사이보그 A17 AI B2HWEKG-R7 16GB램,0,0,0,"_SSD 512GB_1,398,990|_SSD 1TB_1,548,990|SSD 2TB_1,748,990|SSD 4TB_3,200,000",0,0,0,0,0,0,0,0,0,0,0,0,0,0,0,0
94931843,MSI 사이보그 A17 AI B2HWEKG-R7 32GB램,0,0,0,"SSD 512GB_1,748,990|_SSD 1TB_1,898,990|_SSD 2TB_2,098,990|SSD 4TB_3,690,000",0,0,0,0,0,0,0,0,0,0,0,0,0,0,0,0
94931882,MSI 사이보그 A17 AI B2HWEKG-R7 64GB램,0,0,0,"_SSD 512GB_2,448,990|_SSD 1TB_2,598,990|SSD 2TB_2,798,990|SSD 4TB_3,936,000",0,0,0,0,0,0,0,0,0,0,0,0,0,0,0,0
94932095,MSI 사이보그 A17 AI B2HWEKG-R7 WIN11,0,0,0,"_SSD 512GB_1,298,990|_SSD 1TB_1,448,990|SSD 2TB_1,648,990|SSD 4TB_2,950,000",0,0,0,0,0,0,0,0,0,0,0,0,0,0,0,0
94932200,MSI 사이보그 A17 AI B2HWEKG-R7 WIN11 16GB램,0,0,0,"SSD 512GB_1,498,990|_SSD 1TB_1,648,990|_SSD 2TB_1,848,990|SSD 4TB_3,753,600",0,0,0,0,0,0,0,0,0,0,0,0,0,0,0,0
94932221,MSI 사이보그 A17 AI B2HWEKG-R7 WIN11 32GB램,0,0,0,"SSD 512GB_1,848,990|_SSD 1TB_1,998,990|_SSD 2TB_2,198,990|SSD 4TB_2,800,000",0,0,0,0,0,0,0,0,0,0,0,0,0,0,0,0
94932245,MSI 사이보그 A17 AI B2HWEKG-R7 WIN11 64GB램,0,0,0,"SSD 512GB_2,548,990|_SSD 1TB_2,698,990|_SSD 2TB_2,898,990|SSD 4TB_3,964,800",0,0,0,0,0,0,0,0,0,0,0,0,0,0,0,0
94640243,MSI 사이보그 A17 AI B2HWFKG-R7,0,0,0,"_SSD 512GB_1,750,000|SSD 1TB_1,857,490|_SSD 2TB_2,007,390|SSD 4TB_2,750,000",0,0,0,0,0,0,0,0,0,0,0,0,0,0,0,0
95054735,MSI 사이보그 A17 AI B2HWFKG-R7 32GB램,0,0,0,"_SSD 512GB_2,098,020|_SSD 1TB_2,178,050|SSD 2TB_2,427,400|SSD 4TB_3,350,000",0,0,0,0,0,0,0,0,0,0,0,0,0,0,0,0
95054783,MSI 사이보그 A17 AI B2HWFKG-R7 64GB램,0,0,0,"_SSD 512GB_2,800,000|_SSD 1TB_2,916,850|SSD 2TB_3,089,130|SSD 4TB_4,500,000",0,0,0,0,0,0,0,0,0,0,0,0,0,0,0,0
95054894,MSI 사이보그 A17 AI B2HWFKG-R7 WIN11,0,0,0,"SSD 512GB_1,780,000|_SSD 1TB_1,870,100|_SSD 2TB_2,033,840|SSD 4TB_2,800,000",0,0,0,0,0,0,0,0,0,0,0,0,0,0,0,0
95054969,MSI 사이보그 A17 AI B2HWFKG-R7 WIN11 32GB램,0,0,0,"_SSD 512GB_2,100,000|SSD 1TB_2,258,380|_SSD 2TB_2,382,920|SSD 4TB_3,000,000",0,0,0,0,0,0,0,0,0,0,0,0,0,0,0,0
95055002,MSI 사이보그 A17 AI B2HWFKG-R7 WIN11 64GB램,0,0,0,"_SSD 512GB_2,777,950|_SSD 1TB_2,924,990|SSD 2TB_2,999,990|SSD 4TB_4,500,000",0,0,0,0,0,0,0,0,0,0,0,0,0,0,0,0
52367771,MSI 소드 16 HX B14VFKG,0,0,0,"SSD 512GB_1,969,000|_SSD 1TB_2,051,370|_SSD 2TB_2,225,520|SSD 4TB_4,499,000",0,0,0,0,0,0,0,0,0,0,0,0,0,0,0,0
53877347,MSI 소드 16 HX B14VFKG 32GB램,0,0,0,"SSD 512GB_2,246,290|_SSD 1TB_2,355,140|_SSD 2TB_2,529,280|SSD 4TB_4,690,000",0,0,0,0,0,0,0,0,0,0,0,0,0,0,0,0
53877383,MSI 소드 16 HX B14VFKG 64GB램,0,0,0,"SSD 512GB_2,878,240|_SSD 1TB_2,987,080|_SSD 2TB_3,161,230|SSD 4TB_5,890,000",0,0,0,0,0,0,0,0,0,0,0,0,0,0,0,0
47840144,MSI 소드 16 HX B14VFKG QHD 32GB램,0,0,0,"_SSD 512GB_2,321,330|SSD 1TB_2,368,610|_SSD 2TB_2,604,320",0,0,0,0,0,0,0,0,0,0,0,0,0,0,0,0
47840210,MSI 소드 16 HX B14VFKG QHD 64GB램,0,0,0,"_SSD 512GB_2,909,080|_SSD 1TB_3,017,920|SSD 2TB_3,192,070",0,0,0,0,0,0,0,0,0,0,0,0,0,0,0,0
47840090,MSI 소드 16 HX B14VFKG QHD WIN11,0,0,0,"_SSD 512GB_1,973,040|_SSD 1TB_2,081,880|SSD 2TB_2,256,030|SSD 4TB_4,199,000",0,0,0,0,0,0,0,0,0,0,0,0,0,0,0,0
47840180,MSI 소드 16 HX B14VFKG QHD WIN11 32GB램,0,0,0,"_SSD 512GB_2,343,100|_SSD 1TB_2,451,930|SSD 2TB_2,626,090",0,0,0,0,0,0,0,0,0,0,0,0,0,0,0,0
47840249,MSI 소드 16 HX B14VFKG QHD WIN11 64GB램,0,0,0,"_SSD 512GB_2,930,850|_SSD 1TB_3,039,690|SSD 2TB_3,213,840",0,0,0,0,0,0,0,0,0,0,0,0,0,0,0,0
54966461,MSI 소드 16 HX B14VFKG WIN11,0,0,0,"_SSD 512GB_1,964,300|_SSD 1TB_2,073,140|SSD 2TB_2,247,290|SSD 4TB_4,899,000",0,0,0,0,0,0,0,0,0,0,0,0,0,0,0,0
53877440,MSI 소드 16 HX B14VFKG WIN11 32GB램,0,0,0,"_SSD 1TB_2,376,950|_SSD 512GB_2,268,060|SSD 2TB_2,551,050|SSD 4TB_4,799,000",0,0,0,0,0,0,0,0,0,0,0,0,0,0,0,0
53877476,MSI 소드 16 HX B14VFKG WIN11 64GB램,0,0,0,"_SSD 512GB_2,900,010|_SSD 1TB_3,008,850||",0,0,0,0,0,0,0,0,0,0,0,0,0,0,0,0
70002209,MSI 소드 17 HX B13VGKG-i9 QHD,0,0,0,"SSD 512GB_2,500,000|_SSD 1TB_2,103,250|_SSD 2TB_2,430,080|SSD 4TB_3,790,000",0,0,0,0,0,0,0,0,0,0,0,0,0,0,0,0
70098299,MSI 소드 17 HX B13VGKG-i9 QHD 32GB램,0,0,0,"_SSD 512GB_2,336,400||_SSD 2TB_2,849,520|",0,0,0,0,0,0,0,0,0,0,0,0,0,0,0,0
70098332,MSI 소드 17 HX B13VGKG-i9 QHD 64GB램,0,0,0,"SSD 512GB_3,081,990|_SSD 1TB_3,192,870|_SSD 2TB_3,367,750|",0,0,0,0,0,0,0,0,0,0,0,0,0,0,0,0
70098365,MSI 소드 17 HX B13VGKG-i9 QHD WIN11,0,0,0,"_SSD 1TB_2,368,990|_SSD 512GB_2,193,680|SSD 2TB_2,538,990|SSD 4TB_3,635,000",0,0,0,0,0,0,0,0,0,0,0,0,0,0,0,0
70098395,MSI 소드 17 HX B13VGKG-i9 QHD WIN11 32GB램,0,0,0,"_SSD 512GB_2,532,850|_SSD 1TB_2,625,290||",0,0,0,0,0,0,0,0,0,0,0,0,0,0,0,0
70098410,MSI 소드 17 HX B13VGKG-i9 QHD WIN11 64GB램,0,0,0,"SSD 512GB_3,123,150|_SSD 1TB_3,239,870|_SSD 2TB_3,375,520|SSD 4TB_4,000,000",0,0,0,0,0,0,0,0,0,0,0,0,0,0,0,0
61540304,MSI 소드 17 HX B14VFKG,0,0,0,"_SSD 512GB_2,790,000|SSD 1TB_1,990,000|_SSD 2TB_1,909,000",0,0,0,0,0,0,0,0,0,0,0,0,0,0,0,0
62174846,MSI 소드 17 HX B14VFKG 32GB램,0,0,0,"_SSD 512GB_2,328,990|SSD 1TB_2,428,990|_SSD 2TB_2,598,990",0,0,0,0,0,0,0,0,0,0,0,0,0,0,0,0
62174885,MSI 소드 17 HX B14VFKG 64GB램,0,0,0,"SSD 512GB_2,937,250|_SSD 1TB_3,008,990|_SSD 2TB_3,178,990",0,0,0,0,0,0,0,0,0,0,0,0,0,0,0,0
47489243,MSI 소드 17 HX B14VFKG QHD,0,0,0,"_SSD 1TB_2,088,280|_SSD 2TB_2,262,430",0,0,0,0,0,0,0,0,0,0,0,0,0,0,0,0
47489309,MSI 소드 17 HX B14VFKG QHD 32GB램,0,0,0,"_SSD 512GB_2,338,570|_SSD 1TB_2,447,410|SSD 2TB_2,621,560",0,0,0,0,0,0,0,0,0,0,0,0,0,0,0,0
47489354,MSI 소드 17 HX B14VFKG QHD 64GB램,0,0,0,"_SSD 512GB_2,926,320|_SSD 1TB_3,035,160|SSD 2TB_3,209,310|SSD 4TB_5,490,000",0,0,0,0,0,0,0,0,0,0,0,0,0,0,0,0
47489279,MSI 소드 17 HX B14VFKG QHD WIN11,0,0,0,"_SSD 512GB_2,001,210|SSD 1TB_2,110,050|_SSD 2TB_2,284,200|SSD 4TB_3,799,000",0,0,0,0,0,0,0,0,0,0,0,0,0,0,0,0
47489324,MSI 소드 17 HX B14VFKG QHD WIN11 32GB램,0,0,0,"_SSD 1TB_2,469,180|_SSD 512GB_2,360,340|SSD 2TB_3,231,080|SSD 4TB_3,795,000",0,0,0,0,0,0,0,0,0,0,0,0,0,0,0,0
47489369,MSI 소드 17 HX B14VFKG QHD WIN11 64GB램,0,0,0,"_SSD 512GB_2,948,090|_SSD 1TB_3,056,930|SSD 2TB_3,231,080|SSD 4TB_6,990,000",0,0,0,0,0,0,0,0,0,0,0,0,0,0,0,0
62072948,MSI 소드 17 HX B14VFKG WIN11,0,0,0,"SSD 512GB_2,001,210|_SSD 1TB_2,110,050|_SSD 2TB_2,284,200",0,0,0,0,0,0,0,0,0,0,0,0,0,0,0,0
62174903,MSI 소드 17 HX B14VFKG WIN11 32GB램,0,0,0,"_SSD 512GB_2,348,990|_SSD 1TB_2,448,990||SSD 4TB_4,290,000",0,0,0,0,0,0,0,0,0,0,0,0,0,0,0,0
62174927,MSI 소드 17 HX B14VFKG WIN11 64GB램,0,0,0,"SSD 512GB_2,959,020|_SSD 1TB_3,028,990|_SSD 2TB_3,198,990|SSD 4TB_4,990,000",0,0,0,0,0,0,0,0,0,0,0,0,0,0,0,0
47488754,MSI 소드 17 HX B14VGKG-i9 QHD,0,0,0,"_SSD 1TB_2,645,810|_SSD 2TB_2,815,730|SSD 4TB_3,230,000",0,0,0,0,0,0,0,0,0,0,0,0,0,0,0,0
49357685,MSI 소드 17 HX B14VGKG-i9 QHD 64GB램,0,0,0,"_SSD 1TB_3,136,990|_SSD 2TB_3,206,990|SSD 4TB_3,529,920",0,0,0,0,0,0,0,0,0,0,0,0,0,0,0,0
49331657,MSI 소드 17 HX B14VGKG-i9 QHD WIN11,0,0,0,"_SSD 1TB_2,678,550|_SSD 2TB_2,846,610|SSD 4TB_3,800,000",0,0,0,0,0,0,0,0,0,0,0,0,0,0,0,0
49366253,MSI 소드 17 HX B14VGKG-i9 QHD WIN11 64GB램,0,0,0,"_SSD 1TB_3,261,400|_SSD 2TB_3,447,010|SSD 4TB_4,527,360",0,0,0,0,0,0,0,0,0,0,0,0,0,0,0,0
74551928,MSI 소드 GF66 A AI B8VE-R7,0,0,0,"SSD 512GB_2,298,000|_SSD 1TB_1,910,870|_SSD 2TB_2,080,150|SSD 4TB_3,599,000",0,0,0,0,0,0,0,0,0,0,0,0,0,0,0,0
75988640,MSI 소드 GF66 A AI B8VE-R7 16GB램,0,0,0,"_SSD 512GB_1,919,270|_SSD 1TB_2,102,060|SSD 2TB_2,275,020|SSD 4TB_3,599,000",0,0,0,0,0,0,0,0,0,0,0,0,0,0,0,0
76329158,MSI 소드 GF66 A AI B8VE-R7 32GB램,0,0,0,"_SSD 512GB_2,370,390|SSD 1TB_2,479,230|_SSD 2TB_2,632,010|SSD 4TB_3,799,000",0,0,0,0,0,0,0,0,0,0,0,0,0,0,0,0
76329170,MSI 소드 GF66 A AI B8VE-R7 64GB램,0,0,0,"_SSD 512GB_2,934,890|_SSD 1TB_3,047,630|SSD 2TB_3,215,890|SSD 4TB_3,999,000",0,0,0,0,0,0,0,0,0,0,0,0,0,0,0,0
75988631,MSI 소드 GF66 A AI B8VE-R7 WIN11,0,0,0,"_SSD 512GB_1,790,520|SSD 1TB_1,932,680|_SSD 2TB_2,145,380|SSD 4TB_3,599,000",0,0,0,0,0,0,0,0,0,0,0,0,0,0,0,0
75988661,MSI 소드 GF66 A AI B8VE-R7 WIN11 16GB램,0,0,0,"_SSD 512GB_2,015,370|_SSD 1TB_2,123,530|SSD 2TB_2,315,920|SSD 4TB_3,699,000",0,0,0,0,0,0,0,0,0,0,0,0,0,0,0,0
76071626,MSI 소드 GF66 A AI B8VE-R7 WIN11 32GB램,0,0,0,"_SSD 512GB_2,374,490|_SSD 1TB_2,480,220|SSD 2TB_2,458,000|SSD 4TB_3,790,000",0,0,0,0,0,0,0,0,0,0,0,0,0,0,0,0
76071599,MSI 소드 GF66 A AI B8VE-R7 WIN11 64GB램,0,0,0,"_SSD 512GB_2,956,430|SSD 1TB_3,064,600|_SSD 2TB_2,568,000|SSD 4TB_3,999,000",0,0,0,0,0,0,0,0,0,0,0,0,0,0,0,0
94205453,MSI 소드 GF66 HX B14WEK-i9 QHD,0,0,0,"_SSD 512GB_1,900,000|SSD 1TB_2,009,000|_SSD 2TB_2,069,000|SSD 4TB_3,000,000",0,0,0,0,0,0,0,0,0,0,0,0,0,0,0,0
94571081,MSI 소드 GF66 HX B14WEK-i9 QHD 32GB램,0,0,0,"_SSD 512GB_2,212,000|_SSD 1TB_2,279,000|SSD 2TB_2,329,000|SSD 4TB_3,500,000",0,0,0,0,0,0,0,0,0,0,0,0,0,0,0,0
94571099,MSI 소드 GF66 HX B14WEK-i9 QHD 64GB램,0,0,0,"_SSD 512GB_2,957,200|_SSD 1TB_3,053,220|SSD 2TB_3,238,420|SSD 4TB_4,500,000",0,0,0,0,0,0,0,0,0,0,0,0,0,0,0,0
94571123,MSI 소드 GF66 HX B14WEK-i9 QHD WIN11,0,0,0,"_SSD 512GB_1,900,000||_SSD 2TB_2,049,000|SSD 4TB_2,939,000",0,0,0,0,0,0,0,0,0,0,0,0,0,0,0,0
94571162,MSI 소드 GF66 HX B14WEK-i9 QHD WIN11 32GB램,0,0,0,"_SSD 512GB_2,249,000|_SSD 1TB_2,289,000||SSD 4TB_3,000,000",0,0,0,0,0,0,0,0,0,0,0,0,0,0,0,0
94571177,MSI 소드 GF66 HX B14WEK-i9 QHD WIN11 64GB램,0,0,0,"_SSD 512GB_2,978,870||_SSD 2TB_3,216,490|SSD 4TB_3,209,000",0,0,0,0,0,0,0,0,0,0,0,0,0,0,0,0
95203760,MSI 소드 GF66 HX B14WFK-i7 QHD,0,0,0,"_SSD 512GB_1,889,000|_SSD 1TB_1,957,720|SSD 2TB_2,123,910|SSD 4TB_2,650,000",0,0,0,0,0,0,0,0,0,0,0,0,0,0,0,0
95421632,MSI 소드 GF66 HX B14WFK-i7 QHD 32GB램,0,0,0,"_SSD 512GB_2,198,990|_SSD 1TB_2,299,000|SSD 2TB_2,467,280|SSD 4TB_3,300,000",0,0,0,0,0,0,0,0,0,0,0,0,0,0,0,0
95421677,MSI 소드 GF66 HX B14WFK-i7 QHD 64GB램,0,0,0,"_SSD 512GB_2,841,330|_SSD 1TB_2,952,370||SSD 4TB_3,500,000",0,0,0,0,0,0,0,0,0,0,0,0,0,0,0,0
95421728,MSI 소드 GF66 HX B14WFK-i7 QHD WIN11,0,0,0,"_SSD 512GB_1,874,600|_SSD 1TB_2,001,670|SSD 2TB_2,119,460|SSD 4TB_2,859,000",0,0,0,0,0,0,0,0,0,0,0,0,0,0,0,0
95421752,MSI 소드 GF66 HX B14WFK-i7 QHD WIN11 32GB램,0,0,0,"_SSD 512GB_2,210,600|_SSD 1TB_2,321,270|SSD 2TB_2,476,580|SSD 4TB_3,500,000",0,0,0,0,0,0,0,0,0,0,0,0,0,0,0,0
95421770,MSI 소드 GF66 HX B14WFK-i7 QHD WIN11 64GB램,0,0,0,"_SSD 512GB_2,861,880|_SSD 1TB_2,978,990||SSD 4TB_3,521,000",0,0,0,0,0,0,0,0,0,0,0,0,0,0,0,0
96482669,MSI 소드 GF66 HX B14WFK-i9 QHD,0,0,0,"_SSD 1TB_2,049,000|SSD 512GB_2,190,000|_SSD 2TB_2,119,000|SSD 4TB_2,610,000",0,0,0,0,0,0,0,0,0,0,0,0,0,0,0,0
96482768,MSI 소드 GF66 HX B14WFK-i9 QHD 32GB램,0,0,0,"_SSD 512GB_2,289,000|_SSD 1TB_2,329,000|SSD 2TB_2,379,000|SSD 4TB_3,300,000",0,0,0,0,0,0,0,0,0,0,0,0,0,0,0,0
96482825,MSI 소드 GF66 HX B14WFK-i9 QHD 64GB램,0,0,0,"_SSD 1TB_3,000,000|_SSD 512GB_2,975,620|SSD 2TB_3,200,000|SSD 4TB_3,400,000",0,0,0,0,0,0,0,0,0,0,0,0,0,0,0,0
96482879,MSI 소드 GF66 HX B14WFK-i9 QHD WIN11,0,0,0,"_SSD 1TB_2,049,000|_SSD 512GB_1,999,000|SSD 2TB_2,099,000|SSD 4TB_3,199,000",0,0,0,0,0,0,0,0,0,0,0,0,0,0,0,0
96482903,MSI 소드 GF66 HX B14WFK-i9 QHD WIN11 32GB램,0,0,0,"_SSD 512GB_2,289,000|_SSD 1TB_2,349,000|SSD 2TB_2,399,000|SSD 4TB_3,700,000",0,0,0,0,0,0,0,0,0,0,0,0,0,0,0,0
96482933,MSI 소드 GF66 HX B14WFK-i9 QHD WIN11 64GB램,0,0,0,"_SSD 512GB_2,996,180|_SSD 1TB_3,087,000|SSD 2TB_3,254,990|SSD 4TB_4,200,000",0,0,0,0,0,0,0,0,0,0,0,0,0,0,0,0
95203655,MSI 소드 GF76 HX B14WEK-i7 QHD,0,0,0,"_SSD 512GB_1,773,800|_SSD 1TB_1,984,000|SSD 2TB_2,095,130|SSD 4TB_2,735,390",0,0,0,0,0,0,0,0,0,0,0,0,0,0,0,0
95420636,MSI 소드 GF76 HX B14WEK-i7 QHD 32GB램,0,0,0,"_SSD 512GB_2,060,000|_SSD 1TB_2,154,000||",0,0,0,0,0,0,0,0,0,0,0,0,0,0,0,0
95420678,MSI 소드 GF76 HX B14WEK-i7 QHD 64GB램,0,0,0,"_SSD 512GB_2,692,000||_SSD 2TB_2,814,000|SSD 4TB_3,622,750",0,0,0,0,0,0,0,0,0,0,0,0,0,0,0,0
95420738,MSI 소드 GF76 HX B14WEK-i7 QHD WIN11,0,0,0,"_SSD 1TB_1,963,120|_SSD 512GB_1,804,170|SSD 2TB_2,154,440|SSD 4TB_2,474,000",0,0,0,0,0,0,0,0,0,0,0,0,0,0,0,0
95420753,MSI 소드 GF76 HX B14WEK-i7 QHD WIN11 32GB램,0,0,0,"_SSD 512GB_2,126,000|_SSD 1TB_2,186,000|SSD 2TB_2,251,000|SSD 4TB_3,158,390",0,0,0,0,0,0,0,0,0,0,0,0,0,0,0,0
95420780,MSI 소드 GF76 HX B14WEK-i7 QHD WIN11 64GB램,0,0,0,"_SSD 512GB_2,410,000||_SSD 2TB_2,790,000|SSD 4TB_3,099,000",0,0,0,0,0,0,0,0,0,0,0,0,0,0,0,0
91766357,MSI 소드 GF76 HX B14WFK-i7 QHD,0,0,0,"_SSD 512GB_1,849,000|_SSD 1TB_1,970,170|SSD 2TB_2,101,420|SSD 4TB_2,749,830",0,0,0,0,0,0,0,0,0,0,0,0,0,0,0,0
92103896,MSI 소드 GF76 HX B14WFK-i7 QHD 32GB램,0,0,0,"_SSD 512GB_2,134,000|_SSD 1TB_2,298,770|SSD 2TB_2,473,530|SSD 4TB_3,085,640",0,0,0,0,0,0,0,0,0,0,0,0,0,0,0,0
92103959,MSI 소드 GF76 HX B14WFK-i7 QHD 64GB램,0,0,0,"_SSD 512GB_2,838,760|_SSD 1TB_3,005,350|SSD 2TB_3,100,040|SSD 4TB_3,749,170",0,0,0,0,0,0,0,0,0,0,0,0,0,0,0,0
92104097,MSI 소드 GF76 HX B14WFK-i7 QHD WIN11,0,0,0,"_SSD 512GB_1,800,000|_SSD 1TB_1,941,490|SSD 2TB_2,107,720|SSD 4TB_2,772,990",0,0,0,0,0,0,0,0,0,0,0,0,0,0,0,0
92104118,MSI 소드 GF76 HX B14WFK-i7 QHD WIN11 32GB램,0,0,0,"_SSD 512GB_2,129,000|_SSD 1TB_2,358,890|SSD 2TB_2,481,000|SSD 4TB_3,108,570",0,0,0,0,0,0,0,0,0,0,0,0,0,0,0,0
92104166,MSI 소드 GF76 HX B14WFK-i7 QHD WIN11 64GB램,0,0,0,"SSD 512GB_2,853,820|_SSD 1TB_2,954,220|_SSD 2TB_3,101,430|SSD 4TB_3,791,950",0,0,0,0,0,0,0,0,0,0,0,0,0,0,0,0
99639191,MSI 소드 GF76 HX B14WFK-i9,0,0,0,"_SSD 512GB_2,050,000|_SSD 1TB_2,046,570|SSD 2TB_2,249,810|SSD 4TB_2,709,000",0,0,0,0,0,0,0,0,0,0,0,0,0,0,0,0
99741113,MSI 소드 GF76 HX B14WFK-i9 32GB램,0,0,0,"_SSD 512GB_2,281,360|_SSD 2TB_2,605,670|SSD 4TB_3,550,000",0,0,0,0,0,0,0,0,0,0,0,0,0,0,0,0
99741134,MSI 소드 GF76 HX B14WFK-i9 64GB램,0,0,0,"_SSD 512GB_2,921,880|_SSD 1TB_3,078,390|SSD 2TB_3,242,810|SSD 4TB_4,500,000",0,0,0,0,0,0,0,0,0,0,0,0,0,0,0,0
99741164,MSI 소드 GF76 HX B14WFK-i9 WIN11,0,0,0,"_SSD 512GB_1,907,580|_SSD 1TB_2,038,690|SSD 2TB_2,243,680|SSD 4TB_3,250,000",0,0,0,0,0,0,0,0,0,0,0,0,0,0,0,0
99741200,MSI 소드 GF76 HX B14WFK-i9 WIN11 32GB램,0,0,0,"_SSD 512GB_2,288,860|_SSD 1TB_2,418,100|SSD 2TB_2,626,220|SSD 4TB_3,650,000",0,0,0,0,0,0,0,0,0,0,0,0,0,0,0,0
99741212,MSI 소드 GF76 HX B14WFK-i9 WIN11 64GB램,0,0,0,"_SSD 512GB_2,945,010|SSD 1TB_3,176,180|_SSD 2TB_3,357,950|SSD 4TB_4,598,000",0,0,0,0,0,0,0,0,0,0,0,0,0,0,0,0
91634681,MSI 소드 GF76 HX B14WGK-i7 QHD,0,0,0,"_SSD 1TB_2,590,000|_SSD 2TB_2,398,550|SSD 4TB_3,237,650",0,0,0,0,0,0,0,0,0,0,0,0,0,0,0,0
91907216,MSI 소드 GF76 HX B14WGK-i7 QHD 32GB램,0,0,0,"_SSD 1TB_2,653,650|_SSD 2TB_2,792,350|SSD 4TB_3,300,000",0,0,0,0,0,0,0,0,0,0,0,0,0,0,0,0
91907225,MSI 소드 GF76 HX B14WGK-i7 QHD 64GB램,0,0,0,"_SSD 1TB_3,186,570|_SSD 2TB_3,307,000|SSD 4TB_3,614,000",0,0,0,0,0,0,0,0,0,0,0,0,0,0,0,0
91907240,MSI 소드 GF76 HX B14WGK-i7 QHD WIN11,0,0,0,"_SSD 1TB_2,250,320|_SSD 2TB_2,469,550|SSD 4TB_3,227,170",0,0,0,0,0,0,0,0,0,0,0,0,0,0,0,0
91907252,MSI 소드 GF76 HX B14WGK-i7 QHD WIN11 32GB램,0,0,0,"_SSD 1TB_2,607,900|_SSD 2TB_2,738,100|SSD 4TB_3,502,000",0,0,0,0,0,0,0,0,0,0,0,0,0,0,0,0
91907261,MSI 소드 GF76 HX B14WGK-i7 QHD WIN11 64GB램,0,0,0,"SSD 1TB_3,209,410|_SSD 2TB_3,335,000|_SSD 4TB_3,660,000",0,0,0,0,0,0,0,0,0,0,0,0,0,0,0,0
105551033,MSI 소드 GF76 HX B14WGK-i7 QHD 에어,0,0,0,"_SSD 512GB_2,092,260|_SSD 1TB_2,245,570|SSD 2TB_2,397,630",0,0,0,0,0,0,0,0,0,0,0,0,0,0,0,0
106763594,MSI 소드 GF76 HX B14WGK-i7 QHD 에어 WIN11,0,0,0,"_SSD 512GB_2,192,480|_SSD 1TB_2,266,260|SSD 2TB_2,414,780|",0,0,0,0,0,0,0,0,0,0,0,0,0,0,0,0
106763603,MSI 소드 GF76 HX B14WGK-i7 QHD 에어 WIN11 32GB램,0,0,0,"SSD 512GB_2,563,590|_SSD 1TB_2,658,710|_SSD 2TB_2,797,720|",0,0,0,0,0,0,0,0,0,0,0,0,0,0,0,0
106763612,MSI 소드 GF76 HX B14WGK-i7 QHD 에어 WIN11 64GB램,0,0,0,"SSD 512GB_3,167,570|_SSD 1TB_3,271,970|_SSD 2TB_3,441,250|",0,0,0,0,0,0,0,0,0,0,0,0,0,0,0,0
91766426,MSI 소드 GF76 HX B14WGK-i9 QHD,0,0,0,"_SSD 1TB_2,418,990|_SSD 2TB_2,499,990|SSD 4TB_3,283,680",0,0,0,0,0,0,0,0,0,0,0,0,0,0,0,0
92146205,MSI 소드 GF76 HX B14WGK-i9 QHD 32GB램,0,0,0,"_SSD 1TB_2,687,730|_SSD 2TB_2,915,850|SSD 4TB_3,643,950",0,0,0,0,0,0,0,0,0,0,0,0,0,0,0,0
92146214,MSI 소드 GF76 HX B14WGK-i9 QHD 64GB램,0,0,0,"_SSD 1TB_3,360,010|_SSD 2TB_3,529,210|SSD 4TB_4,398,260",0,0,0,0,0,0,0,0,0,0,0,0,0,0,0,0
92104448,MSI 소드 GF76 HX B14WGK-i9 QHD WIN11,0,0,0,"_SSD 1TB_2,368,750|_SSD 2TB_2,562,240|SSD 4TB_3,288,000",0,0,0,0,0,0,0,0,0,0,0,0,0,0,0,0
92104460,MSI 소드 GF76 HX B14WGK-i9 QHD WIN11 32GB램,0,0,0,"_SSD 1TB_2,717,660|_SSD 2TB_2,915,990|SSD 4TB_3,598,000",0,0,0,0,0,0,0,0,0,0,0,0,0,0,0,0
92104469,MSI 소드 GF76 HX B14WGK-i9 QHD WIN11 64GB램,0,0,0,"_SSD 1TB_3,356,050|_SSD 2TB_3,524,040|SSD 4TB_4,407,690",0,0,0,0,0,0,0,0,0,0,0,0,0,0,0,0
74804588,MSI 스텔스 14 AI Studio A1VFG-U7 퓨어 화이트,0,0,0,"_SSD 1TB_3,990,000|_SSD 2TB_3,190,000|SSD 4TB_3,990,000",0,0,0,0,0,0,0,0,0,0,0,0,0,0,0,0
75465500,MSI 스텔스 14 AI Studio A1VFG-U7 퓨어 화이트 32GB램,0,0,0,"_SSD 1TB_3,390,000|_SSD 2TB_3,590,000|SSD 4TB_3,990,000",0,0,0,0,0,0,0,0,0,0,0,0,0,0,0,0
75465521,MSI 스텔스 14 AI Studio A1VFG-U7 퓨어 화이트 64GB램,0,0,0,"_SSD 1TB_3,713,000|_SSD 2TB_3,990,000|SSD 4TB_4,300,000",0,0,0,0,0,0,0,0,0,0,0,0,0,0,0,0
75465548,MSI 스텔스 14 AI Studio A1VFG-U7 퓨어 화이트 WIN11,0,0,0,"_SSD 1TB_3,102,000|_SSD 2TB_3,210,000|SSD 4TB_3,990,000",0,0,0,0,0,0,0,0,0,0,0,0,0,0,0,0
75465566,MSI 스텔스 14 AI Studio A1VFG-U7 퓨어 화이트 WIN11 32GB램,0,0,0,"_SSD 1TB_3,390,000|_SSD 2TB_3,640,000|SSD 4TB_3,870,000",0,0,0,0,0,0,0,0,0,0,0,0,0,0,0,0
75465575,MSI 스텔스 14 AI Studio A1VFG-U7 퓨어 화이트 WIN11 64GB램,0,0,0,"_SSD 1TB_3,790,000|_SSD 2TB_3,990,000|SSD 4TB_4,400,000",0,0,0,0,0,0,0,0,0,0,0,0,0,0,0,0
47609984,MSI 스텔스 14 AI Studio A1VFG-U9 OLED,0,0,0,"_SSD 1TB_3,989,000|_SSD 2TB_4,719,000|SSD 4TB_4,849,000",0,0,0,0,0,0,0,0,0,0,0,0,0,0,0,0
48312854,MSI 스텔스 14 AI Studio A1VFG-U9 OLED 32GB램,0,0,0,"_SSD 1TB_5,209,000|_SSD 2TB_5,289,000|SSD 4TB_4,969,000",0,0,0,0,0,0,0,0,0,0,0,0,0,0,0,0
48323954,MSI 스텔스 14 AI Studio A1VFG-U9 OLED 64GB램,0,0,0,"_SSD 1TB_4,839,000|_SSD 2TB_3,975,200|SSD 4TB_6,049,000",0,0,0,0,0,0,0,0,0,0,0,0,0,0,0,0
48305450,MSI 스텔스 14 AI Studio A1VFG-U9 OLED WIN11,0,0,0,"_SSD 1TB_4,669,000|_SSD 2TB_4,739,000|SSD 4TB_4,879,000",0,0,0,0,0,0,0,0,0,0,0,0,0,0,0,0
48319268,MSI 스텔스 14 AI Studio A1VFG-U9 OLED WIN11 32GB램,0,0,0,"_SSD 1TB_5,249,000|_SSD 2TB_5,309,000|SSD 4TB_5,449,000",0,0,0,0,0,0,0,0,0,0,0,0,0,0,0,0
48371354,MSI 스텔스 14 AI Studio A1VFG-U9 OLED WIN11 64GB램,0,0,0,"_SSD 1TB_5,530,000|_SSD 2TB_5,610,000|SSD 4TB_5,865,000",0,0,0,0,0,0,0,0,0,0,0,0,0,0,0,0
49267880,MSI 스텔스 16 AI Studio A1VFG-U9 QHD 32GB램,0,0,0,"_SSD 1TB_3,999,000|_SSD 2TB_3,597,000|SSD 4TB_3,838,000",0,0,0,0,0,0,0,0,0,0,0,0,0,0,0,0
49288724,MSI 스텔스 16 AI Studio A1VFG-U9 QHD 64GB램,0,0,0,"_SSD 1TB_4,190,000|_SSD 2TB_4,299,000|SSD 4TB_3,988,000",0,0,0,0,0,0,0,0,0,0,0,0,0,0,0,0
49276025,MSI 스텔스 16 AI Studio A1VFG-U9 QHD WIN11 32GB램,0,0,0,"_SSD 1TB_3,499,000|_SSD 2TB_3,529,000|SSD 4TB_3,889,000",0,0,0,0,0,0,0,0,0,0,0,0,0,0,0,0
49288742,MSI 스텔스 16 AI Studio A1VFG-U9 QHD WIN11 64GB램,0,0,0,"_SSD 1TB_3,798,000|_SSD 2TB_3,789,000|SSD 4TB_4,990,000",0,0,0,0,0,0,0,0,0,0,0,0,0,0,0,0
51804059,MSI 스텔스 16 AI Studio A1VGG-U9 QHD W11,0,0,0,"_SSD 1TB_6,516,000|_SSD 2TB_5,717,000|SSD 4TB_6,024,000",0,0,0,0,0,0,0,0,0,0,0,0,0,0,0,0
52153649,MSI 스텔스 16 AI Studio A1VGG-U9 QHD W11 64GB램,0,0,0,"_SSD 1TB_5,705,000|_SSD 2TB_6,490,000|SSD 4TB_6,990,000",0,0,0,0,0,0,0,0,0,0,0,0,0,0,0,0
123133930,MSI 스텔스 16 AI+ B3WGX-U9 QHD+ OLED,0,0,0,"_SSD 1TB_4,509,340|_SSD 2TB_5,044,550|SSD 4TB_5,590,100",0,0,0,0,0,0,0,0,0,0,0,0,0,0,0,0
123742380,MSI 스텔스 16 AI+ B3WGX-U9 QHD+ OLED 64GB램,0,0,0,"_SSD 1TB_5,359,260|_SSD 2TB_5,485,640|SSD 4TB_6,260,050",0,0,0,0,0,0,0,0,0,0,0,0,0,0,0,0
123742384,MSI 스텔스 16 AI+ B3WGX-U9 QHD+ OLED WIN11,0,0,0,"_SSD 1TB_4,815,880|_SSD 2TB_5,061,790|SSD 4TB_5,576,770",0,0,0,0,0,0,0,0,0,0,0,0,0,0,0,0
123742386,MSI 스텔스 16 AI+ B3WGX-U9 QHD+ OLED WIN11 64GB램,0,0,0,"_SSD 1TB_5,370,680|_SSD 2TB_5,578,950|SSD 4TB_6,284,480",0,0,0,0,0,0,0,0,0,0,0,0,0,0,0,0
122931307,MSI 스텔스 16 AI+ B3WI-U9 QHD+ OLED,0,0,0,"_SSD 1TB_5,619,000|_SSD 2TB_6,206,700|SSD 4TB_6,689,970",0,0,0,0,0,0,0,0,0,0,0,0,0,0,0,0
62069975,MSI 스텔스 16 Mercedes-AMG A1VGG OLED W11,0,0,0,"_SSD 1TB_4,299,000|_SSD 2TB_4,545,600|SSD 4TB_4,690,000",0,0,0,0,0,0,0,0,0,0,0,0,0,0,0,0
63078242,MSI 스텔스 16 Mercedes-AMG A1VGG OLED W11 64GB램,0,0,0,"_SSD 1TB_4,079,000|_SSD 2TB_4,599,000|SSD 4TB_4,490,000",0,0,0,0,0,0,0,0,0,0,0,0,0,0,0,0
19644503,MSI 스텔스 17 Studio A13VG QHD,0,0,0,"_SSD 1TB_2,677,000|_SSD 2TB_3,087,000|SSD 1TB + SSD 1TB_3,087,000",0,0,0,0,0,0,0,0,0,0,0,0,0,0,0,0
19712147,MSI 스텔스 17 Studio A13VG QHD 32GB램,0,0,0,"_SSD 1TB_3,089,000|_SSD 2TB_3,249,000",0,0,0,0,0,0,0,0,0,0,0,0,0,0,0,0
19712210,MSI 스텔스 17 Studio A13VG QHD 64GB램,0,0,0,"_SSD 1TB_3,189,000|_SSD 2TB_2,419,000",0,0,0,0,0,0,0,0,0,0,0,0,0,0,0,0
19711916,MSI 스텔스 17 Studio A13VG QHD WIN11,0,0,0,"_SSD 1TB_3,059,000|_SSD 2TB_3,239,000|SSD 1TB + SSD 1TB_3,789,000",0,0,0,0,0,0,0,0,0,0,0,0,0,0,0,0
19712087,MSI 스텔스 17 Studio A13VG QHD WIN11 32GB램,0,0,0,"_SSD 1TB_3,159,000|_SSD 2TB_3,189,000|SSD 1TB + SSD 1TB_3,689,000",0,0,0,0,0,0,0,0,0,0,0,0,0,0,0,0
19712201,MSI 스텔스 17 Studio A13VG QHD WIN11 64GB램,0,0,0,"_SSD 1TB_4,490,000|_SSD 2TB_4,690,000|SSD 1TB + SSD 1TB_3,789,000|SSD 2TB + SSD 2TB_5,990,000",0,0,0,0,0,0,0,0,0,0,0,0,0,0,0,0
19644677,MSI 스텔스 17 Studio A13VG-i9 QHD,0,0,0,"SSD 1TB_2,859,000|_SSD 2TB_3,990,000|_SSD 1TB + SSD 1TB_3,990,000",0,0,0,0,0,0,0,0,0,0,0,0,0,0,0,0
19790129,MSI 스텔스 17 Studio A13VG-i9 QHD 32GB램,0,0,0,"_SSD 1TB_3,590,000|_SSD 2TB_4,090,000",0,0,0,0,0,0,0,0,0,0,0,0,0,0,0,0
19790168,MSI 스텔스 17 Studio A13VG-i9 QHD 64GB램,0,0,0,"_SSD 1TB_4,190,000|_SSD 2TB_4,290,000",0,0,0,0,0,0,0,0,0,0,0,0,0,0,0,0
19789343,MSI 스텔스 17 Studio A13VG-i9 QHD WIN11,0,0,0,"_SSD 1TB_3,854,390|_SSD 2TB_3,933,110",0,0,0,0,0,0,0,0,0,0,0,0,0,0,0,0
19790120,MSI 스텔스 17 Studio A13VG-i9 QHD WIN11 32GB램,0,0,0,"_SSD 1TB_3,931,190|_SSD 2TB_3,990,000|SSD 1TB + SSD 1TB_3,950,000",0,0,0,0,0,0,0,0,0,0,0,0,0,0,0,0
19790162,MSI 스텔스 17 Studio A13VG-i9 QHD WIN11 64GB램,0,0,0,"_SSD 1TB_4,127,030|_SSD 2TB_4,090,000|SSD 1TB + SSD 1TB_4,290,000|SSD 2TB + SSD 2TB_4,490,000",0,0,0,0,0,0,0,0,0,0,0,0,0,0,0,0
73122101,MSI 스텔스 18 AI Studio A1VGG-U9 QHD,0,0,0,"_SSD 1TB_4,798,000|_SSD 2TB_4,164,480|SSD 4TB_4,884,480",0,0,0,0,0,0,0,0,0,0,0,0,0,0,0,0
74422280,MSI 스텔스 18 AI Studio A1VGG-U9 QHD 64GB램,0,0,0,"_SSD 1TB_4,118,400|_SSD 2TB_4,243,200|SSD 4TB_4,790,400",0,0,0,0,0,0,0,0,0,0,0,0,0,0,0,0
73762046,MSI 스텔스 18 AI Studio A1VGG-U9 QHD WIN11,0,0,0,"_SSD 1TB_3,969,760|_SSD 2TB_4,045,490|SSD 4TB_4,769,280",0,0,0,0,0,0,0,0,0,0,0,0,0,0,0,0
73762067,MSI 스텔스 18 AI Studio A1VGG-U9 QHD WIN11 64GB램,0,0,0,"_SSD 1TB_4,222,080|_SSD 2TB_4,325,760|SSD 4TB_4,931,520",0,0,0,0,0,0,0,0,0,0,0,0,0,0,0,0
53416964,MSI 스텔스 18 AI Studio A1VHG-U9 4K Mini LED W11,0,0,0,"_SSD 2TB_6,499,000|_SSD 4TB_6,144,000",0,0,0,0,0,0,0,0,0,0,0,0,0,0,0,0
53417081,MSI 스텔스 18 AI Studio A1VHG-U9 4K Mini LED W11 64GB램,0,0,0,"_SSD 2TB_4,833,000|_SSD 4TB_6,384,000",0,0,0,0,0,0,0,0,0,0,0,0,0,0,0,0
51812177,MSI 스텔스 18 AI Studio A1VIG-U9 4K Mini LED W11,0,0,0,"_SSD 2TB_9,980,000|_SSD 4TB_8,498,000",0,0,0,0,0,0,0,0,0,0,0,0,0,0,0,0
56144351,MSI 스텔스 18 AI Studio A1VIG-U9 4K Mini LED W11 64GB램,0,0,0,"SSD 2TB_8,990,000",0,0,0,0,0,0,0,0,0,0,0,0,0,0,0,0
80601134,MSI 스텔스 18 HX AI A2XWHG-U9 QHD+,0,0,0,"_SSD 1TB_5,890,000|_SSD 2TB_4,170,000|SSD 4TB_4,800,000",0,0,0,0,0,0,0,0,0,0,0,0,0,0,0,0
82377512,MSI 스텔스 18 HX AI A2XWHG-U9 QHD+ 64GB램,0,0,0,"_SSD 1TB_5,366,190|SSD 2TB_5,615,890|_SSD 4TB_6,191,890",0,0,0,0,0,0,0,0,0,0,0,0,0,0,0,0
82391096,MSI 스텔스 18 HX AI A2XWHG-U9 QHD+ WIN11,0,0,0,"_SSD 1TB_4,698,000|SSD 2TB_4,749,000|_SSD 4TB_4,686,000",0,0,0,0,0,0,0,0,0,0,0,0,0,0,0,0
82397180,MSI 스텔스 18 HX AI A2XWHG-U9 QHD+ WIN11 64GB램,0,0,0,"_SSD 1TB_4,979,440|_SSD 2TB_5,119,560|SSD 4TB_4,800,000",0,0,0,0,0,0,0,0,0,0,0,0,0,0,0,0
79556942,MSI 스텔스 18 HX AI A2XWIG-U9 UHD+ Mini LED W11,0,0,0,"_SSD 2TB_6,190,000|SSD 4TB_7,419,840|_SSD 6TB_8,161,920",0,0,0,0,0,0,0,0,0,0,0,0,0,0,0,0
62565272,MSI 스텔스 18 Mercedes-AMG A1VHG-U9 4K Mini LED W11,0,0,0,"_SSD 1TB_5,990,000|_SSD 2TB_4,696,000|SSD 4TB_5,654,400",0,0,0,0,0,0,0,0,0,0,0,0,0,0,0,0
63028817,MSI 스텔스 18 Mercedes-AMG A1VHG-U9 4K Mini LED W11 64GB램,0,0,0,"_SSD 1TB_4,846,000|_SSD 2TB_4,949,000|SSD 4TB_6,290,000",0,0,0,0,0,0,0,0,0,0,0,0,0,0,0,0
68777309,MSI 스텔스 A16 AI+ A3XVGG-R9 4K Mini LED W11,0,0,0,"_SSD 1TB_4,369,920|_SSD 2TB_4,199,000|SSD 4TB_5,297,000",0,0,0,0,0,0,0,0,0,0,0,0,0,0,0,0
80548349,MSI 스텔스 A16 AI+ A3XWHG-R9 QHD+ OLED,0,0,0,"SSD 1TB_5,098,000|_SSD 2TB_4,887,990|_SSD 4TB_5,317,990",0,0,0,0,0,0,0,0,0,0,0,0,0,0,0,0
81977825,MSI 스텔스 A16 AI+ A3XWHG-R9 QHD+ OLED WIN11,0,0,0,"_SSD 1TB_4,767,990|_SSD 2TB_4,917,990|SSD 4TB_5,347,990",0,0,0,0,0,0,0,0,0,0,0,0,0,0,0,0
86100974,MSI 스텔스 A16 AI+ A3XWJG-R9 QHD+ OLED W11,0,0,0,"_SSD 4TB_8,528,910|SSD 6TB_8,870,000|_SSD 8TB_9,677,430",0,0,0,0,0,0,0,0,0,0,0,0,0,0,0,0
94634375,MSI 스텔스 A16 MercedesAMG AI+ A3XWGG-R9 QHD+ OLED W11,0,0,0,"_SSD 1TB_3,899,000|_SSD 2TB_3,899,000|SSD 4TB_5,351,000",0,0,0,0,0,0,0,0,0,0,0,0,0,0,0,0
95057702,MSI 스텔스 A16 MercedesAMG AI+ A3XWGG-R9 QHD+ OLED W11 64GB램,0,0,0,"_SSD 1TB_4,029,000|_SSD 2TB_4,099,000|SSD 4TB_5,990,000",0,0,0,0,0,0,0,0,0,0,0,0,0,0,0,0
90437588,MSI 스텔스 A18 AI+ A3XWHG-R9 QHD+,0,0,0,"_SSD 1TB_5,149,000|_SSD 2TB_5,318,120|SSD 4TB_5,933,000",0,0,0,0,0,0,0,0,0,0,0,0,0,0,0,0
91561073,MSI 스텔스 A18 AI+ A3XWHG-R9 QHD+ 64GB램,0,0,0,"_SSD 1TB_5,385,510|_SSD 2TB_5,568,000|SSD 4TB_6,131,000",0,0,0,0,0,0,0,0,0,0,0,0,0,0,0,0
91561082,MSI 스텔스 A18 AI+ A3XWHG-R9 QHD+ WIN11,0,0,0,"_SSD 1TB_5,276,070|_SSD 2TB_5,342,310|SSD 4TB_5,964,390",0,0,0,0,0,0,0,0,0,0,0,0,0,0,0,0
91561097,MSI 스텔스 A18 AI+ A3XWHG-R9 QHD+ WIN11 64GB램,0,0,0,"_SSD 1TB_5,470,080|_SSD 2TB_4,839,000|SSD 4TB_6,218,880",0,0,0,0,0,0,0,0,0,0,0,0,0,0,0,0
52368041,MSI 써밋 E13 AI Evo A1MTG-U7 W11,0,0,0,"_SSD 1TB_3,199,000|_SSD 2TB_2,258,880|SSD 4TB_2,689,000",0,0,0,0,0,0,0,0,0,0,0,0,0,0,0,0
14170982,MSI 써밋 E13 Flip EVO A11MT 블랙,0,0,0,"_SSD 1TB_2,690,000|_SSD 2TB_2,990,000",0,0,0,0,0,0,0,0,0,0,0,0,0,0,0,0
14171045,MSI 써밋 E13 Flip EVO A11MT 화이트,0,0,0,"_SSD 1TB_2,690,000|_SSD 2TB_2,990,000",0,0,0,0,0,0,0,0,0,0,0,0,0,0,0,0
16630916,MSI 써밋 E13 Flip Evo A12MT W11,0,0,0,"SSD 1TB_2,270,000",0,0,0,0,0,0,0,0,0,0,0,0,0,0,0,0
19563836,MSI 써밋 E13 Flip Evo A13MT W11,0,0,0,"SSD 2TB_2,230,000",0,0,0,0,0,0,0,0,0,0,0,0,0,0,0,0
51784541,MSI 써밋 E16 AI Studio A1VFTG-U7 W11,0,0,0,"_SSD 1TB_4,990,000|_SSD 2TB_5,490,000|SSD 4TB_5,990,000",0,0,0,0,0,0,0,0,0,0,0,0,0,0,0,0
19476104,MSI 써밋 E16 Flip A13VET,0,0,0,"_SSD 1TB_2,690,000|_SSD 2TB_2,890,000",0,0,0,0,0,0,0,0,0,0,0,0,0,0,0,0
20008619,MSI 써밋 E16 Flip A13VET WIN11,0,0,0,"_SSD 1TB_2,790,000|_SSD 2TB_2,990,000",0,0,0,0,0,0,0,0,0,0,0,0,0,0,0,0
15701663,MSI 써밋 E16 Flip EVO A11MT,0,0,0,"SSD 2TB_2,090,000",0,0,0,0,0,0,0,0,0,0,0,0,0,0,0,0
53781212,MSI 씬 15 B12UC-i5,0,0,0,"_SSD 512GB_1,098,000|_SSD 1TB_1,559,000|SSD 2TB_1,634,000",0,0,0,0,0,0,0,0,0,0,0,0,0,0,0,0
53877911,MSI 씬 15 B12UC-i5 16GB램,0,0,0,"_SSD 512GB_1,485,000|_SSD 1TB_1,524,000|SSD 2TB_1,639,000",0,0,0,0,0,0,0,0,0,0,0,0,0,0,0,0
53877938,MSI 씬 15 B12UC-i5 32GB램,0,0,0,"_SSD 512GB_1,990,000|_SSD 1TB_2,099,000|SSD 2TB_2,199,000",0,0,0,0,0,0,0,0,0,0,0,0,0,0,0,0
53877986,MSI 씬 15 B12UC-i5 64GB램,0,0,0,"_SSD 512GB_2,990,000|_SSD 1TB_3,290,000|SSD 2TB_3,490,000",0,0,0,0,0,0,0,0,0,0,0,0,0,0,0,0
53878040,MSI 씬 15 B12UC-i5 WIN11,0,0,0,"_SSD 512GB_2,219,000|_SSD 1TB_2,299,000|SSD 2TB_2,399,000|SSD 4TB_2,099,000",0,0,0,0,0,0,0,0,0,0,0,0,0,0,0,0
53878268,MSI 씬 15 B12UC-i5 WIN11 16GB램,0,0,0,"_SSD 512GB_2,359,000|_SSD 1TB_2,399,000|SSD 2TB_2,599,000|SSD 4TB_1,899,000",0,0,0,0,0,0,0,0,0,0,0,0,0,0,0,0
53878298,MSI 씬 15 B12UC-i5 WIN11 32GB램,0,0,0,"_SSD 512GB_2,990,000|_SSD 1TB_3,290,000|SSD 2TB_3,490,000|SSD 4TB_1,999,000",0,0,0,0,0,0,0,0,0,0,0,0,0,0,0,0
53878346,MSI 씬 15 B12UC-i5 WIN11 64GB램,0,0,0,"_SSD 512GB_3,690,000|_SSD 1TB_3,790,000|SSD 2TB_3,990,000|SSD 4TB_2,199,000",0,0,0,0,0,0,0,0,0,0,0,0,0,0,0,0
53416529,MSI 씬 15 B12UCX-i5,0,0,0,"_SSD 512GB_1,550,000|_SSD 1TB_1,399,000|SSD 2TB_1,499,000|SSD 4TB_1,799,000",0,0,0,0,0,0,0,0,0,0,0,0,0,0,0,0
53416580,MSI 씬 15 B12UCX-i5 16GB램,0,0,0,"_SSD 512GB_3,290,000|_SSD 1TB_3,299,000|SSD 2TB_1,959,000|SSD 4TB_2,099,000",0,0,0,0,0,0,0,0,0,0,0,0,0,0,0,0
53416664,MSI 씬 15 B12UCX-i5 32GB램,0,0,0,"_SSD 512GB_1,899,000|_SSD 1TB_1,999,000|SSD 2TB_2,059,000|SSD 4TB_2,199,000",0,0,0,0,0,0,0,0,0,0,0,0,0,0,0,0
53416856,MSI 씬 15 B12UCX-i5 64GB램,0,0,0,"_SSD 512GB_2,159,000|_SSD 1TB_2,199,000|SSD 2TB_2,299,000|SSD 4TB_2,499,000",0,0,0,0,0,0,0,0,0,0,0,0,0,0,0,0
53416565,MSI 씬 15 B12UCX-i5 WIN11,0,0,0,"_SSD 512GB_1,499,000|_SSD 1TB_1,599,000|SSD 2TB_1,699,000|SSD 4TB_1,899,000",0,0,0,0,0,0,0,0,0,0,0,0,0,0,0,0
53416589,MSI 씬 15 B12UCX-i5 WIN11 16GB램,0,0,0,"_SSD 512GB_1,860,000|_SSD 2TB_1,990,000|SSD 4TB_2,199,000",0,0,0,0,0,0,0,0,0,0,0,0,0,0,0,0
53416649,MSI 씬 15 B12UCX-i5 WIN11 32GB램,0,0,0,"_SSD 512GB_2,290,000|_SSD 1TB_2,490,000|SSD 2TB_2,690,000|SSD 4TB_2,299,000",0,0,0,0,0,0,0,0,0,0,0,0,0,0,0,0
53416838,MSI 씬 15 B12UCX-i5 WIN11 64GB램,0,0,0,"_SSD 512GB_2,199,000|_SSD 1TB_1,899,000|SSD 2TB_2,299,000|SSD 4TB_2,499,000",0,0,0,0,0,0,0,0,0,0,0,0,0,0,0,0
51757952,MSI 씬 15 B12VE-i5,0,0,0,"_SSD 512GB_2,860,000|_SSD 1TB_1,739,000|SSD 2TB_1,826,000|SSD 4TB_2,299,000",0,0,0,0,0,0,0,0,0,0,0,0,0,0,0,0
53416685,MSI 씬 15 B12VE-i5 16GB램,0,0,0,"_SSD 512GB_1,669,000|_SSD 1TB_1,779,000|SSD 2TB_3,390,000|SSD 4TB_2,299,000",0,0,0,0,0,0,0,0,0,0,0,0,0,0,0,0
53416745,MSI 씬 15 B12VE-i5 32GB램,0,0,0,"SSD 512GB_3,490,000|_SSD 1TB_2,150,000|_SSD 2TB_2,350,000|SSD 4TB_2,699,000",0,0,0,0,0,0,0,0,0,0,0,0,0,0,0,0
53416754,MSI 씬 15 B12VE-i5 64GB램,0,0,0,"_SSD 512GB_2,290,000|_SSD 1TB_2,390,000|SSD 2TB_2,490,000|SSD 4TB_3,199,000",0,0,0,0,0,0,0,0,0,0,0,0,0,0,0,0
53416658,MSI 씬 15 B12VE-i5 WIN11,0,0,0,"_SSD 512GB_1,798,000|_SSD 1TB_1,847,000|SSD 2TB_1,929,000|SSD 4TB_2,399,000",0,0,0,0,0,0,0,0,0,0,0,0,0,0,0,0
53416697,MSI 씬 15 B12VE-i5 WIN11 16GB램,0,0,0,"_SSD 512GB_1,847,000|_SSD 1TB_1,898,000|SSD 2TB_1,979,000|SSD 4TB_2,399,000",0,0,0,0,0,0,0,0,0,0,0,0,0,0,0,0
53416706,MSI 씬 15 B12VE-i5 WIN11 32GB램,0,0,0,"_SSD 512GB_1,899,000|_SSD 1TB_1,964,000|SSD 2TB_2,054,000|SSD 4TB_2,999,000",0,0,0,0,0,0,0,0,0,0,0,0,0,0,0,0
53416724,MSI 씬 15 B12VE-i5 WIN11 64GB램,0,0,0,"_SSD 512GB_2,590,000|_SSD 1TB_2,690,000|SSD 2TB_3,206,000|SSD 4TB_3,199,000",0,0,0,0,0,0,0,0,0,0,0,0,0,0,0,0
62635205,MSI 씬 15 B13VE,0,0,0,"SSD 512GB_1,390,000|_SSD 1TB_1,369,000|_SSD 2TB_1,498,000",0,0,0,0,0,0,0,0,0,0,0,0,0,0,0,0
62790758,MSI 씬 15 B13VE 16GB램,0,0,0,"_SSD 512GB_1,535,960|_SSD 1TB_1,668,440|SSD 2TB_1,814,360|SSD 4TB_3,299,000",0,0,0,0,0,0,0,0,0,0,0,0,0,0,0,0
62790767,MSI 씬 15 B13VE 32GB램,0,0,0,"_SSD 512GB_1,891,160|_SSD 1TB_2,255,000|SSD 2TB_2,227,160|SSD 4TB_3,099,000",0,0,0,0,0,0,0,0,0,0,0,0,0,0,0,0
62790782,MSI 씬 15 B13VE 64GB램,0,0,0,"_SSD 512GB_2,348,000|_SSD 1TB_2,498,000|SSD 2TB_2,596,000|SSD 4TB_3,499,000",0,0,0,0,0,0,0,0,0,0,0,0,0,0,0,0
62790821,MSI 씬 15 B13VE WIN11,0,0,0,"SSD 512GB_1,403,480|_SSD 1TB_1,562,840|_SSD 2TB_1,680,920|SSD 4TB_2,799,000",0,0,0,0,0,0,0,0,0,0,0,0,0,0,0,0
62790848,MSI 씬 15 B13VE WIN11 16GB램,0,0,0,"_SSD 512GB_1,534,040|_SSD 1TB_1,695,320|SSD 2TB_1,812,440|SSD 4TB_3,399,000",0,0,0,0,0,0,0,0,0,0,0,0,0,0,0,0
62790863,MSI 씬 15 B13VE WIN11 32GB램,0,0,0,"_SSD 512GB_1,900,760|SSD 1TB_2,073,560|_SSD 2TB_2,234,840|SSD 4TB_3,399,000",0,0,0,0,0,0,0,0,0,0,0,0,0,0,0,0
62790890,MSI 씬 15 B13VE WIN11 64GB램,0,0,0,"SSD 512GB_2,550,000|_SSD 1TB_2,589,000|_SSD 2TB_2,689,000|SSD 4TB_4,190,000",0,0,0,0,0,0,0,0,0,0,0,0,0,0,0,0
74551289,MSI 씬 15 B13VE-i5,0,0,0,"_SSD 512GB_1,749,000|_SSD 1TB_1,912,000|SSD 2TB_2,012,000|SSD 4TB_3,499,000",0,0,0,0,0,0,0,0,0,0,0,0,0,0,0,0
74997593,MSI 씬 15 B13VE-i5 32GB램,0,0,0,"_SSD 512GB_1,982,000|_SSD 1TB_2,032,000|SSD 2TB_2,099,000|SSD 4TB_3,599,000",0,0,0,0,0,0,0,0,0,0,0,0,0,0,0,0
74997602,MSI 씬 15 B13VE-i5 64GB램,0,0,0,"_SSD 512GB_2,268,000|_SSD 1TB_2,348,000|SSD 2TB_2,468,000|SSD 4TB_3,799,000",0,0,0,0,0,0,0,0,0,0,0,0,0,0,0,0
74997638,MSI 씬 15 B13VE-i5 WIN11,0,0,0,"_SSD 512GB_1,568,000|_SSD 1TB_1,648,000|SSD 2TB_1,798,000|SSD 4TB_3,499,000",0,0,0,0,0,0,0,0,0,0,0,0,0,0,0,0
74997662,MSI 씬 15 B13VE-i5 WIN11 32GB램,0,0,0,"_SSD 512GB_1,718,000|_SSD 1TB_1,798,000|SSD 2TB_1,948,000|SSD 4TB_3,599,000",0,0,0,0,0,0,0,0,0,0,0,0,0,0,0,0
74997671,MSI 씬 15 B13VE-i5 WIN11 64GB램,0,0,0,"_SSD 512GB_2,368,000|_SSD 1TB_2,755,200|SSD 2TB_2,590,000|SSD 4TB_3,899,000",0,0,0,0,0,0,0,0,0,0,0,0,0,0,0,0
61816235,MSI 씬 A15 B7UC-R5,0,0,0,"SSD 512GB_1,290,480|_SSD 1TB_1,461,180|_SSD 2TB_1,509,310|SSD 4TB_2,670,000",0,0,0,0,0,0,0,0,0,0,0,0,0,0,0,0
62319995,MSI 씬 A15 B7UC-R5 16GB램,0,0,0,"_SSD 512GB_1,435,150|_SSD 1TB_1,528,000|SSD 2TB_1,628,000|SSD 4TB_2,051,000",0,0,0,0,0,0,0,0,0,0,0,0,0,0,0,0
62320025,MSI 씬 A15 B7UC-R5 32GB램,0,0,0,"_SSD 512GB_1,589,000|_SSD 1TB_1,668,000|SSD 2TB_1,748,000|SSD 4TB_2,137,000",0,0,0,0,0,0,0,0,0,0,0,0,0,0,0,0
62320046,MSI 씬 A15 B7UC-R5 64GB램,0,0,0,"_SSD 512GB_2,248,000|_SSD 1TB_2,292,000|SSD 2TB_2,356,000|SSD 4TB_2,250,000",0,0,0,0,0,0,0,0,0,0,0,0,0,0,0,0
62320751,MSI 씬 A15 B7UC-R5 WIN11,0,0,0,"_SSD 512GB_1,288,070|_SSD 1TB_1,442,240|SSD 2TB_1,510,590|SSD 4TB_2,999,000",0,0,0,0,0,0,0,0,0,0,0,0,0,0,0,0
62320790,MSI 씬 A15 B7UC-R5 WIN11 16GB램,0,0,0,"_SSD 512GB_1,474,090|_SSD 1TB_1,628,330|SSD 2TB_1,672,170",0,0,0,0,0,0,0,0,0,0,0,0,0,0,0,0
62320814,MSI 씬 A15 B7UC-R5 WIN11 32GB램,0,0,0,"_SSD 512GB_1,768,720|_SSD 1TB_1,848,830|SSD 2TB_2,088,590|SSD 4TB_3,199,000",0,0,0,0,0,0,0,0,0,0,0,0,0,0,0,0
62320841,MSI 씬 A15 B7UC-R5 WIN11 64GB램,0,0,0,"_SSD 512GB_2,409,950|_SSD 1TB_2,524,790|SSD 2TB_2,677,060|SSD 4TB_3,399,000",0,0,0,0,0,0,0,0,0,0,0,0,0,0,0,0
68364566,MSI 씬 A15 B7UC-R7,0,0,0,"SSD 512GB_1,474,000|_SSD 1TB_1,240,000|_SSD 2TB_1,430,000|SSD 4TB_1,790,000",0,0,0,0,0,0,0,0,0,0,0,0,0,0,0,0
68440268,MSI 씬 A15 B7UC-R7 16GB램,0,0,0,"_SSD 512GB_1,777,000|_SSD 1TB_1,890,000|SSD 2TB_1,980,000|SSD 4TB_2,090,000",0,0,0,0,0,0,0,0,0,0,0,0,0,0,0,0
68440301,MSI 씬 A15 B7UC-R7 32GB램,0,0,0,"_SSD 512GB_2,059,000|_SSD 1TB_2,495,040|SSD 2TB_2,581,000|SSD 4TB_2,390,000",0,0,0,0,0,0,0,0,0,0,0,0,0,0,0,0
68440376,MSI 씬 A15 B7UC-R7 64GB램,0,0,0,"_SSD 512GB_2,390,000|_SSD 1TB_2,465,000|SSD 2TB_2,589,000|SSD 4TB_2,690,000",0,0,0,0,0,0,0,0,0,0,0,0,0,0,0,0
68440205,MSI 씬 A15 B7UC-R7 WIN11,0,0,0,"_SSD 512GB_1,748,000|_SSD 1TB_1,748,000|SSD 2TB_2,185,000|SSD 4TB_2,420,000",0,0,0,0,0,0,0,0,0,0,0,0,0,0,0,0
68440223,MSI 씬 A15 B7UC-R7 WIN11 16GB램,0,0,0,"_SSD 512GB_1,820,000|_SSD 1TB_1,870,000|SSD 2TB_2,010,000|SSD 4TB_2,480,000",0,0,0,0,0,0,0,0,0,0,0,0,0,0,0,0
68440286,MSI 씬 A15 B7UC-R7 WIN11 32GB램,0,0,0,"_SSD 512GB_1,533,000|_SSD 1TB_1,599,000|SSD 2TB_1,669,000|SSD 4TB_2,490,000",0,0,0,0,0,0,0,0,0,0,0,0,0,0,0,0
68440367,MSI 씬 A15 B7UC-R7 WIN11 64GB램,0,0,0,"_SSD 512GB_2,398,000|_SSD 1TB_2,498,000|SSD 2TB_2,586,000|SSD 4TB_2,890,000",0,0,0,0,0,0,0,0,0,0,0,0,0,0,0,0
53416235,MSI 씬 A15 B7UCX-R5,0,0,0,"SSD 512GB_1,074,130|_SSD 1TB_1,929,000|_SSD 2TB_1,939,000|SSD 4TB_2,727,000",0,0,0,0,0,0,0,0,0,0,0,0,0,0,0,0
53416325,MSI 씬 A15 B7UCX-R5 16GB램,0,0,0,"_SSD 512GB_1,858,000|_SSD 1TB_2,060,000|SSD 2TB_2,066,000|SSD 4TB_2,899,000",0,0,0,0,0,0,0,0,0,0,0,0,0,0,0,0
53416376,MSI 씬 A15 B7UCX-R5 32GB램,0,0,0,"_SSD 512GB_2,112,000|SSD 1TB_2,219,430|_SSD 2TB_2,246,360|SSD 4TB_3,099,000",0,0,0,0,0,0,0,0,0,0,0,0,0,0,0,0
53416412,MSI 씬 A15 B7UCX-R5 64GB램,0,0,0,"_SSD 512GB_2,275,190|_SSD 1TB_2,400,000|SSD 2TB_2,448,000|SSD 4TB_3,299,000",0,0,0,0,0,0,0,0,0,0,0,0,0,0,0,0
53416304,MSI 씬 A15 B7UCX-R5 WIN11,0,0,0,"_SSD 512GB_1,846,000|_SSD 1TB_2,019,000|SSD 2TB_2,109,000|SSD 4TB_2,999,000",0,0,0,0,0,0,0,0,0,0,0,0,0,0,0,0
53416334,MSI 씬 A15 B7UCX-R5 WIN11 16GB램,0,0,0,"_SSD 512GB_1,850,000|_SSD 1TB_2,017,000|SSD 2TB_2,107,000|SSD 4TB_3,099,000",0,0,0,0,0,0,0,0,0,0,0,0,0,0,0,0
53416367,MSI 씬 A15 B7UCX-R5 WIN11 32GB램,0,0,0,"_SSD 512GB_1,954,000|_SSD 1TB_2,134,000|SSD 2TB_2,229,000|SSD 4TB_3,199,000",0,0,0,0,0,0,0,0,0,0,0,0,0,0,0,0
53416403,MSI 씬 A15 B7UCX-R5 WIN11 64GB램,0,0,0,"_SSD 512GB_2,295,350|_SSD 1TB_2,390,390|SSD 2TB_2,471,030|SSD 4TB_3,499,000",0,0,0,0,0,0,0,0,0,0,0,0,0,0,0,0
35810540,MSI 씬 A15 B7VE-R5,0,0,0,"_SSD 512GB_2,106,382|_SSD 1TB_2,208,000|SSD 2TB_2,265,600",0,0,0,0,0,0,0,0,0,0,0,0,0,0,0,0
36789008,MSI 씬 A15 B7VE-R5 16GB램,0,0,0,"_SSD 512GB_2,212,800|_SSD 1TB_2,270,400|SSD 2TB_2,352,000",0,0,0,0,0,0,0,0,0,0,0,0,0,0,0,0
36789041,MSI 씬 A15 B7VE-R5 32GB램,0,0,0,"_SSD 512GB_2,304,000|_SSD 1TB_2,390,400|SSD 2TB_2,448,000",0,0,0,0,0,0,0,0,0,0,0,0,0,0,0,0
36789062,MSI 씬 A15 B7VE-R5 64GB램,0,0,0,"_SSD 512GB_2,438,400|_SSD 1TB_2,544,000|SSD 2TB_2,601,600",0,0,0,0,0,0,0,0,0,0,0,0,0,0,0,0
36789182,MSI 씬 A15 B7VE-R5 WIN11,0,0,0,"_SSD 512GB_2,160,000|_SSD 1TB_2,227,200|SSD 2TB_2,304,000",0,0,0,0,0,0,0,0,0,0,0,0,0,0,0,0
36789137,MSI 씬 A15 B7VE-R5 WIN11 16GB램,0,0,0,"_SSD 512GB_2,256,000|_SSD 1TB_2,289,600|SSD 2TB_2,371,200",0,0,0,0,0,0,0,0,0,0,0,0,0,0,0,0
36789110,MSI 씬 A15 B7VE-R5 WIN11 32GB램,0,0,0,"_SSD 512GB_2,323,200|_SSD 1TB_2,409,600|SSD 2TB_2,467,200|SSD 4TB_2,999,000",0,0,0,0,0,0,0,0,0,0,0,0,0,0,0,0
36789077,MSI 씬 A15 B7VE-R5 WIN11 64GB램,0,0,0,"_SSD 512GB_2,457,600|_SSD 1TB_2,582,400|SSD 2TB_2,640,000",0,0,0,0,0,0,0,0,0,0,0,0,0,0,0,0
35805806,MSI 씬 A15 B7VF-R7,0,0,0,"_SSD 512GB_2,041,540|SSD 1TB_2,155,560|_SSD 2TB_2,119,790",0,0,0,0,0,0,0,0,0,0,0,0,0,0,0,0
36308369,MSI 씬 A15 B7VF-R7 16GB램,0,0,0,"_SSD 512GB_2,212,540|_SSD 1TB_2,326,560|SSD 2TB_2,469,060",0,0,0,0,0,0,0,0,0,0,0,0,0,0,0,0
36308375,MSI 씬 A15 B7VF-R7 32GB램,0,0,0,"_SSD 512GB_2,396,420|_SSD 1TB_2,511,900|SSD 2TB_2,726,300",0,0,0,0,0,0,0,0,0,0,0,0,0,0,0,0
36308396,MSI 씬 A15 B7VF-R7 64GB램,0,0,0,"_SSD 512GB_3,077,140|_SSD 1TB_3,191,080|SSD 2TB_3,333,560",0,0,0,0,0,0,0,0,0,0,0,0,0,0,0,0
36308411,MSI 씬 A15 B7VF-R7 WIN11,0,0,0,"_SSD 512GB_2,089,080|_SSD 1TB_2,203,040|SSD 2TB_2,345,560",0,0,0,0,0,0,0,0,0,0,0,0,0,0,0,0
36308426,MSI 씬 A15 B7VF-R7 WIN11 16GB램,0,0,0,"_SSD 512GB_2,260,060|_SSD 1TB_2,374,140|SSD 2TB_2,516,640|SSD 4TB_3,059,000",0,0,0,0,0,0,0,0,0,0,0,0,0,0,0,0
36308450,MSI 씬 A15 B7VF-R7 WIN11 32GB램,0,0,0,"SSD 512GB_2,444,540|_SSD 1TB_2,612,510|_SSD 2TB_2,704,410|SSD 4TB_3,990,000",0,0,0,0,0,0,0,0,0,0,0,0,0,0,0,0
36308465,MSI 씬 A15 B7VF-R7 WIN11 64GB램,0,0,0,"_SSD 512GB_3,124,560|_SSD 1TB_3,238,640|SSD 2TB_3,381,060",0,0,0,0,0,0,0,0,0,0,0,0,0,0,0,0
15711524,MSI 알파 15 B5EEK AMD 어드밴티지 에디션,0,0,0,"SSD 512GB_1,690,000",0,0,0,0,0,0,0,0,0,0,0,0,0,0,0,0
15745445,MSI 알파 15 B5EEK AMD 어드밴티지 에디션 16GB램,0,0,0,"SSD 512GB_1,690,000",0,0,0,0,0,0,0,0,0,0,0,0,0,0,0,0
15745304,MSI 알파 15 B5EEK AMD 어드밴티지 에디션 WIN10,0,0,0,"SSD 512GB_1,660,000",0,0,0,0,0,0,0,0,0,0,0,0,0,0,0,0
27613289,MSI 알파 17 C7VG-R9 QHD,0,0,0,"_SSD 1TB_2,368,410|_SSD 2TB_2,490,450|SSD 4TB_2,899,000",0,0,0,0,0,0,0,0,0,0,0,0,0,0,0,0
27674108,MSI 알파 17 C7VG-R9 QHD 32GB램,0,0,0,"_SSD 1TB_2,625,770|_SSD 2TB_2,717,990|SSD 4TB_4,000,000",0,0,0,0,0,0,0,0,0,0,0,0,0,0,0,0
27674249,MSI 알파 17 C7VG-R9 QHD 64GB램,0,0,0,"_SSD 1TB_3,236,970|_SSD 2TB_3,406,960|SSD 4TB_5,100,000",0,0,0,0,0,0,0,0,0,0,0,0,0,0,0,0
27674282,MSI 알파 17 C7VG-R9 QHD WIN11,0,0,0,"_SSD 1TB_2,165,000|_SSD 2TB_2,555,400|SSD 4TB_4,200,000",0,0,0,0,0,0,0,0,0,0,0,0,0,0,0,0
27674177,MSI 알파 17 C7VG-R9 QHD WIN11 32GB램,0,0,0,"_SSD 1TB_2,646,680|_SSD 2TB_2,818,550|SSD 4TB_4,700,000",0,0,0,0,0,0,0,0,0,0,0,0,0,0,0,0
27674234,MSI 알파 17 C7VG-R9 QHD WIN11 64GB램,0,0,0,"_SSD 1TB_3,282,440|_SSD 2TB_3,477,140|SSD 4TB_4,800,000",0,0,0,0,0,0,0,0,0,0,0,0,0,0,0,0
122651212,MSI 크로스헤어 16 HX E14WGK-i9 QHD+,0,0,0,"_SSD 1TB_2,799,000|_SSD 2TB_2,962,420|SSD 4TB_3,524,760",0,0,0,0,0,0,0,0,0,0,0,0,0,0,0,0
122653445,MSI 크로스헤어 16 HX E14WGK-i9 QHD+ 32GB램,0,0,0,"_SSD 1TB_3,193,010|_SSD 2TB_3,371,940|",0,0,0,0,0,0,0,0,0,0,0,0,0,0,0,0
122653446,MSI 크로스헤어 16 HX E14WGK-i9 QHD+ 64GB램,0,0,0,"_SSD 1TB_3,818,820|_SSD 2TB_3,894,230|",0,0,0,0,0,0,0,0,0,0,0,0,0,0,0,0
122653432,MSI 크로스헤어 16 HX E14WGK-i9 QHD+ WIN11,0,0,0,"_SSD 1TB_2,793,100|_SSD 2TB_2,960,300|",0,0,0,0,0,0,0,0,0,0,0,0,0,0,0,0
122653437,MSI 크로스헤어 16 HX E14WGK-i9 QHD+ WIN11 32GB램,0,0,0,"_SSD 1TB_3,103,970|_SSD 2TB_3,249,970|",0,0,0,0,0,0,0,0,0,0,0,0,0,0,0,0
122653440,MSI 크로스헤어 16 HX E14WGK-i9 QHD+ WIN11 64GB램,0,0,0,"_SSD 1TB_3,760,570|_SSD 2TB_4,009,260|",0,0,0,0,0,0,0,0,0,0,0,0,0,0,0,0
51549548,MSI 크로스헤어 16 HX 몬스터 헌터 에디션 D14VFKG QHD,0,0,0,"_SSD 1TB_4,399,000|_SSD 2TB_2,871,360|SSD 4TB_3,798,000",0,0,0,0,0,0,0,0,0,0,0,0,0,0,0,0
54812876,MSI 크로스헤어 16 HX 몬스터 헌터 에디션 D14VFKG QHD 32GB램,0,0,0,"_SSD 1TB_2,853,000|_SSD 2TB_2,957,000|SSD 4TB_3,895,000",0,0,0,0,0,0,0,0,0,0,0,0,0,0,0,0
54812912,MSI 크로스헤어 16 HX 몬스터 헌터 에디션 D14VFKG QHD 64GB램,0,0,0,"_SSD 1TB_2,985,000|_SSD 2TB_3,198,000|SSD 4TB_4,199,000",0,0,0,0,0,0,0,0,0,0,0,0,0,0,0,0
54812942,MSI 크로스헤어 16 HX 몬스터 헌터 에디션 D14VFKG QHD WIN11,0,0,0,"_SSD 1TB_2,816,000|_SSD 2TB_3,028,000|SSD 4TB_3,799,000",0,0,0,0,0,0,0,0,0,0,0,0,0,0,0,0
54812975,MSI 크로스헤어 16 HX 몬스터 헌터 에디션 D14VFKG QHD WIN11 32GB램,0,0,0,"_SSD 1TB_2,977,000|_SSD 2TB_3,096,000|SSD 4TB_3,899,000",0,0,0,0,0,0,0,0,0,0,0,0,0,0,0,0
54812987,MSI 크로스헤어 16 HX 몬스터 헌터 에디션 D14VFKG QHD WIN11 64GB램,0,0,0,"_SSD 1TB_3,096,000|_SSD 2TB_3,267,000|SSD 4TB_4,199,000",0,0,0,0,0,0,0,0,0,0,0,0,0,0,0,0
122708862,MSI 크로스헤어 16 Max HX E2WFK-U9+ QHD+,0,0,0,"_SSD 512GB_2,849,280|_SSD 1TB_3,035,450||",0,0,0,0,0,0,0,0,0,0,0,0,0,0,0,0
122713511,MSI 크로스헤어 16 Max HX E2WFK-U9+ QHD+ 32GB램,0,0,0,"SSD 512GB_3,264,430|_SSD 1TB_3,396,310|_SSD 2TB_3,534,590|",0,0,0,0,0,0,0,0,0,0,0,0,0,0,0,0
122713524,MSI 크로스헤어 16 Max HX E2WFK-U9+ QHD+ 64GB램,0,0,0,"_SSD 512GB_3,915,260|_SSD 1TB_3,956,490||",0,0,0,0,0,0,0,0,0,0,0,0,0,0,0,0
122713492,MSI 크로스헤어 16 Max HX E2WFK-U9+ QHD+ WIN11,0,0,0,"SSD 512GB_2,945,750|_SSD 1TB_3,072,120|_SSD 2TB_3,180,860|",0,0,0,0,0,0,0,0,0,0,0,0,0,0,0,0
122713506,MSI 크로스헤어 16 Max HX E2WFK-U9+ QHD+ WIN11 32GB램,0,0,0,"SSD 512GB_3,310,060|_SSD 1TB_3,394,510|_SSD 2TB_3,525,780|",0,0,0,0,0,0,0,0,0,0,0,0,0,0,0,0
122713520,MSI 크로스헤어 16 Max HX E2WFK-U9+ QHD+ WIN11 64GB램,0,0,0,"_SSD 512GB_3,853,480|_SSD 1TB_4,134,780||",0,0,0,0,0,0,0,0,0,0,0,0,0,0,0,0
122656006,MSI 크로스헤어 16 Max HX E2WGXK-U9+ QHD+ OLED,0,0,0,"_SSD 1TB_3,419,000|SSD 2TB_3,656,950|_SSD 4TB_4,179,910",0,0,0,0,0,0,0,0,0,0,0,0,0,0,0,0
122676657,MSI 크로스헤어 16 Max HX E2WGXK-U9+ QHD+ OLED 32GB램,0,0,0,"_SSD 1TB_3,909,380|_SSD 2TB_4,024,650|",0,0,0,0,0,0,0,0,0,0,0,0,0,0,0,0
122676666,MSI 크로스헤어 16 Max HX E2WGXK-U9+ QHD+ OLED 64GB램,0,0,0,"_SSD 1TB_4,525,590|_SSD 2TB_4,587,860|",0,0,0,0,0,0,0,0,0,0,0,0,0,0,0,0
122667444,MSI 크로스헤어 16 Max HX E2WGXK-U9+ QHD+ OLED WIN11,0,0,0,"_SSD 1TB_3,496,000|_SSD 2TB_3,548,820|",0,0,0,0,0,0,0,0,0,0,0,0,0,0,0,0
122667469,MSI 크로스헤어 16 Max HX E2WGXK-U9+ QHD+ OLED WIN11 32GB램,0,0,0,"_SSD 1TB_3,893,740||_SSD 4TB_4,554,180",0,0,0,0,0,0,0,0,0,0,0,0,0,0,0,0
122667516,MSI 크로스헤어 16 Max HX E2WGXK-U9+ QHD+ OLED WIN11 64GB램,0,0,0,"_SSD 1TB_4,541,750|_SSD 2TB_4,548,780|",0,0,0,0,0,0,0,0,0,0,0,0,0,0,0,0
94202408,MSI 크로스헤어 17 HX AI D2XWFKG-U7 QHD+,0,0,0,"SSD 512GB_2,470,000|_SSD 1TB_2,514,810|_SSD 2TB_2,679,230|SSD 4TB_4,299,000",0,0,0,0,0,0,0,0,0,0,0,0,0,0,0,0
95201567,MSI 크로스헤어 17 HX AI D2XWFKG-U7 QHD+ 32GB램,0,0,0,"_SSD 512GB_2,739,140|_SSD 1TB_2,832,570|SSD 2TB_2,998,770|SSD 4TB_4,203,000",0,0,0,0,0,0,0,0,0,0,0,0,0,0,0,0
95201645,MSI 크로스헤어 17 HX AI D2XWFKG-U7 QHD+ 64GB램,0,0,0,"SSD 512GB_5,228,000|_SSD 1TB_3,434,250|_SSD 2TB_3,601,290|SSD 4TB_6,347,000",0,0,0,0,0,0,0,0,0,0,0,0,0,0,0,0
95201477,MSI 크로스헤어 17 HX AI D2XWFKG-U7 QHD+ WIN11,0,0,0,"_SSD 512GB_2,442,920|_SSD 1TB_2,595,500|SSD 2TB_2,821,900|SSD 4TB_3,299,000",0,0,0,0,0,0,0,0,0,0,0,0,0,0,0,0
95201522,MSI 크로스헤어 17 HX AI D2XWFKG-U7 QHD+ WIN11 32GB램,0,0,0,"_SSD 512GB_2,759,910|_SSD 1TB_2,853,430||",0,0,0,0,0,0,0,0,0,0,0,0,0,0,0,0
95201636,MSI 크로스헤어 17 HX AI D2XWFKG-U7 QHD+ WIN11 64GB램,0,0,0,"SSD 512GB_5,252,000|_SSD 1TB_3,454,330|_SSD 2TB_3,621,970|SSD 4TB_6,366,000",0,0,0,0,0,0,0,0,0,0,0,0,0,0,0,0
122629748,MSI 크로스헤어 17 HX AI D2XWFKG-U7 QHD+ 슈퍼,0,0,0,"_SSD 1TB_2,417,550|_SSD 2TB_2,720,720|SSD 4TB_3,179,170",0,0,0,0,0,0,0,0,0,0,0,0,0,0,0,0
122636201,MSI 크로스헤어 17 HX AI D2XWFKG-U7 QHD+ 슈퍼 32GB램,0,0,0,"_SSD 1TB_2,836,840|_SSD 2TB_2,941,100|SSD 4TB_3,536,260",0,0,0,0,0,0,0,0,0,0,0,0,0,0,0,0
122654348,MSI 크로스헤어 17 HX AI D2XWFKG-U7 QHD+ 슈퍼 64GB램,0,0,0,"_SSD 1TB_3,449,150|_SSD 2TB_3,655,850|SSD 4TB_4,258,110",0,0,0,0,0,0,0,0,0,0,0,0,0,0,0,0
122636196,MSI 크로스헤어 17 HX AI D2XWFKG-U7 QHD+ 슈퍼 WIN11,0,0,0,"_SSD 1TB_2,556,190|_SSD 2TB_2,677,050|SSD 4TB_3,230,810",0,0,0,0,0,0,0,0,0,0,0,0,0,0,0,0
122635769,MSI 크로스헤어 17 HX AI D2XWFKG-U7 QHD+ 슈퍼 WIN11 32GB램,0,0,0,"_SSD 1TB_2,840,980|_SSD 2TB_2,979,630|SSD 4TB_3,599,780",0,0,0,0,0,0,0,0,0,0,0,0,0,0,0,0
122635773,MSI 크로스헤어 17 HX AI D2XWFKG-U7 QHD+ 슈퍼 WIN11 64GB램,0,0,0,"_SSD 1TB_3,444,510|_SSD 2TB_3,612,800|SSD 4TB_4,299,090",0,0,0,0,0,0,0,0,0,0,0,0,0,0,0,0
91634438,MSI 크로스헤어 17 HX AI D2XWGKG-U9 QHD+,0,0,0,"_SSD 512GB_2,599,000|_SSD 1TB_2,849,060||",0,0,0,0,0,0,0,0,0,0,0,0,0,0,0,0
91908758,MSI 크로스헤어 17 HX AI D2XWGKG-U9 QHD+ 32GB램,0,0,0,"_SSD 512GB_3,082,000|_SSD 1TB_3,182,560||",0,0,0,0,0,0,0,0,0,0,0,0,0,0,0,0
91908770,MSI 크로스헤어 17 HX AI D2XWGKG-U9 QHD+ 64GB램,0,0,0,"SSD 512GB_3,728,070|_SSD 1TB_3,810,440|_SSD 2TB_3,958,830|",0,0,0,0,0,0,0,0,0,0,0,0,0,0,0,0
91908788,MSI 크로스헤어 17 HX AI D2XWGKG-U9 QHD+ WIN11,0,0,0,"_SSD 512GB_2,692,610|_SSD 1TB_2,765,530|SSD 2TB_3,063,790|SSD 4TB_3,430,000",0,0,0,0,0,0,0,0,0,0,0,0,0,0,0,0
91908854,MSI 크로스헤어 17 HX AI D2XWGKG-U9 QHD+ WIN11 32GB램,0,0,0,"_SSD 1TB_3,148,780|_SSD 512GB_3,017,130|SSD 2TB_3,312,720|SSD 4TB_3,981,830",0,0,0,0,0,0,0,0,0,0,0,0,0,0,0,0
91908863,MSI 크로스헤어 17 HX AI D2XWGKG-U9 QHD+ WIN11 64GB램,0,0,0,"SSD 512GB_3,823,060|_SSD 1TB_3,784,740|_SSD 2TB_4,006,630|",0,0,0,0,0,0,0,0,0,0,0,0,0,0,0,0
122628763,MSI 크로스헤어 17 HX AI D2XWGKG-U9 QHD+ 슈퍼,0,0,0,"_SSD 1TB_2,798,990|_SSD 2TB_2,988,940|SSD 4TB_3,712,530",0,0,0,0,0,0,0,0,0,0,0,0,0,0,0,0
122636210,MSI 크로스헤어 17 HX AI D2XWGKG-U9 QHD+ 슈퍼 32GB램,0,0,0,"_SSD 1TB_3,175,960|_SSD 2TB_3,313,120|SSD 4TB_4,048,660",0,0,0,0,0,0,0,0,0,0,0,0,0,0,0,0
122635800,MSI 크로스헤어 17 HX AI D2XWGKG-U9 QHD+ 슈퍼 WIN11,0,0,0,"_SSD 1TB_2,796,940|_SSD 2TB_2,988,450|SSD 4TB_3,731,880",0,0,0,0,0,0,0,0,0,0,0,0,0,0,0,0
122635805,MSI 크로스헤어 17 HX AI D2XWGKG-U9 QHD+ 슈퍼 WIN11 32GB램,0,0,0,"_SSD 1TB_3,198,180|_SSD 2TB_3,377,930|SSD 4TB_4,068,820",0,0,0,0,0,0,0,0,0,0,0,0,0,0,0,0
122635810,MSI 크로스헤어 17 HX AI D2XWGKG-U9 QHD+ 슈퍼 WIN11 64GB램,0,0,0,"_SSD 1TB_3,741,300|_SSD 2TB_3,931,460|SSD 4TB_4,655,390",0,0,0,0,0,0,0,0,0,0,0,0,0,0,0,0
94259825,MSI 크로스헤어 18 HX AI A2XWFKG-U9 QHD+,0,0,0,"_SSD 512GB_2,435,280|_SSD 1TB_2,409,000|SSD 2TB_2,578,850|SSD 4TB_3,596,710",0,0,0,0,0,0,0,0,0,0,0,0,0,0,0,0
94571318,MSI 크로스헤어 18 HX AI A2XWFKG-U9 QHD+ 32GB램,0,0,0,"_SSD 512GB_2,704,690|_SSD 1TB_2,756,390|SSD 2TB_2,926,420|SSD 4TB_3,914,090",0,0,0,0,0,0,0,0,0,0,0,0,0,0,0,0
94571330,MSI 크로스헤어 18 HX AI A2XWFKG-U9 QHD+ 64GB램,0,0,0,"SSD 512GB_3,612,190|_SSD 1TB_3,365,230|_SSD 2TB_3,535,210|",0,0,0,0,0,0,0,0,0,0,0,0,0,0,0,0
94571279,MSI 크로스헤어 18 HX AI A2XWFKG-U9 QHD+ WIN11,0,0,0,"_SSD 512GB_2,379,380|SSD 1TB_2,484,030|_SSD 2TB_2,638,700|SSD 4TB_3,617,610",0,0,0,0,0,0,0,0,0,0,0,0,0,0,0,0
94571399,MSI 크로스헤어 18 HX AI A2XWFKG-U9 QHD+ WIN11 32GB램,0,0,0,"_SSD 512GB_2,725,680|_SSD 1TB_2,776,200||",0,0,0,0,0,0,0,0,0,0,0,0,0,0,0,0
94571411,MSI 크로스헤어 18 HX AI A2XWFKG-U9 QHD+ WIN11 64GB램,0,0,0,"SSD 512GB_3,621,690|_SSD 1TB_3,385,080|_SSD 2TB_3,555,200|SSD 4TB_4,218,000",0,0,0,0,0,0,0,0,0,0,0,0,0,0,0,0
93631295,MSI 크로스헤어 18 HX AI A2XWGKG-U9 QHD+,0,0,0,"_SSD 512GB_3,439,000|_SSD 1TB_2,828,360|SSD 2TB_3,036,900|SSD 4TB_3,854,000",0,0,0,0,0,0,0,0,0,0,0,0,0,0,0,0
122727780,MSI 크로스헤어 A16 HX E8WFK-R9 QHD+,0,0,0,"_SSD 1TB_2,935,500||_SSD 512GB_2,582,180",0,0,0,0,0,0,0,0,0,0,0,0,0,0,0,0
122727772,MSI 크로스헤어 A16 HX E8WFK-R9 QHD+ 32GB램,0,0,0,"SSD 512GB_3,110,490|_SSD 1TB_3,215,370|_SSD 2TB_3,383,770",0,0,0,0,0,0,0,0,0,0,0,0,0,0,0,0
122727765,MSI 크로스헤어 A16 HX E8WFK-R9 QHD+ 64GB램,0,0,0,"_SSD 1TB_3,830,870|_SSD 2TB_4,007,530|",0,0,0,0,0,0,0,0,0,0,0,0,0,0,0,0
122727728,MSI 크로스헤어 A16 HX E8WFK-R9 QHD+ WIN11,0,0,0,"_SSD 1TB_2,956,480||_SSD 512GB_2,851,300",0,0,0,0,0,0,0,0,0,0,0,0,0,0,0,0
122727746,MSI 크로스헤어 A16 HX E8WFK-R9 QHD+ WIN11 32GB램,0,0,0,"_SSD 1TB_3,236,700||_SSD 512GB_3,131,730",0,0,0,0,0,0,0,0,0,0,0,0,0,0,0,0
122727752,MSI 크로스헤어 A16 HX E8WFK-R9 QHD+ WIN11 64GB램,0,0,0,"SSD 1TB_3,846,010|_SSD 2TB_4,013,830|_SSD 512GB_3,504,190",0,0,0,0,0,0,0,0,0,0,0,0,0,0,0,0
124336289,MSI 크로스헤어 A16 HX E8WGK-R9 QHD+ MLG 에디션,0,0,0,"SSD 1TB_3,419,000",0,0,0,0,0,0,0,0,0,0,0,0,0,0,0,0
122726744,MSI 크로스헤어 A16 HX E8WGXK-R9 QHD+,0,0,0,"_SSD 1TB_3,149,200|_SSD 2TB_3,399,820",0,0,0,0,0,0,0,0,0,0,0,0,0,0,0,0
122930464,MSI 크로스헤어 A16 HX E8WGXK-R9 QHD+ 32GB램,0,0,0,"_SSD 1TB_3,564,340|_SSD 2TB_3,706,180|SSD 4TB_4,256,070",0,0,0,0,0,0,0,0,0,0,0,0,0,0,0,0
122930468,MSI 크로스헤어 A16 HX E8WGXK-R9 QHD+ 64GB램,0,0,0,"_SSD 1TB_4,178,570|_SSD 2TB_4,388,990|SSD 4TB_5,057,950",0,0,0,0,0,0,0,0,0,0,0,0,0,0,0,0
122930469,MSI 크로스헤어 A16 HX E8WGXK-R9 QHD+ WIN11,0,0,0,"_SSD 1TB_3,278,770|_SSD 2TB_3,406,980|SSD 4TB_3,959,110",0,0,0,0,0,0,0,0,0,0,0,0,0,0,0,0
122930470,MSI 크로스헤어 A16 HX E8WGXK-R9 QHD+ WIN11 32GB램,0,0,0,"_SSD 1TB_3,587,500|_SSD 2TB_3,724,720|SSD 4TB_4,249,230",0,0,0,0,0,0,0,0,0,0,0,0,0,0,0,0
122930472,MSI 크로스헤어 A16 HX E8WGXK-R9 QHD+ WIN11 64GB램,0,0,0,"_SSD 1TB_4,200,000|_SSD 2TB_4,400,000|SSD 4TB_4,942,510",0,0,0,0,0,0,0,0,0,0,0,0,0,0,0,0
92046914,MSI 크로스헤어 A17 HX D8WFKG-R7 QHD+,0,0,0,"_SSD 512GB_2,298,000|_SSD 1TB_2,357,000|SSD 2TB_2,441,000|SSD 4TB_3,500,000",0,0,0,0,0,0,0,0,0,0,0,0,0,0,0,0
92236277,MSI 크로스헤어 A17 HX D8WFKG-R7 QHD+ WIN11,0,0,0,"_SSD 512GB_2,348,000|SSD 1TB_2,395,000|_SSD 2TB_2,468,000|SSD 4TB_3,500,000",0,0,0,0,0,0,0,0,0,0,0,0,0,0,0,0
93805922,MSI 크로스헤어 A17 HX D8WFKG-R7 QHD+ WIN11 32GB램,0,0,0,"SSD 512GB_2,700,000|_SSD 1TB_2,900,000|_SSD 2TB_3,100,000|SSD 4TB_3,390,000",0,0,0,0,0,0,0,0,0,0,0,0,0,0,0,0
93805934,MSI 크로스헤어 A17 HX D8WFKG-R7 QHD+ WIN11 64GB램,0,0,0,"SSD 512GB_3,300,000|_SSD 1TB_3,500,000|_SSD 2TB_3,700,000|SSD 4TB_4,500,000",0,0,0,0,0,0,0,0,0,0,0,0,0,0,0,0
92046932,MSI 크로스헤어 A17 HX D8WGKG-R9 QHD+,0,0,0,"_SSD 512GB_2,198,990|_SSD 1TB_2,348,990|SSD 2TB_2,548,990|SSD 4TB_3,148,990",0,0,0,0,0,0,0,0,0,0,0,0,0,0,0,0
92357327,MSI 크로스헤어 A17 HX D8WGKG-R9 QHD+ WIN11,0,0,0,"SSD 512GB_2,298,990|_SSD 1TB_2,448,990|_SSD 2TB_2,648,990|SSD 4TB_3,248,990",0,0,0,0,0,0,0,0,0,0,0,0,0,0,0,0
93703349,MSI 크로스헤어 A17 HX D8WGKG-R9 QHD+ WIN11 32GB램,0,0,0,"SSD 512GB_2,698,990|_SSD 1TB_2,848,990|_SSD 2TB_3,048,990|SSD 4TB_3,620,000",0,0,0,0,0,0,0,0,0,0,0,0,0,0,0,0
93805832,MSI 크로스헤어 A17 HX D8WGKG-R9 QHD+ WIN11 64GB램,0,0,0,"SSD 512GB_3,091,000|_SSD 1TB_3,360,000|_SSD 2TB_3,560,000|SSD 4TB_4,348,990",0,0,0,0,0,0,0,0,0,0,0,0,0,0,0,0
95848052,MSI 크로스헤어 A17 HX D9WGKG-R9 QHD+ W11,0,0,0,"_SSD 1TB_2,799,000|SSD 2TB_3,018,550|_SSD 4TB_3,537,350",0,0,0,0,0,0,0,0,0,0,0,0,0,0,0,0
96312878,MSI 크로스헤어 A17 HX D9WGKG-R9 QHD+ W11 32GB램,0,0,0,"_SSD 1TB_3,230,030|_SSD 2TB_3,428,470|SSD 4TB_3,801,000",0,0,0,0,0,0,0,0,0,0,0,0,0,0,0,0
96312887,MSI 크로스헤어 A17 HX D9WGKG-R9 QHD+ W11 64GB램,0,0,0,"_SSD 1TB_3,885,810|_SSD 2TB_4,037,850|SSD 4TB_4,459,000",0,0,0,0,0,0,0,0,0,0,0,0,0,0,0,0
94202276,MSI 크로스헤어 A18 HX A7WGKG-R9 QHD+,0,0,0,"_SSD 1TB_2,278,280|_SSD 2TB_2,478,620|SSD 4TB_3,696,970",0,0,0,0,0,0,0,0,0,0,0,0,0,0,0,0
94999469,MSI 크로스헤어 A18 HX A7WGKG-R9 QHD+ 32GB램,0,0,0,"_SSD 1TB_2,600,580|_SSD 2TB_2,766,020|SSD 4TB_4,090,580",0,0,0,0,0,0,0,0,0,0,0,0,0,0,0,0
94999502,MSI 크로스헤어 A18 HX A7WGKG-R9 QHD+ 64GB램,0,0,0,"_SSD 1TB_3,261,160|_SSD 2TB_3,430,360|SSD 4TB_4,696,490",0,0,0,0,0,0,0,0,0,0,0,0,0,0,0,0
94999409,MSI 크로스헤어 A18 HX A7WGKG-R9 QHD+ WIN11,0,0,0,"_SSD 1TB_2,279,820|_SSD 2TB_2,445,330|SSD 4TB_3,728,030",0,0,0,0,0,0,0,0,0,0,0,0,0,0,0,0
94999433,MSI 크로스헤어 A18 HX A7WGKG-R9 QHD+ WIN11 32GB램,0,0,0,"_SSD 1TB_2,621,270|_SSD 2TB_2,848,700|SSD 4TB_4,053,430",0,0,0,0,0,0,0,0,0,0,0,0,0,0,0,0
94999496,MSI 크로스헤어 A18 HX A7WGKG-R9 QHD+ WIN11 64GB램,0,0,0,"_SSD 1TB_3,282,310|_SSD 2TB_3,451,510|SSD 4TB_4,619,990",0,0,0,0,0,0,0,0,0,0,0,0,0,0,0,0
93383390,MSI 크로스헤어 A18 HX A8WFKG-R9 QHD+,0,0,0,"_SSD 512GB_2,038,990|SSD 1TB_2,207,230|_SSD 2TB_2,498,990|SSD 4TB_3,148,990",0,0,0,0,0,0,0,0,0,0,0,0,0,0,0,0
103319255,MSI 크로스헤어 A18 HX A8WFKG-R9 QHD+ 얼티밋,0,0,0,"_SSD 512GB_2,163,000|_SSD 1TB_2,345,000|SSD 2TB_2,598,000",0,0,0,0,0,0,0,0,0,0,0,0,0,0,0,0
108418121,MSI 크로스헤어 A18 HX A8WFKG-R9 QHD+ 얼티밋 32GB램,0,0,0,"_SSD 512GB_2,898,000|_SSD 1TB_3,154,000|SSD 2TB_3,298,000",0,0,0,0,0,0,0,0,0,0,0,0,0,0,0,0
122637146,MSI 크로스헤어 A18 HX A8WFKG-R9 QHD+ 얼티밋 64GB램,0,0,0,"_SSD 1TB_3,620,000|_SSD 2TB_3,780,000|SSD 512GB_3,360,000",0,0,0,0,0,0,0,0,0,0,0,0,0,0,0,0
108418076,MSI 크로스헤어 A18 HX A8WFKG-R9 QHD+ 얼티밋 WIN11,0,0,0,"_SSD 512GB_2,330,000|_SSD 1TB_2,649,000|SSD 2TB_2,799,000",0,0,0,0,0,0,0,0,0,0,0,0,0,0,0,0
108418097,MSI 크로스헤어 A18 HX A8WFKG-R9 QHD+ 얼티밋 WIN11 32GB램,0,0,0,"_SSD 512GB_3,049,000|SSD 1TB_2,744,650|_SSD 2TB_3,398,000",0,0,0,0,0,0,0,0,0,0,0,0,0,0,0,0
122637143,MSI 크로스헤어 A18 HX A8WFKG-R9 QHD+ 얼티밋 WIN11 64GB램,0,0,0,"_SSD 512GB_3,460,000|_SSD 1TB_3,720,000|SSD 2TB_3,880,000",0,0,0,0,0,0,0,0,0,0,0,0,0,0,0,0
93383444,MSI 크로스헤어 A18 HX A8WGKG-R9 QHD+,0,0,0,"_SSD 512GB_2,719,000|_SSD 1TB_2,848,990|SSD 2TB_2,949,000|SSD 4TB_3,672,090",0,0,0,0,0,0,0,0,0,0,0,0,0,0,0,0
103880279,MSI 크로스헤어 A18 HX A8WGKG-R9 QHD+ 얼티밋,0,0,0,"_SSD 512GB_2,950,000|_SSD 1TB_3,150,000|SSD 2TB_3,250,000|SSD 4TB_3,848,000",0,0,0,0,0,0,0,0,0,0,0,0,0,0,0,0
103880918,MSI 크로스헤어 A18 HX A8WGKG-R9 QHD+ 얼티밋 32GB램,0,0,0,"_SSD 512GB_2,897,000|_SSD 1TB_3,149,000|SSD 2TB_3,349,000",0,0,0,0,0,0,0,0,0,0,0,0,0,0,0,0
103880927,MSI 크로스헤어 A18 HX A8WGKG-R9 QHD+ 얼티밋 64GB램,0,0,0,"SSD 512GB_3,649,000|_SSD 1TB_3,919,000|_SSD 2TB_4,069,000|SSD 4TB_6,364,050",0,0,0,0,0,0,0,0,0,0,0,0,0,0,0,0
103880936,MSI 크로스헤어 A18 HX A8WGKG-R9 QHD+ 얼티밋 WIN11,0,0,0,"_SSD 512GB_2,418,000|_SSD 1TB_2,639,000|SSD 2TB_2,799,000|SSD 4TB_3,449,000",0,0,0,0,0,0,0,0,0,0,0,0,0,0,0,0
103880957,MSI 크로스헤어 A18 HX A8WGKG-R9 QHD+ 얼티밋 WIN11 32GB램,0,0,0,"_SSD 512GB_3,153,000|_SSD 1TB_3,379,000|SSD 2TB_3,519,000|SSD 4TB_3,999,000",0,0,0,0,0,0,0,0,0,0,0,0,0,0,0,0
103880966,MSI 크로스헤어 A18 HX A8WGKG-R9 QHD+ 얼티밋 WIN11 64GB램,0,0,0,"SSD 512GB_3,699,000|_SSD 1TB_3,438,610|SSD 2TB_4,099,000|_SSD 4TB_4,669,000",0,0,0,0,0,0,0,0,0,0,0,0,0,0,0,0
15286775,MSI 크리에이터 15 A11UE,0,0,0,"SSD 1TB_2,490,000",0,0,0,0,0,0,0,0,0,0,0,0,0,0,0,0
15286967,MSI 크리에이터 15 A11UE 32GB램,0,0,0,"SSD 512GB_2,490,000",0,0,0,0,0,0,0,0,0,0,0,0,0,0,0,0
15286982,MSI 크리에이터 15 A11UE 64GB램,0,0,0,"SSD 512GB_2,790,000",0,0,0,0,0,0,0,0,0,0,0,0,0,0,0,0
15286937,MSI 크리에이터 15 A11UE WIN10,0,0,0,"SSD 512GB_2,490,000",0,0,0,0,0,0,0,0,0,0,0,0,0,0,0,0
15286952,MSI 크리에이터 15 A11UE WIN10 32GB램,0,0,0,"_SSD 512GB_2,590,000|_SSD 1TB_2,690,000",0,0,0,0,0,0,0,0,0,0,0,0,0,0,0,0
15287000,MSI 크리에이터 15 A11UE WIN10 64GB램,0,0,0,"SSD 512GB_2,790,000",0,0,0,0,0,0,0,0,0,0,0,0,0,0,0,0
15522581,MSI 크리에이터 15M A10SD-i7 32GB램,0,0,0,"_SSD 1TB_3,990,000|_SSD 2TB_4,490,000",0,0,0,0,0,0,0,0,0,0,0,0,0,0,0,0
15871439,MSI 크리에이터 15M A10SD-i7 64GB램,0,0,0,"SSD 2TB_5,990,000",0,0,0,0,0,0,0,0,0,0,0,0,0,0,0,0
47585882,MSI 크리에이터 M14 A13VF,0,0,0,"_SSD 512GB_1,990,000|_SSD 1TB_2,429,480|SSD 2TB_2,505,600",0,0,0,0,0,0,0,0,0,0,0,0,0,0,0,0
52370525,MSI 크리에이터 M14 A13VF 32GB램,0,0,0,"_SSD 512GB_2,350,000|_SSD 1TB_2,390,000|SSD 2TB_2,490,000",0,0,0,0,0,0,0,0,0,0,0,0,0,0,0,0
52370576,MSI 크리에이터 M14 A13VF 64GB램,0,0,0,"_SSD 512GB_2,590,000|_SSD 1TB_2,628,960|SSD 2TB_2,705,090",0,0,0,0,0,0,0,0,0,0,0,0,0,0,0,0
52370609,MSI 크리에이터 M14 A13VF WIN11,0,0,0,"_SSD 512GB_1,890,000|_SSD 1TB_2,290,000|SSD 2TB_2,390,000|SSD 4TB_2,990,000",0,0,0,0,0,0,0,0,0,0,0,0,0,0,0,0
52370639,MSI 크리에이터 M14 A13VF WIN11 32GB램,0,0,0,"_SSD 512GB_2,390,000|_SSD 1TB_2,450,000|SSD 2TB_2,550,000|SSD 4TB_3,699,000",0,0,0,0,0,0,0,0,0,0,0,0,0,0,0,0
52370660,MSI 크리에이터 M14 A13VF WIN11 64GB램,0,0,0,"_SSD 512GB_2,655,750|_SSD 1TB_2,671,880|SSD 2TB_2,748,000|SSD 4TB_4,390,000",0,0,0,0,0,0,0,0,0,0,0,0,0,0,0,0
16347383,MSI 크리에이터 M16 A12UC,0,0,0,"_SSD 512GB_4,790,000|_SSD 1TB_2,170,000|SSD 2TB_2,490,000",0,0,0,0,0,0,0,0,0,0,0,0,0,0,0,0
16441331,MSI 크리에이터 M16 A12UC 32GB램,0,0,0,"_SSD 512GB_2,790,000|_SSD 1TB_2,990,000",0,0,0,0,0,0,0,0,0,0,0,0,0,0,0,0
16441136,MSI 크리에이터 M16 A12UC WIN10,0,0,0,"_SSD 512GB_2,070,000|_SSD 1TB_2,390,000|SSD 2TB_2,570,000",0,0,0,0,0,0,0,0,0,0,0,0,0,0,0,0
16441244,MSI 크리에이터 M16 A12UC WIN10 32GB램,0,0,0,"_SSD 512GB_2,220,000|_SSD 1TB_2,590,000",0,0,0,0,0,0,0,0,0,0,0,0,0,0,0,0
16441280,MSI 크리에이터 M16 A12UC WIN10 64GB램,0,0,0,"_SSD 512GB_2,990,000|_SSD 1TB_3,290,000|SSD 2TB_3,490,000",0,0,0,0,0,0,0,0,0,0,0,0,0,0,0,0
17523845,MSI 크리에이터 M16 A12UC WIN11,0,0,0,"_SSD 512GB_2,790,000|_SSD 1TB_2,890,000",0,0,0,0,0,0,0,0,0,0,0,0,0,0,0,0
17523776,MSI 크리에이터 M16 A12UC WIN11 32GB램,0,0,0,"_SSD 512GB_2,290,000|_SSD 1TB_2,990,000",0,0,0,0,0,0,0,0,0,0,0,0,0,0,0,0
17523728,MSI 크리에이터 M16 A12UC WIN11 64GB램,0,0,0,"_SSD 512GB_2,490,000|_SSD 1TB_2,690,000",0,0,0,0,0,0,0,0,0,0,0,0,0,0,0,0
19955165,MSI 크리에이터 M16 B12VE,0,0,0,"_SSD 512GB_1,690,000|_SSD 1TB_1,890,000|SSD 2TB_2,190,000",0,0,0,0,0,0,0,0,0,0,0,0,0,0,0,0
19997855,MSI 크리에이터 M16 B12VE 32GB램,0,0,0,"_SSD 512GB_2,249,000|_SSD 1TB_2,390,000|SSD 2TB_2,490,000",0,0,0,0,0,0,0,0,0,0,0,0,0,0,0,0
19998062,MSI 크리에이터 M16 B12VE 64GB램,0,0,0,"_SSD 512GB_2,690,000|_SSD 1TB_2,790,000|SSD 2TB_2,890,000",0,0,0,0,0,0,0,0,0,0,0,0,0,0,0,0
19998236,MSI 크리에이터 M16 B12VE WIN11,0,0,0,"_SSD 512GB_1,790,000|_SSD 1TB_1,890,000|SSD 2TB_2,290,000",0,0,0,0,0,0,0,0,0,0,0,0,0,0,0,0
19997897,MSI 크리에이터 M16 B12VE WIN11 32GB램,0,0,0,"_SSD 512GB_2,390,000|_SSD 1TB_2,490,000|SSD 2TB_2,590,000",0,0,0,0,0,0,0,0,0,0,0,0,0,0,0,0
19998035,MSI 크리에이터 M16 B12VE WIN11 64GB램,0,0,0,"_SSD 512GB_3,290,000|_SSD 1TB_3,390,000|SSD 2TB_3,490,000",0,0,0,0,0,0,0,0,0,0,0,0,0,0,0,0
20534627,MSI 크리에이터 M16 B13VF-i9,0,0,0,"_SSD 1TB_2,490,000|_SSD 2TB_2,590,000",0,0,0,0,0,0,0,0,0,0,0,0,0,0,0,0
21195410,MSI 크리에이터 M16 B13VF-i9 32GB램,0,0,0,"SSD 2TB_2,790,000",0,0,0,0,0,0,0,0,0,0,0,0,0,0,0,0
21195497,MSI 크리에이터 M16 B13VF-i9 64GB램,0,0,0,"_SSD 1TB_2,890,000|_SSD 2TB_2,990,000",0,0,0,0,0,0,0,0,0,0,0,0,0,0,0,0
21195326,MSI 크리에이터 M16 B13VF-i9 WIN11,0,0,0,"_SSD 1TB_2,490,000|_SSD 2TB_2,590,000",0,0,0,0,0,0,0,0,0,0,0,0,0,0,0,0
21195419,MSI 크리에이터 M16 B13VF-i9 WIN11 32GB램,0,0,0,"_SSD 1TB_2,590,000|_SSD 2TB_2,690,000",0,0,0,0,0,0,0,0,0,0,0,0,0,0,0,0
21195485,MSI 크리에이터 M16 B13VF-i9 WIN11 64GB램,0,0,0,"SSD 2TB_2,990,000",0,0,0,0,0,0,0,0,0,0,0,0,0,0,0,0
53877236,MSI 크리에이터 M16 HX C14VGG-i9,0,0,0,"_SSD 1TB_3,199,000|_SSD 2TB_2,989,000|SSD 4TB_3,799,000",0,0,0,0,0,0,0,0,0,0,0,0,0,0,0,0
55468412,MSI 크리에이터 M16 HX C14VGG-i9 64GB램,0,0,0,"_SSD 1TB_3,990,000|_SSD 2TB_4,490,000|SSD 4TB_3,999,000",0,0,0,0,0,0,0,0,0,0,0,0,0,0,0,0
53878427,MSI 크리에이터 M16 HX C14VGG-i9 WIN11,0,0,0,"_SSD 1TB_2,889,000|_SSD 2TB_3,189,000|SSD 4TB_3,899,000",0,0,0,0,0,0,0,0,0,0,0,0,0,0,0,0
55468367,MSI 크리에이터 M16 HX C14VGG-i9 WIN11 64GB램,0,0,0,"_SSD 1TB_3,189,000|_SSD 2TB_3,489,000|SSD 4TB_3,999,000",0,0,0,0,0,0,0,0,0,0,0,0,0,0,0,0
19410134,MSI 크리에이터 Z16 HX Studio B13VFTO-i9,0,0,0,"_SSD 1TB_3,890,000|_SSD 2TB_4,340,000",0,0,0,0,0,0,0,0,0,0,0,0,0,0,0,0
19530011,MSI 크리에이터 Z16 HX Studio B13VFTO-i9 32GB램,0,0,0,"_SSD 1TB_4,815,000|_SSD 2TB_4,730,000",0,0,0,0,0,0,0,0,0,0,0,0,0,0,0,0
19530065,MSI 크리에이터 Z16 HX Studio B13VFTO-i9 64GB램,0,0,0,"_SSD 1TB_5,990,000|_SSD 2TB_5,870,000",0,0,0,0,0,0,0,0,0,0,0,0,0,0,0,0
19507034,MSI 크리에이터 Z16 HX Studio B13VFTO-i9 WIN11,0,0,0,"_SSD 1TB_4,590,000|_SSD 2TB_4,405,000",0,0,0,0,0,0,0,0,0,0,0,0,0,0,0,0
19507118,MSI 크리에이터 Z16 HX Studio B13VFTO-i9 WIN11 32GB램,0,0,0,"_SSD 1TB_4,680,000|_SSD 2TB_4,780,000",0,0,0,0,0,0,0,0,0,0,0,0,0,0,0,0
19507148,MSI 크리에이터 Z16 HX Studio B13VFTO-i9 WIN11 64GB램,0,0,0,"_SSD 1TB_6,490,000|_SSD 2TB_5,920,000",0,0,0,0,0,0,0,0,0,0,0,0,0,0,0,0
19410299,MSI 크리에이터 Z16 HX Studio B13VGTO-i9 W11,0,0,0,"_SSD 1TB_4,399,000|_SSD 2TB_3,910,000",0,0,0,0,0,0,0,0,0,0,0,0,0,0,0,0
19507358,MSI 크리에이터 Z16 HX Studio B13VGTO-i9 W11 64GB램,0,0,0,"_SSD 1TB_4,499,000|_SSD 2TB_4,173,030",0,0,0,0,0,0,0,0,0,0,0,0,0,0,0,0
16783034,MSI 크리에이터 Z17 A12UGST W11,0,0,0,"_SSD 1TB_3,320,000|_SSD 2TB_3,990,000",0,0,0,0,0,0,0,0,0,0,0,0,0,0,0,0
17380727,MSI 크리에이터 Z17 A12UGST W11 64GB램,0,0,0,"_SSD 1TB_2,990,000|_SSD 2TB_3,180,000",0,0,0,0,0,0,0,0,0,0,0,0,0,0,0,0
20443082,MSI 크리에이터 Z17 HX Studio A13VFT 32GB램,0,0,0,"_SSD 1TB_3,990,000|_SSD 2TB_4,290,000",0,0,0,0,0,0,0,0,0,0,0,0,0,0,0,0
20443067,MSI 크리에이터 Z17 HX Studio A13VFT 64GB램,0,0,0,"_SSD 1TB_3,488,000|_SSD 2TB_4,490,000",0,0,0,0,0,0,0,0,0,0,0,0,0,0,0,0
20442962,MSI 크리에이터 Z17 HX Studio A13VFT WIN11,0,0,0,"_SSD 1TB_3,488,000|_SSD 2TB_2,683,000|SSD 4TB_3,173,000",0,0,0,0,0,0,0,0,0,0,0,0,0,0,0,0
20443007,MSI 크리에이터 Z17 HX Studio A13VFT WIN11 32GB램,0,0,0,"_SSD 1TB_3,488,000|_SSD 2TB_3,788,000|SSD 4TB_3,423,000",0,0,0,0,0,0,0,0,0,0,0,0,0,0,0,0
20443046,MSI 크리에이터 Z17 HX Studio A13VFT WIN11 64GB램,0,0,0,"_SSD 2TB_4,188,000|_SSD 4TB_5,490,000",0,0,0,0,0,0,0,0,0,0,0,0,0,0,0,0
20500847,MSI 크리에이터 Z17 HX Studio A13VFT-i9,0,0,0,"_SSD 1TB_4,085,000|_SSD 2TB_4,190,000",0,0,0,0,0,0,0,0,0,0,0,0,0,0,0,0
21128471,MSI 크리에이터 Z17 HX Studio A13VFT-i9 32GB램,0,0,0,"_SSD 1TB_4,190,000|_SSD 2TB_4,290,000|SSD 4TB_4,482,000",0,0,0,0,0,0,0,0,0,0,0,0,0,0,0,0
21133259,MSI 크리에이터 Z17 HX Studio A13VFT-i9 64GB램,0,0,0,"_SSD 2TB_4,690,000|_SSD 4TB_4,870,000",0,0,0,0,0,0,0,0,0,0,0,0,0,0,0,0
21117554,MSI 크리에이터 Z17 HX Studio A13VFT-i9 WIN11,0,0,0,"_SSD 1TB_3,990,000|_SSD 2TB_4,090,000",0,0,0,0,0,0,0,0,0,0,0,0,0,0,0,0
21129179,MSI 크리에이터 Z17 HX Studio A13VFT-i9 WIN11 32GB램,0,0,0,"_SSD 1TB_3,990,000|_SSD 2TB_4,090,000|SSD 4TB_4,265,000",0,0,0,0,0,0,0,0,0,0,0,0,0,0,0,0
21132470,MSI 크리에이터 Z17 HX Studio A13VFT-i9 WIN11 64GB램,0,0,0,"_SSD 1TB_4,490,000|_SSD 2TB_4,290,000|SSD 4TB_4,470,000",0,0,0,0,0,0,0,0,0,0,0,0,0,0,0,0
20534177,MSI 크리에이터 Z17 HX Studio A13VGT,0,0,0,"_SSD 1TB_3,303,000|_SSD 2TB_3,533,000",0,0,0,0,0,0,0,0,0,0,0,0,0,0,0,0
21520655,MSI 크리에이터 Z17 HX Studio A13VGT 64GB램,0,0,0,"_SSD 1TB_3,583,000|_SSD 2TB_3,683,000",0,0,0,0,0,0,0,0,0,0,0,0,0,0,0,0
21520547,MSI 크리에이터 Z17 HX Studio A13VGT WIN11,0,0,0,"_SSD 1TB_3,483,000|_SSD 2TB_3,988,000",0,0,0,0,0,0,0,0,0,0,0,0,0,0,0,0
21520595,MSI 크리에이터 Z17 HX Studio A13VGT WIN11 64GB램,0,0,0,"_SSD 1TB_3,653,000|_SSD 2TB_3,763,000",0,0,0,0,0,0,0,0,0,0,0,0,0,0,0,0
20399336,MSI 크리에이터 Z17 HX Studio A13VGT-i9 W11,0,0,0,"_SSD 1TB_3,790,000|SSD 2TB_3,890,000|_SSD 4TB_3,990,000",0,0,0,0,0,0,0,0,0,0,0,0,0,0,0,0
20443586,MSI 크리에이터 Z17 HX Studio A13VGT-i9 W11 64GB램,0,0,0,"_SSD 1TB_4,490,000|SSD 2TB_4,690,000|_SSD 4TB_4,990,000",0,0,0,0,0,0,0,0,0,0,0,0,0,0,0,0
52153709,MSI 크리에이터 Z17 HX Studio A14VGT-i9 W11,0,0,0,"_SSD 2TB_4,990,000|_SSD 4TB_4,599,000",0,0,0,0,0,0,0,0,0,0,0,0,0,0,0,0
61440128,MSI 크리에이터 Z17 HX Studio A14VGT-i9 W11 96GB램,0,0,0,"SSD 2TB_5,489,000",0,0,0,0,0,0,0,0,0,0,0,0,0,0,0,0
122681976,MSI 타이탄 18 HX AI A2WJ-U9+ UHD+ Mini LED W11,0,0,0,"SSD 2TB_9,449,360",0,0,0,0,0,0,0,0,0,0,0,0,0,0,0,0
79556729,MSI 타이탄 18 HX AI A2XWJG-U9 UHD+ Mini LED W11,0,0,0,"_SSD 4TB_9,950,000|SSD 6TB_8,669,000|_SSD 8TB_8,869,000",0,0,0,0,0,0,0,0,0,0,0,0,0,0,0,0
79857854,MSI 타이탄 18 HX 드래곤 에디션 A2XWJG-U9 UHD+ Mini LED W11,0,0,0,"_SSD 6TB_11,450,000|_SSD 8TB_13,000,000",0,0,0,0,0,0,0,0,0,0,0,0,0,0,0,0
122726680,MSI 타이탄 18 HX 드래곤 에디션 Draco Epic A2WJ-U9+ UHD+ Mini LED W11,0,0,0,"SSD 2TB + SSD 2TB_10,999,000",0,0,0,0,0,0,0,0,0,0,0,0,0,0,0,0
52367651,MSI 펄스 16 AI C1VFKG-U9 QHD W11,0,0,0,"_SSD 1TB_3,990,000|_SSD 2TB_3,427,200|SSD 4TB_4,490,000",0,0,0,0,0,0,0,0,0,0,0,0,0,0,0,0
54212714,MSI 펄스 16 AI C1VFKG-U9 QHD W11 32GB램,0,0,0,"_SSD 1TB_4,080,000|_SSD 2TB_4,207,680|SSD 4TB_4,790,000",0,0,0,0,0,0,0,0,0,0,0,0,0,0,0,0
54212723,MSI 펄스 16 AI C1VFKG-U9 QHD W11 64GB램,0,0,0,"_SSD 1TB_4,690,000|_SSD 2TB_4,790,000|",0,0,0,0,0,0,0,0,0,0,0,0,0,0,0,0
52153880,MSI 펄스 17 AI C1VFKG-U9 QHD,0,0,0,"_SSD 1TB_2,269,000|_SSD 2TB_2,548,990|SSD 4TB_5,128,000",0,0,0,0,0,0,0,0,0,0,0,0,0,0,0,0
53520137,MSI 펄스 17 AI C1VFKG-U9 QHD 32GB램,0,0,0,"_SSD 1TB_2,748,990|_SSD 2TB_2,918,990|SSD 4TB_5,126,000",0,0,0,0,0,0,0,0,0,0,0,0,0,0,0,0
53520155,MSI 펄스 17 AI C1VFKG-U9 QHD 64GB램,0,0,0,"_SSD 1TB_3,318,990|_SSD 2TB_3,498,990|SSD 4TB_5,128,000",0,0,0,0,0,0,0,0,0,0,0,0,0,0,0,0
52367471,MSI 펄스 17 AI C1VFKG-U9 QHD W11,0,0,0,"_SSD 1TB_2,299,000|_SSD 2TB_2,568,990|SSD 4TB_5,199,000",0,0,0,0,0,0,0,0,0,0,0,0,0,0,0,0
54212780,MSI 펄스 17 AI C1VFKG-U9 QHD W11 32GB램,0,0,0,"_SSD 1TB_2,768,990|_SSD 2TB_2,938,990|SSD 4TB_5,299,000",0,0,0,0,0,0,0,0,0,0,0,0,0,0,0,0
54212795,MSI 펄스 17 AI C1VFKG-U9 QHD W11 64GB램,0,0,0,"_SSD 1TB_3,348,990|_SSD 2TB_3,518,990|SSD 4TB_5,499,000",0,0,0,0,0,0,0,0,0,0,0,0,0,0,0,0
52158380,MSI 펄스 17 AI C1VFKG-U9 QHD WIN11,0,0,0,"_SSD 1TB_2,438,990|_SSD 2TB_2,608,990|SSD 4TB_4,499,000",0,0,0,0,0,0,0,0,0,0,0,0,0,0,0,0
52158404,MSI 펄스 17 AI C1VFKG-U9 QHD WIN11 32GB램,0,0,0,"_SSD 1TB_2,798,990|_SSD 2TB_2,968,990|SSD 4TB_5,838,000",0,0,0,0,0,0,0,0,0,0,0,0,0,0,0,0
52158422,MSI 펄스 17 AI C1VFKG-U9 QHD WIN11 64GB램,0,0,0,"_SSD 1TB_3,378,990|_SSD 2TB_3,548,990|SSD 4TB_5,128,000",0,0,0,0,0,0,0,0,0,0,0,0,0,0,0,0
20521745,MSI 펄스 17 B13VFK-i9 QHD,0,0,0,"_SSD 1TB_2,290,000|_SSD 2TB_2,320,000",0,0,0,0,0,0,0,0,0,0,0,0,0,0,0,0
20656019,MSI 펄스 17 B13VFK-i9 QHD 32GB램,0,0,0,"_SSD 1TB_2,990,000|_SSD 2TB_3,290,000",0,0,0,0,0,0,0,0,0,0,0,0,0,0,0,0
20656160,MSI 펄스 17 B13VFK-i9 QHD 64GB램,0,0,0,"_SSD 1TB_2,990,000|_SSD 2TB_3,290,000",0,0,0,0,0,0,0,0,0,0,0,0,0,0,0,0
20652251,MSI 펄스 17 B13VFK-i9 QHD WIN11,0,0,0,"_SSD 1TB_2,650,000|_SSD 2TB_2,350,000",0,0,0,0,0,0,0,0,0,0,0,0,0,0,0,0
20652272,MSI 펄스 17 B13VFK-i9 QHD WIN11 32GB램,0,0,0,"_SSD 1TB_2,290,000|_SSD 2TB_3,490,000",0,0,0,0,0,0,0,0,0,0,0,0,0,0,0,0
20656130,MSI 펄스 17 B13VFK-i9 QHD WIN11 64GB램,0,0,0,"_SSD 1TB_3,790,000|_SSD 2TB_3,990,000",0,0,0,0,0,0,0,0,0,0,0,0,0,0,0,0
29378729,MSI 펄스 17 B13VGK-i9 QHD,0,0,0,"_SSD 512GB_2,162,530||_SSD 2TB_2,515,280",0,0,0,0,0,0,0,0,0,0,0,0,0,0,0,0
29618018,MSI 펄스 17 B13VGK-i9 QHD 32GB램,0,0,0,"_SSD 512GB_2,602,350|_SSD 1TB_2,700,260|SSD 2TB_2,874,410",0,0,0,0,0,0,0,0,0,0,0,0,0,0,0,0
29618096,MSI 펄스 17 B13VGK-i9 QHD 64GB램,0,0,0,"_SSD 512GB_3,190,100|_SSD 1TB_3,288,010|SSD 2TB_3,374,400",0,0,0,0,0,0,0,0,0,0,0,0,0,0,0,0
29620148,MSI 펄스 17 B13VGK-i9 QHD WIN11,0,0,0,"_SSD 512GB_2,264,990|_SSD 1TB_2,363,490|SSD 2TB_2,537,050",0,0,0,0,0,0,0,0,0,0,0,0,0,0,0,0
29620241,MSI 펄스 17 B13VGK-i9 QHD WIN11 32GB램,0,0,0,"_SSD 1TB_2,722,030|_SSD 512GB_2,624,120|SSD 2TB_2,896,180",0,0,0,0,0,0,0,0,0,0,0,0,0,0,0,0
29620283,MSI 펄스 17 B13VGK-i9 QHD WIN11 64GB램,0,0,0,"_SSD 512GB_3,211,870|_SSD 1TB_3,309,780|SSD 2TB_3,395,620",0,0,0,0,0,0,0,0,0,0,0,0,0,0,0,0
122626964,MSI 펄스 A17 AI+ C3HWFKG-R7 QHD+,0,0,0,"_SSD 512GB_1,967,000|_SSD 1TB_1,995,880|SSD 2TB_2,194,200",0,0,0,0,0,0,0,0,0,0,0,0,0,0,0,0
122635829,MSI 펄스 A17 AI+ C3HWFKG-R7 QHD+ 32GB램,0,0,0,"_SSD 512GB_2,233,910|_SSD 1TB_2,336,810|SSD 2TB_2,521,100",0,0,0,0,0,0,0,0,0,0,0,0,0,0,0,0
122641237,MSI 펄스 A17 AI+ C3HWFKG-R7 QHD+ 64GB램,0,0,0,"_SSD 512GB_2,853,680|_SSD 1TB_2,934,440|SSD 2TB_3,077,790",0,0,0,0,0,0,0,0,0,0,0,0,0,0,0,0
122635836,MSI 펄스 A17 AI+ C3HWFKG-R7 QHD+ WIN11,0,0,0,"_SSD 512GB_1,913,560|_SSD 1TB_2,028,720|SSD 2TB_2,194,950|SSD 4TB_3,025,910",0,0,0,0,0,0,0,0,0,0,0,0,0,0,0,0
122635847,MSI 펄스 A17 AI+ C3HWFKG-R7 QHD+ WIN11 32GB렘,0,0,0,"SSD 512GB_2,258,840|_SSD 1TB_2,368,960|_SSD 2TB_2,526,300|SSD 4TB_3,373,750",0,0,0,0,0,0,0,0,0,0,0,0,0,0,0,0
122635858,MSI 펄스 A17 AI+ C3HWFKG-R7 QHD+ WIN11 64GB램,0,0,0,"_SSD 512GB_2,837,470|_SSD 1TB_2,964,450|SSD 2TB_3,138,010|SSD 4TB_4,241,770",0,0,0,0,0,0,0,0,0,0,0,0,0,0,0,0
48474095,MSI 프레스티지 13 AI A1MG,0,0,0,"_SSD 1TB_2,190,000|_SSD 512GB_1,990,000|SSD 2TB_2,390,000",0,0,0,0,0,0,0,0,0,0,0,0,0,0,0,0
48474131,MSI 프레스티지 13 AI A1MG WIN11,0,0,0,"_SSD 512GB_2,090,000|_SSD 1TB_2,290,000|SSD 2TB_2,490,000",0,0,0,0,0,0,0,0,0,0,0,0,0,0,0,0
122628394,MSI 프레스티지 13 AI+ A3MG-U9 2.8K OLED,0,0,0,"_SSD 1TB_3,246,990|_SSD 2TB_3,546,990|SSD 4TB_4,900,000",0,0,0,0,0,0,0,0,0,0,0,0,0,0,0,0
122635818,MSI 프레스티지 13 AI+ A3MG-U9 2.8K OLED WIN11,0,0,0,"_SSD 1TB_3,346,990|_SSD 2TB_3,646,990|SSD 4TB_4,800,000",0,0,0,0,0,0,0,0,0,0,0,0,0,0,0,0
97223822,MSI 프레스티지 13 AI+ 우키요에 에디션 A2VMG-U9 2.8K OLED W11,0,0,0,"_SSD 2TB_2,997,000|_SSD 4TB_3,490,000",0,0,0,0,0,0,0,0,0,0,0,0,0,0,0,0
19356056,MSI 프레스티지 13 Evo A13M W11,0,0,0,"_SSD 1TB_2,299,000|_SSD 2TB_1,938,050",0,0,0,0,0,0,0,0,0,0,0,0,0,0,0,0
18198086,MSI 프레스티지 14 A11SCX 로즈 핑크,0,0,0,"SSD 2TB_1,940,000",0,0,0,0,0,0,0,0,0,0,0,0,0,0,0,0
18198122,MSI 프레스티지 14 A11SCX 로즈 핑크 WIN10,0,0,0,"_SSD 512GB_1,840,000|_SSD 1TB_1,890,000|SSD 2TB_1,990,000",0,0,0,0,0,0,0,0,0,0,0,0,0,0,0,0
18198179,MSI 프레스티지 14 A11SCX 로즈 핑크 WIN11,0,0,0,"_SSD 512GB_1,820,000|_SSD 1TB_1,880,000|SSD 2TB_1,990,000",0,0,0,0,0,0,0,0,0,0,0,0,0,0,0,0
60326396,MSI 프레스티지 14 AI Studio C1UDXG-U7,0,0,0,"_SSD 1TB_1,895,340|_SSD 2TB_2,015,000|SSD 4TB_2,634,810",0,0,0,0,0,0,0,0,0,0,0,0,0,0,0,0
61441187,MSI 프레스티지 14 AI Studio C1UDXG-U7 64GB램,0,0,0,"_SSD 1TB_2,786,150|_SSD 2TB_2,923,390|SSD 4TB_3,090,000",0,0,0,0,0,0,0,0,0,0,0,0,0,0,0,0
60326411,MSI 프레스티지 14 AI Studio C1UDXG-U7 W11,0,0,0,"_SSD 1TB_2,590,000|_SSD 2TB_2,790,000|SSD 4TB_2,699,000",0,0,0,0,0,0,0,0,0,0,0,0,0,0,0,0
61441121,MSI 프레스티지 14 AI Studio C1UDXG-U7 W11 64GB램,0,0,0,"_SSD 1TB_3,590,000|_SSD 2TB_3,790,000|SSD 4TB_3,390,000",0,0,0,0,0,0,0,0,0,0,0,0,0,0,0,0
61441178,MSI 프레스티지 14 AI Studio C1UDXG-U7 WIN11,0,0,0,"_SSD 1TB_1,738,170|_SSD 2TB_1,942,770|SSD 4TB_2,645,000",0,0,0,0,0,0,0,0,0,0,0,0,0,0,0,0
61441223,MSI 프레스티지 14 AI Studio C1UDXG-U7 WIN11 64GB램,0,0,0,"_SSD 1TB_2,760,000|_SSD 2TB_2,945,010|SSD 4TB_3,240,000",0,0,0,0,0,0,0,0,0,0,0,0,0,0,0,0
106036286,MSI 프레스티지 14 AI+ D3MG-U9 OLED,0,0,0,"_SSD 1TB_2,499,680|_SSD 2TB_2,860,620|SSD 4TB_3,190,000",0,0,0,0,0,0,0,0,0,0,0,0,0,0,0,0
106720865,MSI 프레스티지 14 AI+ D3MG-U9 OLED WIN11,0,0,0,"_SSD 1TB_2,693,550|_SSD 2TB_2,914,030|SSD 4TB_3,290,000",0,0,0,0,0,0,0,0,0,0,0,0,0,0,0,0
73074920,MSI 프레스티지 14 AI+ Evo C2VMG-U7 W11,0,0,0,"_SSD 1TB_1,839,000|_SSD 2TB_2,052,000|SSD 4TB_2,735,390",0,0,0,0,0,0,0,0,0,0,0,0,0,0,0,0
124101589,MSI 프레스티지 14 Flip AI+ 론강의 별이 빛나는 밤 D3MTG-UX9 OLED W11,0,0,0,"SSD 1TB_3,409,560",0,0,0,0,0,0,0,0,0,0,0,0,0,0,0,0
124101657,MSI 프레스티지 14 Flip AI+ 별이 빛나는 밤 D3MTG-UX9 OLED W11,0,0,0,"SSD 1TB_3,409,560",0,0,0,0,0,0,0,0,0,0,0,0,0,0,0,0
16611911,MSI 프레스티지 15 A12UC,0,0,0,"_SSD 512GB_1,890,000|SSD 1TB_1,890,000|_SSD 2TB_1,990,000|SSD 512GB + SSD 512GB_1,990,000",0,0,0,0,0,0,0,0,0,0,0,0,0,0,0,0
17482625,MSI 프레스티지 15 A12UC 4K,0,0,0,"_SSD 512GB_2,035,000|_SSD 1TB_2,120,000|SSD 2TB_2,260,000|SSD 512GB + SSD 512GB_2,090,000",0,0,0,0,0,0,0,0,0,0,0,0,0,0,0,0
17532038,MSI 프레스티지 15 A12UC 4K WIN11,0,0,0,"_SSD 512GB_1,960,000|_SSD 1TB_2,210,000|SSD 2TB_2,290,000",0,0,0,0,0,0,0,0,0,0,0,0,0,0,0,0
16730837,MSI 프레스티지 15 A12UC WIN10,0,0,0,"_SSD 512GB_2,040,000|_SSD 1TB_2,190,000",0,0,0,0,0,0,0,0,0,0,0,0,0,0,0,0
16851992,MSI 프레스티지 15 A12UC WIN11,0,0,0,"_SSD 512GB_1,999,000|_SSD 512GB + SSD 512GB_2,230,000",0,0,0,0,0,0,0,0,0,0,0,0,0,0,0,0
37931801,MSI 프레스티지 16 AI B1MG,0,0,0,"_SSD 512GB_1,447,000|SSD 1TB_1,577,520|_SSD 2TB_1,726,710|SSD 4TB_2,517,120",0,0,0,0,0,0,0,0,0,0,0,0,0,0,0,0
40721033,MSI 프레스티지 16 AI B1MG WIN11,0,0,0,"_SSD 512GB_1,487,990|SSD 1TB_1,587,990|_SSD 2TB_1,748,890|SSD 4TB_2,511,920",0,0,0,0,0,0,0,0,0,0,0,0,0,0,0,0
61441565,MSI 프레스티지 16 AI B1MG WIN11 32GB램,0,0,0,"_SSD 512GB_1,890,000|_SSD 1TB_1,990,000|SSD 2TB_2,090,000",0,0,0,0,0,0,0,0,0,0,0,0,0,0,0,0
38451587,MSI 프레스티지 16 AI B1MG-U5 WIN11,0,0,0,"_SSD 512GB_1,555,770|_SSD 1TB_1,804,240",0,0,0,0,0,0,0,0,0,0,0,0,0,0,0,0
31305719,MSI 프레스티지 16 AI Evo B1MG W11,0,0,0,"_SSD 512GB_1,920,000|SSD 1TB_2,030,030|_SSD 2TB_2,112,000|SSD 4TB_2,045,000",0,0,0,0,0,0,0,0,0,0,0,0,0,0,0,0
59981708,MSI 프레스티지 16 AI Studio B1VEG-U7,0,0,0,"_SSD 1TB_2,990,000|_SSD 2TB_2,999,000",0,0,0,0,0,0,0,0,0,0,0,0,0,0,0,0
60003083,MSI 프레스티지 16 AI Studio B1VEG-U7 W11,0,0,0,"_SSD 1TB_3,490,000|_SSD 2TB_2,990,000",0,0,0,0,0,0,0,0,0,0,0,0,0,0,0,0
60062474,MSI 프레스티지 16 AI Studio B1VEG-U7 WIN11,0,0,0,"_SSD 1TB_2,889,000|_SSD 2TB_3,399,000",0,0,0,0,0,0,0,0,0,0,0,0,0,0,0,0
108419633,MSI 프레스티지 16 AI+ C3MG-UX9 2.8K OLED,0,0,0,"_SSD 1TB_2,899,880|_SSD 2TB_3,337,830|SSD 4TB_3,812,630",0,0,0,0,0,0,0,0,0,0,0,0,0,0,0,0
109680761,MSI 프레스티지 16 AI+ C3MG-UX9 2.8K OLED WIN11,0,0,0,"_SSD 1TB_3,196,820|_SSD 2TB_3,358,510|SSD 4TB_3,834,250",0,0,0,0,0,0,0,0,0,0,0,0,0,0,0,0
73074917,MSI 프레스티지 16 AI+ Evo B2VM-U7 W11,0,0,0,"_SSD 1TB_2,463,810|_SSD 2TB_2,600,000|SSD 4TB_3,290,000",0,0,0,0,0,0,0,0,0,0,0,0,0,0,0,0
96057869,MSI 프레스티지 16 AI+ MercedesAMG B2VMG-U9 UHD+ OLED W11,0,0,0,"_SSD 1TB_3,480,000|SSD 2TB_4,650,000|_SSD 4TB_4,590,000",0,0,0,0,0,0,0,0,0,0,0,0,0,0,0,0
19356302,MSI 프레스티지 16 Evo A13M W11,0,0,0,"_SSD 1TB_1,690,000|_SSD 2TB_2,418,940",0,0,0,0,0,0,0,0,0,0,0,0,0,0,0,0
106036190,MSI 프레스티지 16 Flip AI+ C3MTG-U9 2.8K OLED W11,0,0,0,"_SSD 1TB_3,200,000|_SSD 2TB_3,400,000|SSD 4TB_4,388,810",0,0,0,0,0,0,0,0,0,0,0,0,0,0,0,0
19530875,MSI 프레스티지 16 Studio A13VF Mini LED,0,0,0,"_SSD 1TB_2,387,000|_SSD 2TB_2,427,000",0,0,0,0,0,0,0,0,0,0,0,0,0,0,0,0
19601369,MSI 프레스티지 16 Studio A13VF Mini LED WIN11,0,0,0,"_SSD 1TB_2,367,000|_SSD 2TB_2,447,000|SSD 4TB_2,490,000",0,0,0,0,0,0,0,0,0,0,0,0,0,0,0,0
72300530,MSI 프레스티지 A16 AI+ A3HMG-R9 W11,0,0,0,"_SSD 1TB_2,800,000|_SSD 2TB_2,498,000|SSD 4TB_2,838,000",0,0,0,0,0,0,0,0,0,0,0,0,0,0,0,0
76789643,MSI 프레스티지 프로 16 AI B2HVEG-U9 UHD+ OLED,0,0,0,"SSD 1TB_5,440,000|_SSD 2TB_3,954,000|_SSD 4TB_4,198,000",0,0,0,0,0,0,0,0,0,0,0,0,0,0,0,0
77016425,MSI 프레스티지 프로 16 AI B2HVEG-U9 UHD+ OLED WIN11,0,0,0,"SSD 1TB_3,790,000|_SSD 2TB_3,960,000|_SSD 4TB_4,190,000",0,0,0,0,0,0,0,0,0,0,0,0,0,0,0,0
106734167,Razer Blade 14 R9 Zen5 R5060,0,0,0,"_SSD 1TB_2,999,000||_SSD 4TB_4,031,990",0,0,0,0,0,0,0,0,0,0,0,0,0,0,0,0
122721671,Razer Blade 16 U9 R5080 32G,0,0,0,"_SSD 1TB_7,583,990|_SSD 1TB + SSD 1TB_7,950,000",0,0,0,0,0,0,0,0,0,0,0,0,0,0,0,0
122721695,Razer Blade 16 U9 R5080 64G,0,0,0,"_SSD 1TB_8,299,000|_SSD 1TB + SSD 1TB_8,927,990",0,0,0,0,0,0,0,0,0,0,0,0,0,0,0,0
122721739,Razer Blade 16 U9 R5090 32G,0,0,0,"_SSD 2TB_9,599,910|_SSD 2TB + SSD 2TB_10,175,910",0,0,0,0,0,0,0,0,0,0,0,0,0,0,0,0
122721757,Razer Blade 16 U9 R5090 64G,0,0,0,"_SSD 2TB_12,336,000|_SSD 2TB + SSD 2TB_12,960,000",0,0,0,0,0,0,0,0,0,0,0,0,0,0,0,0
98182925,레노버 LEGION 5 15AHP10 83M0000JKR 64GB램,0,0,0,"_SSD 512GB_3,010,000|SSD 1TB_3,219,000|_SSD 2TB_3,333,000|SSD 4TB_4,199,000",0,0,0,0,0,0,0,0,0,0,0,0,0,0,0,0
123972779,레노버 LEGION 5 15IAX11 U7 5060 Edition W11P 32GB램,0,0,0,"_SSD 512GB_3,659,000|_SSD 1TB_3,869,000|SSD 2TB_4,099,000",0,0,0,0,0,0,0,0,0,0,0,0,0,0,0,0
122659426,레노버 LEGION 5 15IPH11 U7 5060 W11P 64GB램,0,0,0,"_SSD 512GB_4,180,000|_SSD 1TB_4,348,000|",0,0,0,0,0,0,0,0,0,0,0,0,0,0,0,0
96987008,레노버 LEGION 5 15IRX10 i9 5070 Plus WIN11,0,0,0,"SSD 1TB_3,680,000|_SSD 2TB_3,880,000|_SSD 4TB_4,600,000",0,0,0,0,0,0,0,0,0,0,0,0,0,0,0,0
93861668,레노버 LEGION 7i 83KY001YKR,0,0,0,"_SSD 1TB_3,928,512|SSD 2TB_5,399,000|_SSD 4TB_5,999,000",0,0,0,0,0,0,0,0,0,0,0,0,0,0,0,0
91636535,레노버 LEGION Pro 5 16IAX10 U9 5070 Plus,0,0,0,"_SSD 1TB_5,100,000|_SSD 2TB_9,000,000|SSD 4TB_9,782,400",0,0,0,0,0,0,0,0,0,0,0,0,0,0,0,0
92545097,레노버 LEGION Pro 5 16IAX10H U9 5070Ti Plus,0,0,0,"_SSD 1TB_4,149,000|_SSD 2TB_4,570,000|SSD 4TB_4,990,000",0,0,0,0,0,0,0,0,0,0,0,0,0,0,0,0
93917597,레노버 LEGION Pro 5 16IAX10H U9 5070Ti Plus W11P,0,0,0,"_SSD 1TB_4,350,000|_SSD 2TB_4,595,000|SSD 4TB_5,040,000",0,0,0,0,0,0,0,0,0,0,0,0,0,0,0,0
19585409,레노버 LEGION Pro 5i 16IRX i7 4060 64GB램,0,0,0,"_SSD 1TB_2,687,000|_SSD 2TB_2,837,000|SSD 4TB_3,546,000|SSD 2TB + SSD 2TB_3,187,000|SSD 4TB + SSD 4TB_4,837,000",0,0,0,0,0,0,0,0,0,0,0,0,0,0,0,0
122718726,레노버 LEGION Pro 5i 83F3CTO1WW,0,0,0,"_SSD 1TB_3,600,000|_SSD 2TB_3,800,000",0,0,0,0,0,0,0,0,0,0,0,0,0,0,0,0
91349627,레노버 LEGION Pro 7 16IAX10 U9 5070Ti Plus WIN11,0,0,0,"_SSD 1TB_5,099,990|_SSD 2TB_5,289,990|SSD 4TB_6,379,990",0,0,0,0,0,0,0,0,0,0,0,0,0,0,0,0
27942449,레노버 LEGION Slim5 14APH R7 4060 Plus,0,0,0,"_SSD 512GB_2,840,000|_SSD 1TB_2,430,000|SSD 2TB_2,940,000|SSD 4TB_2,830,000|SSD 512GB + SSD 512GB_2,840,000|SSD 1TB + SSD 1TB_2,540,000|SSD 2TB + SSD 2TB_2,830,000",0,0,0,0,0,0,0,0,0,0,0,0,0,0,0,0
97471472,레노버 LOQ 15AHP10 R7 5060 WIN11 32GB램,0,0,0,"_SSD 512GB_2,246,770|_SSD 1TB_2,408,150|SSD 2TB_2,523,890|SSD 4TB_2,999,530",0,0,0,0,0,0,0,0,0,0,0,0,0,0,0,0
122645137,레노버 LOQ 15AHP11 83TN000JKR,0,0,0,"_SSD 512GB_1,899,000|_SSD 1TB_1,929,000|SSD 2TB_2,103,660|",0,0,0,0,0,0,0,0,0,0,0,0,0,0,0,0
122651343,레노버 LOQ 15AHP11 83TN000JKR WIN11 32GB램,0,0,0,"_SSD 512GB_2,190,000|_SSD 1TB_2,340,000|SSD 2TB_2,522,760|SSD 4TB_2,998,470",0,0,0,0,0,0,0,0,0,0,0,0,0,0,0,0
56138234,레노버 LOQ 15ARP9 R7 4060 WIN11,0,0,0,"_SSD 512GB_1,999,000|_SSD 1TB_2,599,840|SSD 2TB_2,890,140|SSD 4TB_3,296,000",0,0,0,0,0,0,0,0,0,0,0,0,0,0,0,0
56155958,레노버 LOQ 15ARP9 R7 4060 WIN11 32GB램,0,0,0,"_SSD 512GB_2,490,000|_SSD 1TB_2,160,000|SSD 2TB_2,750,000|SSD 4TB_2,990,000",0,0,0,0,0,0,0,0,0,0,0,0,0,0,0,0
55044545,레노버 LOQ 15ARP9 R7W 4060,0,0,0,"_SSD 512GB_1,890,000|_SSD 1TB_2,090,000|SSD 2TB_2,290,000",0,0,0,0,0,0,0,0,0,0,0,0,0,0,0,0
122619163,레노버 LOQ 15IRX10 i7 5060 Edition W11P 32GB램,0,0,0,"SSD 512GB_2,399,000|_SSD 1TB_2,629,000|_SSD 2TB_2,839,000",0,0,0,0,0,0,0,0,0,0,0,0,0,0,0,0
98546765,레노버 LOQ 15IRX10 i7 5060 SE W11 32GB램,0,0,0,"_SSD 512GB_2,700,000|SSD 1TB_2,980,000|_SSD 2TB_3,150,000|SSD 4TB_3,780,000",0,0,0,0,0,0,0,0,0,0,0,0,0,0,0,0
20668928,레노버 LOQ 16APH R7 4060,0,0,0,"_SSD 512GB_1,871,040|_SSD 1TB_1,963,200|SSD 2TB_2,069,760",0,0,0,0,0,0,0,0,0,0,0,0,0,0,0,0
98414612,레노버 V15 AMN G4 R5,0,0,0,"_SSD 256GB_748,990|_SSD 512GB_855,000|SSD 1TB_1,000,000|SSD 2TB_1,149,000|SSD 4TB_1,745,000",0,0,0,0,0,0,0,0,0,0,0,0,0,0,0,0
98768735,레노버 V15 G5 IRL i5,0,0,0,"_SSD 256GB_708,980|_SSD 512GB_829,000|SSD 1TB_899,000|SSD 2TB_1,059,000|SSD 4TB_2,000,000",0,0,0,0,0,0,0,0,0,0,0,0,0,0,0,0
98768831,레노버 V15 G5 IRL i5 16G,0,0,0,"_SSD 256GB_852,000|_SSD 512GB_943,390|SSD 1TB_1,045,000|SSD 2TB_1,147,000|SSD 4TB_2,946,000",0,0,0,0,0,0,0,0,0,0,0,0,0,0,0,0
108364904,레노버 V15 G6 ARP R5 W11P,0,0,0,"_SSD 256GB_1,079,000|_SSD 512GB_1,129,000|SSD 1TB_1,299,000",0,0,0,0,0,0,0,0,0,0,0,0,0,0,0,0
124238447,레노버 V15 G7 IWC Core5 83VF007KKR,0,0,0,"_SSD 256GB_1,394,000|_SSD 512GB_1,399,000|SSD 1TB_1,499,000|SSD 2TB_1,649,000",0,0,0,0,0,0,0,0,0,0,0,0,0,0,0,0
124238459,레노버 V15 G7 IWC Core5 83VF007KKR WIN11,0,0,0,"_SSD 256GB_1,349,000|_SSD 512GB_1,449,000|SSD 1TB_1,549,000|SSD 2TB_1,699,000",0,0,0,0,0,0,0,0,0,0,0,0,0,0,0,0
124153690,레노버 V15 G7 IWC Core5 83VF007LKR,0,0,0,"SSD 256GB_1,309,000",0,0,0,0,0,0,0,0,0,0,0,0,0,0,0,0
124258988,레노버 V15 G7 IWC Core5 83VF007MKR,0,0,0,"_SSD 256GB_1,190,000|_SSD 512GB_1,588,000|SSD 1TB_1,718,000",0,0,0,0,0,0,0,0,0,0,0,0,0,0,0,0
124258995,레노버 V15 G7 IWC Core5 83VF007MKR 16GB램,0,0,0,"_SSD 256GB_1,848,000|_SSD 512GB_2,137,000|SSD 1TB_2,267,000",0,0,0,0,0,0,0,0,0,0,0,0,0,0,0,0
124258998,레노버 V15 G7 IWC Core5 83VF007MKR WIN11,0,0,0,"_SSD 256GB_1,299,000|_SSD 512GB_1,588,000|SSD 1TB_1,718,000",0,0,0,0,0,0,0,0,0,0,0,0,0,0,0,0
124259005,레노버 V15 G7 IWC Core5 83VF007MKR WIN11 16GB램,0,0,0,"_SSD 256GB_1,928,000|SSD 512GB_2,217,000|_SSD 1TB_2,347,000",0,0,0,0,0,0,0,0,0,0,0,0,0,0,0,0
17795351,레노버 V15 Gen3 IAP 82TT007NKR,0,0,0,"_SSD 256GB_718,150|SSD 500GB_823,430|SSD 1TB_929,650|_SSD 2TB_869,000",0,0,0,0,0,0,0,0,0,0,0,0,0,0,0,0
18061178,레노버 V15 Gen3 IAP 82TT007NKR WIN11,0,0,0,"_SSD 256GB_739,770|SSD 512GB_845,050|_SSD 1TB_890,000|SSD 2TB_1,112,950",0,0,0,0,0,0,0,0,0,0,0,0,0,0,0,0
18687536,레노버 V15 Gen3 IAP 82TT007NKR WIN11 8GB램,0,0,0,"_SSD 256GB_739,770|SSD 512GB_845,050|_SSD 1TB_890,000|SSD 2TB_1,112,950",0,0,0,0,0,0,0,0,0,0,0,0,0,0,0,0
27992909,레노버 V15 Gen4 AMN 82YU000BKR WIN11,0,0,0,"_SSD 256GB_790,000|_SSD 512GB_749,000|SSD 1TB_1,874,000|SSD 2TB_1,190,000",0,0,0,0,0,0,0,0,0,0,0,0,0,0,0,0
124237442,레노버 V17 G7 IWC Core5 83VG002WKR,0,0,0,"SSD 256GB_1,839,000",0,0,0,0,0,0,0,0,0,0,0,0,0,0,0,0
124237463,레노버 V17 G7 IWC Core5 83VG002XKR,0,0,0,"SSD 256GB_1,643,000",0,0,0,0,0,0,0,0,0,0,0,0,0,0,0,0
58029791,레노버 V17 IRU G4 i5,0,0,0,"_SSD 256GB_1,074,130|_SSD 512GB_1,384,860|SSD 1TB_1,524,640|SSD 2TB_1,640,000|SSD 4TB_2,050,000",0,0,0,0,0,0,0,0,0,0,0,0,0,0,0,0
27986645,레노버 씽크북 14 Gen4 ABA-21DK0000KR 16GB램,0,0,0,"SSD 256GB_870,000",0,0,0,0,0,0,0,0,0,0,0,0,0,0,0,0
61436693,레노버 씽크북 14 Gen4 ABA-21DK004QKR,0,0,0,"SSD 2TB_1,198,000",0,0,0,0,0,0,0,0,0,0,0,0,0,0,0,0
77704661,레노버 씽크북 14ARP G7 R5 W11,0,0,0,"_SSD 512GB_1,383,010|SSD 1TB_1,562,640|_SSD 2TB_1,500,000|SSD 4TB_2,600,000",0,0,0,0,0,0,0,0,0,0,0,0,0,0,0,0
90159137,레노버 씽크북 14IRL G8 Core5 MT WIN11,0,0,0,"_SSD 512GB_1,205,000|_SSD 1TB_1,316,000|SSD 2TB_1,388,000|SSD 4TB_2,016,000",0,0,0,0,0,0,0,0,0,0,0,0,0,0,0,0
77706695,레노버 씽크북 14IRL G8 Core5 W11,0,0,0,"_SSD 512GB_1,590,000|SSD 1TB_1,634,000|SSD 2TB_1,800,000|_SSD 4TB_2,299,000",0,0,0,0,0,0,0,0,0,0,0,0,0,0,0,0
79411949,레노버 씽크북 14IRL G8 Core5 W11 32GB램,0,0,0,"_SSD 512GB_1,860,000|SSD 1TB_1,969,000|SSD 2TB_2,300,000|_SSD 4TB_2,399,000",0,0,0,0,0,0,0,0,0,0,0,0,0,0,0,0
79452614,레노버 씽크북 14IRL G8 Core5 WIN11 32GB램,0,0,0,"_SSD 512GB_1,590,000|_SSD 1TB_1,800,000|SSD 2TB_2,000,000|SSD 4TB_2,223,000",0,0,0,0,0,0,0,0,0,0,0,0,0,0,0,0
124336304,레노버 씽크북 14X ILL U5 3K OLED AI W11,0,0,0,"SSD 512GB_1,689,000|_SSD 1TB_1,859,000|_SSD 2TB_2,159,000",0,0,0,0,0,0,0,0,0,0,0,0,0,0,0,0
124336356,레노버 씽크북 14X ILL U7 3K OLED AI W11,0,0,0,"_SSD 512GB_1,869,000|_SSD 1TB_2,039,000|SSD 2TB_2,329,000",0,0,0,0,0,0,0,0,0,0,0,0,0,0,0,0
20220029,레노버 씽크북 15 Gen3 ACL-21A4A036KR 24GB램,0,0,0,"SSD 256GB_1,140,000",0,0,0,0,0,0,0,0,0,0,0,0,0,0,0,0
103482833,레노버 씽크북 16AHP G9 R7 3K AI,0,0,0,"_SSD 512GB_1,449,000|_SSD 1TB_1,596,900|SSD 2TB_1,799,000",0,0,0,0,0,0,0,0,0,0,0,0,0,0,0,0
60166220,레노버 씽크북 16ARP G7 R5 WIN11 32GB램,0,0,0,"_SSD 512GB_1,650,000|SSD 1TB_1,850,000|_SSD 2TB_2,050,000|SSD 4TB_2,850,000",0,0,0,0,0,0,0,0,0,0,0,0,0,0,0,0
89528543,레노버 씽크북 16IAL G8 U7 3K AI WIN11 32GB램,0,0,0,"_SSD 512GB_2,200,000|SSD 1TB_2,250,000|SSD 2TB_2,399,000|_SSD 4TB_2,599,000",0,0,0,0,0,0,0,0,0,0,0,0,0,0,0,0
89528645,레노버 씽크북 16IAL G8 U7 3K AI WIN11 64GB램,0,0,0,"SSD 512GB_2,559,000|_SSD 1TB_2,599,000|SSD 2TB_2,699,000|_SSD 4TB_3,390,000",0,0,0,0,0,0,0,0,0,0,0,0,0,0,0,0
102124823,레노버 씽크북 16IAL G8 U7 AI W11P,0,0,0,"_SSD 512GB_1,580,000|_SSD 1TB_1,850,000|SSD 2TB_2,050,000|SSD 4TB_2,864,800",0,0,0,0,0,0,0,0,0,0,0,0,0,0,0,0
42291977,레노버 씽크북 16IML G7 ULT5,0,0,0,"_SSD 512GB_1,170,900|_SSD 1TB_1,588,000|SSD 2TB_1,788,000|SSD 4TB_2,295,000",0,0,0,0,0,0,0,0,0,0,0,0,0,0,0,0
78308546,레노버 씽크북 16IRL G8 Core5 MT W11,0,0,0,"SSD 512GB_2,700,000|_SSD 1TB_2,800,000|_SSD 2TB_1,459,000",0,0,0,0,0,0,0,0,0,0,0,0,0,0,0,0
79483640,레노버 씽크북 16IRL G8 Core5 MT WIN11 32GB램,0,0,0,"_SSD 512GB_1,601,690|_SSD 1TB_1,681,690|SSD 2TB_1,777,680|SSD 4TB_3,204,000",0,0,0,0,0,0,0,0,0,0,0,0,0,0,0,0
89863427,레노버 씽크북 16IRL G8 Core5 MT WIN11 64GB램,0,0,0,"_SSD 512GB_2,129,970|_SSD 1TB_2,197,180|SSD 2TB_2,293,230|SSD 4TB_3,804,000",0,0,0,0,0,0,0,0,0,0,0,0,0,0,0,0
77708162,레노버 씽크북 16IRL G8 Core7 W11,0,0,0,"_SSD 512GB_1,419,000|SSD 1TB_1,660,000|_SSD 2TB_1,860,000|SSD 4TB_2,500,000",0,0,0,0,0,0,0,0,0,0,0,0,0,0,0,0
81715901,레노버 씽크북 16IRL G8 Core7 WIN11 64GB램,0,0,0,"SSD 512GB_2,930,000|SSD 1TB_2,600,000|_SSD 2TB_2,800,000|_SSD 4TB_3,500,000",0,0,0,0,0,0,0,0,0,0,0,0,0,0,0,0
103751711,레노버 씽크북 16IRL G9 Core5 AI 32GB램,0,0,0,"_SSD 512GB_1,599,000|_SSD 1TB_1,850,000|SSD 2TB_2,050,000|SSD 4TB_3,187,000",0,0,0,0,0,0,0,0,0,0,0,0,0,0,0,0
76509155,레노버 씽크패드 E14 G6 R7 2.2K AI W11 64GB램,0,0,0,"_SSD 512GB_2,438,000|SSD 1TB_2,486,000|_SSD 2TB_2,041,000|SSD 4TB_2,771,000",0,0,0,0,0,0,0,0,0,0,0,0,0,0,0,0
76509497,레노버 씽크패드 E14 G6 R7 AI WIN11 64GB램,0,0,0,"_SSD 512GB_2,500,000|_SSD 1TB_2,700,000|SSD 2TB_2,900,000|SSD 4TB_3,500,000",0,0,0,0,0,0,0,0,0,0,0,0,0,0,0,0
122726560,레노버 씽크패드 E14 G8 R7 3K AI 64GB램,0,0,0,"_SSD 1TB_3,350,000|_SSD 2TB_3,599,000|",0,0,0,0,0,0,0,0,0,0,0,0,0,0,0,0
57506960,레노버 씽크패드 E14 Gen5 21JRCTO1WWKR1,0,0,0,"SSD 1TB_939,000",0,0,0,0,0,0,0,0,0,0,0,0,0,0,0,0
71971886,레노버 씽크패드 E14 Gen6 21M7S01B00,0,0,0,"SSD 512GB_1,690,000",0,0,0,0,0,0,0,0,0,0,0,0,0,0,0,0
95054372,레노버 씽크패드 E16 G2 R5 AI W11P 32GB램,0,0,0,"_SSD 512GB_1,470,110|_SSD 1TB_1,641,350|SSD 2TB_1,751,640|SSD 4TB_2,226,680",0,0,0,0,0,0,0,0,0,0,0,0,0,0,0,0
95054381,레노버 씽크패드 E16 G2 R5 AI W11P 64GB램,0,0,0,"_SSD 512GB_2,025,950|_SSD 1TB_2,175,020|SSD 2TB_2,274,410|SSD 4TB_2,746,430",0,0,0,0,0,0,0,0,0,0,0,0,0,0,0,0
95053868,레노버 씽크패드 E16 G2 R5 AI WIN11,0,0,0,"_SSD 512GB_1,476,620|SSD 1TB_1,626,770|SSD 2TB_1,726,800|_SSD 4TB_2,201,770",0,0,0,0,0,0,0,0,0,0,0,0,0,0,0,0
94639193,레노버 씽크패드 E16 G2 R7 AI W11,0,0,0,"_SSD 512GB_1,290,000|_SSD 1TB_1,547,000|SSD 2TB_1,750,000|SSD 4TB_2,170,000",0,0,0,0,0,0,0,0,0,0,0,0,0,0,0,0
95053709,레노버 씽크패드 E16 G2 R7 AI W11P,0,0,0,"_SSD 512GB_1,990,000|SSD 1TB_2,419,810|_SSD 2TB_1,790,000|SSD 4TB_2,088,000",0,0,0,0,0,0,0,0,0,0,0,0,0,0,0,0
95053736,레노버 씽크패드 E16 G2 R7 AI W11P 64GB램,0,0,0,"_SSD 512GB_2,400,000|_SSD 1TB_2,600,000|SSD 2TB_2,800,000|SSD 4TB_3,300,000",0,0,0,0,0,0,0,0,0,0,0,0,0,0,0,0
95053664,레노버 씽크패드 E16 G2 R7 AI WIN11,0,0,0,"SSD 512GB_1,290,000|_SSD 1TB_1,500,000|_SSD 2TB_1,700,000|SSD 4TB_2,699,000",0,0,0,0,0,0,0,0,0,0,0,0,0,0,0,0
95419283,레노버 씽크패드 E16 G3 U5 AI W11 64GB램,0,0,0,"_SSD 512GB_2,564,000|_SSD 1TB_2,688,000|SSD 2TB_3,188,000|SSD 4TB_3,498,000",0,0,0,0,0,0,0,0,0,0,0,0,0,0,0,0
95286503,레노버 씽크패드 E16 G3 U5 AI WIN11 64GB램,0,0,0,"_SSD 512GB_2,397,000|_SSD 1TB_2,700,000|SSD 2TB_2,900,000|SSD 4TB_3,500,000",0,0,0,0,0,0,0,0,0,0,0,0,0,0,0,0
99748025,레노버 씽크패드 E16 G3 U7 AI W11P 64GB램,0,0,0,"_SSD 512GB_3,012,000|SSD 1TB_3,249,000|_SSD 2TB_3,449,000|SSD 4TB_3,989,000",0,0,0,0,0,0,0,0,0,0,0,0,0,0,0,0
76465685,레노버 씽크패드 E16 Gen2 21MA006KKD WIN11 32GB램,0,0,0,"_SSD 512GB_1,752,000|SSD 1TB_1,802,000|_SSD 2TB_1,902,000|SSD 4TB_2,599,000",0,0,0,0,0,0,0,0,0,0,0,0,0,0,0,0
108410426,레노버 씽크패드 E16 ILL G3 U7 3K AI,0,0,0,"_SSD 512GB_1,899,000|_SSD 1TB_2,194,000|SSD 2TB_2,396,000",0,0,0,0,0,0,0,0,0,0,0,0,0,0,0,0
124336518,레노버 씽크패드 E16 ILL G3 U7 3K AI EDITION,0,0,0,"_SSD 512GB_1,759,000|_SSD 1TB_1,899,000|SSD 2TB_2,229,000",0,0,0,0,0,0,0,0,0,0,0,0,0,0,0,0
124350978,레노버 씽크패드 E16 ILL G3 U7 3K AI EDITION W11P,0,0,0,"_SSD 512GB_1,999,000|_SSD 1TB_2,149,000|SSD 2TB_2,449,000",0,0,0,0,0,0,0,0,0,0,0,0,0,0,0,0
124350345,레노버 씽크패드 E16 ILL G3 U7 3K AI EDITION WIN11,0,0,0,"SSD 512GB_1,899,000|_SSD 1TB_2,099,000|_SSD 2TB_2,359,000",0,0,0,0,0,0,0,0,0,0,0,0,0,0,0,0
108400088,레노버 씽크패드 E16 ILL G3 U7 3K AI W11,0,0,0,"_SSD 512GB_1,979,000|_SSD 1TB_2,266,000|SSD 2TB_2,465,000|SSD 4TB_2,996,000",0,0,0,0,0,0,0,0,0,0,0,0,0,0,0,0
108415601,레노버 씽크패드 E16 ILL G3 U7 AI,0,0,0,"_SSD 1TB_2,089,000|_SSD 512GB_1,825,000|SSD 2TB_2,290,000",0,0,0,0,0,0,0,0,0,0,0,0,0,0,0,0
57485147,레노버 씽크패드 L14 Gen4 21H5CTO1WWKR1,0,0,0,"SSD 256GB_990,000",0,0,0,0,0,0,0,0,0,0,0,0,0,0,0,0
94812425,레노버 씽크패드 L16 Gen2 21SA001QKR 64GB램,0,0,0,"_SSD 512GB_2,770,000|_SSD 1TB_2,878,500|SSD 2TB_3,700,000|SSD 4TB_3,599,000",0,0,0,0,0,0,0,0,0,0,0,0,0,0,0,0
94932551,레노버 씽크패드 L16 Gen2 21SA001SKD WIN11,0,0,0,"_SSD 512GB_1,550,000|_SSD 1TB_1,750,000|SSD 2TB_1,950,000|SSD 4TB_3,000,000",0,0,0,0,0,0,0,0,0,0,0,0,0,0,0,0
94932584,레노버 씽크패드 L16 Gen2 21SA001SKD WIN11 32GB램,0,0,0,"_SSD 512GB_2,000,000|_SSD 1TB_2,200,000|SSD 2TB_2,400,000|SSD 4TB_3,200,000",0,0,0,0,0,0,0,0,0,0,0,0,0,0,0,0
94932596,레노버 씽크패드 L16 Gen2 21SA001SKD WIN11 64GB램,0,0,0,"_SSD 512GB_2,500,000|SSD 1TB_2,700,000|_SSD 2TB_2,900,000|SSD 4TB_3,900,000",0,0,0,0,0,0,0,0,0,0,0,0,0,0,0,0
60062681,레노버 씽크패드 P1 Gen7 21KVS00M00,0,0,0,"_SSD 512GB_4,193,370|_SSD 1TB_4,699,000|SSD 2TB_6,010,000|SSD 4TB_6,599,000",0,0,0,0,0,0,0,0,0,0,0,0,0,0,0,0
103414097,레노버 씽크패드 P1 Gen8 21Q8S01Y00,0,0,0,"_SSD 1TB_5,250,000|_SSD 2TB_5,705,000|SSD 4TB_6,319,000",0,0,0,0,0,0,0,0,0,0,0,0,0,0,0,0
103414145,레노버 씽크패드 P1 Gen8 21Q8S02000,0,0,0,"SSD 1TB_4,910,000",0,0,0,0,0,0,0,0,0,0,0,0,0,0,0,0
103414175,레노버 씽크패드 P1 Gen8 21Q8S02300,0,0,0,"SSD 1TB_6,092,820",0,0,0,0,0,0,0,0,0,0,0,0,0,0,0,0
68691062,레노버 씽크패드 P14s Gen5 21MES00400 WIN11,0,0,0,"_SSD 512GB_2,090,000|_SSD 1TB_2,279,000|SSD 2TB_2,690,000|SSD 4TB_2,699,000",0,0,0,0,0,0,0,0,0,0,0,0,0,0,0,0
59834651,레노버 씽크패드 P14s Gen5 21MES00700,0,0,0,"_SSD 512GB_1,830,000|_SSD 1TB_2,350,000|SSD 2TB_2,300,000|SSD 4TB_2,895,000",0,0,0,0,0,0,0,0,0,0,0,0,0,0,0,0
93497156,레노버 씽크패드 P14s Gen6 21QLS00V00,0,0,0,"SSD 512GB_2,239,000",0,0,0,0,0,0,0,0,0,0,0,0,0,0,0,0
103127633,레노버 씽크패드 P14s Gen6 21QTS00900 WIN11 32GB램,0,0,0,"_SSD 512GB_3,550,000|_SSD 1TB_3,800,000|SSD 2TB_4,050,000|SSD 4TB_4,530,000",0,0,0,0,0,0,0,0,0,0,0,0,0,0,0,0
59929670,레노버 씽크패드 P16 Gen2 21FAS1M000,0,0,0,"_SSD 512GB_4,070,000|_SSD 1TB_6,788,000",0,0,0,0,0,0,0,0,0,0,0,0,0,0,0,0
124102747,레노버 씽크패드 P16 Gen3 21RQS27V00,0,0,0,"SSD 1TB_8,464,680",0,0,0,0,0,0,0,0,0,0,0,0,0,0,0,0
124102791,레노버 씽크패드 P16 Gen3 21RQS27X00,0,0,0,"SSD 1TB_8,117,820",0,0,0,0,0,0,0,0,0,0,0,0,0,0,0,0
124102849,레노버 씽크패드 P16 Gen3 21RQS28000,0,0,0,"SSD 1TB_7,292,810",0,0,0,0,0,0,0,0,0,0,0,0,0,0,0,0
93501380,레노버 씽크패드 P16s Gen4 21RXS00C00,0,0,0,"_SSD 1TB_5,642,820|_SSD 2TB_4,128,000|SSD 4TB_4,550,000",0,0,0,0,0,0,0,0,0,0,0,0,0,0,0,0
103128284,레노버 씽크패드 P16v Gen3 21RSS00G00 WIN11 32GB램,0,0,0,"_SSD 512GB_4,550,000|_SSD 1TB_4,750,000|SSD 2TB_4,950,000|SSD 4TB_5,800,000",0,0,0,0,0,0,0,0,0,0,0,0,0,0,0,0
103128296,레노버 씽크패드 P16v Gen3 21RSS00G00 WIN11 64GB램,0,0,0,"_SSD 512GB_5,000,000|_SSD 1TB_5,200,000|SSD 2TB_5,400,000|SSD 4TB_6,500,000",0,0,0,0,0,0,0,0,0,0,0,0,0,0,0,0
100758281,레노버 씽크패드 P16v Gen3 21RSS01700,0,0,0,"SSD 512GB_2,899,000",0,0,0,0,0,0,0,0,0,0,0,0,0,0,0,0
122673581,레노버 씽크패드 T14s Gen6 21R1S0PN00 WIN11,0,0,0,"_SSD 512GB_2,728,000|_SSD 1TB_3,058,000||",0,0,0,0,0,0,0,0,0,0,0,0,0,0,0,0
104373689,레노버 씽크패드 T1g Gen8 21TDS00800,0,0,0,"SSD 1TB_6,150,000",0,0,0,0,0,0,0,0,0,0,0,0,0,0,0,0
72347312,레노버 씽크패드 X1 Yoga Gen8 21HQS00600,0,0,0,"_SSD 1TB_3,280,000|_SSD 512GB_2,780,000|SSD 2TB_3,500,000",0,0,0,0,0,0,0,0,0,0,0,0,0,0,0,0
49737215,레노버 씽크패드 X1 카본 Gen12 21KC000HKR,0,0,0,"_SSD 512GB_3,654,610|_SSD 1TB_3,979,000|SSD 2TB_4,395,420",0,0,0,0,0,0,0,0,0,0,0,0,0,0,0,0
49737152,레노버 씽크패드 X1 카본 Gen12 21KC007GKR,0,0,0,"_SSD 512GB_3,240,000|_SSD 1TB_3,650,000|SSD 2TB_5,040,540|SSD 4TB_3,899,000",0,0,0,0,0,0,0,0,0,0,0,0,0,0,0,0
49736750,레노버 씽크패드 X1 카본 Gen12 21KC009CKR,0,0,0,"_SSD 512GB_2,747,000|_SSD 1TB_2,950,000|SSD 2TB_2,690,000|SSD 4TB_3,690,000",0,0,0,0,0,0,0,0,0,0,0,0,0,0,0,0
67403114,레노버 씽크패드 X13 2in1 Gen5 21LW002WKD,0,0,0,"_SSD 1TB_2,160,000|_SSD 512GB_1,649,000|SSD 2TB_2,340,000|SSD 4TB_3,599,000",0,0,0,0,0,0,0,0,0,0,0,0,0,0,0,0
97835693,레노버 씽크패드 X13 Gen6 21RK00D1KR,0,0,0,"_SSD 512GB_2,426,990|SSD 1TB_2,250,000|SSD 2TB_2,440,000|_SSD 4TB_2,740,000",0,0,0,0,0,0,0,0,0,0,0,0,0,0,0,0
21443684,레노버 아이디어패드 Pro 5i 16IRH i5 4050 WIN11,0,0,0,"_SSD 512GB_1,599,000|_SSD 1TB_2,105,000|SSD 2TB_2,280,000|SSD 500GB + SSD 512GB_3,499,000",0,0,0,0,0,0,0,0,0,0,0,0,0,0,0,0
96977843,레노버 아이디어패드 Slim 5i 16IAH10 U5 OLED AI WIN11 32GB램,0,0,0,"_SSD 512GB_2,400,000|_SSD 1TB_2,550,000|SSD 2TB_2,750,000|SSD 4TB_3,500,000",0,0,0,0,0,0,0,0,0,0,0,0,0,0,0,0
96853346,레노버 아이디어패드 Slim 5i 16IAH10 U7 OLED AI W11 32GB램,0,0,0,"_SSD 512GB_2,150,000|_SSD 1TB_2,200,000|SSD 2TB_2,330,000|SSD 4TB_2,650,000",0,0,0,0,0,0,0,0,0,0,0,0,0,0,0,0
124021342,레노버 아이디어패드 Slim3 14IPH11 83UQ0050KR 32GB램,0,0,0,"_SSD 512GB_2,130,000|_SSD 1TB_2,490,000",0,0,0,0,0,0,0,0,0,0,0,0,0,0,0,0
122718712,레노버 아이디어패드 Slim3 15AHP10 83KA0075KR,0,0,0,"_SSD 256GB_1,440,000|_SSD 512GB_1,148,990|SSD 1TB_1,429,000",0,0,0,0,0,0,0,0,0,0,0,0,0,0,0,0
81716558,레노버 아이디어패드 Slim3 15ARP10 83K7003AKR,0,0,0,"_SSD 256GB_779,000|_SSD 512GB_849,000|SSD 1TB_999,000|SSD 2TB_1,400,000|SSD 4TB_1,599,000",0,0,0,0,0,0,0,0,0,0,0,0,0,0,0,0
122691390,레노버 아이디어패드 Slim3 15ARP10 83K700VDKR,0,0,0,"_SSD 256GB_849,000|_SSD 512GB_949,000|SSD 1TB_1,099,000",0,0,0,0,0,0,0,0,0,0,0,0,0,0,0,0
67677593,레노버 아이디어패드 Slim3 15IRU9 83E60031KR WIN11,0,0,0,"_SSD 512GB_1,249,000|_SSD 1TB_1,299,000|SSD 2TB_1,599,000|SSD 4TB_1,527,000",0,0,0,0,0,0,0,0,0,0,0,0,0,0,0,0
90576179,레노버 아이디어패드 Slim3 15ITN9 Core3,0,0,0,"_SSD 256GB_599,000|_SSD 512GB_649,000|SSD 1TB_789,000|SSD 2TB_1,132,000",0,0,0,0,0,0,0,0,0,0,0,0,0,0,0,0
78711332,레노버 아이디어패드 Slim3-17ABA7 R5,0,0,0,"_SSD 256GB_699,000|_SSD 512GB_795,000|SSD 1TB_947,930|SSD 2TB_1,049,970|SSD 4TB_1,456,000",0,0,0,0,0,0,0,0,0,0,0,0,0,0,0,0
72967829,레노버 아이디어패드 Slim3-17ALC R5 WIN11,0,0,0,"_SSD 256GB_739,000|_SSD 512GB_1,028,000|SSD 1TB_1,158,000",0,0,0,0,0,0,0,0,0,0,0,0,0,0,0,0
95845739,레노버 아이디어패드 Slim3x 15Q8X10 83N30037KR,0,0,0,"_SSD 512GB_989,000|_SSD 1TB_1,650,000",0,0,0,0,0,0,0,0,0,0,0,0,0,0,0,0
124351299,레노버 아이디어패드 Slim5 14AGP11 83S1004PKR,0,0,0,"SSD 2TB_2,268,110|_SSD 1TB_1,939,000|_SSD 4TB_2,846,210",0,0,0,0,0,0,0,0,0,0,0,0,0,0,0,0
122646124,레노버 아이디어패드 Slim5 14AGP11 83S1004QKR 32GB램,0,0,0,"_SSD 512GB_2,560,000|SSD 1TB_2,700,000|SSD 2TB_2,900,000|_SSD 4TB_3,977,000",0,0,0,0,0,0,0,0,0,0,0,0,0,0,0,0
101011289,레노버 아이디어패드 Slim5 14AKP10 83HX0023KR 32GB램,0,0,0,"_SSD 512GB_1,859,990|_SSD 1TB_2,000,000|SSD 2TB_2,200,000|SSD 4TB_3,000,000",0,0,0,0,0,0,0,0,0,0,0,0,0,0,0,0
42286670,레노버 아이디어패드 Slim5 14IMH Ultra5 WIN11,0,0,0,"_SSD 512GB_1,799,000|_SSD 1TB_2,290,000|SSD 2TB_2,490,000|SSD 4TB_3,300,000",0,0,0,0,0,0,0,0,0,0,0,0,0,0,0,0
106717565,레노버 아이디어패드 Slim5 16AGP11 83S2003LKR,0,0,0,"_SSD 1TB_2,430,000|_SSD 2TB_2,600,000|SSD 4TB_3,208,810",0,0,0,0,0,0,0,0,0,0,0,0,0,0,0,0
19961477,레노버 아이디어패드 Slim5 16IAH8 5D,0,0,0,"_SSD 512GB_990,000|_SSD 256GB_890,000|SSD 1TB_1,090,000|SSD 2TB_1,190,000",0,0,0,0,0,0,0,0,0,0,0,0,0,0,0,0
78095636,레노버 아이디어패드 Slim5 16IRH10R Core7 OLED,0,0,0,"_SSD 512GB_1,780,000|_SSD 1TB_1,980,000|SSD 2TB_2,180,000|SSD 4TB_2,850,000",0,0,0,0,0,0,0,0,0,0,0,0,0,0,0,0
65915657,레노버 요가 Slim 7i 15ILL9 Aura Edition,0,0,0,"_SSD 1TB_2,990,000|_SSD 2TB_3,190,000|SSD 4TB_4,500,000",0,0,0,0,0,0,0,0,0,0,0,0,0,0,0,0
106749749,레노버 요가 Slim 7i Ultra Aura Edition 83QK001JKR,0,0,0,"_SSD 1TB_2,999,000|_SSD 2TB_3,500,000|SSD 4TB_5,000,000",0,0,0,0,0,0,0,0,0,0,0,0,0,0,0,0
122717752,레노버 요가 Slim 7i Ultra Aura Edition 83QK009BKR,0,0,0,"SSD 1TB_3,798,000",0,0,0,0,0,0,0,0,0,0,0,0,0,0,0,0
18908273,삼성전자 갤럭시북 프로 SE NT950XFT-A51A,0,0,0,"SSD 256GB_1,280,000|_SSD 512GB_1,378,990|_SSD 1TB_1,488,850|SSD 2TB_1,487,000|SSD 4TB_2,200,000",0,0,0,0,0,0,0,0,0,0,0,0,0,0,0,0
44762393,삼성전자 갤럭시북4 NT750XGR-A51A,0,0,0,"_SSD 256GB_1,170,000|_SSD 512GB_1,320,600|SSD 1TB_1,431,260|SSD 2TB_1,625,140|SSD 4TB_1,884,280",0,0,0,0,0,0,0,0,0,0,0,0,0,0,0,0
44762513,삼성전자 갤럭시북4 NT750XGR-A51A WIN11,0,0,0,"_SSD 256GB_1,230,000|_SSD 500GB_1,377,020|SSD 1TB_1,445,660|SSD 2TB_1,635,950|SSD 4TB_1,924,460",0,0,0,0,0,0,0,0,0,0,0,0,0,0,0,0
124335719,삼성전자 갤럭시북5 NT750XHD-K71A,0,0,0,"SSD 512GB_2,049,000",0,0,0,0,0,0,0,0,0,0,0,0,0,0,0,0
93632033,삼성전자 갤럭시북5 NT750XHD-KC51G,0,0,0,"_SSD 512GB_1,619,000|_SSD 1TB_1,878,990|SSD 2TB_1,998,990|SSD 4TB_2,689,910",0,0,0,0,0,0,0,0,0,0,0,0,0,0,0,0
93631937,삼성전자 갤럭시북5 NT750XHD-KC58G,0,0,0,"_SSD 256GB_1,379,990|_SSD 512GB_1,500,990|SSD 1TB_1,669,990|SSD 2TB_1,812,000|SSD 4TB_2,480,000",0,0,0,0,0,0,0,0,0,0,0,0,0,0,0,0
103129349,삼성전자 갤럭시북5 NT750XHW-A51A WIN11,0,0,0,"_SSD 256GB_1,428,000|_SSD 512GB_1,596,890|SSD 1TB_1,783,240|SSD 2TB_1,893,890|SSD 4TB_2,308,880",0,0,0,0,0,0,0,0,0,0,0,0,0,0,0,0
101624393,삼성전자 갤럭시북5 NT750XHW-A71A,0,0,0,"_SSD 256GB_1,599,000|_SSD 512GB_1,698,000|SSD 1TB_1,798,000|SSD 2TB_1,968,000",0,0,0,0,0,0,0,0,0,0,0,0,0,0,0,0
73614713,삼성전자 갤럭시북5 프로 NT940XHA-K51A,0,0,0,"_SSD 256GB_2,138,970|_SSD 512GB_2,256,350|SSD 1TB_2,385,690|SSD 2TB_2,547,230|SSD 4TB_2,980,000",0,0,0,0,0,0,0,0,0,0,0,0,0,0,0,0
72475073,삼성전자 갤럭시북5 프로 NT940XHA-K71AR,0,0,0,"_SSD 512GB_2,999,710|_SSD 1TB_3,193,800|SSD 2TB_3,438,780|SSD 4TB_4,149,790",0,0,0,0,0,0,0,0,0,0,0,0,0,0,0,0
73691981,삼성전자 갤럭시북5 프로 NT960XHA-K52A,0,0,0,"_SSD 256GB_2,690,000|_SSD 512GB_2,789,870|SSD 1TB_2,890,000|SSD 2TB_2,990,000|SSD 4TB_3,499,000",0,0,0,0,0,0,0,0,0,0,0,0,0,0,0,0
72473852,삼성전자 갤럭시북5 프로 NT960XHA-K71A,0,0,0,"_SSD 512GB_2,590,000|_SSD 1TB_2,970,000|SSD 2TB_2,999,000|SSD 4TB_3,338,890",0,0,0,0,0,0,0,0,0,0,0,0,0,0,0,0
102007319,삼성전자 갤럭시북5 프로 NT960XHZ-A52A,0,0,0,"_SSD 256GB_2,650,000|SSD 512GB_2,797,000|_SSD 1TB_2,898,000|SSD 2TB_2,640,000",0,0,0,0,0,0,0,0,0,0,0,0,0,0,0,0
105181457,삼성전자 갤럭시북5 프로 NT960XHZ-AD52G,0,0,0,"_SSD 512GB_2,409,870|_SSD 1TB_2,687,000|SSD 2TB_2,783,000",0,0,0,0,0,0,0,0,0,0,0,0,0,0,0,0
73614545,삼성전자 갤럭시북5 프로360 NT960QHA-K51A,0,0,0,"_SSD 512GB_2,690,000|_SSD 1TB_2,795,880|SSD 2TB_2,967,120|SSD 4TB_3,799,000",0,0,0,0,0,0,0,0,0,0,0,0,0,0,0,0
68686217,삼성전자 갤럭시북5 프로360 NT960QHA-KC51G,0,0,0,"_SSD 512GB_2,873,490|_SSD 1TB_2,848,120|SSD 2TB_3,028,990|SSD 4TB_4,288,000|오피스 패키지_3,199,000|Microsoft 365 패키지_3,552,000",0,0,0,0,0,0,0,0,0,0,0,0,0,0,0,0
124377204,삼성전자 갤럭시북6 NT740VJG-KC51G,0,0,0,"SSD 4TB_9,599,990|_SSD 256GB_1,741,990|_SSD 512GB_1,917,400|SSD 1TB_2,007,310|SSD 2TB_2,137,370|오피스 패키지_1,801,000",0,0,0,0,0,0,0,0,0,0,0,0,0,0,0,0
124183072,삼성전자 갤럭시북6 NT740VJK-KC38G,0,0,0,"_SSD 256GB_1,212,600|SSD 512GB_1,499,990|_SSD 1TB_1,609,990|SSD 2TB_1,768,180|오피스 패키지_1,299,000",0,0,0,0,0,0,0,0,0,0,0,0,0,0,0,0
124100860,삼성전자 갤럭시북6 NT740VJK-KC38G,0,0,0,"_SSD 256GB_1,212,600|SSD 512GB_1,499,990|_SSD 1TB_1,609,990|SSD 2TB_1,768,180|오피스 패키지_1,299,000",0,0,0,0,0,0,0,0,0,0,0,0,0,0,0,0
124183045,삼성전자 갤럭시북6 NT740VJK-KC58G,0,0,0,"_SSD 256GB_1,352,700|_SSD 512GB_1,670,000|SSD 1TB_1,780,000|SSD 2TB_1,940,000|오피스 패키지_1,549,000",0,0,0,0,0,0,0,0,0,0,0,0,0,0,0,0
124100881,삼성전자 갤럭시북6 NT740VJK-KC58G,0,0,0,"_SSD 256GB_1,352,700|_SSD 512GB_1,670,000|SSD 1TB_1,780,000|SSD 2TB_1,940,000|오피스 패키지_1,549,000",0,0,0,0,0,0,0,0,0,0,0,0,0,0,0,0
124152925,삼성전자 갤럭시북6 NT740VJK-KH38G,0,0,0,"SSD 256GB_1,528,990",0,0,0,0,0,0,0,0,0,0,0,0,0,0,0,0
124377033,삼성전자 갤럭시북6 NT740VJQ-A38A,0,0,0,"_SSD 1TB_1,399,000|_SSD 256GB_1,190,000|SSD 2TB_1,599,000|SSD 512GB_1,299,000",0,0,0,0,0,0,0,0,0,0,0,0,0,0,0,0
124012178,삼성전자 갤럭시북6 NT740VJQ-A58A,0,0,0,"SSD 256GB_1,329,000",0,0,0,0,0,0,0,0,0,0,0,0,0,0,0,0
122622172,삼성전자 갤럭시북6 NT760VJG-KC51S,0,0,0,"_SSD 256GB_1,910,990|SSD 4TB_3,060,990|SSD 512GB_1,997,000|_SSD 1TB_2,097,000|SSD 2TB_2,389,000|오피스 패키지_1,941,000",0,0,0,0,0,0,0,0,0,0,0,0,0,0,0,0
109679627,삼성전자 갤럭시북6 NT760VJG-KD72G,0,0,0,"_SSD 1TB_2,992,620|_SSD 2TB_3,248,790|SSD 4TB_4,030,890",0,0,0,0,0,0,0,0,0,0,0,0,0,0,0,0
109596026,삼성전자 갤럭시북6 NT760VJG-KP51G,0,0,0,"_SSD 512GB_1,998,000|_SSD 1TB_2,068,000|SSD 2TB_2,168,000|SSD 4TB_3,226,620",0,0,0,0,0,0,0,0,0,0,0,0,0,0,0,0
122697996,삼성전자 갤럭시북6 NT760VJT-A51A,0,0,0,"SSD 256GB_1,789,000",0,0,0,0,0,0,0,0,0,0,0,0,0,0,0,0
109481519,삼성전자 갤럭시북6 NT760VJT-A71A,0,0,0,"_SSD 512GB_2,079,350|_SSD 1TB_2,210,950|SSD 2TB_2,314,240",0,0,0,0,0,0,0,0,0,0,0,0,0,0,0,0
122638649,삼성전자 갤럭시북6 NT760VJT-A71A WIN11,0,0,0,"SSD 512GB_2,144,750|_SSD 1TB_2,417,050|_SSD 2TB_2,525,850|SSD 4TB_3,113,620",0,0,0,0,0,0,0,0,0,0,0,0,0,0,0,0
104624552,삼성전자 갤럭시북6 울트라 NT960UJH-X72A,0,0,0,"_SSD 1TB_5,120,000|_SSD 2TB_5,398,990|SSD 4TB_5,898,990",0,0,0,0,0,0,0,0,0,0,0,0,0,0,0,0
124377185,삼성전자 갤럭시북6 울트라 NT960UJH-X94A,0,0,0,"SSD 6TB_10,490,000|SSD 8TB_12,490,000|_SSD 2TB_7,468,770|_SSD 4TB_8,498,980",0,0,0,0,0,0,0,0,0,0,0,0,0,0,0,0
104224271,삼성전자 갤럭시북6 울트라 NT960UJH-XC72Y,0,0,0,"_SSD 1TB_5,159,000|_SSD 2TB_5,358,620|SSD 4TB_5,760,000",0,0,0,0,0,0,0,0,0,0,0,0,0,0,0,0
104224253,삼성전자 갤럭시북6 울트라 NT960UJH-XD72Y,0,0,0,"_SSD 1TB_5,402,300|_SSD 2TB_5,698,750|SSD 4TB_6,445,230|오피스 패키지_5,784,000",0,0,0,0,0,0,0,0,0,0,0,0,0,0,0,0
106721318,삼성전자 갤럭시북6 프로 NT940XJG-K51A,0,0,0,"_SSD 256GB_2,519,000|_SSD 512GB_2,677,990|SSD 1TB_2,847,290|SSD 2TB_3,048,980",0,0,0,0,0,0,0,0,0,0,0,0,0,0,0,0
104625998,삼성전자 갤럭시북6 프로 NT940XJG-K72A,0,0,0,"_SSD 256GB_3,232,000|SSD 512GB_3,382,800|SSD 1TB_3,483,800|_SSD 2TB_3,693,800",0,0,0,0,0,0,0,0,0,0,0,0,0,0,0,0
105815369,삼성전자 갤럭시북6 프로 NT940XJG-KC51S,0,0,0,"_SSD 512GB_2,718,000|_SSD 1TB_3,053,210|SSD 2TB_3,135,440|SSD 4TB_3,800,000|오피스 패키지_2,777,000",0,0,0,0,0,0,0,0,0,0,0,0,0,0,0,0
104224406,삼성전자 갤럭시북6 프로 NT940XJG-KD72G,0,0,0,"_SSD 1TB_3,648,000|_SSD 2TB_3,795,000|SSD 4TB_4,494,000",0,0,0,0,0,0,0,0,0,0,0,0,0,0,0,0
104224448,삼성전자 갤럭시북6 프로 NT940XJG-KD72S,0,0,0,"_SSD 1TB_3,645,610|_SSD 2TB_3,748,000|SSD 4TB_4,447,000",0,0,0,0,0,0,0,0,0,0,0,0,0,0,0,0
104626103,삼성전자 갤럭시북6 프로 NT940XJG-KL72S,0,0,0,"_SSD 512GB_3,399,000|_SSD 1TB_3,649,000|SSD 2TB_3,788,000|SSD 4TB_4,555,000",0,0,0,0,0,0,0,0,0,0,0,0,0,0,0,0
104624507,삼성전자 갤럭시북6 프로 NT960XJG-K72A,0,0,0,"_SSD 256GB_3,549,890|_SSD 512GB_3,681,890|SSD 1TB_3,857,890|SSD 2TB_3,976,890|SSD 4TB_4,590,980",0,0,0,0,0,0,0,0,0,0,0,0,0,0,0,0
104939918,삼성전자 갤럭시북6 프로 NT960XJG-KC51G,0,0,0,"_SSD 512GB_2,686,080|_SSD 1TB_3,005,400|SSD 2TB_3,165,890|SSD 4TB_4,100,000|오피스 패키지_2,857,000",0,0,0,0,0,0,0,0,0,0,0,0,0,0,0,0
104624735,삼성전자 갤럭시북6 프로 NT960XJG-KC71G,0,0,0,"_SSD 512GB_2,957,760|_SSD 1TB_3,385,000|SSD 2TB_3,574,300|SSD 4TB_4,390,000|오피스 패키지_3,140,000",0,0,0,0,0,0,0,0,0,0,0,0,0,0,0,0
104224349,삼성전자 갤럭시북6 프로 NT960XJG-KD72G,0,0,0,"_SSD 1TB_3,869,760|_SSD 2TB_4,004,840|SSD 4TB_5,281,000",0,0,0,0,0,0,0,0,0,0,0,0,0,0,0,0
104224361,삼성전자 갤럭시북6 프로 NT960XJG-KD72S,0,0,0,"_SSD 1TB_3,898,990|_SSD 2TB_4,018,590|SSD 4TB_4,875,000",0,0,0,0,0,0,0,0,0,0,0,0,0,0,0,0
104626241,삼성전자 갤럭시북6 프로 NT960XJG-KL72G,0,0,0,"_SSD 512GB_3,585,000|SSD 1TB_3,867,000|_SSD 2TB_3,978,000|SSD 4TB_4,860,000",0,0,0,0,0,0,0,0,0,0,0,0,0,0,0,0
98409974,에이서 니트로 16S AI AN16S-61-R96T,0,0,0,"_SSD 1TB_2,289,000|_SSD 2TB_2,989,000",0,0,0,0,0,0,0,0,0,0,0,0,0,0,0,0
99887078,에이서 니트로 18 AI AN18-61-R4T1,0,0,0,"_SSD 1TB_2,890,000|_SSD 2TB_2,994,000|SSD 4TB_3,753,000",0,0,0,0,0,0,0,0,0,0,0,0,0,0,0,0
122652383,에이서 니트로 V 16 ANV16-I31-514Z,0,0,0,"_SSD 512GB_1,340,000|_SSD 1TB_1,880,000||",0,0,0,0,0,0,0,0,0,0,0,0,0,0,0,0
99736682,에이서 니트로 V 16S AI ANV16S-41-R7TF,0,0,0,"_SSD 512GB_1,789,000|_SSD 1TB_1,619,000|SSD 2TB_1,879,000|SSD 4TB_3,460,000",0,0,0,0,0,0,0,0,0,0,0,0,0,0,0,0
122620366,에이서 스위프트 GO 14 AI SFG14-75-508U,0,0,0,"_SSD 512GB_1,229,000|_SSD 1TB_1,368,990|SSD 2TB_1,488,990|SSD 4TB_2,800,000",0,0,0,0,0,0,0,0,0,0,0,0,0,0,0,0
122719720,에이서 스위프트 GO 16 AI SFG16-74-70E9,0,0,0,"_SSD 512GB_1,400,000|SSD 1TB_1,700,000|_SSD 2TB_1,850,000|SSD 4TB_2,442,750",0,0,0,0,0,0,0,0,0,0,0,0,0,0,0,0
122619357,에이서 스위프트 GO 16 AI SFG16-I71-75Y2,0,0,0,"_SSD 512GB_2,168,000|_SSD 1TB_2,366,000|SSD 2TB_2,560,000|SSD 4TB_3,300,000",0,0,0,0,0,0,0,0,0,0,0,0,0,0,0,0
124288487,에이서 스위프트 에어 14 SFA14-I31-33DS,0,0,0,"SSD 512GB_1,029,000",0,0,0,0,0,0,0,0,0,0,0,0,0,0,0,0
124153422,에이서 스위프트 에어 14 SFA14-I31-51KF,0,0,0,"SSD 512GB_1,199,000",0,0,0,0,0,0,0,0,0,0,0,0,0,0,0,0
124153491,에이서 스위프트 에어 14 SFA14-I31-567J,0,0,0,"SSD 512GB_1,199,000",0,0,0,0,0,0,0,0,0,0,0,0,0,0,0,0
124182396,에이서 아스파이어 고 AG14-I71M-55EA,0,0,0,"SSD 512GB_1,299,000",0,0,0,0,0,0,0,0,0,0,0,0,0,0,0,0
