Id,Name,2026-10-01 09:32:03,2026-10-02 01:18:34,2026-10-02 09:42:19
17568500,AONE AD240 FHD 프리싱크 HDR 무결점,"113,050",0,0
17568584,AONE AD270 FHD 프리싱크 HDR 무결점,"160,550",0,0
106780787,APPLE 2026 Studio Display MFEX4KH/A,"2,350,310",0,0
124259726,ASUS ProArt Display PA16USV,"1,590,000",0,0
124259791,ASUS ProArt Display PA16USV (해외구매),"1,943,490",0,0
123589739,ASUS ProArt OLED PA279CDV,"1,185,030",0,0
122696559,ASUS ProArt PA249CGV,"269,000",0,0
124260103,ASUS ProArt PA24US,"2,490,000",0,0
124260109,ASUS ProArt PA24US (해외구매),"642,420",0,0
122633885,ASUS ProArt PA278CGRV,"763,490",0,0
98544158,ASUS ProArt PA278QGV,"299,000",0,0
20594576,ASUS ProArt PA279CRV,"690,000",0,0
72472670,ASUS ProArt PA27JCV,"1,043,000",0,0
94202357,ASUS ProArt PA27UCGE,"1,190,000",0,0
16785092,ASUS ProArt PA27UCX,"3,390,000",0,0
124260544,ASUS ProArt PA27USD,"3,590,000",0,0
68788469,ASUS ProArt PA329CRV,"732,060",0,0
20596064,ASUS ProArt PA329CV,"1,109,990",0,0
102125525,ASUS ProArt PA32KCX,"14,900,000",0,0
96313850,ASUS ProArt PA32QCV 6K HDR,"1,890,000",0,0
103066427,ASUS ProArt PA32UCDM,"2,590,000",0,0
124260530,ASUS ProArt PA32UCDMR-K,"2,690,000",0,0
123589579,ASUS ProArt PA32UCE,"1,185,030",0,0
16785434,ASUS ProArt PA32UCG-K,"4,990,000",0,0
16785803,ASUS ProArt PA32UCX-PK,"4,290,000",0,0
124260580,ASUS ProArt PA32USD,"3,790,000",0,0
93017054,ASUS ROG STRIX OLED XG27ACDMS QHD 280 게이밍,"757,990",0,0
68781929,ASUS ROG STRIX OLED XG27ACDNG,"1,565,000",0,0
123589440,ASUS ROG STRIX OLED XG27AQDMES,"619,000",0,0
93020726,ASUS ROG STRIX OLED XG27AQDPG QHD 500 게이밍,"1,699,000",0,0
124224976,ASUS ROG STRIX OLED XG27UQDMS,"1,490,000",0,0
96986927,ASUS ROG STRIX OLED XG32UCWG,"1,169,360",0,0
122696453,ASUS ROG STRIX Pulsar XG27AQNGV,"799,000",0,0
98771066,ASUS ROG STRIX XG248QSG ACE,"1,590,000",0,0
93016850,ASUS ROG STRIX XG259CS FHD Fast IPS 180 게이밍,"199,000",0,0
92891591,ASUS ROG STRIX XG259QNS,"599,000",0,0
92891333,ASUS ROG STRIX XG259QNS-W,"599,000",0,0
92891525,ASUS ROG STRIX XG279CNS,"439,000",0,0
99639305,ASUS ROG STRIX XG27ACMEG,"309,000",0,0
98771594,ASUS ROG STRIX XG27ACMES,"299,000",0,0
103414418,ASUS ROG STRIX XG27ACMES-W,"293,870",0,0
38704214,ASUS ROG STRIX XG27ACS,"299,000",0,0
122720808,ASUS ROG STRIX XG27ACS Gen2 (XG27ACSR),"263,440",0,0
63272138,ASUS ROG STRIX XG27ACS-W,"319,000",0,0
123589540,ASUS ROG STRIX XG27ACS-W Gen2 (XG27ACSR-W),"279,000",0,0
20598644,ASUS ROG STRIX XG27AQMR,"888,990",0,0
109682624,ASUS ROG STRIX XG27AQWMG,"999,000",0,0
109595921,ASUS ROG STRIX XG27JCG 듀얼모드 5K,"1,049,000",0,0
74115461,ASUS ROG STRIX XG27UCG,"494,000",0,0
74115476,ASUS ROG STRIX XG27UCG-W,"499,000",0,0
107770613,ASUS ROG STRIX XG27UCGR,"547,860",0,0
93384941,ASUS ROG STRIX XG32UCG 4K UHD Fast IPS 게이밍,"890,000",0,0
6222487,ASUS ROG STRIX XG35VQ,"1,398,990",0,0
7685272,ASUS ROG STRIX XG49VQ,"1,190,000",0,0
21484751,ASUS ROG SWIFT OLED PG27AQDM,"1,250,000",0,0
103055273,ASUS ROG SWIFT OLED PG27AQWP-W,"1,657,660",0,0
74883851,ASUS ROG SWIFT OLED PG27UCDM,"1,459,000",0,0
124180648,ASUS ROG SWIFT OLED PG27UCWM,"1,881,060",0,0
106785719,ASUS ROG SWIFT OLED PG32UCDM Gen3 (PG32UCDM3),"1,799,000",0,0
63272231,ASUS ROG SWIFT OLED PG32UCDP,"1,475,100",0,0
124180639,ASUS ROG SWIFT OLED PG32UCWM,"2,177,450",0,0
107770364,ASUS ROG SWIFT OLED PG34WCDN,"1,990,000",0,0
123861197,ASUS ROG SWIFT PG27AQWP-G,"2,890,000",0,0
21484082,ASUS ROG SWIFT PG32UQ,"1,252,710",0,0
15819947,ASUS ROG SWIFT PG32UQX UHD 4K HDR 1400,"3,390,000",0,0
28536611,ASUS ROG SWIFT PRO PG248QP,"799,000",0,0
21205289,ASUS TUF Gaming VG249Q1A,"218,990",0,0
91114364,ASUS TUF Gaming VG249QE5A,"119,000",0,0
95522966,ASUS TUF Gaming VG259Q5A,"149,000",0,0
98771516,ASUS TUF Gaming VG259QMR5A,"259,000",0,0
96710738,ASUS TUF Gaming VG259QMRL5A,"299,000",0,0
28245092,ASUS TUF Gaming VG279Q3A,"349,990",0,0
95420624,ASUS TUF Gaming VG279Q5R,"161,670",0,0
91114430,ASUS TUF Gaming VG279QE5A,"145,150",0,0
19815290,ASUS TUF Gaming VG279QM 280 게이밍 대원씨티에스,"340,000",0,0
10677207,ASUS TUF Gaming VG279QM 280 게이밍 인텍앤컴퍼니,"299,000",0,0
108402167,ASUS TUF Gaming VG27AQE5A 대원씨티에스,"200,350",0,0
72675476,ASUS TUF Gaming VG27AQL3A,"419,000",0,0
124288796,ASUS TUF Gaming VG27AQM5A,"451,820",0,0
122653958,ASUS TUF Gaming VG27UQEL5A,"399,000",0,0
124288695,ASUS TUF Gaming VG27VQM5F,"189,000",0,0
20721338,ASUS TUF Gaming VG328QA1A,"328,980",0,0
96987545,ASUS TUF Gaming VG32VQM5B,"323,930",0,0
122696494,ASUS TUF Gaming VG34WQ5A,"399,000",0,0
124288745,ASUS TUF Gaming VG34WQ5F,"396,770",0,0
99291581,ASUS VA249HG,"129,000",0,0
79250165,ASUS VA249QGS,"179,500",0,0
124224959,ASUS VA249QGSE,"159,000",0,0
11505305,ASUS VA24DQLB 피벗 시력보호,"321,320",0,0
30218720,ASUS VA24EHF,"149,600",0,0
90160040,ASUS VA259HGA FHD IPS 120 아이케어 게이밍,"189,000",0,0
99292439,ASUS VA279HG,"149,000",0,0
92891099,ASUS VA279QGS,"239,000",0,0
30218768,ASUS VA27EHF,"180,400",0,0
3798402,ASUS VC279H-W 시력보호 슬림,"325,640",0,0
7468030,ASUS VG258QR 165 게이밍,"954,790",0,0
13806671,ASUS VP279HE 시력보호 Gaming 베젤리스,"189,000",0,0
122661721,ASUS VP327Q,"338,990",0,0
72675401,ASUS VU249HFI-W,"115,500",0,0
13346978,ASUS VY249HE,"125,990",0,0
74115371,ASUS VY249HGR,"119,000",0,0
102123761,ASUS VY279HGR,"139,000",0,0
15264056,ASUS VZ27EHE 시력보호 Gaming 베젤리스,"263,990",0,0
123589504,ASUS ZenScreen Duo MB14FCD,"415,880",0,0
78975026,ASUS ZenScreen Duo OLED MQ149CD,"685,210",0,0
93630344,ASUS ZenScreen Fold OLED MQ17QH,"5,590,000",0,0
75932264,ASUS ZenScreen MB169CK,"138,700",0,0
15826205,ASUS ZenScreen MB16ACV 포터블 USB,"521,200",0,0
122633771,ASUS ZenScreen MB16FC,"199,000",0,0
106222295,ASUS ZenScreen MB16NCG,"299,000",0,0
107770202,ASUS ZenScreen OLED MQ16FC,"332,240",0,0
105816233,BenQ EW270Q 아이케어 무결점,"296,670",0,0
74340515,BenQ EW2790U 무결점,"491,970",0,0
6000148,BenQ EW3270U 아이케어 무결점,"1,228,340",0,0
10050582,BenQ EW3280U 아이케어 무결점,"1,149,990",0,0
74340668,BenQ EW3290U 무결점,"761,670",0,0
6233239,BenQ GW2280 아이케어 무결점,"133,260",0,0
28027190,BenQ GW2283 아이케어 무결점,"129,270",0,0
122657553,BenQ GW2291 아이케어 무결점,"129,270",0,0
17339756,BenQ GW2480L 아이케어 무결점,"303,750",0,0
70676426,BenQ GW2486TC 아이케어 무결점,"255,270",0,0
35230289,BenQ GW2490 아이케어 무결점,"129,270",0,0
123731750,BenQ GW2490P 아이케어 무결점,"132,990",0,0
55470170,BenQ GW2490T 아이케어 무결점,"179,000",0,0
72229322,BenQ GW2491 아이케어 무결점,"123,690",0,0
123731760,BenQ GW2491P 아이케어 무결점,"123,690",0,0
8759696,BenQ GW2780 아이케어 (중고),"167,000",0,0
73886717,BenQ GW2786TC 아이케어 무결점,"302,720",0,0
35230670,BenQ GW2790 아이케어 무결점,"160,890",0,0
123731705,BenQ GW2790P 아이케어 무결점,"160,890",0,0
70677125,BenQ GW2790Q 아이케어 무결점,"250,170",0,0
19396745,BenQ GW2790QT 시력보호 무결점,"449,000",0,0
55470218,BenQ GW2790T 아이케어 무결점,"257,630",0,0
72229352,BenQ GW2791 아이케어 무결점,"151,590",0,0
123731719,BenQ GW2791P 아이케어 무결점,"151,590",0,0
19396847,BenQ GW3290QT 시력보호 무결점,"599,000",0,0
108392657,BenQ MA270S 무결점,"1,571,700",0,0
67677695,BenQ MA270U 무결점,"697,500",0,0
102619310,BenQ MA270UP 무결점,"827,700",0,0
71220872,BenQ MA320U 무결점,"846,300",0,0
122688007,BenQ MA320UG 무결점,"1,478,700",0,0
102619175,BenQ MA320UP 무결점,"967,200",0,0
17805641,BenQ PD2506Q 아이케어 무결점,"3,843,360",0,0
11441439,BenQ PD2705Q 아이케어 무결점,"556,670",0,0
16252496,BenQ PD2705U 아이케어 무결점,"734,700",0,0
19121114,BenQ PD2705UA 모니터암 일체형 아이케어 무결점,"790,000",0,0
97836560,BenQ PD2706QN 디자이너 전문가용 무결점,"510,570",0,0
100328219,BenQ PD2706U,"734,700",0,0
104044745,BenQ PD2706UA 무결점,"827,700",0,0
15912833,BenQ PD2725U 아이케어 무결점,"1,106,700",0,0
122694692,BenQ PD2730S 무결점,"1,757,700",0,0
123743073,BenQ PD2732U 무결점,"1,283,400",0,0
16844408,BenQ PD3205U 아이케어 무결점,"920,700",0,0
19121960,BenQ PD3205UA 모니터암 일체형 아이케어 무결점,"1,106,700",0,0
8826458,BenQ PD3220U 아이케어 무결점,"1,689,990",0,0
54212516,BenQ PD3225U 무결점,"1,571,700",0,0
124238378,BenQ PD3226G 무결점,"1,790,000",0,0
123731008,BenQ RD270Q,"455,700",0,0
70155053,BenQ RD280UA 무결점,"920,700",0,0
76872935,BenQ RD320UA 무결점,"1,292,700",0,0
6158641,BenQ SW240 AQCOLOR 무결점,"611,230",0,0
13118921,BenQ SW271C AQCOLOR 무결점,"1,990,000",0,0
28519595,BenQ SW272Q AQCOLOR 무결점,"1,445,000",0,0
28520399,BenQ SW272U AQCOLOR 무결점,"2,390,000",0,0
11915746,BenQ SW321C AQCOLOR 무결점,"4,536,490",0,0
96649436,BenQ ZOWIE XL2540X+ 게이밍 무결점,"557,070",0,0
12303416,BenQ ZOWIE XL2546K 게이밍 무결점,"762,600",0,0
33333566,BenQ ZOWIE XL2546X 게이밍 무결점,"762,600",0,0
68914880,BenQ ZOWIE XL2546X+ 게이밍 무결점,"762,600",0,0
18465101,BenQ ZOWIE XL2566K 게이밍 무결점,"1,013,700",0,0
67693532,BenQ ZOWIE XL2566X+ 게이밍 무결점,"1,013,700",0,0
47778266,BenQ ZOWIE XL2586X 게이밍 무결점,"1,757,700",0,0
74054936,BenQ ZOWIE XL2586X+ 게이밍 무결점,"1,757,700",0,0
5879276,BenQ ZOWIE XL2740 아이케어 무결점,"874,200",0,0
15081746,BenQ ZOWIE XL2746K 무결점,"874,200",0,0
10441182,BenQ ZOWIE XL2746S 아이케어 무결점,"874,200",0,0
122930946,BenQ ZOWIE XQ2566X 게이밍 무결점,"1,478,700",0,0
124288471,BenQ ZOWIE XQ2766X 게이밍 무결점,가격비교예정,0,0
17668712,BenQ 모비우스 EX240N 무결점,"309,300",0,0
75076523,BenQ 모비우스 EX251 무결점,"279,000",0,0
12201194,BenQ 모비우스 EX2510 게이밍 무결점,"510,570",0,0
14551685,BenQ 모비우스 EX2510S 무결점,"510,570",0,0
17679836,BenQ 모비우스 EX270M 무결점,"554,430",0,0
17679923,BenQ 모비우스 EX270QM 무결점,"1,447,200",0,0
75076544,BenQ 모비우스 EX271 무결점,"296,080",0,0
12200843,BenQ 모비우스 EX2710 게이밍 무결점,"1,292,700",0,0
15156128,BenQ 모비우스 EX2710Q 무결점,"1,432,630",0,0
14551835,BenQ 모비우스 EX2710S 무결점,"458,310",0,0
17035067,BenQ 모비우스 EX2710U 무결점,"1,205,000",0,0
90437921,BenQ 모비우스 EX271Q 무결점,"510,570",0,0
124277283,BenQ 모비우스 EX271QM 무결점,"427,800",0,0
124277334,BenQ 모비우스 EX271QMZ 무결점,"734,700",0,0
124277248,BenQ 모비우스 EX271QP 무결점,"362,700",0,0
122657429,BenQ 모비우스 EX271QZ 무결점,"1,292,700",0,0
122657510,BenQ 모비우스 EX271UZ 무결점,"1,385,700",0,0
16018604,BenQ 모비우스 EX3210U 무결점,"2,830,260",0,0
122687895,BenQ 모비우스 EX321UZ 무결점,"1,943,700",0,0
20742491,CORSAIR XENEON 27QHD240 OLED 게이밍,"1,590,000",0,0
66135212,CORSAIR XENEON 34WQHD240-C QD-OLED 게이밍,"1,799,100",0,0
18978830,CORSAIR XENEON FLEX 45WQHD240 벤더블 OLED 게이밍,"2,999,100",0,0
98925344,CORSAIR XENEON 엣지 터치스크린 보조 포터블 14.5,"333,900",0,0
92970914,DELL E2225HM,"128,250",0,0
70254752,DELL E2425HS,"153,000",0,0
93446090,DELL E2425HSM,"158,700",0,0
124288963,DELL E2426H,"173,990",0,0
106721894,DELL E2726DS,"236,300",0,0
109683296,DELL E2726HS,"180,210",0,0
20667746,DELL P1424H,"280,870",0,0
78310304,DELL P1425,"407,110",0,0
4309364,DELL P1917S,"214,380",0,0
123696068,DELL P2226H,"198,570",0,0
18793046,DELL P2423,"184,990",0,0
124276728,DELL P2423D (중고),"96,420",0,0
16555727,DELL P2423DE,"723,050",0,0
28332077,DELL P2424HT,"439,000",0,0
54811736,DELL P2425,"278,200",0,0
78710315,DELL P2425D,"304,000",0,0
63562286,DELL P2425H,"192,660",0,0
124046030,DELL P2426,"277,600",0,0
78710375,DELL P2725D,"333,990",0,0
81037385,DELL P2725DE,"426,480",0,0
51382115,DELL P2725H,"230,290",0,0
78384704,DELL P2725QE,"511,350",0,0
124289022,DELL P2726H,"263,240",0,0
78310175,DELL P3225QE,"712,990",0,0
78710546,DELL P3425WE,"774,000",0,0
124152860,DELL P4326QEB,"1,643,870",0,0
123764164,DELL Professional P2314HT (리퍼비시),"64,790",0,0
54811526,DELL S2425HS,"208,990",0,0
100761113,DELL S2425HSM,"198,340",0,0
16137761,DELL S2722DC,"349,000",0,0
100699835,DELL S2725DC,"331,200",0,0
53521313,DELL S2725DS,"309,000",0,0
100699094,DELL S2725DSM,"309,000",0,0
103325609,DELL S2725HSM,"236,300",0,0
91426229,DELL S2725QC,"429,000",0,0
91042556,DELL S2725QS,"426,090",0,0
95930873,DELL S3225QC,"979,030",0,0
95285144,DELL SE2225HM,"118,520",0,0
96983948,DELL SE2425HG,"169,000",0,0
122663156,DELL SE2426H,"150,890",0,0
106765112,DELL SE2426HG,"169,000",0,0
124224629,DELL SE2426HGS,"181,190",0,0
98231558,DELL SE2725HM,"162,640",0,0
122663306,DELL SE2726D,"207,820",0,0
122663287,DELL SE2726H,"179,350",0,0
106765289,DELL SE2726HG,"198,340",0,0
124224582,DELL SE2726HGS,"229,000",0,0
19017803,DELL U4323QE,"1,492,830",0,0
4083800,DELL UltraSharp U2412M (중고),"49,000",0,0
3987889,DELL UltraSharp U2417H,"99,000",0,0
32467244,DELL UltraSharp U2424H,"302,720",0,0
31464239,DELL UltraSharp U2424HE,"378,990",0,0
10334211,DELL UltraSharp U2520D,"374,810",0,0
32488958,DELL UltraSharp U2718Q (중고),"189,960",0,0
14081603,DELL UltraSharp U2722D,"529,000",0,0
31462697,DELL UltraSharp U2724D,"498,790",0,0
31463786,DELL UltraSharp U2724DE,"628,580",0,0
78177107,DELL UltraSharp U2725QE,"882,570",0,0
16932623,DELL UltraSharp U3223QE,"1,299,000",0,0
17492168,DELL UltraSharp U3223QZ,"1,217,370",0,0
25276766,DELL UltraSharp U3224KB,"2,845,990",0,0
78176633,DELL UltraSharp U3225QE,"1,232,720",0,0
124259448,DELL UltraSharp U3226Q,"3,890,000",0,0
42206093,DELL UltraSharp U3425WE,"1,185,280",0,0
21688394,DELL UltraSharp U3824DW,"1,517,420",0,0
13896497,DELL UltraSharp U4021QW,"1,487,070",0,0
40716206,DELL UltraSharp U4025QW,"2,138,070",0,0
11108418,DELL UltraSharp U4320Q,"1,492,820",0,0
32467772,DELL UltraSharp U4924DW,"1,905,570",0,0
104626916,DELL UltraSharp U5226KW,"3,989,700",0,0
71011145,DELL 에일리언웨어 AW2524HF,"758,230",0,0
96060200,DELL 에일리언웨어 AW2525HM,"312,210",0,0
18011729,DELL 에일리언웨어 AW2723DF,"777,210",0,0
96261422,DELL 에일리언웨어 AW2725D,"805,680",0,0
48649241,DELL 에일리언웨어 AW2725DF,"1,022,070",0,0
91560128,DELL 에일리언웨어 AW2725DM,"349,000",0,0
88133672,DELL 에일리언웨어 AW2725Q,"948,030",0,0
72419828,DELL 에일리언웨어 AW2725QF,"649,000",0,0
123693574,DELL 에일리언웨어 AW2726DL,"348,990",0,0
122697889,DELL 에일리언웨어 AW2726DM,"649,000",0,0
48477290,DELL 에일리언웨어 AW3225QF,"1,517,420",0,0
78985307,DELL 에일리언웨어 AW3425DWM,"587,420",0,0
123693421,DELL 에일리언웨어 AW3926QW,"1,899,000",0,0
124260189,EIZO ColorEdge CG2400S,"2,530,000",0,0
124260224,EIZO ColorEdge CG2400SV,"2,970,000",0,0
124260298,EIZO ColorEdge CG3100X,"8,910,000",0,0
124259853,EIZO FlexScan EV2400R,"495,000",0,0
124259951,EIZO FlexScan EV2740S,"1,320,000",0,0
124335902,EIZO FlexScan EV3240X,"1,960,200",0,0
58912640,GIGABYTE AORUS FO32U2 QD-OLED 4K 240,"1,309,370",0,0
60145490,GIGABYTE AORUS FO32U2P QD-OLED 4K 240 UHBR20 DP 2.1,"1,467,000",0,0
103601618,GIGABYTE G27U UHD 160 듀얼모드 게이밍,"406,410",0,0
15321344,GIGABYTE G34WQC A 144 커브드 HDR 게이밍 제이씨현,"396,270",0,0
78846338,GIGABYTE G34WQCP 180 커브드 HDR 게이밍,"438,990",0,0
104326142,GIGABYTE GS24F14A FHD 게이밍 144,"119,970",0,0
27766406,GIGABYTE GS27F FHD 게이밍 165 피씨디렉트,"188,000",0,0
106712021,GIGABYTE GS27F2 FHD 게이밍 240,"175,770",0,0
30157580,GIGABYTE GS27Q 165 HDR 게이밍,"239,000",0,0
63479153,GIGABYTE GS27QA 180 HDR 게이밍,"239,000",0,0
78846440,GIGABYTE GS27QX 240 HDR 게이밍,"309,000",0,0
70874975,GIGABYTE GS27U UHD 게이밍 160,"344,000",0,0
30215726,GIGABYTE GS32Q 165 HDR 게이밍,"424,000",0,0
30067052,GIGABYTE GS34WQC 120 커브드 게이밍 HDR,"319,000",0,0
97566545,GIGABYTE M27Q2 QD 200 HDR KVM 게이밍,"369,000",0,0
97566566,GIGABYTE M27Q2 QD ICE 200 HDR KVM 게이밍 화이트,"379,000",0,0
96707360,GIGABYTE M27UP 4K UHD 160 듀얼모드 게이밍,"499,000",0,0
97471484,GIGABYTE M27UP ICE 4K UHD 160 듀얼모드 게이밍 화이트,"519,000",0,0
100272665,GIGABYTE M32UP UHD 게이밍 160,"669,000",0,0
15993095,GIGABYTE M34WQ 144 HDR KVM 제이씨현,"599,000",0,0
122631231,GIGABYTE MO32U24 QD-OLED 4K 게이밍 240,"1,394,070",0,0
106717316,GIGABYTE 게이밍 G27Q20 200 HDR,"269,000",0,0
124288373,GIGABYTE 게이밍 G27Q20T 200 HDR,"240,870",0,0
124288314,GIGABYTE 게이밍 G27Q26 260 HDR,"329,000",0,0
100703189,GIGABYTE 게이밍 GS32QA 180 HDR,"339,000",0,0
100752185,GIGABYTE 게이밍 MO27Q28G WOLED 280,"759,000",0,0
122701666,GIGABYTE 게이밍 MO27Q28GR WOLED 280,"779,000",0,0
122710534,HKC 앤트게이머 ANT257PF 750 Fast TN 멀티스탠드 게이밍 무결점,"1,888,470",0,0
122710631,HKC 앤트게이머 ANT27VU PRO UHD 320 Fast IPS 듀얼 게이밍 무결점,"384,420",0,0
124224542,HP 732XK,"1,429,000",0,0
124152596,HP HyperX 오멘 24e 게이밍,"139,000",0,0
77082578,HP ProDisplay P24h G4 (중고),"53,790",0,0
92045039,HP 오멘 27 G2 Gaming,"191,690",0,0
20232050,HP 오멘 27 Gaming,"239,000",0,0
122727330,HP 오멘 27Q G2 게이밍,"289,000",0,0
20232146,HP 오멘 27q Gaming,"240,000",0,0
20051813,HP 오멘 32q,"393,340",0,0
106754054,LG전자 17BR35L,"206,700",0,0
122702407,LG전자 17BR35L (터치개조),"260,190",0,0
106764866,LG전자 19BR35L,"219,130",0,0
122702414,LG전자 19BR35L (터치개조),"270,710",0,0
16344962,LG전자 22MP410,"138,000",0,0
94937108,LG전자 22U401A,"133,000",0,0
79559633,LG전자 24BA400,"235,140",0,0
74835539,LG전자 24BA450,"197,000",0,0
122680768,LG전자 24G414B,"189,000",0,0
17800706,LG전자 24MK430H (중고),"80,790",0,0
30158390,LG전자 24MR400,"145,000",0,0
62640533,LG전자 24MR400W,"138,360",0,0
57712784,LG전자 24MS500,"158,890",0,0
57712871,LG전자 24MS550,"213,900",0,0
95344271,LG전자 24U411A,"145,930",0,0
122680594,LG전자 24U411B,"142,950",0,0
79553258,LG전자 24U421A,"148,390",0,0
90438284,LG전자 27BA400,"187,790",0,0
74839514,LG전자 27BA450,"243,960",0,0
108409340,LG전자 27BA54QB,"426,280",0,0
75656774,LG전자 27EN430H (중고),"101,650",0,0
11664422,LG전자 27MN430HW,"174,000",0,0
18535184,LG전자 27MQ400,"187,000",0,0
30158492,LG전자 27MR400,"169,000",0,0
57713216,LG전자 27MS500,"178,730",0,0
95344457,LG전자 27U411A,"166,100",0,0
122694581,LG전자 27U411B,"164,960",0,0
79553291,LG전자 27U421A,"194,730",0,0
76942229,LG전자 27U631A,"243,390",0,0
13969562,LG전자 29WP500,"354,900",0,0
11114496,LG전자 32MN500M,"248,250",0,0
11210484,LG전자 32MN500MW,"252,800",0,0
30158687,LG전자 32MR50C,"203,180",0,0
11923114,LG전자 32QN650,"345,590",0,0
122714550,LG전자 32U401B,"235,000",0,0
76550516,LG전자 32U631A,"318,840",0,0
12058430,LG전자 360 32UN880,"794,990",0,0
52067540,LG전자 43MQ520S,"399,490",0,0
88132871,LG전자 MyView 스마트 27U731SAW,"361,120",0,0
59541716,LG전자 MyView 스마트 32SR50FB,"415,030",0,0
88135349,LG전자 MyView 스마트 32U721SAW,"499,730",0,0
88132940,LG전자 MyView 스마트 32U731SAW,"594,240",0,0
18811901,LG전자 그램 +view 16MR70,"329,950",0,0
75858548,LG전자 그램 +view 17MT70,"393,850",0,0
90503969,LG전자 스마트 27U730SAW,"378,990",0,0
88135808,LG전자 스마트 32U880SAW,"814,950",0,0
91910942,LG전자 스마트 37U730SAW,"856,890",0,0
122674909,LG전자 스마트 AI 27U511SBW,"319,000",0,0
122644911,LG전자 스마트 AI 27U731SBW,"468,760",0,0
122702531,LG전자 스마트 AI 32U501SBW,"329,000",0,0
122706094,LG전자 스마트 AI 32U701SB,"439,000",0,0
122644935,LG전자 스마트 AI 32U721SBW,"504,640",0,0
122691300,LG전자 울트라HD 27U710B,"299,000",0,0
122680649,LG전자 울트라HD 27U711B,"289,000",0,0
20725631,LG전자 울트라HD 27UP550N,"494,590",0,0
97308305,LG전자 울트라HD 27UP650K,"391,550",0,0
73883519,LG전자 울트라HD 27UP850K,"409,000",0,0
21521201,LG전자 울트라HD 27UQ750,"407,640",0,0
74053016,LG전자 울트라HD 27US500,"374,990",0,0
78237926,LG전자 울트라HD 27US550,"328,500",0,0
122706022,LG전자 울트라HD 32U700B,"349,000",0,0
122714516,LG전자 울트라HD 32U701B,"353,500",0,0
94121567,LG전자 울트라HD 32U720A,"558,380",0,0
123133909,LG전자 울트라HD 32U720B,"429,100",0,0
12391277,LG전자 울트라HD 32UN650,"615,410",0,0
73883483,LG전자 울트라HD 32UN650K,"97,000",0,0
21638105,LG전자 울트라HD 32UP830,"824,860",0,0
76870904,LG전자 울트라HD 32UP830K,"449,000",0,0
95849255,LG전자 울트라HD 40U990AW,"1,929,990",0,0
94884746,LG전자 울트라HD 43U712A,"719,000",0,0
96984695,LG전자 울트라기어 24G411A,"172,990",0,0
122694670,LG전자 울트라기어 24G411B,"156,000",0,0
123620974,LG전자 울트라기어 24G411BW,"166,000",0,0
48476270,LG전자 울트라기어 24GN65R,"269,490",0,0
56061041,LG전자 울트라기어 24GS50F,"164,940",0,0
55043174,LG전자 울트라기어 24GS60F,"238,990",0,0
62638751,LG전자 울트라기어 24GS65F,"205,210",0,0
122724596,LG전자 울트라기어 25G520B,"229,000",0,0
122703391,LG전자 울트라기어 25G523B,"229,000",0,0
122666096,LG전자 울트라기어 25G550B,"288,360",0,0
96986510,LG전자 울트라기어 27G411A,"172,390",0,0
122694674,LG전자 울트라기어 27G411B,"170,500",0,0
123650487,LG전자 울트라기어 27G411BW,"179,000",0,0
122694679,LG전자 울트라기어 27G414B,"199,000",0,0
99479555,LG전자 울트라기어 27G440A,"289,570",0,0
122724579,LG전자 울트라기어 27G520B,"249,000",0,0
122706151,LG전자 울트라기어 27G521B,"287,900",0,0
122703435,LG전자 울트라기어 27G523B,"249,000",0,0
122702756,LG전자 울트라기어 27G550B,"321,360",0,0
97307420,LG전자 울트라기어 27G610A,"299,000",0,0
97111214,LG전자 울트라기어 27G640A,"494,500",0,0
122644953,LG전자 울트라기어 27G64NA,"359,000",0,0
99479264,LG전자 울트라기어 27G810A,"490,640",0,0
75854687,LG전자 울트라기어 27G850A,"778,000",0,0
15341282,LG전자 울트라기어 27GP750,"315,740",0,0
14948531,LG전자 울트라기어 27GP850,"445,470",0,0
19745933,LG전자 울트라기어 27GR75Q,"399,410",0,0
70255148,LG전자 울트라기어 27GR83Q,"755,590",0,0
54214541,LG전자 울트라기어 27GS50F,"221,980",0,0
55043312,LG전자 울트라기어 27GS60F,"242,840",0,0
56061500,LG전자 울트라기어 27GS60QC,"269,000",0,0
59759180,LG전자 울트라기어 27GS65F,"328,990",0,0
62639234,LG전자 울트라기어 27GS75Q,"351,000",0,0
62638133,LG전자 울트라기어 27GS85Q,"428,930",0,0
75854594,LG전자 울트라기어 27GS94U,"544,990",0,0
122703487,LG전자 울트라기어 32G403B,"273,920",0,0
123764297,LG전자 울트라기어 32G403BW,"277,650",0,0
97111373,LG전자 울트라기어 32G600A,"294,840",0,0
122703346,LG전자 울트라기어 32G620B,"349,000",0,0
91115978,LG전자 울트라기어 32G810SAW,"825,380",0,0
29960201,LG전자 울트라기어 32GR75Q,"506,990",0,0
56061536,LG전자 울트라기어 32GS60QC,"300,810",0,0
62639555,LG전자 울트라기어 32GS75Q,"498,210",0,0
62639822,LG전자 울트라기어 32GS85Q,"553,910",0,0
75854819,LG전자 울트라기어 32GS94U,"1,195,630",0,0
94885073,LG전자 울트라기어 34G600A,"507,580",0,0
99055028,LG전자 울트라기어 34G630A,"559,000",0,0
97840532,LG전자 울트라기어 37G800A,"1,899,200",0,0
124034898,LG전자 울트라기어 AI 게이밍 25G590B,"1,420,000",0,0
122706002,LG전자 울트라기어 evo AI 27GM950B,"1,390,000",0,0
124152955,LG전자 울트라기어 evo AI 52G930B,"2,867,970",0,0
122690034,LG전자 울트라기어 evo AI 올레드 32GX870B,"1,475,410",0,0
122674696,LG전자 울트라기어 evo AI 올레드 39GX950B,"1,944,970",0,0
122694690,LG전자 울트라기어 evo AI 올레드 45GX950B,"2,339,720",0,0
95987177,LG전자 울트라기어 올레드 27GX700A,"752,210",0,0
99739487,LG전자 울트라기어 올레드 27GX704A,"624,730",0,0
75854957,LG전자 울트라기어 올레드 27GX790A,"1,060,000",0,0
107771735,LG전자 울트라기어 올레드 27GX790B,"1,182,840",0,0
71063474,LG전자 울트라기어 올레드 32GS95UV,"1,698,990",0,0
73950560,LG전자 울트라기어 올레드 32GS95UVW,"1,309,850",0,0
97839959,LG전자 울트라기어 올레드 32GX850A,"1,380,000",0,0
97308446,LG전자 울트라기어 올레드 32GX870A,"1,602,730",0,0
45313562,LG전자 울트라기어 올레드 34GS95QE,"1,506,010",0,0
93179432,LG전자 울트라기어 올레드 34GX900A,"1,099,000",0,0
88136525,LG전자 울트라기어 올레드 34GX90SAW,"1,503,990",0,0
45313691,LG전자 울트라기어 올레드 39GS95QE,"2,056,780",0,0
93179480,LG전자 울트라기어 올레드 39GX900A,"1,591,760",0,0
45313829,LG전자 울트라기어 올레드 45GS96QB,"2,256,250",0,0
97304354,LG전자 울트라기어 올레드 45GX900A,"1,889,830",0,0
92149577,LG전자 울트라기어 올레드 45GX950A,"2,746,890",0,0
95344535,LG전자 울트라와이드 29U511A,"278,950",0,0
104324564,LG전자 울트라와이드 29U531AW,"278,990",0,0
105684260,LG전자 울트라와이드 34U511A,"331,550",0,0
95847179,LG전자 울트라와이드 34U530AW,"429,000",0,0
122644964,LG전자 울트라와이드 34U601B,"449,400",0,0
122706199,LG전자 울트라와이드 34U620B,"429,000",0,0
99948332,LG전자 울트라와이드 34U650A,"729,000",0,0
66064355,LG전자 울트라와이드 34WR50QK,"428,980",0,0
95850362,LG전자 울트라와이드 49U950AW,"1,667,350",0,0
17054663,LG전자 울트라와이드 듀얼업 28MQ780,"1,999,890",0,0
98242043,LG전자 울트라파인 evo 32U990AS,"2,163,970",0,0
124216498,MPGIO 라이브X MPM156F60,"84,600",0,0
88232396,MSI G242L700 E14 IPS 게이밍 144 HDR AI 무결점,"109,000",0,0
88232528,MSI G242L750 E14 IPS 게이밍 144 HDR AI,"129,000",0,0
88232558,MSI G242L750 E14 IPS 게이밍 144 HDR AI 무결점,"101,960",0,0
88232642,MSI G242L850 E14 IPS 게이밍 144 HDR AI 무결점,"101,960",0,0
18113468,MSI G2712 IPS 게이밍 170 아이세이버,"189,000",0,0
18113501,MSI G2712 IPS 게이밍 170 아이세이버 무결점,"168,990",0,0
44405615,MSI G2712F IPS 게이밍 180 아이케어,"178,990",0,0
44405693,MSI G2712F IPS 게이밍 180 아이케어 무결점,"178,990",0,0
28264352,MSI G274F IPS 게이밍 180 아이케어 HDR 무결점,"237,000",0,0
60166808,MSI G274PF IPS 게이밍 180 HDR 피벗 무결점,"249,000",0,0
99291242,MSI G275L700 E14 IPS 게이밍 144 HDR AI Vision 무결점,"155,000",0,0
97471040,MSI G275L800 E14 IPS 게이밍 144 HDR AI Vision 무결점,"125,350",0,0
100383125,MSI G275L900 E14 IPS 게이밍 144 HDR AI Vision 무결점,"188,990",0,0
108354305,MSI MAG 255F X24 Rapid IPS 게이밍 FHD 240 AI Vision 무결점,"165,000",0,0
53521688,MSI MAG 271QPX QD-OLED E2 240 WQHD,"1,090,000",0,0
103602299,MSI MAG 272F Rapid IPS 게이밍 FHD 200 AI Vision,"179,000",0,0
100383926,MSI MAG 272F Rapid IPS 게이밍 FHD 200 AI Vision 무결점,"179,000",0,0
106694264,MSI MAG 272F700 X24 Rapid IPS 게이밍 FHD 240 AI Vision 무결점,"179,000",0,0
106694246,MSI MAG 272F800 X24 Rapid IPS 게이밍 FHD 240 AI Vision 무결점,"162,490",0,0
106694213,MSI MAG 272F900 X24 Rapid IPS 게이밍 FHD 240 AI Vision 무결점,"162,500",0,0
102490376,MSI MAG 272QP QD-OLED X24 WQHD 240,"546,920",0,0
103066625,MSI MAG 272QP QD-OLED X50 WQHD 500,"974,370",0,0
122714690,MSI MAG 272QPF E20 게이밍 WQHD 200 피벗 무결점,"240,490",0,0
103066697,MSI MAG 272QPW QD-OLED X28 WQHD 280,"708,400",0,0
122680158,MSI MAG 272UP QD-OLED E16 4K 165,"859,950",0,0
103066814,MSI MAG 272UP QD-OLED X24 4K 240 (해외구매),"1,602,900",0,0
93498116,MSI MAG 272URDF700 E16 듀얼모드 게이밍 4K AI Vision 무결점,"369,000",0,0
93385355,MSI MAG 272URDF800 E16 듀얼모드 게이밍 4K AI Vision 무결점,"353,760",0,0
68791646,MSI MAG 274CXF VA 게이밍 280 AI 무결점,"279,000",0,0
100383596,MSI MAG 274F Rapid IPS 게이밍 FHD 200 AI Vision 무결점,"207,000",0,0
103066559,MSI MAG 274QF E20 Rapid IPS 게이밍 WQHD 200 AI Vision 무결점,"189,000",0,0
96423329,MSI MAG 274QF Rapid IPS 게이밍 WQHD 180 AI Vision 무결점,"228,990",0,0
96423407,MSI MAG 274QF X24 Rapid IPS 게이밍 WQHD 240 AI Vision 무결점,"221,920",0,0
102490442,MSI MAG 274QP QD-OLED X24 WQHD 240,"546,930",0,0
108421223,MSI MAG 274QPF X32 IPS 게이밍 WQHD 320 AI Vision 피벗 무결점,"257,210",0,0
106694105,MSI MAG 274QRFW E20 700 IPS 게이밍 WQHD 200 AI Vision 피벗 화이트 무결점,"259,000",0,0
106694072,MSI MAG 274QRFW E20 800 IPS 게이밍 WQHD 200 AI Vision 피벗 화이트 무결점,"230,250",0,0
33420917,MSI MAG 274QRFW IPS 게이밍 WQHD 180 화이트 무결점,"279,000",0,0
96708905,MSI MAG 274UPDF700 E16M 듀얼모드 게이밍 4K AI Vision 무결점,"619,730",0,0
95057306,MSI MAG 274UPDF800 E16M 듀얼모드 게이밍 4K AI Vision 무결점,"501,420",0,0
49275761,MSI MAG 274URFW IPS 게이밍 4K 160 화이트 무결점,"596,550",0,0
58010720,MSI MAG 275F IPS 게이밍 180 AI,"379,000",0,0
58010738,MSI MAG 275F IPS 게이밍 180 AI 무결점,"185,490",0,0
102489230,MSI MAG 275QF E20 Rapid IPS 게이밍 WQHD 200 AI Vision 무결점,"211,900",0,0
58937813,MSI MAG 275QF IPS 게이밍 WQHD 180 AI 무결점,"291,970",0,0
122714699,MSI MAG 275UPD E14 듀얼모드 게이밍 4K IPS 144 무결점,"296,680",0,0
95523686,MSI MAG 321CQF700 E18 게이밍 WQHD 180 AI Vision 무결점,"279,000",0,0
47650037,MSI MAG 321CUP 게이밍 4K 160 HDR400 무결점,"438,460",0,0
122627741,MSI MAG 321UP QD-OLED X24 4K 240,"1,113,350",0,0
122714678,MSI MAG 321UPD800 E14 듀얼모드 게이밍 4K IPS 144 무결점,"416,920",0,0
122680150,MSI MAG 322UP QD-OLED E16 4K 165,"913,720",0,0
56064386,MSI MAG 322UPF IPS 게이밍 4K 160 HDR400,"899,000",0,0
56064398,MSI MAG 322UPF IPS 게이밍 4K 160 HDR400 무결점,"899,000",0,0
93385682,MSI MAG 322URDF700 E16 듀얼모드 게이밍 4K AI Vision 무결점,"749,570",0,0
93175895,MSI MAG 322URDF800 E16 듀얼모드 게이밍 4K AI Vision 무결점,"569,000",0,0
100005512,MSI MAG 325QF700 E18V 게이밍 WQHD 180 AI Vision 무결점,"448,990",0,0
58011143,MSI MAG 32C6 게이밍 180 HDR AI 무결점,"291,970",0,0
68918720,MSI MAG 32C6X 게이밍 250 HDR AI,"259,000",0,0
68918735,MSI MAG 32C6X 게이밍 250 HDR AI 무결점,"215,080",0,0
35814404,MSI MAG 341CQP QD-OLED 175 UWQHD,"1,399,000",0,0
39348284,MSI MAG 345CQR 게이밍 UWQHD 180 HDR,"538,350",0,0
39349565,MSI MAG 345CQR 게이밍 UWQHD 180 HDR 무결점,"506,340",0,0
93385889,MSI MAG 346CQ700 게이밍 UWQHD 180 Ai Vision 무결점,"380,210",0,0
91496693,MSI MAG 346CQ800 게이밍 UWQHD 180 Ai Vision 무결점,"422,920",0,0
122693552,MSI MAG 346CQDF700 E20 듀얼모드 게이밍 UWQHD 200 AI Vision 무결점,"344,890",0,0
122694208,MSI MAG 346CQDF800 E20 듀얼모드 게이밍 UWQHD 200 AI Vision 무결점,"324,070",0,0
28460081,MSI MAG 401QR 게이밍 UWQHD 155 HDR400,"520,990",0,0
28460096,MSI MAG 401QR 게이밍 UWQHD 155 HDR400 무결점,"449,000",0,0
32074583,MSI MD271UL 4K IPS 아이에르고 PD65 무결점,"289,000",0,0
77709893,MSI MD272UPSWCL 4K UHD 스마트 화이트 PD65 무결점,"369,000",0,0
77709845,MSI MD272UPSWDN 4K UHD 스마트 화이트 PD65 무결점,"399,000",0,0
29877116,MSI MD272XPW IPS 100 아이에르고 피벗 화이트,"219,000",0,0
29877128,MSI MD272XPW IPS 100 아이에르고 피벗 화이트 무결점,"179,000",0,0
18867950,MSI MP161 아이에르고 포터블,"129,000",0,0
18867968,MSI MP161 아이에르고 포터블 무결점,"129,000",0,0
16556867,MSI MP241X 아이케어 무결점,"86,900",0,0
73073465,MSI MP242A E2 IPS 120 아이에르고,"128,980",0,0
73073477,MSI MP242A E2 IPS 120 아이에르고 무결점,"129,000",0,0
21741644,MSI MP242A IPS 100 아이에르고,"128,830",0,0
21741752,MSI MP242A IPS 100 아이에르고 무결점,"128,810",0,0
75657044,MSI MP242L700 IPS 100 시력보호,"90,000",0,0
75657056,MSI MP242L700 IPS 100 시력보호 무결점,"90,000",0,0
75657359,MSI MP242L750 IPS 100 시력보호,"97,000",0,0
75657371,MSI MP242L750 IPS 100 시력보호 무결점,"97,000",0,0
75657824,MSI MP242L800 IPS 100 시력보호,"98,990",0,0
75657827,MSI MP242L800 IPS 100 시력보호 무결점,"98,990",0,0
75657884,MSI MP242L850 IPS 100 시력보호,"104,000",0,0
75657887,MSI MP242L850 IPS 100 시력보호 무결점,"85,000",0,0
28263590,MSI MP243X IPS 100 아이에르고 무결점,"140,000",0,0
28486049,MSI MP243XW IPS 100 아이에르고 화이트 무결점,"139,000",0,0
75992849,MSI MP251W E2 IPS 120 시력보호,"122,420",0,0
75992858,MSI MP251W E2 IPS 120 시력보호 무결점,"114,990",0,0
75657560,MSI MP252L750 IPS 100 시력보호 무결점,"89,000",0,0
75657947,MSI MP252L850 IPS 100 시력보호 무결점,"109,990",0,0
68791571,MSI MP271A E2 IPS 120 아이에르고 HDR 무결점,"159,080",0,0
77709632,MSI MP272L700 IPS 100 시력보호 무결점,"118,490",0,0
77709608,MSI MP272L750 IPS 100 시력보호 무결점,"115,500",0,0
77709581,MSI MP272L850 IPS 100 시력보호 무결점,"146,470",0,0
78846644,MSI MP272L900 IPS 100 시력보호 무결점,"141,400",0,0
19765277,MSI MP273A IPS 아이에르고 무결점,"174,600",0,0
21528734,MSI MP273AW IPS 100 아이에르고 화이트,"144,000",0,0
21647765,MSI MP273AW IPS 100 아이에르고 화이트 무결점,"133,000",0,0
101630456,MSI MP273L E14-700 IPS 144 시력보호 게이밍 무결점,"109,000",0,0
101630471,MSI MP273L E14-800 IPS 144 시력보호 게이밍 무결점,"119,040",0,0
61543370,MSI MP273U 4K IPS 아이에르고 HDR,"275,000",0,0
61543388,MSI MP273U 4K IPS 아이에르고 HDR 무결점,"224,730",0,0
108389546,MSI MP273W E14A-900 IPS 144 스피커내장 화이트 무결점,"125,010",0,0
91496546,MSI MP275PG IPS 100 시력보호 피벗 무결점,"189,000",0,0
29338631,MSI MP341CQW UWQHD 100 HDR 아이에르고 화이트,"348,980",0,0
29338640,MSI MP341CQW UWQHD 100 HDR 아이에르고 화이트 무결점,"342,720",0,0
99291155,MSI MPG 271QR QD-OLED X50 WQHD 500 DP 2.1 PD98W,"1,798,980",0,0
96056738,MSI MPG 272URX QD-OLED 240 4K UHD,"1,599,000",0,0
96708773,MSI MPG 274URDFW700 E16M 듀얼모드 게이밍 화이트 4K HDR1000 PD98W 무결점,"699,000",0,0
95201474,MSI MPG 274URDFW800 E16M 듀얼모드 게이밍 화이트 4K HDR1000 PD98W 무결점,"826,440",0,0
60422543,MSI MPG 321URX QD-OLED 240 4K UHD,"1,049,000",0,0
73889777,MSI MPG 321URXCL QD-OLED 240 4K UHD,"1,670,500",0,0
73429430,MSI MPG 321URXDN QD-OLED 240 4K UHD,"1,048,990",0,0
78975269,MSI MPG 321URXW QD-OLED 240 4K UHD,"898,230",0,0
122680140,MSI MPG 322UR QD-OLED X24 4K 240,"1,599,000",0,0
122627665,MSI MPG 341CQR QD-OLED X36 UWQHD 360 GEN5,"1,673,100",0,0
36204929,MSI MPG 491CQP QD-OLED 144 DQHD,"1,988,500",0,0
122682356,MSI PRO MAX 271UPXW12G QD-OLED 4K 120 화이트,"1,069,430",0,0
104988914,MSI PRO MP165 E6 아이에르고 포터블 무결점,"132,990",0,0
108354251,MSI PRO MP225 E12VL VA 120 시력보호 무결점,"85,000",0,0
122706601,MSI PRO MP243 E14 IPS 144 시력보호 게이밍 내장스피커 무결점,"105,510",0,0
104988854,MSI PRO MP243L E14-700 IPS 144 시력보호 게이밍 무결점,"92,850",0,0
122629798,MSI PRO MP243L E14-800 IPS 144 시력보호 게이밍 무결점,"94,000",0,0
104988818,MSI PRO MP243L E14-900 IPS 144 시력보호 게이밍 무결점,"89,000",0,0
104989010,MSI PRO MP243W E14-700 IPS 144 스피커내장 화이트 게이밍 무결점,"109,000",0,0
104988992,MSI PRO MP243W E14-800 IPS 144 스피커내장 화이트 게이밍 무결점,"108,000",0,0
104988983,MSI PRO MP243W E14-900 IPS 144 스피커내장 화이트 게이밍 무결점,"109,000",0,0
108412694,MSI PRO MP273L E14-900 IPS 144 시력보호 게이밍 무결점,"128,680",0,0
124327197,MSI PRO MP273Q E7 HDR IPS 75 업무용 시력보호 무결점,가격비교예정,0,0
104616371,MSI PRO MP273QW E14 게이밍 WQHD 144 스피커내장 화이트 무결점,"175,500",0,0
108421451,MSI PRO MP273UP E6 4K IPS 60 피벗 PIP PBP 스피커내장 무결점,"268,350",0,0
122706537,MSI PRO MP275 E14L IPS 144 시력보호 게이밍 내장스피커 무결점,"124,430",0,0
104940002,MSI PRO MP275PG E14 IPS 144 스피커내장 피벗 게이밍 무결점,"131,490",0,0
122680724,MSI PRO MP341CQW E12 UWQHD 120 HDR 화이트 무결점,"309,420",0,0
17726477,MSI 모던 MD272PW IPS 아이케어 PD65 화이트,"204,990",0,0
17726495,MSI 모던 MD272PW IPS 아이케어 PD65 화이트 무결점,"200,990",0,0
10996191,MSI 옵틱스 G241 게이밍 144 아이세이버,"350,000",0,0
10996419,MSI 옵틱스 G271 게이밍 144 아이세이버,"168,870",0,0
10996425,MSI 옵틱스 G271 게이밍 144 아이세이버 무결점,"153,500",0,0
13208468,MSI 옵틱스 MAG274QRF-QD 퀀텀닷 IPS QHD 165 게이밍,"588,000",0,0
14252339,MSI 옵틱스 MAG342CQR 커브드 게이밍 144 UWQHD HDR,"388,990",0,0
14252387,MSI 옵틱스 MAG342CQR 커브드 게이밍 144 UWQHD HDR 무결점,"381,630",0,0
99477854,MSI 프로 MP225V D-SUB VA 100 시력보호 무결점,"89,090",0,0
14031050,MSI 프로 MP242 IPS 아이세이버,"118,000",0,0
14031233,MSI 프로 MP242 IPS 아이세이버 무결점,"118,000",0,0
17712647,MSI 프로 MP273 IPS 아이케어 무결점,"144,530",0,0
101190350,MSI 프로 MP273W E14A-700 IPS 144 스피커내장 화이트 게이밍 무결점,"169,000",0,0
101190449,MSI 프로 MP273W E14A-800 IPS 144 스피커내장 화이트 게이밍 무결점,"129,000",0,0
52158644,PDBOY VIEW17,"261,340",0,0
122712240,Pixio PX277PNV2 프라임 네오 V2,"379,000",0,0
123235445,Pixio PXC348CNW 커브드네오 UWQHD 180 게이밍 블랙,"550,000",0,0
97362479,TCL 24G54 Mini LED,"109,000",0,0
95283380,TCL 25G64 QD Mini LED,"239,000",0,0
122720865,TCL 27C2A 4K QD-Mini LED,"529,000",0,0
95283986,TCL 27G64 QD Mini LED,"349,000",0,0
122727687,TCL 27P2A Pro Mini LED,"369,000",0,0
122727663,TCL 27P3A Pro QD-Mini LED,"459,000",0,0
122727619,TCL 27P3A QD-Mini LED,"399,000",0,0
95284502,TCL 32R84 QD Mini LED,"899,000",0,0
122727542,TCL 32X3A 4K OLED+,"1,699,000",0,0
109679369,ZSUS 10A-KR,"116,570",0,0
124217482,ZSUS 16A-2K (해외구매),가격비교예정,0,0
10847088,그린디스플레이 ECO GD32QHD 제로베젤,"173,340",0,0
17615990,글로벌전자 G2724 게이밍 베젤리스 240 HDR,"138,600",0,0
124335970,글로벌전자 GBL24F 무결점,"93,000",0,0
124335969,글로벌전자 GBL24F 일반,"88,000",0,0
20764358,글로벌전자 GX271 베젤리스 프리싱크 무결점,"108,070",0,0
12753017,글로벌전자 GX320QHD 베젤리스,"178,190",0,0
12753047,글로벌전자 GX320QHD 베젤리스 무결점,"176,550",0,0
99126020,글로벌전자 SG27QHD SLIM,"124,490",0,0
123776455,네오에스지 HW320F75B,"139,000",0,0
93385472,대성글로벌코리아 VSO321Q,"177,000",0,0
66046994,디엑스 DX24F165,"99,000",0,0
100843193,디엑스 DX270QHD120 무결점,"123,760",0,0
15981866,디엑스 DX320HDMI 무결점,"150,000",0,0
37292570,라이트컴 COMS JA250,"175,490",0,0
18058802,래안텍 ArkCell RAC32QFK75 WQHD 베젤리스 프리싱크 게이밍 75 (중고),"250,000",0,0
16384901,래안텍 Arkcell 27QAF65CE IPS 베젤리스 QHD 게이밍 165 멀티스탠드 무결점,"199,000",0,0
122616405,래안텍 Arkcell 27QAF80CE EVO 블랙 IPS QHD 200 멀티스탠드,"170,050",0,0
122616418,래안텍 Arkcell 27QAF80CE EVO 블랙 IPS QHD 200 멀티스탠드 무결점,"189,000",0,0
122616421,래안텍 Arkcell 27QAF80CE EVO 화이트 IPS QHD 200 멀티스탠드,"189,000",0,0
122616422,래안텍 Arkcell 27QAF80CE EVO 화이트 IPS QHD 200 멀티스탠드 무결점,"199,000",0,0
62789924,래안텍 Arkcell 27QAF80CE 블랙 IPS QHD 180 멀티스탠드,"189,000",0,0
62789933,래안텍 Arkcell 27QAF80CE 블랙 IPS QHD 180 멀티스탠드 무결점,"179,000",0,0
62789963,래안텍 Arkcell 27QAF80CE 화이트 IPS QHD 180 멀티스탠드,"198,000",0,0
62789966,래안텍 Arkcell 27QAF80CE 화이트 IPS QHD 180 멀티스탠드 무결점,"189,050",0,0
79405946,래안텍 Arkcell FFA2780CE 화이트 FHD IPS 180 무결점,"159,000",0,0
103414682,래안텍 Arkcell FFB2740CE Fast-iPS 280 Speed Up 게이밍 화이트,"151,050",0,0
103414694,래안텍 Arkcell FFB2740CE Fast-iPS 280 Speed Up 게이밍 화이트 무결점,"169,000",0,0
19470482,래안텍 Arkcell FFB3200 블랙 FHD 200 게이밍,"219,000",0,0
19470572,래안텍 Arkcell FFB3200 블랙 FHD 200 게이밍 무결점,"229,000",0,0
90700133,래안텍 Arkcell FFB3200 화이트 FHD 200 게이밍,"1,229,000",0,0
90700172,래안텍 Arkcell FFB3200 화이트 FHD 200 게이밍 무결점,"229,000",0,0
18724985,래안텍 Arkcell FFB3200 화이트 강화유리 FHD 200 게이밍,"265,050",0,0
19470629,래안텍 Arkcell FFB3240 블랙 FHD 240 게이밍,"219,000",0,0
19470665,래안텍 Arkcell FFB3240 블랙 FHD 240 게이밍 무결점,"221,760",0,0
90702269,래안텍 Arkcell FFB3240 화이트 FHD 240 게이밍,"229,000",0,0
90702278,래안텍 Arkcell FFB3240 화이트 FHD 240 게이밍 무결점,"221,760",0,0
18880076,래안텍 Arkcell FFB3240 화이트 강화유리 FHD 240 게이밍,"299,000",0,0
15295517,래안텍 BLAZE QA2760CE QHD 게이밍 IPS 165,"1,169,000",0,0
15295532,래안텍 BLAZE QA2760CE QHD 게이밍 IPS 165 무결점,"169,000",0,0
122677356,래안텍 BLAZE U3260CE IPS UHD 4K 베젤리스 멀티스탠드 화이트,"910,000",0,0
122677399,래안텍 BLAZE U3260CE IPS UHD 4K 베젤리스 멀티스탠드 화이트 무결점,"240,500",0,0
108389345,래안텍 BLAZE U3260CE 블랙 4K UHD IPS 베젤리스 멀티스탠드,"239,000",0,0
108389351,래안텍 BLAZE U3260CE 블랙 4K UHD IPS 베젤리스 멀티스탠드 무결점,"249,580",0,0
63087833,래안텍 BLAZE U3260CE 블랙 4K UHD IPS 베젤리스 무결점,"249,000",0,0
97779995,래안텍 BLAZE U3260CE 화이트 4K UHD IPS 베젤리스,"340,990",0,0
97779998,래안텍 BLAZE U3260CE 화이트 4K UHD IPS 베젤리스 무결점,"328,990",0,0
71155637,래안텍 EdgeArt F3275KB 블랙 FHD 베젤리스 100 오피스,"1,159,000",0,0
71155643,래안텍 EdgeArt F3275KB 블랙 FHD 베젤리스 100 오피스 무결점,"215,620",0,0
71155574,래안텍 EdgeArt F3275KW 화이트 FHD 베젤리스 100 오피스,"159,000",0,0
71155592,래안텍 EdgeArt F3275KW 화이트 FHD 베젤리스 100 오피스 무결점,"164,000",0,0
10069881,래안텍 EdgeArt FA3280P 프리싱크 180 강화유리 (중고),"220,000",0,0
124101259,래안텍 EdgeArt Q3275K II QHD IPS 120 멀티스탠드 블랙 무결점,"185,070",0,0
124101266,래안텍 EdgeArt Q3275K II QHD IPS 120 멀티스탠드 화이트 무결점,"194,370",0,0
64464338,래안텍 EdgeArt QA3260K Black Label Fast IPS QHD 180 멀티스탠드,"239,000",0,0
64464350,래안텍 EdgeArt QA3260K Black Label Fast IPS QHD 180 멀티스탠드 무결점,"240,310",0,0
16121213,래안텍 EdgeArt QA3260K IPS QHD 165 게이밍 무결점,"259,000",0,0
104615534,래안텍 EdgeArt QA3260K White Label IPS QHD 180 멀티스탠드,"1,269,000",0,0
104615567,래안텍 EdgeArt QA3260K White Label IPS QHD 180 멀티스탠드 무결점,"325,980",0,0
105964670,래안텍 PANTHEON CQA34C80SM 블랙 FastVA 180 UWQHD PD65 멀티스탠드,"284,050",0,0
105964664,래안텍 PANTHEON CQA34C80SM 블랙 FastVA 180 UWQHD PD65 멀티스탠드 무결점,"317,900",0,0
105964643,래안텍 PANTHEON CQA34C80SM 화이트 FastVA 180 UWQHD PD65 멀티스탠드,"284,050",0,0
105964655,래안텍 PANTHEON CQA34C80SM 화이트 FastVA 180 UWQHD PD65 멀티스탠드 무결점,"318,900",0,0
94933475,래안텍 PANTHEON F2476CE 프레임리스 FHD 100,"86,000",0,0
94933487,래안텍 PANTHEON F2476CE 프레임리스 FHD 100 무결점,"79,790",0,0
94933523,래안텍 PANTHEON F2775CE 프레임리스 FHD 100,"108,000",0,0
94933541,래안텍 PANTHEON F2775CE 프레임리스 FHD 100 무결점,"113,000",0,0
15906215,래안텍 PANTHEON F3275T IPS 화이트 베젤리스 120,"159,000",0,0
15906257,래안텍 PANTHEON F3275T IPS 화이트 베젤리스 120 무결점,"169,000",0,0
116876725,래안텍 PANTHEON F3275T 베젤리스 75 무결점,"168,000",0,0
18052289,래안텍 PANTHEON F3275TB IPS 블랙 베젤리스 120,"151,050",0,0
18052310,래안텍 PANTHEON F3275TB IPS 블랙 베젤리스 120 무결점,"163,900",0,0
29888306,래안텍 PANTHEON FA2420SC IPS 120 FHD 게이밍 무결점,"99,000",0,0
31346462,래안텍 PANTHEON FA2720S IPS 27 120 FHD 게이밍 무결점,"122,550",0,0
95201951,래안텍 PANTHEON FA2780CE 블랙 FHD IPS 180,"128,250",0,0
95201978,래안텍 PANTHEON FA2780CE 블랙 FHD IPS 180 무결점,"141,240",0,0
79252268,래안텍 PANTHEON FA2780CE 화이트 FHD IPS 180,"132,050",0,0
79252295,래안텍 PANTHEON FA2780CE 화이트 FHD IPS 180 무결점,"145,520",0,0
103401518,래안텍 PANTHEON FB2740CE Fast-iPS 280 블랙 게이밍,"160,330",0,0
103401524,래안텍 PANTHEON FB2740CE Fast-iPS 280 블랙 게이밍 무결점,"169,000",0,0
103401500,래안텍 PANTHEON FB2740CE Fast-iPS 280 화이트 게이밍,"160,330",0,0
103401512,래안텍 PANTHEON FB2740CE Fast-iPS 280 화이트 게이밍 무결점,"169,000",0,0
29959448,래안텍 PANTHEON QA2700S 블랙 Nano-IPS 120 Speed UP Type-C PD15,"132,050",0,0
29959484,래안텍 PANTHEON QA2700S 블랙 Nano-IPS 120 Speed UP Type-C PD15 무결점,"144,900",0,0
122628440,래안텍 PANTHEON QA2700S 화이트 Nano-IPS 120 Speed UP Type-C PD15,"132,050",0,0
122628444,래안텍 PANTHEON QA2700S 화이트 Nano-IPS 120 Speed UP Type-C PD15 무결점,"145,520",0,0
102608408,래안텍 PANTHEON QA2720S 나노IPS 120 QHD USB-C 블랙 멀티스탠드,"165,000",0,0
102608384,래안텍 PANTHEON QA2720S 나노IPS 120 QHD USB-C 블랙 멀티스탠드 무결점,"169,000",0,0
102608339,래안텍 PANTHEON QA2720S 나노IPS 120 QHD USB-C 화이트 멀티스탠드,"165,000",0,0
102608342,래안텍 PANTHEON QA2720S 나노IPS 120 QHD USB-C 화이트 멀티스탠드 무결점,"169,000",0,0
93912545,래안텍 PANTHEON QA2760K QHD Fast IPS 게이밍,"165,000",0,0
93912557,래안텍 PANTHEON QA2760K QHD Fast IPS 게이밍 무결점,"169,000",0,0
70529264,래안텍 PANTHEON SMF2460 구글 안드로이드 스마트,"1,164,990",0,0
70529300,래안텍 PANTHEON SMF2760 구글 안드로이드 스마트,"1,184,990",0,0
4179074,래안텍 TR-320 Plus 2 강화유리 (중고),"120,000",0,0
4164800,래안텍 TR-320IPS 강화유리 (중고),"124,000",0,0
5438001,래안텍 TR390SLIM 강화유리 (중고),"220,000",0,0
123652338,래안텍 아트파인 AQ2795LG 나노iPS BLACK 4면제로 QHD USB-C 블랙 멀티스탠드,"169,000",0,0
123652342,래안텍 아트파인 AQ2795LG 나노iPS BLACK 4면제로 QHD USB-C 블랙 멀티스탠드 무결점,"177,160",0,0
123606539,래안텍 아트파인 AQ2795LG 나노iPS BLACK 4면제로 QHD USB-C 화이트 멀티스탠드,"169,000",0,0
123606573,래안텍 아트파인 AQ2795LG 나노iPS BLACK 4면제로 QHD USB-C 화이트 멀티스탠드 무결점,"177,160",0,0
122697196,래안텍 아트파인 AQ3299K B100 iPS QHD USB-C 블랙 멀티스탠드,"219,000",0,0
122697232,래안텍 아트파인 AQ3299K B100 iPS QHD USB-C 블랙 멀티스탠드 무결점,"229,000",0,0
122699218,래안텍 아트파인 AQ3299K W100 iPS QHD USB-C 화이트 멀티스탠드,"219,000",0,0
122699221,래안텍 아트파인 AQ3299K W100 iPS QHD USB-C 화이트 멀티스탠드 무결점,"229,000",0,0
124101216,래안텍 아트파인 AQ3300K W120 iPS QHD USB-C 멀티스탠드 화이트 무결점,"231,590",0,0
99738224,레노버 L24-4C FHD 144 IPS 무결점,"124,200",0,0
99738290,레노버 L24D-4C C타입 FHD 144 IPS 무결점,"188,100",0,0
94937906,레노버 L27-4e FHD 100 IPS 68CDKAC1KR,"148,900",0,0
100696574,레노버 L27h-4A QHD 100 IPS 피벗 무결점,"278,100",0,0
15740744,레노버 L32p-30 4K UHD C-TYPE 무결점 화이트 66C9UAC1KR,"428,990",0,0
96057989,레노버 LEGION 24-10 FHD 240 IPS 68C4GAC4KR,"179,000",0,0
94810640,레노버 LEGION 27-10 FHD 240 IPS 68C5GAC4KR,"198,370",0,0
124238795,레노버 LEGION 27-2c FHD 280 커브드 게이밍 67EDGAC1KR,"249,000",0,0
103810463,레노버 LEGION 27Q-10 OLED QHD 240 67E1GAC1KR,"529,000",0,0
94810739,레노버 LEGION 27Q-10 QHD 240 IPS 68C6GAC4KR,"259,000",0,0
96584609,레노버 LEGION 27Q-11 QHD 300 IPS 67D3GAC1KR,"305,820",0,0
124238829,레노버 LEGION 27Q-2c QHD 240 커브드 게이밍 67EFGAC1KR,"299,000",0,0
96771716,레노버 LEGION 27QD-10 QHD 240 IPS 67D2UAC1KR,"289,000",0,0
124298675,레노버 LEGION 32Q-2c QHD 240 커브드 게이밍 68F5GACBKR,"379,000",0,0
124238928,레노버 LEGION 34W-2c UWQHD 240 커브드 게이밍 68F6GACBKR,"429,000",0,0
106539554,레노버 LEGION Pro 32UD-10 4K UHD 240 QD-OLED C타입 PD15 68CEGACBKR,"989,100",0,0
108390224,레노버 LOQ 27Q-10 QHD 180 IPS 68F3GACBKR,"212,640",0,0
99711539,레노버 ThinkVision E24-40,"136,000",0,0
124335846,레노버 ThinkVision M16 (64BFUAR1WW),"206,100",0,0
91350971,레노버 ThinkVision S22i-30,"120,310",0,0
124215919,리치웰네트웍스 코모도 RWM20,"67,990",0,0
28953692,비트엠 ECO B249H 프리싱크 HDR,"78,880",0,0
28953704,비트엠 ECO B249H 프리싱크 HDR 무결점,"79,990",0,0
101725160,비트엠 ECO X2277F 오피스 HDR,"72,190",0,0
102754370,비트엠 ECO X2477F 오피스 HDR,"76,500",0,0
102754382,비트엠 ECO X2477F 오피스 HDR 무결점,"78,870",0,0
92360915,비트엠 ECO X2477LGF IPS HDR,"79,890",0,0
92360933,비트엠 ECO X2477LGF IPS HDR 무결점,"80,890",0,0
2760357,비트엠 Newsync 17LED CCTV 강화유리,"255,450",0,0
13696241,비트엠 Newsync 24F144 소닉붐 HDR,"93,390",0,0
13696322,비트엠 Newsync 24F144 소닉붐 HDR 무결점,"93,860",0,0
15704042,비트엠 Newsync 25R2 IPS FAST 240 게이밍,"124,330",0,0
74546168,비트엠 Newsync 25R2 IPS FAST 240 게이밍 280UP 화이트,"124,330",0,0
74546201,비트엠 Newsync 25R2 IPS FAST 240 게이밍 280UP 화이트 무결점,"140,190",0,0
15704192,비트엠 Newsync 25R2 IPS FAST 240 게이밍 무결점,"140,510",0,0
46738841,비트엠 Newsync 277P 165 게이밍 HDR,"131,290",0,0
46738853,비트엠 Newsync 277P 165 게이밍 HDR 무결점,"133,400",0,0
31124606,비트엠 Newsync 2780Q 나노IPS 180 게이밍 Type-c,"190,940",0,0
31126499,비트엠 Newsync 2780Q 나노IPS 180 게이밍 Type-c 무결점,"204,080",0,0
104042603,비트엠 Newsync 27LGQ IPS 리얼120 4면 슬림제로베젤 무결점,"159,290",0,0
96979037,비트엠 Newsync 27Q2K QHD 패스트 IPS 240 게이밍,"231,220",0,0
96979052,비트엠 Newsync 27Q2K QHD 패스트 IPS 240 게이밍 무결점,"242,980",0,0
71501231,비트엠 Newsync 288UHD IPS 4K HDR 무결점,"209,040",0,0
91909760,비트엠 Newsync 320FW 패스트 200 FPS 화이트,"193,920",0,0
91910009,비트엠 Newsync 320FW 패스트 200 FPS 화이트 무결점,"207,240",0,0
27982298,비트엠 Newsync 320P 슬림 HDR 무결점,"149,000",0,0
58628249,비트엠 Newsync 3212UHD HDR 화이트,"217,110",0,0
124326884,비트엠 Newsync 3224F 패스트 240 FPS,가격비교예정,0,0
124326947,비트엠 Newsync 3224F 패스트 240 FPS 무결점,가격비교예정,0,0
122677309,비트엠 Newsync 322F180 IPS 게이밍 HDR,"189,270",0,0
122677346,비트엠 Newsync 322F180 IPS 게이밍 HDR 무결점,"204,910",0,0
79550954,비트엠 Newsync 324F 패스트 240 FPS,"203,200",0,0
79551104,비트엠 Newsync 324F 패스트 240 FPS 무결점,"211,490",0,0
97836947,비트엠 Newsync 324FGW 리얼 240 게이밍 강화유리 무결점,"318,990",0,0
92630849,비트엠 Newsync 324QHD 패스트 180 IPS 게이밍 멀티스탠드,"240,310",0,0
92630876,비트엠 Newsync 324QHD 패스트 180 IPS 게이밍 멀티스탠드 무결점,"255,670",0,0
124022018,비트엠 Newsync 324QHD 패스트 180 IPS 게이밍 멀티스탠드 화이트,"248,150",0,0
124022047,비트엠 Newsync 324QHD 패스트 180 IPS 게이밍 멀티스탠드 화이트 무결점,"263,000",0,0
63027926,비트엠 Newsync 325UHD IPS 4K HDR,"231,030",0,0
63027941,비트엠 Newsync 325UHD IPS 4K HDR 무결점,"254,490",0,0
58008548,비트엠 Newsync 3260U 플렉스 4K HDR PLUS,"217,110",0,0
101630126,비트엠 Newsync 3277UHD IPS 4K HDR,"224,670",0,0
31133918,비트엠 Newsync 3280Q 나노IPS 180 게이밍 Type-c,"258,580",0,0
31135892,비트엠 Newsync 3280Q 나노IPS 180 게이밍 Type-c 무결점,"281,000",0,0
102874403,비트엠 Newsync 32F100 IPS 아이케어 화이트,"164,190",0,0
102874490,비트엠 Newsync 32F100 IPS 아이케어 화이트 무결점,"165,140",0,0
109481438,비트엠 Newsync B1543H 프리싱크 HDR 무결점,"102,890",0,0
93912953,비트엠 Newsync B160H 프리싱크 HDR PLUS 무결점,"72,280",0,0
12096044,비트엠 Newsync B1743H 프리싱크 HDR,"104,490",0,0
12096404,비트엠 Newsync B1743H 프리싱크 HDR 무결점,"107,000",0,0
14502260,비트엠 Newsync B1743H 프리싱크 IPS HDR,"110,770",0,0
14502314,비트엠 Newsync B1743H 프리싱크 IPS HDR 무결점,"113,000",0,0
10148475,비트엠 Newsync B1943H 프리싱크 HDR,"111,130",0,0
10148490,비트엠 Newsync B1943H 프리싱크 HDR 무결점,"113,000",0,0
14393504,비트엠 Newsync B1943H 프리싱크 IPS HDR,"118,790",0,0
14393501,비트엠 Newsync B1943H 프리싱크 IPS HDR 무결점,"120,950",0,0
8551964,비트엠 Newsync B195H 프리싱크 HDR,"70,780",0,0
8551976,비트엠 Newsync B195H 프리싱크 HDR 무결점,"71,990",0,0
10202187,비트엠 Newsync B200H 프리싱크 HDR,"73,000",0,0
10202202,비트엠 Newsync B200H 프리싱크 HDR 무결점,"74,500",0,0
8023171,비트엠 Newsync B205H 프리싱크 HDR,"72,900",0,0
8023201,비트엠 Newsync B205H 프리싱크 HDR 무결점,"74,500",0,0
8023408,비트엠 Newsync B225H 프리싱크 HDR,"76,580",0,0
8023450,비트엠 Newsync B225H 프리싱크 HDR 무결점,"78,000",0,0
14633318,비트엠 Newsync B2275H 프리싱크 HDR 블랙 무결점,"79,890",0,0
17954540,비트엠 Newsync B22F IPS 오피스,"73,300",0,0
17954597,비트엠 Newsync B22F IPS 오피스 무결점,"79,900",0,0
17681852,비트엠 Newsync B2410F IPS ZERO 스마트,"85,480",0,0
17681876,비트엠 Newsync B2410F IPS ZERO 스마트 무결점,"86,780",0,0
92966069,비트엠 Newsync B2414F 144 IPS 게이밍 블랙,"94,990",0,0
92966090,비트엠 Newsync B2414F 144 IPS 게이밍 블랙 무결점,"99,000",0,0
97118261,비트엠 Newsync B2414F 144 IPS 게이밍 화이트,"91,860",0,0
97118273,비트엠 Newsync B2414F 144 IPS 게이밍 화이트 무결점,"94,960",0,0
41616410,비트엠 Newsync B244F ZERO IPS 프리싱크 HDR,"83,510",0,0
41616425,비트엠 Newsync B244F ZERO IPS 프리싱크 HDR 무결점,"85,560",0,0
13440701,비트엠 Newsync B2477 울트라슬림 HDR 블랙,"97,470",0,0
13440758,비트엠 Newsync B2477 울트라슬림 HDR 블랙 무결점,"99,290",0,0
13440398,비트엠 Newsync B2477 울트라슬림 HDR 화이트,"99,350",0,0
13440476,비트엠 Newsync B2477 울트라슬림 HDR 화이트 무결점,"101,490",0,0
17102564,비트엠 Newsync B24Q IPS 프리싱크 HDR 무결점,"121,970",0,0
122707795,비트엠 Newsync B2500F ZERO 스마트 무결점,"81,860",0,0
99743714,비트엠 Newsync B2700F ZERO 스마트,"103,920",0,0
99743762,비트엠 Newsync B2700F ZERO 스마트 무결점,"105,090",0,0
40240475,비트엠 Newsync B2712F IPS ZERO 게이밍 120 HDR,"111,340",0,0
40240487,비트엠 Newsync B2712F IPS ZERO 게이밍 120 HDR 무결점,"116,490",0,0
63559922,비트엠 Newsync B2712F IPS ZERO 게이밍 120 HDR 화이트,"111,340",0,0
63559940,비트엠 Newsync B2712F IPS ZERO 게이밍 120 HDR 화이트 무결점,"118,080",0,0
94200383,비트엠 Newsync B2714F 144 IPS 게이밍 블랙,"122,390",0,0
94200410,비트엠 Newsync B2714F 144 IPS 게이밍 블랙 무결점,"138,000",0,0
19174970,비트엠 Newsync B274K UHD PLUS,"190,200",0,0
19175033,비트엠 Newsync B274K UHD PLUS 무결점,"202,000",0,0
64390205,비트엠 Newsync B2775F IPS 슬림 HDR 화이트,"106,700",0,0
64390223,비트엠 Newsync B2775F IPS 슬림 HDR 화이트 무결점,"114,490",0,0
80165360,비트엠 Newsync B2775LGQ 컬러풀 HDR,"133,990",0,0
91561160,비트엠 Newsync B2775LGQ 컬러풀 HDR 화이트,"124,330",0,0
99765716,비트엠 Newsync B2799F 패스트 IPS 240 게이밍 무결점,"219,390",0,0
68887559,비트엠 Newsync B2799LGF 120 컬러풀 HDR 화이트,"113,490",0,0
68889368,비트엠 Newsync B2799LGF 120 컬러풀 HDR 화이트 무결점,"115,970",0,0
63139091,비트엠 Newsync B279F ZERO HDR,"104,860",0,0
96776855,비트엠 Newsync B279F ZERO HDR 화이트,"106,700",0,0
96776891,비트엠 Newsync B279F ZERO HDR 화이트 무결점,"114,000",0,0
124011298,비트엠 Newsync B279F144 IPS 게이밍 HDR 화이트,"124,330",0,0
124011324,비트엠 Newsync B279F144 IPS 게이밍 HDR 화이트 무결점,"133,750",0,0
75993155,비트엠 Newsync B27F100 IPS 슬림 베젤리스 블랙,"109,690",0,0
75993170,비트엠 Newsync B27F100 IPS 슬림 베젤리스 화이트,"108,000",0,0
48001541,비트엠 Newsync B27WQ IPS 리얼 100,"125,260",0,0
48001571,비트엠 Newsync B27WQ IPS 리얼 100 무결점,"136,000",0,0
78385037,비트엠 Newsync BG2499F IPS200 게이밍,"91,860",0,0
78385052,비트엠 Newsync BG2499F IPS200 게이밍 무결점,"99,390",0,0
17814047,비트엠 Newsync BG249F 게이밍 165 HDR 화이트,"99,790",0,0
17814050,비트엠 Newsync BG249F 게이밍 165 HDR 화이트 무결점,"100,990",0,0
61543547,비트엠 Newsync BG279QHD 패스트180 IPS 게이밍 무결점,"182,950",0,0
57492713,비트엠 Newsync BG322Q IPS 165 게이밍,"248,130",0,0
57492734,비트엠 Newsync BG322Q IPS 165 게이밍 무결점,"253,000",0,0
90159965,비트엠 Newsync BG32F180 게이밍 HDR 화이트 무결점,"184,990",0,0
73125053,비트엠 Newsync G2710Q IPS 100 화이트 멀티스탠드,"143,820",0,0
73125104,비트엠 Newsync G2710Q IPS 100 화이트 멀티스탠드 무결점,"154,990",0,0
55454057,비트엠 Newsync G27F GOD 패스트 240 게이밍,"160,590",0,0
55454090,비트엠 Newsync G27F GOD 패스트 240 게이밍 무결점,"162,990",0,0
98087084,비트엠 Newsync G27FHD IPS 180 게이밍 무결점,"147,390",0,0
103124951,비트엠 Newsync G27Q180 GOD Fast IPS 게이밍 화이트,"175,360",0,0
103124954,비트엠 Newsync G27Q180 GOD Fast IPS 게이밍 화이트 무결점,"186,090",0,0
35230799,비트엠 Newsync G27QIPS GOD 패스트 165 게이밍 블랙,"166,080",0,0
35230850,비트엠 Newsync G27QIPS GOD 패스트 165 게이밍 블랙 무결점,"182,990",0,0
60066554,비트엠 Newsync G27UHD IPS 160 USB Type-C 노블 멀티스탠드,"305,260",0,0
60067136,비트엠 Newsync G27UHD IPS 160 USB Type-C 노블 멀티스탠드 무결점,"350,510",0,0
103129709,비트엠 Newsync H2712F IPS 오피스 무결점,"109,000",0,0
91909592,비트엠 Newsync H34LGQ 나노IPS 120 게이밍 커브드,"277,420",0,0
124181920,비트엠 Newsync H34WQ120 FAST-ips 울트라와이드 게이밍 커브드,"256,700",0,0
124181924,비트엠 Newsync H34WQ120 FAST-ips 울트라와이드 게이밍 커브드 무결점,"267,400",0,0
122707805,비트엠 Newsync MX322Q 100 아이케어,"174,410",0,0
122707825,비트엠 Newsync MX322Q 100 아이케어 무결점,"175,480",0,0
95057129,비트엠 Newsync MX32QW 100 칼라풀 HDR 무결점,"205,990",0,0
15929009,비트엠 Newsync P125FT DEX 멀티터치 포터블 HDR 400 무결점,"152,170",0,0
53523503,비트엠 Newsync P135FT IPS 포터블 멀티터치 HDR 무결점,"160,700",0,0
54696854,비트엠 Newsync P140UT 4K AdobeRGB 포터블 멀티터치 HDR 무결점,"221,760",0,0
101725610,비트엠 Newsync P185FT 포터블 멀티터치 HDR 무결점,"193,920",0,0
122729004,비트엠 Newsync P225IPS 터치스크린 HDR,"208,650",0,0
122729006,비트엠 Newsync P225IPS 터치스크린 HDR 무결점,"213,470",0,0
101628659,비트엠 Newsync P2277F 오피스 HDR,"67,730",0,0
101628662,비트엠 Newsync P2277F 오피스 HDR 무결점,"72,890",0,0
32105537,비트엠 Newsync P249IPS 터치스크린 HDR,"220,100",0,0
32105657,비트엠 Newsync P249IPS 터치스크린 HDR 무결점,"224,000",0,0
122712784,비트엠 Newsync P25G380 Fast IPS AI HDR 400,"319,000",0,0
122712808,비트엠 Newsync P25G380 Fast IPS AI HDR 400 무결점,"352,490",0,0
54213917,비트엠 Newsync P27FHD165 IPS 게이밍 HDR 180UP 화이트,"138,240",0,0
54213926,비트엠 Newsync P27FHD165 IPS 게이밍 HDR 180UP 화이트 무결점,"148,000",0,0
123802407,비트엠 Newsync P27FHD240 Fast-IPS 게이밍,"169,000",0,0
123802442,비트엠 Newsync P27FHD240 Fast-IPS 게이밍 무결점,"208,600",0,0
122712736,비트엠 Newsync P27G380 Fast IPS AI HDR 400,"389,000",0,0
122712780,비트엠 Newsync P27G380 Fast IPS AI HDR 400 무결점,"414,830",0,0
122618865,비트엠 Newsync P27LGQ 144 나노IPS 4면 슬림제로베젤 화이트,"175,360",0,0
122618892,비트엠 Newsync P27LGQ 144 나노IPS 4면 슬림제로베젤 화이트 무결점,"186,110",0,0
67575971,비트엠 Newsync P27QHD IPS 180 게이밍 화이트,"175,360",0,0
67575983,비트엠 Newsync P27QHD IPS 180 게이밍 화이트 무결점,"203,990",0,0
124011438,비트엠 Newsync P27U165 나노IPS 게이밍 AI 멀티스탠드,"333,090",0,0
124011452,비트엠 Newsync P27U165 나노IPS 게이밍 AI 멀티스탠드 무결점,"364,000",0,0
123538548,비트엠 Newsync P27UHD IPS 4K HDR 블랙,"196,350",0,0
123538592,비트엠 Newsync P27UHD IPS 4K HDR 블랙 무결점,"210,000",0,0
74880743,비트엠 Newsync P27UHD IPS 4K HDR 화이트,"196,690",0,0
74883329,비트엠 Newsync P27UHD IPS 4K HDR 화이트 무결점,"201,300",0,0
97955702,비트엠 Newsync P32FHD 144 IPS 게이밍 화이트 무결점,"184,040",0,0
74546657,비트엠 Newsync P34LGQ 패스트 165 나노 IPS HDR 무결점,"328,910",0,0
122624960,비트엠 Newsync P38GBK 나노 IPS 144 TYPE-C PD Ai HDR,"490,830",0,0
122625070,비트엠 Newsync P38GBK 나노 IPS 144 TYPE-C PD Ai HDR 무결점,"562,580",0,0
15271259,비트엠 Newsync U220H 프리싱크,"75,600",0,0
15271262,비트엠 Newsync U220H 프리싱크 무결점,"77,900",0,0
31374848,비트엠 Newsync X248F IPS 베젤리스 HDR 화이트,"86,000",0,0
10068936,비트엠 Newsync X248VH 베젤리스 화이트,"86,890",0,0
10068951,비트엠 Newsync X248VH 베젤리스 화이트 무결점,"88,900",0,0
15867995,비트엠 Newsync X273 IPS 제로베젤 HDR,"113,730",0,0
15868022,비트엠 Newsync X273 IPS 제로베젤 HDR 무결점,"114,490",0,0
15203384,비트엠 Newsync X277 IPS LASER HDR 화이트,"110,490",0,0
15203660,비트엠 Newsync X277 IPS LASER HDR 화이트 무결점,"111,490",0,0
14319629,비트엠 Newsync X277IPS LASER HDR,"106,110",0,0
14319659,비트엠 Newsync X277IPS LASER HDR 무결점,"108,260",0,0
11743733,비트엠 Newsync X27FC165 커브드 1500R,"150,000",0,0
11749274,비트엠 Newsync X27FC165 커브드 1500R 무결점,"151,470",0,0
33443618,비트엠 Newsync X27FC90 커브드 1500R 화이트,"112,270",0,0
33443708,비트엠 Newsync X27FC90 커브드 1500R 화이트 무결점,"117,000",0,0
73952327,비트엠 Newsync X27FHD Fast-IPS 200 게이밍 화이트 무결점,"149,890",0,0
124327062,비트엠 Newsync X27Q120 IPS LASER HDR,"141,240",0,0
124327108,비트엠 Newsync X27Q120 IPS LASER HDR 무결점,"144,450",0,0
98085506,비트엠 Newsync X300WF200 DCI-P3 커브드 게이밍,"189,400",0,0
98085521,비트엠 Newsync X300WF200 DCI-P3 커브드 게이밍 무결점,"190,810",0,0
17519243,비트엠 Newsync X320F 베젤리스 HDR,"141,030",0,0
17519282,비트엠 Newsync X320F 베젤리스 HDR 무결점,"152,090",0,0
13959698,비트엠 Newsync X320QC 보더리스 75 커브드 1500R,"180,000",0,0
67410071,비트엠 Newsync X320QCR 165 커브드 게이밍 HDR,"218,040",0,0
67410131,비트엠 Newsync X320QCR 165 커브드 게이밍 HDR 무결점,"228,000",0,0
108448943,비트엠 Newsync X322FC165 커브드 R1500 무결점,"199,480",0,0
15587549,비트엠 Newsync X322Q100 IPS 아이케어,"189,270",0,0
15587570,비트엠 Newsync X322Q100 IPS 아이케어 무결점,"199,470",0,0
20574020,비트엠 Newsync X32G QHD 165 커브드 게이밍 HDR 무결점,"249,990",0,0
97118393,비트엠 Newsync X32GQ 165 커브드 1500R 게이밍,"218,480",0,0
97118405,비트엠 Newsync X32GQ 165 커브드 1500R 게이밍 무결점,"225,500",0,0
47832035,비트엠 Newsync X32Q IPS 스마트 HDR 무결점,"190,690",0,0
122623306,비트엠 Newsync X32U4K Fast IPS 160 듀얼모드 게이밍,"412,890",0,0
122623437,비트엠 Newsync X32U4K Fast IPS 160 듀얼모드 게이밍 무결점,"422,650",0,0
109481543,비트엠 Newsync X34IPS FAST-IPS 게이밍 무결점,"319,120",0,0
124198018,비트엠 SMACO 2740U IPS 4K 플렉스 HDR,"208,650",0,0
124198030,비트엠 SMACO 2740U IPS 4K 플렉스 HDR 무결점,"214,000",0,0
10698072,비트엠 SMACO M2250H 프리싱크 HDR,"73,980",0,0
10698090,비트엠 SMACO M2250H 프리싱크 HDR 무결점,"75,240",0,0
10206105,비트엠 SMACO M2450H 프리싱크 HDR,"78,990",0,0
10206138,비트엠 SMACO M2450H 프리싱크 HDR 무결점,"79,900",0,0
16145294,비트엠 SMACO M2475F 베젤리스 HDR,"85,500",0,0
16145327,비트엠 SMACO M2475F 베젤리스 HDR 무결점,"87,490",0,0
102754457,비트엠 SMACO M2479F 오피스 HDR,"73,300",0,0
102754682,비트엠 SMACO M2479F 오피스 HDR 무결점,"77,900",0,0
4064882,삼성전자 B1940R (중고),"38,490",0,0
11065728,삼성전자 C32R500,"252,720",0,0
12126638,삼성전자 F24T350,"159,000",0,0
12126902,삼성전자 F24T450,"185,070",0,0
4142153,삼성전자 S22E45K (중고),"54,890",0,0
19211177,삼성전자 S24C310,"133,990",0,0
5283873,삼성전자 S24C450B (중고),"62,100",0,0
16668797,삼성전자 S27B610 S61B IPS 멀티스탠드,"275,350",0,0
6510766,삼성전자 S34J550,"548,030",0,0
102409967,삼성전자 SMART M1 M1EF LS32FM1E3,"511,500",0,0
94522355,삼성전자 SMART M1 M1EF LS43FM1E3,"641,700",0,0
48480104,삼성전자 SMART M5 M50D S32DM502,"341,440",0,0
48480116,삼성전자 SMART M5 M50D S32DM503,"338,320",0,0
94126799,삼성전자 SMART M5 M50F LS27FM500,"343,170",0,0
94128383,삼성전자 SMART M5 M50F LS27FM501,"329,000",0,0
95204423,삼성전자 SMART M5 M50F LS27FM502,"305,970",0,0
94523021,삼성전자 SMART M5 M50F LS27FM503,"300,010",0,0
94128515,삼성전자 SMART M5 M50F LS32FM500,"371,070",0,0
94128485,삼성전자 SMART M5 M50F LS32FM501,"371,070",0,0
95204522,삼성전자 SMART M5 M50F LS32FM502,"323,171",0,0
94523159,삼성전자 SMART M5 M50F LS32FM503,"354,260",0,0
19811180,삼성전자 SMART M5 S27CM501,"329,000",0,0
48477332,삼성전자 SMART M5 S32DM500,"330,150",0,0
48477371,삼성전자 SMART M5 S32DM501,"330,150",0,0
93318323,삼성전자 SMART M7 LS32FM700,"557,070",0,0
93016238,삼성전자 SMART M7 LS43FM701,"728,990",0,0
94886570,삼성전자 SMART M7 M70F LS32FM702,"511,500",0,0
94025402,삼성전자 SMART M7 M70F LS32FM703,"598,090",0,0
94937750,삼성전자 SMART M7 M70F LS43FM700,"721,580",0,0
94887488,삼성전자 SMART M7 M70F LS43FM702,"696,320",0,0
93805457,삼성전자 SMART M7 M70F LS43FM703,"694,070",0,0
48480152,삼성전자 SMART M7 S32DM703,"441,750",0,0
93021269,삼성전자 SMART M7 S32FM701,"557,070",0,0
19283855,삼성전자 SMART M7 S43BM701,"723,790",0,0
48478406,삼성전자 SMART M7 S43DM701,"724,870",0,0
94937357,삼성전자 SMART OLED M9 M90SF LS32FM900,"1,719,900",0,0
93805121,삼성전자 SMART OLED M9 M90SF LS32FM902,"1,901,220",0,0
30380513,삼성전자 뷰피니티 S6 LS34C650T,"676,500",0,0
58666193,삼성전자 뷰피니티 S6 S60UD S27D604,"332,500",0,0
55042262,삼성전자 뷰피니티 S6 S60UD S32D604,"385,430",0,0
90889241,삼성전자 뷰피니티 S6 S61F LS27F610 IPS 멀티스탠드,"275,350",0,0
123605368,삼성전자 뷰피니티 S7 LS27H710,"329,000",0,0
123538197,삼성전자 뷰피니티 S7 LS32H710,"389,000",0,0
55042028,삼성전자 뷰피니티 S7 S27D700,"390,000",0,0
55041758,삼성전자 뷰피니티 S7 S32D701,"398,990",0,0
78534314,삼성전자 뷰피니티 S7 S37D700,"539,000",0,0
59758760,삼성전자 뷰피니티 S7 S70D LS32D703,"325,760",0,0
122722216,삼성전자 뷰피니티 S7 S70H LS32H700,"405,670",0,0
122722174,삼성전자 뷰피니티 S7 S70H LS32H701,"397,990",0,0
90892142,삼성전자 뷰피니티 S8 S80UD LS32D800U,"452,000",0,0
90890012,삼성전자 뷰피니티 S8 S80UD LS37D800U,"572,200",0,0
122722316,삼성전자 뷰피니티 S8 S80UH LS32H802U,"426,400",0,0
122722435,삼성전자 뷰피니티 S8 S85TH LS40H852,"1,330,640",0,0
20635622,삼성전자 뷰피니티 S9 LS27C900,"1,346,660",0,0
31464758,삼성전자 뷰피니티 S9 LS49C954,"1,262,080",0,0
123605318,삼성전자 에센셜 G3 G31H LS27HG310,"185,000",0,0
123682122,삼성전자 에센셜 G3 G31H LS27HG314,"164,610",0,0
124153623,삼성전자 에센셜 LS24HG314,"164,610",0,0
99478487,삼성전자 에센셜 S3 LS24F330,"124,000",0,0
73950326,삼성전자 에센셜 S3 S30GD LS24D306,"134,500",0,0
76402007,삼성전자 에센셜 S3 S30GD S22D300,"138,170",0,0
78310859,삼성전자 에센셜 S3 S30GD S24D300,"141,000",0,0
93444647,삼성전자 에센셜 S3 S30GD S24D304G,"143,470",0,0
78784919,삼성전자 에센셜 S3 S30GD S27D300,"178,000",0,0
103601945,삼성전자 에센셜 S3 S30GD S27D304,"169,060",0,0
103601843,삼성전자 에센셜 S3 S32GF LS24F322,"138,510",0,0
96480515,삼성전자 에센셜 S3 S39GD LS27D390,"208,000",0,0
89606651,삼성전자 에센셜 S3 S39GD LS27D396,"201,160",0,0
98241620,삼성전자 에센셜 S3 S39GD LS32D390,"256,430",0,0
96852653,삼성전자 에센셜 S3 S39GD LS32D396,"255,540",0,0
102490700,삼성전자 에센셜 S4 S40GD LS27D404,"206,380",0,0
81750062,삼성전자 에센셜 S4 S40GD S22D400,"175,770",0,0
78784745,삼성전자 에센셜 S4 S40GD S24D400,"185,070",0,0
103750427,삼성전자 에센셜 S4 S40GD S24D404,"178,990",0,0
81749927,삼성전자 에센셜 S4 S40GD S27D400,"212,970",0,0
78785036,삼성전자 오디세이 3D G90XF LS27FG900,"1,962,670",0,0
14433017,삼성전자 오디세이 G3 G30A S27AG300,"288,990",0,0
68691023,삼성전자 오디세이 G3 G30D LS32DG304,"249,820",0,0
68690942,삼성전자 오디세이 G3 G30D S27DG304,"165,800",0,0
71778272,삼성전자 오디세이 G3 S32DG300 멀티스탠드,"259,000",0,0
122622900,삼성전자 오디세이 G4 G40H LS27HG400,"279,000",0,0
17015708,삼성전자 오디세이 G4 LS25BG400,"249,000",0,0
122668475,삼성전자 오디세이 G4 LS25HG400,"249,000",0,0
17016023,삼성전자 오디세이 G4 LS27BG400,"319,000",0,0
99893291,삼성전자 오디세이 G5 G50F LS27FG500,"305,000",0,0
103692884,삼성전자 오디세이 G5 G50F LS27FG504,"261,710",0,0
101071709,삼성전자 오디세이 G5 G50F LS32FG500,"388,740",0,0
100192457,삼성전자 오디세이 G5 G50F LS32FG504,"340,400",0,0
18633203,삼성전자 오디세이 G5 G51C S27CG510,"277,290",0,0
106036310,삼성전자 오디세이 G5 G51F LS27FG510,"276,990",0,0
103055438,삼성전자 오디세이 G5 G51F LS32FG510,"344,980",0,0
16102829,삼성전자 오디세이 G5 G52A S32AG520,"418,000",0,0
100193144,삼성전자 오디세이 G5 G53F LS27FG530,"290,840",0,0
48480023,삼성전자 오디세이 G5 G55C LS32CG554,"289,000",0,0
48479498,삼성전자 오디세이 G5 G55C S32CG550,"279,000",0,0
13197047,삼성전자 오디세이 G5 G55T LC34G55T,"1,490,000",0,0
47488481,삼성전자 오디세이 G5 S27CG550,"256,530",0,0
48478988,삼성전자 오디세이 G5 S27DG500,"305,000",0,0
18633134,삼성전자 오디세이 G5 S32CG510,"338,860",0,0
48479393,삼성전자 오디세이 G5 S32DG500,"417,590",0,0
100192577,삼성전자 오디세이 G6 G60F LS27FG600,"380,710",0,0
17979974,삼성전자 오디세이 G6 LS32BG650,"579,290",0,0
18449720,삼성전자 오디세이 G7 G70B S32BG700,"867,510",0,0
76550678,삼성전자 오디세이 G7 G70D LS32DG702,"788,990",0,0
73883666,삼성전자 오디세이 G7 G70D S32DG700,"740,810",0,0
98780357,삼성전자 오디세이 G7 G70F LS27FG700,"655,630",0,0
94813730,삼성전자 오디세이 G7 G75F LS37FG750,"828,890",0,0
95521451,삼성전자 오디세이 G7 G75F LS40FG750,"1,134,920",0,0
73883624,삼성전자 오디세이 G7 S27DG700,"589,000",0,0
122665865,삼성전자 오디세이 G8 G80HF LS27HG806,"1,020,400",0,0
122666008,삼성전자 오디세이 G8 G80HS LS32HG806,"1,697,990",0,0
78099494,삼성전자 오디세이 G9 G91F LS49FG910,"1,136,660",0,0
29959904,삼성전자 오디세이 G9 LS49CG954,"1,292,700",0,0
27805787,삼성전자 오디세이 Neo G9 G95NC LS57CG950,"2,299,300",0,0
100193279,삼성전자 오디세이 OLED G5 G50SF LS27FG502S,"521,190",0,0
96852929,삼성전자 오디세이 OLED G6 G60SF LS27FG600S,"997,680",0,0
108226688,삼성전자 오디세이 OLED G6 G61SH LS27HG610S,"686,900",0,0
68438525,삼성전자 오디세이 OLED G6 S27DG610,"1,149,990",0,0
124153545,삼성전자 오디세이 OLED G7 G70SH LS27HG702S,가격비교예정,0,0
122665950,삼성전자 오디세이 OLED G7 G73SH LS32HG730,"1,070,000",0,0
58666292,삼성전자 오디세이 OLED G8 G80SD LS32DG802,"1,816,260",0,0
55041920,삼성전자 오디세이 OLED G8 G80SD S32DG800,"1,816,800",0,0
122657903,삼성전자 오디세이 OLED G8 G80SH LS27HG800,"1,548,990",0,0
122657846,삼성전자 오디세이 OLED G8 G80SH LS27HG802S,"1,534,710",0,0
122657714,삼성전자 오디세이 OLED G8 G80SH LS32HG800,"1,747,000",0,0
122657665,삼성전자 오디세이 OLED G8 G80SH LS32HG802S,"1,536,000",0,0
78712628,삼성전자 오디세이 OLED G8 G81SF LS27FG812,"1,218,300",0,0
78715943,삼성전자 오디세이 OLED G8 G81SF LS32FG812,"1,095,580",0,0
78533561,삼성전자 오디세이 OLED G8 G81SF S27FG810,"1,189,980",0,0
78533879,삼성전자 오디세이 OLED G8 G81SF S32FG810,"1,323,470",0,0
68244410,삼성전자 오디세이 OLED G8 LS34DG852,"1,381,200",0,0
68439281,삼성전자 오디세이 OLED G9 G91SD LS49DG910,"1,017,340",0,0
21500783,삼성전자 오디세이 OLED G9 G93SC S49CG934,"2,160,630",0,0
68439401,삼성전자 오디세이 OLED G9 G93SD LS49DG930,"1,432,200",0,0
70335362,삼성전자 오디세이 OLED G9 G95SD LS49DG952,"1,785,910",0,0
28414937,삼성전자 오디세이 아크 G9 G97NC LS55CG970,"2,914,890",0,0
122712652,쓰리윈즈 인터픽셀 IP2410 WUXGA IPS 100 무결점,"109,000",0,0
13945187,쓰리윈즈 인터픽셀 IP2420 IPS 100 멀티스탠드 무결점,"185,110",0,0
75857252,쓰리윈즈 인터픽셀 IP2432 FHD 120 ECO 플리커프리 무결점,"106,000",0,0
90269510,쓰리윈즈 인터픽셀 IP2446 무결점,"149,000",0,0
106745984,쓰리윈즈 인터픽셀 IP2734 FHD IPS 165 게이밍 블랙 에디션 무결점,"129,270",0,0
106745951,쓰리윈즈 인터픽셀 IP2734 FHD IPS 165 게이밍 블랙 에디션 일반,"139,000",0,0
92359976,쓰리윈즈 인터픽셀 IPQ2726 QHD IPS 100 화이트 무결점,"165,850",0,0
103055387,쓰리윈즈 인터픽셀 IPQ2780 QHD FAST IPS 320 게이밍 화이트,"264,770",0,0
122719386,쓰리윈즈 인터픽셀 IPU2730 4K UHD IPS 120 화이트 C타입 무결점,"298,000",0,0
28531094,쓰리윈즈 인터픽셀 IPU3212 UHD IPS 4K 화이트 무결점,"299,000",0,0
123134411,쓰리윈즈 인터픽셀 IPU3420 UWQHD 120 울트라 와이드 무결점,"299,000",0,0
122665312,쓰리윈즈 인터픽셀 IPU3440 UWQHD IPS 180Hz 게이밍 모니터,"359,000",0,0
124045587,쓰리윈즈 인터픽셀 OLED IPQ27X70 QHD 240 게이밍 무결점 피벗,"499,000",0,0
124216707,아이딕 HB245F165,"103,550",0,0
124216709,아이딕 HB245F165 무결점,"108,300",0,0
103481648,아이딕 HB270Q120 QHD 120,"121,600",0,0
122681529,아이딕 HB275Q100,"120,980",0,0
103482371,아이딕 HB325F FHD 75,"137,580",0,0
122681683,아이딕 HB325Q100,"180,100",0,0
103481177,아이딕 HB325U UHD 60,"221,190",0,0
103481447,아이딕 HB340WQ WQHD 100,"211,820",0,0
124216615,아이딕 ID24F240,"121,850",0,0
3803699,알파스캔 2250AH1 무결점,"149,000",0,0
16160612,알파스캔 24BL90N 보더리스 시력보호 무결점,"139,000",0,0
16160996,알파스캔 24BL90P 보더리스 높낮이 시력보호 무결점,"159,000",0,0
102125819,알파스캔 2725UN 4K UHD 보더리스 IPS 시력보호 HDR 무결점,"259,000",0,0
104307404,알파스캔 2726UC 4K UHD USB-C 화이트 보더리스 IPS 시력보호 HDR 무결점,"264,770",0,0
75470465,알파스캔 3224QN QHD IPS 100 시력보호 HDR 무결점,"279,000",0,0
96311000,알파스캔 3225UC 4K UHD IPS USB-C 도킹 허브 멀티스탠드 무결점,"425,140",0,0
124117208,알파스캔 3226UNW 4K UHD 화이트 보더리스 100 IPS 시력보호 HDR 무결점,"367,010",0,0
90575651,알파스캔 3425Q 울트라와이드 WQHD IPS BLACK 120 USB-C HDR,"671,790",0,0
90575870,알파스캔 3425Q 울트라와이드 WQHD IPS BLACK 120 USB-C HDR 무결점,"571,000",0,0
106763531,알파스캔 3425Q120 울트라와이드 WQHD 딥 블랙 IPS 120 USB-C HDR 높낮이 무결점,"389,000",0,0
122666907,알파스캔 3824Q100W 울트라와이드 WQHD+ IPS 블랙 USB-C PD96 화이트 높낮이 HDR,"479,000",0,0
122667136,알파스캔 3824Q100W 울트라와이드 WQHD+ IPS 블랙 USB-C PD96 화이트 높낮이 HDR 무결점,"499,000",0,0
103811177,알파스캔 3824QW 울트라와이드 WQHD+ IPS USB-C 화이트 높낮이 HDR,"479,000",0,0
103811183,알파스캔 3824QW 울트라와이드 WQHD+ IPS USB-C 화이트 높낮이 HDR 무결점,"498,990",0,0
2206755,알파스캔 AOC 1659 USB 무결점,"134,000",0,0
99743987,알파스캔 AOC 16T20 IPS USB-C 포터블 스피커 시력보호 무결점,"138,350",0,0
102754304,알파스캔 AOC 22B15HN 보더리스 100 시력보호 무결점,"91,930",0,0
56063936,알파스캔 AOC 22B30HM2 보더리스 100 시력보호 무결점,"117,000",0,0
68790638,알파스캔 AOC 24B30 화이트 보더리스 IPS 120 시력보호 무결점,"111,030",0,0
96259346,알파스캔 AOC 24B30H3 화이트 보더리스 IPS 120 시력보호 무결점,"112,930",0,0
72298799,알파스캔 AOC 24B36 보더리스 IPS 100 시력보호 무결점,"119,000",0,0
122661560,알파스캔 AOC 24B36XE 게이밍 144 IPS 시력보호 무결점,"112,930",0,0
124249610,알파스캔 AOC 24B36XEB 144 IPS 올라운드 게이밍 무결점,"128,990",0,0
63140762,알파스캔 AOC 24B3C 보더리스 USB-C IPS 100 무결점,"193,030",0,0
63140948,알파스캔 AOC 24B3C 보더리스 USB-C PD65 IPS 100 무결점,"169,870",0,0
122617959,알파스캔 AOC 24E40L 게이밍 144 IPS 원형편광 시력보호 Ai HDR 무결점,"128,990",0,0
55328876,알파스캔 AOC 24G4E 게이밍 IPS 180 프리싱크 HDR 무결점,"199,000",0,0
122707209,알파스캔 AOC 24G50Z 게이밍 260 FAST IPS 지싱크 Ai HDR 무결점,"179,350",0,0
13047866,알파스캔 AOC 24P2C USB-C 75 프리싱크 높낮이 무결점,"219,000",0,0
70677530,알파스캔 AOC 24V IPS 4면 보더리스 높낮이 무결점,"168,990",0,0
6382872,알파스캔 AOC 24V2Q 프리싱크 75 DP 시력보호 무결점,"189,000",0,0
16817348,알파스캔 AOC 24V5 IPS 프리싱크 높낮이 시력보호 무결점,"172,700",0,0
100005686,알파스캔 AOC 25B36X 게이밍 144 IPS 프리싱크 AI HDR 무결점,"194,640",0,0
106692854,알파스캔 AOC 25G4K 게이밍 420 FAST IPS 프리싱크 AI HDR 400 멀티스탠드 무결점,"276,990",0,0
18474794,알파스캔 AOC 2781 플리커프리 스와로브스키 핑크골드 에디션 무결점,"990,000",0,0
68790488,알파스캔 AOC 27B30 화이트 보더리스 IPS 100 시력보호 무결점,"164,000",0,0
68790671,알파스캔 AOC 27B30 화이트 보더리스 IPS 120 시력보호 무결점,"159,000",0,0
101070578,알파스캔 AOC 27B30H3 화이트 4면 보더리스 IPS 120 시력보호 무결점,"129,060",0,0
72300194,알파스캔 AOC 27B36 보더리스 IPS 100 시력보호 무결점,"159,000",0,0
99128231,알파스캔 AOC 27B36H3 4면 보더리스 IPS 120 시력보호 무결점,"139,000",0,0
100005752,알파스캔 AOC 27B36X 게이밍 144 IPS 프리싱크 AI HDR 무결점,"179,000",0,0
122688356,알파스캔 AOC 27B36XE 게이밍 144 IPS 시력보호 무결점,"129,070",0,0
63141197,알파스캔 AOC 27B3C 보더리스 USB-C PD65 IPS 100 무결점,"188,850",0,0
106763147,알파스캔 AOC 27E40L 게이밍 144 IPS 원형편광 시력보호 AI HDR 무결점,"147,640",0,0
93072572,알파스캔 AOC 27G11 게이밍 240 FAST IPS HDR 무결점,"204,270",0,0
95927543,알파스캔 AOC 27G4H 게이밍 200 FAST IPS AI HDR 무결점,"179,000",0,0
54698729,알파스캔 AOC CU34G2XP 게이밍 180 울트라와이드 WQHD 프리싱크 HDR 400 무결점,"520,990",0,0
122710907,알파스캔 AOC Q27B30E QHD 보더리스 IPS 시력보호 HDR 무결점,"178,990",0,0
100691909,알파스캔 AOC Q27B30S3 QHD 120 IPS 보더리스 HDR 시력보호 무결점,"239,000",0,0
73762463,알파스캔 AOC Q27B36 QHD 보더리스 IPS 100 HDR 무결점,"350,170",0,0
73762358,알파스캔 AOC Q27B3C QHD USB-C PD65 4면 보더리스 높낮이 HDR 무결점,"359,000",0,0
104223512,알파스캔 AOC Q27B3CF3 QHD 120 USB-C 보더리스 높낮이 HDR 무결점,"331,200",0,0
29483348,알파스캔 AOC Q27E3S2 QHD IPS 100 시력보호 무결점,"239,000",0,0
99050744,알파스캔 AOC Q27G4/WS 게이밍 200 FAST IPS QHD HDR 400 멀티스탠드 무결점,"268,350",0,0
93631298,알파스캔 AOC Q27G40 QD-Mini LED 180 HDR 1000 무결점,"369,150",0,0
124101688,알파스캔 AOC Q27G40HE 게이밍 210 QHD FAST IPS 지싱크 Ai HDR 무결점,"229,000",0,0
106702052,알파스캔 AOC Q27G40ZDF 게이밍 OLED 240 QHD 지싱크 AI HDR 무결점,"558,060",0,0
99555224,알파스캔 AOC Q27G42ZE 게이밍 260 QHD FAST IPS 프리싱크 AI HDR 무결점,"346,440",0,0
98185481,알파스캔 AOC Q27G4KD 게이밍 OLED 500 QHD 프리싱크 HDR 500 무결점,"849,000",0,0
72984194,알파스캔 AOC Q27G4N 게이밍 180 프리싱크 HDR 노멀 무결점,"279,000",0,0
99733253,알파스캔 AOC Q27G4S 게이밍 300 QHD FAST IPS 프리싱크 AI HDR 400 무결점,"319,420",0,0
103480370,알파스캔 AOC Q27G4SL 게이밍 320 QHD FAST IPS 원형편광 AI HDR 400 멀티스탠드 무결점,"376,060",0,0
122634603,알파스캔 AOC Q27G4Z 게이밍 240 QHD FAST IPS 프리싱크 Ai HDR 400 멀티스탠드 무결점,"269,000",0,0
103480508,알파스캔 AOC Q27G4Z 게이밍 260 QHD FAST IPS 프리싱크 AI HDR 400 멀티스탠드 무결점,"269,000",0,0
98228111,알파스캔 AOC Q27G4ZD 게이밍 OLED 280 QHD 프리싱크 HDR 400 무결점,"590,560",0,0
30289793,알파스캔 AOC Q27P3 QHD USB-C 도킹스테이션 데이지체인 멀티스탠드 무결점,"299,000",0,0
16567298,알파스캔 AOC Q27V5 QHD USB-C 프리싱크 높낮이 HDR 무결점,"473,000",0,0
13355501,알파스캔 AOC Q32V3S QHD IPS 75 시력보호 무결점,"385,000",0,0
106719875,알파스캔 AOC Q32V5E QHD 보더리스 100 IPS 시력보호 HDR 무결점,"268,350",0,0
100759205,알파스캔 AOC U27B35 4K UHD IPS 보더리스 HDR 시력보호 무결점,"235,860",0,0
71502215,알파스캔 AOC U27B3A 4K UHD IPS 높낮이 HDR 무결점,"319,000",0,0
71502629,알파스캔 AOC U27B3C 4K UHD USB-C 높낮이 HDR 무결점,"389,000",0,0
99287948,알파스캔 AOC U27G4 게이밍 320 듀얼 모드 4K UHD HDR 400 무결점,"419,000",0,0
20662463,알파스캔 AOC U27U2DP 나노 IPS 블랙 도킹스테이션 HDR 400 피벗 무결점,"549,000",0,0
108398837,알파스캔 AOC U27U3XD 크리에이터 프로 4K UHD 딥 블랙 IPS 듀얼 모드 USB-C 멀티스탠드 무결점,"499,000",0,0
16670072,알파스캔 AOC U27V5 4K UHD USB-C 프리싱크 높낮이 무결점,"599,000",0,0
5704550,알파스캔 AOC U3277 UHD 피벗 높낮이 무결점,"499,000",0,0
97118876,알파스캔 AOC U32G4 게이밍 320 듀얼 모드 4K UHD HDR 400 무결점,"549,000",0,0
15768212,알파스캔 AOC U32N3C 4K UHD USB-C 프리싱크 높낮이 HDR 무결점,"577,920",0,0
13303235,알파스캔 AOC U32P2C 4K UHD USB-C 프리싱크 높낮이 무결점,"679,000",0,0
97118564,알파스캔 AOC U32V11 4K UHD 프리싱크 HDR 시력보호 무결점,"322,210",0,0
20027165,알파스캔 AOC U34E2M 울트라와이드 WQHD 100 시력보호 무결점,"299,000",0,0
20027441,알파스캔 AOC U34G3XM/EU 게이밍 144 울트라와이드 WQHD 프리싱크 HDR 무결점,"369,000",0,0
13799459,알파스캔 AOC U34P2C 울트라와이드 WQHD USB-C 75 프리싱크 높낮이 무결점,"709,000",0,0
5562229,알파스캔 AOC i1601 USB C 시력보호 휴대용 무결점,"313,850",0,0
104223182,알파스캔 애니웨어 16Q52P 120 IPS BLACK USB-C 초경량 포터블 프리싱크,"274,900",0,0
104223191,알파스캔 애니웨어 16Q52P 120 IPS BLACK USB-C 초경량 포터블 프리싱크 무결점,"279,000",0,0
122622648,알파스캔 에이건 AG326UZD 게이밍 4K UHD OLED 240 USB-C HDR 400 Ai 멀티스탠드 무결점,"909,000",0,0
15305483,알파스캔 에이건 AGON 254FG 360 지싱크 HDR 400 게이밍 무결점,"990,000",0,0
19206758,알파스캔 에이건 AGON 274QXM 미니LED QHD 170 HDR 1000 게이밍 무결점,"1,460,000",0,0
69058679,알파스캔 에이건 AGON 275QXE 게이밍 IPS 180 HDR 400 피벗 무결점,"279,000",0,0
16901258,알파스캔 에이건 AGON 275QXL QHD 170 프리싱크 HDR 400 게이밍 무결점,"399,000",0,0
69058469,알파스캔 에이건 AGON 275QXW 게이밍 IPS 180 HDR 400 화이트 무결점,"492,520",0,0
90114536,알파스캔 에이건 AGON 276QKD QHD OLED 480 프리싱크 HDR 게이밍 무결점,"805,990",0,0
107770865,알파스캔 에이건 AGON 276QKD2 게이밍 QHD OLED 500 지싱크 HDR 500 멀티스탠드 무결점,"913,710",0,0
46101185,알파스캔 에이건 AGON 276QZD QHD OLED 240 프리싱크 HDR 게이밍 무결점,"1,290,000",0,0
67848236,알파스캔 에이건 AGON 276QZD2 QHD OLED 240 프리싱크 HDR 게이밍 무결점,"1,224,180",0,0
98769092,알파스캔 에이건 AGON 276UZ 게이밍 480 듀얼 모드 4K UHD HDR 400 무결점,"649,000",0,0
99050288,알파스캔 에이건 AGON 276UZD 게이밍 UHD OLED 240 USB-C HDR 400 무결점,"913,710",0,0
4941616,알파스캔 에이건 AGON 352QCX 커브드 200 게이밍 무결점,"650,000",0,0
15172790,알파스캔 에이건 AGON PD27 QHD 240 HDR 400 게이밍 무결점,"299,000",0,0
108363986,알파스캔 에이건 AGP327UZD 게이밍 4K UHD 듀얼모드 480 USB-C HDR 400 Ai 멀티스탠드 무결점,"1,140,000",0,0
122930222,알파스캔 에이건 AGP346UCSD 게이밍 울트라와이드 OLED 360 USB-C HDR 500 Ai 멀티스탠드 무결점,"1,990,000",0,0
100189880,알파스캔 콘퀘스트 27F60G 게이밍 240 FAST IPS HDR 멀티스탠드 스피커 무결점,"222,060",0,0
100189892,알파스캔 콘퀘스트 27F60G 게이밍 240 FAST IPS HDR 멀티스탠드 화이트 무결점,"219,000",0,0
73762172,알파스캔 콘퀘스트 27F90G 게이밍 IPS 165 높낮이 무결점,"199,000",0,0
78097052,알파스캔 콘퀘스트 27Q50GN 게이밍 IPS 180 프리싱크 HDR 무결점,"245,780",0,0
100190174,알파스캔 콘퀘스트 27Q60G 게이밍 300 FAST IPS HDR 멀티스탠드 스피커 무결점,"299,000",0,0
16144145,알파스캔 콘퀘스트 27Q90G 게이밍 QHD 165 무결점,"331,200",0,0
102125936,알파스캔 콘퀘스트 27U60G 게이밍 4K UHD 160 FAST IPS USB-C HDR 멀티스탠드 무결점,"399,000",0,0
122618297,알파스캔 콘퀘스트 32Q50G 게이밍 QHD 180 FAST IPS 지싱크 Ai HDR 멀티스탠드 스피커 무결점,"359,660",0,0
14225243,알파스캔 콘퀘스트 32Q81G 게이밍 QHD 165 무결점,"339,000",0,0
7106722,알파스캔 프레스티지 Q2789 QHD IPS 프리싱크 75 시력보호 무결점,"199,000",0,0
4059122,알파스캔 프레스티지 T274DHSU (중고),"101,000",0,0
94200878,앱코 27F540 프라임 FAST-IPS FHD HDR,"589,000",0,0
94200884,앱코 27F540 프라임 FAST-IPS FHD HDR 무결점,"599,000",0,0
17518691,앱코 AV24F165D 프레임리스 FHD 165 HDR 프리싱크 게이밍,"118,000",0,0
17288033,앱코 AV24F165D 프레임리스 FHD 165 HDR 프리싱크 게이밍 무결점,"120,000",0,0
17362238,앱코 AV24F75D 프레임리스 FHD 75 HDR 무결점,"85,000",0,0
17519324,앱코 AVC27F165D 커브드 프레임리스 FHD HDR 프리싱크 게이밍,"166,000",0,0
17288387,앱코 AVC27F165D 커브드 프레임리스 FHD HDR 프리싱크 게이밍 무결점,"169,000",0,0
90113027,앱코 LPC34Q165D 프라임 나노IPS BLACK UWQHD HDR 블랙,"379,000",0,0
71277374,앱코 LPC34Q165D 프라임 나노IPS BLACK UWQHD HDR 블랙 무결점,"389,000",0,0
103177163,앱코 프라임 ML27Q200 FAST-IPS QD MiniLED QHD 200 HDR 1400,"309,000",0,0
103177151,앱코 프라임 ML27Q200 FAST-IPS QD MiniLED QHD 200 HDR 1400 무결점,"319,000",0,0
97112579,앱코 하이퍼뷰 24F165D IPS FHD 165 HDR,"118,000",0,0
97112630,앱코 하이퍼뷰 24F165D IPS FHD 165 HDR 무결점,"120,000",0,0
103877555,앱코 하이퍼뷰 27F120 IPS FHD 120 HDR,"115,000",0,0
103877561,앱코 하이퍼뷰 27F120 IPS FHD 120 HDR 무결점,"112,760",0,0
97113386,앱코 하이퍼뷰 27F144D IPS FHD 144 HDR 시력보호,"143,000",0,0
97113425,앱코 하이퍼뷰 27F144D IPS FHD 144 HDR 시력보호 무결점,"123,000",0,0
98781464,앱코 하이퍼뷰 27Q200 FAST-IPS QHD 200 HDR,"249,000",0,0
98781476,앱코 하이퍼뷰 27Q200 FAST-IPS QHD 200 HDR 무결점,"249,000",0,0
106764788,앱코 하이퍼뷰 HV-AV32F240G REAL 240 HDR,"217,350",0,0
106764773,앱코 하이퍼뷰 HV-AV32F240G REAL 240 HDR 무결점,"221,170",0,0
71901950,앱코 하이퍼뷰 HV-AV32F240G REAL 240 강화유리 HDR 무결점,"222,310",0,0
72228845,앱코 하이퍼뷰 HV-IP24F100D IPS FHD 100 HDR,"98,000",0,0
72228854,앱코 하이퍼뷰 HV-IP24F100D IPS FHD 100 HDR 무결점,"99,000",0,0
72676952,앱코 하이퍼뷰 HV-IP24F180D IPS FHD 200 HDR,"140,000",0,0
72676994,앱코 하이퍼뷰 HV-IP24F180D IPS FHD 200 HDR 무결점,"143,000",0,0
72228908,앱코 하이퍼뷰 HV-IP27F100D IPS FHD 100 HDR,"132,260",0,0
72228917,앱코 하이퍼뷰 HV-IP27F100D IPS FHD 100 HDR 무결점,"142,800",0,0
72676679,앱코 하이퍼뷰 IP27F180D FAST-IPS FHD 200 HDR,"175,000",0,0
72676976,앱코 하이퍼뷰 IP27F180D FAST-IPS FHD 200 HDR 무결점,"179,000",0,0
106688015,앱코 하이퍼뷰 QD-TN24F300 퀀텀닷 FAST-TN FHD HDR,"249,000",0,0
106688045,앱코 하이퍼뷰 QD-TN24F300 퀀텀닷 FAST-TN FHD HDR 무결점,"259,000",0,0
31346924,에이서 니트로 XV272U W2 WQHD Fast IPS 240 게이밍,"356,930",0,0
122624324,이노스 24FM200 IPS 144 USB-C 게이밍 멀티스탠드,"129,270",0,0
122636828,이노스 24FM200 IPS 144 USB-C 게이밍 멀티스탠드 무결점,"138,570",0,0
122716706,이노스 27GS120CM QHD IPS USB-C HDR Ai GEN 게이밍 멀티스탠드,"147,870",0,0
122712022,이노스 27GS120CM QHD IPS USB-C HDR Ai GEN 게이밍 멀티스탠드 무결점,"157,170",0,0
106717247,이노스 27QA100M QHD IPS USB-C,"129,270",0,0
106717259,이노스 27QA100M QHD IPS USB-C 무결점,"138,570",0,0
122643438,이노스 27QD200M QHD NANO IPS Ai USB-C HDR 게이밍 멀티스탠드,"167,090",0,0
123806917,이노스 27QL180M QHD IPS USB-C HDR Ai 게이밍 멀티스탠드,"157,170",0,0
123806953,이노스 27QL180M QHD IPS USB-C HDR Ai 게이밍 멀티스탠드 무결점,"166,470",0,0
106709525,이노스 27QLS120M QHD IPS USB-C HDR 게이밍 멀티스탠드,"166,470",0,0
106036370,이노스 27QLS120M QHD IPS USB-C HDR 게이밍 멀티스탠드 무결점,"175,770",0,0
122707899,이노스 27QLX144M QHD IPS USB-C PD65 HDR Ai GEN 게이밍 멀티스탠드 무결점,"199,000",0,0
123806963,이노스 27QNA120M QHD IPS USB-C,"138,570",0,0
123806984,이노스 27QNA120M QHD IPS USB-C 무결점,"147,870",0,0
122716059,이노스 27UA120M UHD IPS USB-C HDR Ai GEN 게이밍 멀티스탠드,"231,570",0,0
122721824,이노스 27UA120M UHD IPS USB-C HDR Ai GEN 게이밍 멀티스탠드 무결점,"240,870",0,0
122716006,이노스 27UA75M UHD IPS USB-C HDR Ai GEN 멀티스탠드,"189,720",0,0
122721819,이노스 27UA75M UHD IPS USB-C HDR Ai GEN 멀티스탠드 무결점,"199,020",0,0
122711317,이노스 27UL120M UHD IPS USB-C PD65 KVM HDR 게이밍 멀티스탠드 무결점,"339,000",0,0
123972608,이노스 34UW200CM WQHD USB-C HDR Ai GEN 게이밍 멀티스탠드,"268,770",0,0
123972670,이노스 34UW200CM WQHD USB-C HDR Ai GEN 게이밍 멀티스탠드 무결점,"305,970",0,0
123962552,이노스 34WQ200M UWQHD IPS USB-C HDR Ai GEN 게이밍 멀티스탠드,"284,050",0,0
123962613,이노스 34WQ200M UWQHD IPS USB-C HDR Ai GEN 게이밍 멀티스탠드 무결점,"319,000",0,0
124153173,이노스 49WQ950M 165 USB-C PD65 KVM HDR 게이밍 멀티스탠드,"584,970",0,0
124153179,이노스 49WQ950M 165 USB-C PD65 KVM HDR 게이밍 멀티스탠드 무결점,"594,270",0,0
124289393,익스프레스럭코리아 와이드뷰 24FHD100,"89,000",0,0
124289375,익스프레스럭코리아 와이드뷰 27FHD100,"89,000",0,0
124298710,일렉싱크 W15K,"169,000",0,0
124298536,자비오씨엔씨 엑사비오 X132EF-H2E1,"242,000",0,0
124298548,자비오씨엔씨 엑사비오 X132EF-H2E1 무결점,"242,000",0,0
19388405,자비오씨엔씨 엑사비오 X2200EWT 광시야각,"147,250",0,0
18977246,자비오씨엔씨 엑사비오 X2400EWT 광시야각,"176,700",0,0
17472983,자비오씨엔씨 엑사비오 X2408EW HDMI,"77,060",0,0
17473007,자비오씨엔씨 엑사비오 X2408EW HDMI 무결점,"77,330",0,0
99321167,자비오씨엔씨 엑사비오 X2701QHD100 무결점,"129,680",0,0
124298508,자비오씨엔씨 엑사비오 X2701QHD100E,"130,030",0,0
124298524,자비오씨엔씨 엑사비오 X2701QHD100E 무결점,"130,030",0,0
15624989,자비오씨엔씨 엑사비오 X2706EW HDMI,"97,180",0,0
15625007,자비오씨엔씨 엑사비오 X2706EW HDMI 무결점,"97,170",0,0
122674019,자비오씨엔씨 엑사비오 X3201F144 무결점,"172,410",0,0
20105333,자비오씨엔씨 엑사비오 X3201QHD 75,"179,770",0,0
20105357,자비오씨엔씨 엑사비오 X3201QHD 75 무결점,"179,750",0,0
20130239,자비오씨엔씨 엑사비오 X3201UHD 무결점,"235,100",0,0
41439188,자비오씨엔씨 엑사비오 X3203EW HDMI,"141,060",0,0
122623951,자비오씨엔씨 엑사비오 XA241,"74,180",0,0
122624028,자비오씨엔씨 엑사비오 XA241 무결점,"74,180",0,0
122649298,자비오씨엔씨 엑사비오 XA321,"143,510",0,0
122649310,자비오씨엔씨 엑사비오 XA321 무결점,"140,020",0,0
29952770,정림전자 GMASTAR JE2275 FHD HDR 75 광시야각 무결점,"75,000",0,0
16338071,정림전자 GMASTAR JE241L6511 IPS FHD 리얼75 HDR 평면 무결점,"87,990",0,0
12633593,정림전자 GMASTAR JE241L6711 IPS FHD HDR 75 광시야각 무결점,"87,000",0,0
12376139,정림전자 GMASTAR JG271C6742 퀀텀닷 1500R 리얼 165 HDR 게이밍 무결점,"127,490",0,0
11862706,정림전자 GMASTAR JG271C6771 1500R 리얼 240 HDR 게이밍 무결점,"140,450",0,0
11751911,정림전자 GMASTAR JG271C7741 QHD 1500R 리얼 165 HDR 게이밍 무결점,"145,250",0,0
11862811,정림전자 GMASTAR JG271L6771 리얼 240 HDR 게이밍 무결점,"140,450",0,0
15236786,정림전자 GMASTAR JG271L7711 IPS QHD 리얼75 HDR 게이밍 무결점,"151,530",0,0
12256643,정림전자 GMASTAR JG271L7742 퀀텀닷 QHD 리얼 165 HDR 무결점 게이밍,"145,350",0,0
11482113,정림전자 GMASTAR JG321C7741 QHD 1500R 리얼 165 HDR 게이밍 무결점,"216,000",0,0
12236291,정림전자 GMASTAR JG321C7742 퀀텀닷 1500R QHD 리얼 165 HDR 게이밍 무결점,"216,000",0,0
12236330,정림전자 GMASTAR JG321L7742 퀀텀닷 QHD 리얼 165 HDR 게이밍 무결점,"216,000",0,0
67577855,제우스랩 P16K 휴대용,"196,030",0,0
18752960,제우스랩 P16K 휴대용 (해외구매),"193,100",0,0
67577813,제우스랩 P16KT,"232,510",0,0
104550659,제우스랩 Z10P,"145,000",0,0
54216026,제우스랩 Z10T (해외구매),"121,440",0,0
103880228,제우스랩 Z14LITE,"164,000",0,0
124238497,제우스랩 Z15WT,"336,450",0,0
62794808,제우스랩 Z16 Lite,"135,760",0,0
108388979,제우스랩 Z16K,"265,400",0,0
18431075,제우스랩 Z16P 휴대용 스크린 (해외구매),"171,220",0,0
66113495,제우스랩 Z18T 터치,"229,920",0,0
95928515,제우스랩 Z22P PRO 터치,"345,570",0,0
124238567,제이더블유씨네트웍스 JWC JWM-2410U,"280,000",0,0
13583954,제이씨현 BattleG BG32C 유케어 240 게이밍 무결점,"204,000",0,0
47832224,제이씨현 BattleG BG34CU 유케어 165 커브드 게이밍 무결점,"349,000",0,0
90269690,제이씨현 UDEA EDGE ED2420GX 유케어 IPS 홈게임 144,"105,000",0,0
90269729,제이씨현 UDEA EDGE ED2420GX 유케어 IPS 홈게임 144 무결점,"110,000",0,0
30736622,제이씨현 UDEA EDGE ED2420GX 유케어 IPS 홈게임 165,"105,000",0,0
30247970,제이씨현 UDEA EDGE ED2420SC 유케어 75 홈엔터,"94,000",0,0
30247985,제이씨현 UDEA EDGE ED2420SC 유케어 75 홈엔터 무결점,"99,000",0,0
16489748,제이씨현 UDEA EDGE ED2425NC 유케어 IPS 홈엔터 75,"124,000",0,0
16489793,제이씨현 UDEA EDGE ED2425NC 유케어 IPS 홈엔터 75 무결점,"128,830",0,0
16395563,제이씨현 UDEA EDGE ED2425SN 유케어 75 홈엔터,"104,000",0,0
16395602,제이씨현 UDEA EDGE ED2425SN 유케어 75 홈엔터 무결점,"109,000",0,0
20529764,제이씨현 UDEA EDGE ED2426MD 유케어 IPS 홈엔터 75,"300,000",0,0
34741046,제이씨현 UDEA EDGE ED2431HF 유케어 IPS 홈엔터 100,"104,000",0,0
34741079,제이씨현 UDEA EDGE ED2431HF 유케어 IPS 홈엔터 100 무결점,"109,000",0,0
40022132,제이씨현 UDEA EDGE ED2431HF 유케어 IPS 홈엔터 100 화이트,"104,000",0,0
40022168,제이씨현 UDEA EDGE ED2431HF 유케어 IPS 홈엔터 100 화이트 무결점,"109,000",0,0
95286710,제이씨현 UDEA EDGE ED2431HF 유케어 IPS 홈엔터 120 화이트,"104,000",0,0
95286719,제이씨현 UDEA EDGE ED2431HF 유케어 IPS 홈엔터 120 화이트 무결점,"109,000",0,0
32866535,제이씨현 UDEA EDGE ED2431HF 유케어 VA 홈엔터 100,"95,000",0,0
32866553,제이씨현 UDEA EDGE ED2431HF 유케어 VA 홈엔터 100 무결점,"100,000",0,0
40022204,제이씨현 UDEA EDGE ED2431HF 유케어 VA 홈엔터 100 화이트,"95,000",0,0
40022222,제이씨현 UDEA EDGE ED2431HF 유케어 VA 홈엔터 100 화이트 무결점,"100,000",0,0
90579137,제이씨현 UDEA EDGE ED2432HF 유케어 IPS 홈엔터 120,"104,000",0,0
90579155,제이씨현 UDEA EDGE ED2432HF 유케어 IPS 홈엔터 120 무결점,"109,000",0,0
55463813,제이씨현 UDEA EDGE ED2433TT 유케어 IPS 홈엔터 100 무결점,"109,000",0,0
96986714,제이씨현 UDEA EDGE ED2434HF 유케어 IPS 홈엔터 144,"104,000",0,0
96986729,제이씨현 UDEA EDGE ED2434HF 유케어 IPS 홈엔터 144 무결점,"109,000",0,0
97107788,제이씨현 UDEA EDGE ED2434IT 유케어 IPS 홈엔터 144,"104,000",0,0
97107866,제이씨현 UDEA EDGE ED2434IT 유케어 IPS 홈엔터 144 무결점,"109,000",0,0
97107884,제이씨현 UDEA EDGE ED2434KC 유케어 IPS 홈엔터 144,"104,000",0,0
97107953,제이씨현 UDEA EDGE ED2434KC 유케어 IPS 홈엔터 144 무결점,"109,000",0,0
97107971,제이씨현 UDEA EDGE ED2434RA 유케어 IPS 홈엔터 144,"106,700",0,0
97107992,제이씨현 UDEA EDGE ED2434RA 유케어 IPS 홈엔터 144 무결점,"112,200",0,0
97108004,제이씨현 UDEA EDGE ED2434SC 유케어 IPS 홈엔터 144,"98,700",0,0
97108034,제이씨현 UDEA EDGE ED2434SC 유케어 IPS 홈엔터 144 무결점,"103,440",0,0
97108043,제이씨현 UDEA EDGE ED2434SS 유케어 IPS 홈엔터 144,"103,750",0,0
97108058,제이씨현 UDEA EDGE ED2434SS 유케어 IPS 홈엔터 144 무결점,"108,310",0,0
74997947,제이씨현 UDEA EDGE ED2437IT 유케어 IPS 홈엔터 100,"104,000",0,0
74997953,제이씨현 UDEA EDGE ED2437IT 유케어 IPS 홈엔터 100 무결점,"109,000",0,0
43488788,제이씨현 UDEA EDGE ED2438SC 유케어 IPS 홈엔터 100,"104,000",0,0
43488821,제이씨현 UDEA EDGE ED2438SC 유케어 IPS 홈엔터 100 무결점,"109,000",0,0
43488926,제이씨현 UDEA EDGE ED2438SC 유케어 VA 홈엔터 100,"104,000",0,0
43488971,제이씨현 UDEA EDGE ED2438SC 유케어 VA 홈엔터 100 무결점,"109,000",0,0
71965115,제이씨현 UDEA EDGE ED2449KC 유케어 IPS 홈엔터 100 피벗,"149,000",0,0
71965130,제이씨현 UDEA EDGE ED2449KC 유케어 IPS 홈엔터 100 피벗 무결점,"154,000",0,0
14224691,제이씨현 UDEA EDGE ED2720GX 유케어 IPS 게이밍 165 무결점,"275,000",0,0
48642827,제이씨현 UDEA EDGE ED2720GX 유케어 VA 게이밍 165,"130,000",0,0
48642839,제이씨현 UDEA EDGE ED2720GX 유케어 VA 게이밍 165 무결점,"135,000",0,0
30248486,제이씨현 UDEA EDGE ED2720SC 유케어 75 홈엔터,"114,000",0,0
30248513,제이씨현 UDEA EDGE ED2720SC 유케어 75 홈엔터 무결점,"119,000",0,0
16767764,제이씨현 UDEA EDGE ED2730CG 유케어 커브드 165 홈게임,"179,930",0,0
15343946,제이씨현 UDEA EDGE ED2730CG 유케어 커브드 165 홈게임 무결점,"197,150",0,0
34810673,제이씨현 UDEA EDGE ED2731HF 유케어 IPS 홈엔터 100,"124,000",0,0
34810700,제이씨현 UDEA EDGE ED2731HF 유케어 IPS 홈엔터 100 무결점,"129,000",0,0
40022240,제이씨현 UDEA EDGE ED2731HF 유케어 IPS 홈엔터 100 화이트,"124,000",0,0
40022258,제이씨현 UDEA EDGE ED2731HF 유케어 IPS 홈엔터 100 화이트 무결점,"129,000",0,0
32503706,제이씨현 UDEA EDGE ED2731HF 유케어 VA 홈엔터 100,"124,000",0,0
32503724,제이씨현 UDEA EDGE ED2731HF 유케어 VA 홈엔터 100 무결점,"129,000",0,0
40022282,제이씨현 UDEA EDGE ED2731HF 유케어 VA 홈엔터 100 화이트,"124,000",0,0
40022306,제이씨현 UDEA EDGE ED2731HF 유케어 VA 홈엔터 100 화이트 무결점,"129,000",0,0
90579365,제이씨현 UDEA EDGE ED2732HF 유케어 IPS 홈엔터 120,"124,000",0,0
90579389,제이씨현 UDEA EDGE ED2732HF 유케어 IPS 홈엔터 120 무결점,"129,000",0,0
122639991,제이씨현 UDEA EDGE ED2732IT 유케어 IPS 홈엔터 120,"117,000",0,0
122640002,제이씨현 UDEA EDGE ED2732IT 유케어 IPS 홈엔터 120 무결점,"124,000",0,0
122636964,제이씨현 UDEA EDGE ED2732RA 유케어 IPS 홈엔터 120,"123,050",0,0
122636924,제이씨현 UDEA EDGE ED2732RA 유케어 IPS 홈엔터 120 무결점,"125,350",0,0
122637383,제이씨현 UDEA EDGE ED2732SC 유케어 IPS 홈엔터 120,"116,290",0,0
122637390,제이씨현 UDEA EDGE ED2732SC 유케어 IPS 홈엔터 120 무결점,"128,700",0,0
44764424,제이씨현 UDEA EDGE ED2735SS 유케어 IPS 홈엔터 100,"124,000",0,0
44764523,제이씨현 UDEA EDGE ED2735SS 유케어 IPS 홈엔터 100 무결점,"114,000",0,0
74997977,제이씨현 UDEA EDGE ED2737IT 유케어 IPS 홈엔터 100,"119,000",0,0
74997986,제이씨현 UDEA EDGE ED2737IT 유케어 IPS 홈엔터 100 무결점,"124,000",0,0
42566597,제이씨현 UDEA EDGE ED2738SC 유케어 IPS 홈엔터 100,"109,130",0,0
42570191,제이씨현 UDEA EDGE ED2738SC 유케어 IPS 홈엔터 100 무결점,"112,930",0,0
42856151,제이씨현 UDEA EDGE ED2738SC 유케어 VA 홈엔터 100,"111,100",0,0
42856157,제이씨현 UDEA EDGE ED2738SC 유케어 VA 홈엔터 100 무결점,"115,500",0,0
71160734,제이씨현 UDEA EDGE ED2747KC 유케어 IPS 홈엔터 100 무결점,"130,000",0,0
73323161,제이씨현 UDEA EDGE ED2747QIT 유케어 IPS 홈엔터 QHD 100,"229,880",0,0
3153461,제이씨현 UDEA LOOK 200 FHD,"85,000",0,0
7391374,제이씨현 UDEA LOOK 200 HDMI 유케어,"85,000",0,0
47998937,제이씨현 UDEA LOOK LK2231OF 유케어 VA 오피스,"95,000",0,0
14075009,제이씨현 UDEA LOOK LK2420LA 유케어 75 시력보호 HVA 무결점,"99,000",0,0
96424409,제이씨현 UDEA LOOK LK2436NA 유케어 IPS 홈오피스 144,"104,000",0,0
96424463,제이씨현 UDEA LOOK LK2436NA 유케어 IPS 홈오피스 144 무결점,"99,000",0,0
106748783,제이씨현 UDEA LOOK LK2436OP 유케어 IPS 홈오피스 144,"99,000",0,0
106748822,제이씨현 UDEA LOOK LK2436OP 유케어 IPS 홈오피스 144 무결점,"109,000",0,0
90269897,제이씨현 UDEA LOOK LK2441HF 유케어 IPS 오피스 100 무결점,"104,000",0,0
64270088,제이씨현 UDEA LOOK LK2442IT 유케어 VA 오피스 120,"89,000",0,0
63868991,제이씨현 UDEA LOOK LK2442IT 유케어 VA 오피스 120 무결점,"94,000",0,0
13587059,제이씨현 UDEA LOOK LK2720LA 유케어 75 시력보호 HVA,"124,000",0,0
13523858,제이씨현 UDEA LOOK LK2720LA 유케어 75 시력보호 무결점,"118,170",0,0
97566128,제이씨현 UDEA LOOK LK2736IT 유케어 240 홈게임 무결점,"149,000",0,0
98410367,제이씨현 UDEA LOOK LK2736NA 유케어 IPS 홈오피스 120,"119,000",0,0
98410433,제이씨현 UDEA LOOK LK2736NA 유케어 IPS 홈오피스 120 무결점,"119,000",0,0
106749206,제이씨현 UDEA LOOK LK2736OP 유케어 IPS 홈오피스 120,"116,290",0,0
106749176,제이씨현 UDEA LOOK LK2736OP 유케어 IPS 홈오피스 120 무결점,"114,490",0,0
96257396,제이씨현 UDEA LOOK LK2736PA 유케어 240 홈게임 무결점,"148,990",0,0
98919827,제이씨현 UDEA LOOK LK2736RA 유케어 IPS 홈오피스 120,"124,000",0,0
98919866,제이씨현 UDEA LOOK LK2736RA 유케어 IPS 홈오피스 120 무결점,"129,000",0,0
97566119,제이씨현 UDEA LOOK LK2736SS 유케어 240 홈게임 무결점,"149,000",0,0
54315476,제이씨현 UDEA LOOK LK3231OF 유케어 IPS 오피스,"164,000",0,0
54315512,제이씨현 UDEA LOOK LK3231OF 유케어 IPS 오피스 무결점,"169,000",0,0
77081519,제이씨현 UDEA LOOK LK3231SS 유케어 IPS 오피스,"164,000",0,0
77081531,제이씨현 UDEA LOOK LK3231SS 유케어 IPS 오피스 무결점,"169,000",0,0
54315641,제이씨현 UDEA LOOK LK3232FIT 유케어 IPS 오피스,"164,000",0,0
54315797,제이씨현 UDEA LOOK LK3232FIT 유케어 IPS 오피스 무결점,"169,000",0,0
68579918,제이씨현 UDEA LOOK LK3233KC 유케어 IPS 오피스 75 화이트 무결점,"179,000",0,0
122663566,제이씨현 UDEA LOOK LK3241FIT 유케어 IPS 오피스,"164,000",0,0
122658694,제이씨현 UDEA LOOK LK3241FIT 유케어 IPS 오피스 무결점,"157,290",0,0
122663596,제이씨현 UDEA LOOK LK3241KC 유케어 IPS 오피스,"164,000",0,0
122658737,제이씨현 UDEA LOOK LK3241KC 유케어 IPS 오피스 무결점,"169,000",0,0
101724509,제이씨현 UDEA LOOK LK3241OF 유케어 IPS 오피스,"164,000",0,0
101724689,제이씨현 UDEA LOOK LK3241OF 유케어 IPS 오피스 무결점,"169,000",0,0
122663600,제이씨현 UDEA LOOK LK3241RA 유케어 IPS 오피스,"164,000",0,0
122658763,제이씨현 UDEA LOOK LK3241RA 유케어 IPS 오피스 무결점,"169,000",0,0
122663611,제이씨현 UDEA LOOK LK3241SC 유케어 IPS 오피스,"161,690",0,0
122658773,제이씨현 UDEA LOOK LK3241SC 유케어 IPS 오피스 무결점,"169,000",0,0
122663621,제이씨현 UDEA LOOK LK3241SS 유케어 IPS 오피스,"164,000",0,0
62564132,제이씨현 배틀G BG24FM3 유케어 IPS 게이밍 180,"119,000",0,0
62564159,제이씨현 배틀G BG24FM3 유케어 IPS 게이밍 180 무결점,"124,000",0,0
60424913,제이씨현 배틀G BG27DF3 유케어 240 멀티스탠드 무결점,"174,630",0,0
62563583,제이씨현 배틀G BG27QM3 유케어 165 QHD 무결점,"229,010",0,0
56501888,제이씨현 배틀G BG32CK 유케어 240 게이밍 강화유리 무결점,"249,000",0,0
58024181,제이씨현 배틀G BG32CP 유케어 240 게이밍 강화유리 무결점,"243,000",0,0
72816233,제이씨현 배틀G BG32CV 유케어 240 게이밍 무결점,"204,000",0,0
103517210,제이씨현 배틀G 마하 420 BG25FS 무결점,"255,280",0,0
105684467,제이씨현 배틀G 퓨리 144 BG2451GF 무결점,"104,000",0,0
105684470,제이씨현 배틀G 퓨리 144 BG2751GF 무결점,"134,000",0,0
122685703,제이씨현 배틀G 퓨리 144 BG32GS 무결점,"189,000",0,0
52261757,주연테크 Q27C65-120 IPS QHD USB-C 120,"240,870",0,0
94086236,주연테크 V22F100 FHD 100 프리싱크 HDR,"87,000",0,0
94086257,주연테크 V22F100 FHD 100 프리싱크 HDR 무결점,"87,000",0,0
20655833,주연테크 V22FX,"87,420",0,0
20655848,주연테크 V22FX 무결점,"87,420",0,0
57292097,주연테크 V22FX-W,"87,420",0,0
20690570,주연테크 V24FX,"96,720",0,0
20690576,주연테크 V24FX 무결점,"101,370",0,0
70677860,주연테크 V24FX-120,"104,000",0,0
75858140,주연테크 V26FX75 울트라와이드 IPS,"159,000",0,0
20721353,주연테크 V27FX,"119,970",0,0
20721359,주연테크 V27FX 무결점,"119,970",0,0
70678121,주연테크 V27FX-120,"205,020",0,0
70678163,주연테크 V27FX-120 무결점,"1,099,000",0,0
57292634,주연테크 V27FX-W,"124,620",0,0
57292652,주연테크 V27FX-W 무결점,"129,000",0,0
88131683,주연테크 V27Q100 IPS 100,"157,170",0,0
124198536,주연테크 V27Q120MC QHD IPS USB-C AI 멀티스탠드,"138,570",0,0
124198541,주연테크 V27Q120MC QHD IPS USB-C AI 멀티스탠드 무결점,"147,870",0,0
123846446,주연테크 V27Q144 올인원 QHD IPS 144 무결점,"166,470",0,0
122620740,주연테크 V27Q15C QHD IPS USB-C AI 멀티스탠드 HDR 무결점,"160,370",0,0
124326396,주연테크 V27Q180MC QHD IPS USB-C AI 멀티스탠드,"166,470",0,0
124326418,주연테크 V27Q180MC QHD IPS USB-C AI 멀티스탠드 무결점,"175,770",0,0
122620754,주연테크 V27Q65C QHD IPS USB-C PD65 AI 멀티스탠드 HDR 무결점,"236,300",0,0
75541910,주연테크 V27UE 4K UHD HDR,"231,570",0,0
123846580,주연테크 V32Q75A QHD 무결점,"176,700",0,0
97309577,주연테크 X24F 144 FHD IPS 게이밍,"94,860",0,0
55797437,주연테크 X24F-180,"110,670",0,0
55797500,주연테크 X24F-180 무결점,"110,670",0,0
122632944,주연테크 X24F144W FHD IPS 144 프리싱크 게이밍 화이트 무결점,"109,000",0,0
105181940,주연테크 X24QF180 QHD IPS 프리싱크 AI HDR 무결점,"163,500",0,0
12629753,주연테크 X25F 리얼 240 게이밍 무결점,"169,000",0,0
32103524,주연테크 X25F-360 블랙,"278,070",0,0
97310174,주연테크 X27F 144 FHD IPS 게이밍,"134,000",0,0
18937607,주연테크 X27F-240B,"159,000",0,0
18952142,주연테크 X27F-240B 무결점,"147,870",0,0
122632811,주연테크 X27F144W FHD IPS 144 프리싱크 게이밍 화이트 무결점,"139,000",0,0
71009108,주연테크 X27Q-180,"203,670",0,0
106222175,주연테크 X27QF180 QHD IPS 프리싱크 AI HDR 무결점,"175,770",0,0
71008448,주연테크 X34Q-144 울트라와이드,"318,700",0,0
124215387,주연테크 X34QC240 울트라와이드 WQHD 240 프리싱크 AI HDR 게이밍 무결점,"305,970",0,0
123972795,주연테크 긱스타 G24FV FHD 100 무결점,"99,000",0,0
124326980,주연테크 긱스타 G30FC200 울트라와이드 USB-C HDR 커브드 게이밍,"175,770",0,0
124327034,주연테크 긱스타 G30FC200 울트라와이드 USB-C HDR 커브드 게이밍 무결점,"185,070",0,0
69057218,주연테크 리오나인 X27F-180 무결점,"147,870",0,0
103879388,카멜 CPM1530IT 블랙,"147,520",0,0
79560674,카멜 포터블 프리즘 CPM1530I 블랙,"106,700",0,0
103879193,카멜 포터블 프리즘 CPM1540IQ,"175,360",0,0
18365327,카멜 포터블 프리즘 CPM1610IQ,"231,030",0,0
19789469,쿨러마스터 GA241 VA FHD 100 게이밍,"107,990",0,0
20529059,쿨러마스터 GA271 VA WQHD 100 게이밍,"196,790",0,0
124238036,큐빅스전자 큐빅스 CX320Q100,"194,370",0,0
124237968,큐빅스전자 큐빅스 CX320Q165E,가격비교예정,0,0
124298882,큐빅스전자 큐빅스 CXG270165CV,"157,170",0,0
124238199,큐빅스전자 큐빅스 Etroy VSG271-240 HDR 슬림베젤 게이밍 무결점,가격비교예정,0,0
124238200,큐빅스전자 큐빅스 Etroy VSG271QHD165 HDR 슬림베젤 게이밍 무결점,가격비교예정,0,0
124238193,큐빅스전자 큐빅스 Etroy VSG320G REAL 240 강화유리 무결점,가격비교예정,0,0
29311703,크로스오버 140TU5 DEX 4K UHD AdobeRGB 멀티터치 포터블 2023 무결점,"1,940,000",0,0
97406639,크로스오버 16PF3 IPS TYPE-C 포터블,"115,430",0,0
124011212,크로스오버 16WQ950 IPS 144 USB-C 초경량 휴대용 포터블 게이밍,"209,000",0,0
124011238,크로스오버 16WQ950 IPS 144 USB-C 초경량 휴대용 포터블 게이밍 무결점,"219,000",0,0
67576595,크로스오버 220FL75 IPS TYPE-C TOUCH 빅포터블 무결점,"280,000",0,0
15984791,크로스오버 240FL75 IPS TYPE-C 터치,"248,990",0,0
16016345,크로스오버 240FL75 IPS TYPE-C 터치 무결점,"236,780",0,0
124198133,크로스오버 245F199 FHD DP INCH-UP 블랙,"78,900",0,0
124198148,크로스오버 245F199 FHD DP INCH-UP 블랙 무결점,"79,900",0,0
124198379,크로스오버 245F199 FHD DP INCH-UP 화이트,"78,900",0,0
124198382,크로스오버 245F199 FHD DP INCH-UP 화이트 무결점,"79,900",0,0
77015846,크로스오버 245G466 FAST-IPS Ai 게이밍 Hyper sonic,"234,930",0,0
77015858,크로스오버 245G466 FAST-IPS Ai 게이밍 Hyper sonic 무결점,"244,200",0,0
60247106,크로스오버 247FM100 IPS 144 멀티스탠드,"127,000",0,0
60247109,크로스오버 247FM100 IPS 144 멀티스탠드 무결점,"132,000",0,0
93176378,크로스오버 24F200G IPS FHD 리얼 게이밍,"88,250",0,0
93176384,크로스오버 24F200G IPS FHD 리얼 게이밍 무결점,"88,250",0,0
73948631,크로스오버 24G120 120 블랙,"88,980",0,0
73948646,크로스오버 24G120 120 블랙 무결점,"88,980",0,0
73948661,크로스오버 24G120 120 화이트,"89,000",0,0
73948685,크로스오버 24G120 120 화이트 무결점,"89,000",0,0
19007483,크로스오버 24G9IPS HDR IPS 무결점,"485,000",0,0
105181685,크로스오버 24GAM195 IPS REAL BIZ N GAMING,"99,450",0,0
105181694,크로스오버 24GAM195 IPS REAL BIZ N GAMING 무결점,"95,640",0,0
105404729,크로스오버 24GAM199 IPS REAL BIZ N GAMING,"104,990",0,0
105405341,크로스오버 24GAM199 IPS REAL BIZ N GAMING 무결점,"106,990",0,0
18630599,크로스오버 24SF75IPS HDR IPS 슬림UP,"89,000",0,0
18630608,크로스오버 24SF75IPS HDR IPS 슬림UP 무결점,"89,000",0,0
17674445,크로스오버 24TOUCH75 IPS 정전압 터치,"234,000",0,0
17674460,크로스오버 24TOUCH75 IPS 정전압 터치 무결점,"244,000",0,0
17682548,크로스오버 24VPS FHD 75,"89,000",0,0
17682551,크로스오버 24VPS FHD 75 무결점,"89,000",0,0
20038145,크로스오버 271GV3F 패스트 165 아이세이브 게이밍 IPS,"213,400",0,0
69057716,크로스오버 273QH9 IPS-100 WQHD 화이트,"149,000",0,0
69057734,크로스오버 273QH9 IPS-100 WQHD 화이트 무결점,"149,000",0,0
67693631,크로스오버 273QH9M WQHD IPS 100 화이트 멀티스탠드,"179,000",0,0
67693637,크로스오버 273QH9M WQHD IPS 100 화이트 멀티스탠드 무결점,"184,000",0,0
13837484,크로스오버 2750IPS QHD 75 평면 HIT,"144,000",0,0
13837496,크로스오버 2750IPS QHD 75 평면 HIT 무결점,"149,000",0,0
17700353,크로스오버 2757IPS QHD DCI P3 95 평면 Hit,"144,000",0,0
17700386,크로스오버 2757IPS QHD DCI P3 95 평면 Hit 무결점,"149,000",0,0
17408066,크로스오버 275GK3 게이밍 FHD 리얼 165 무결점,"412,000",0,0
30189743,크로스오버 275LGN55C 나노IPS 패스트165 USB-C QHD-PD 게이밍 멀티스탠드,"229,000",0,0
30189755,크로스오버 275LGN55C 나노IPS 패스트165 USB-C QHD-PD 게이밍 멀티스탠드 무결점,"239,000",0,0
72064946,크로스오버 277FM100 IPS 100 블랙 멀티스탠드,"144,000",0,0
72065069,크로스오버 277FM100 IPS 100 블랙 멀티스탠드 무결점,"149,000",0,0
63140018,크로스오버 277FM100 IPS 100 화이트 멀티스탠드,"144,000",0,0
63140027,크로스오버 277FM100 IPS 100 화이트 멀티스탠드 무결점,"149,000",0,0
103335686,크로스오버 279FG9 iPS-HDR 패스트144 게이밍,"125,000",0,0
103335689,크로스오버 279FG9 iPS-HDR 패스트144 게이밍 무결점,"129,000",0,0
79250054,크로스오버 279FM169 FHD IPS 멀티스탠드 화이트,"144,000",0,0
79250069,크로스오버 279FM169 FHD IPS 멀티스탠드 화이트 무결점,"149,000",0,0
14625785,크로스오버 279Q7 IPS 패스트 165 WQHD 게이밍,"930,000",0,0
20478824,크로스오버 279QA9 Fast-iPS 180 WQHD 게이밍,"175,000",0,0
20478848,크로스오버 279QA9 Fast-iPS 180 WQHD 게이밍 무결점,"185,000",0,0
101011943,크로스오버 279QA9200 Fast-iPS 200 WQHD Ai게이밍,"179,000",0,0
101011958,크로스오버 279QA9200 Fast-iPS 200 WQHD Ai게이밍 무결점,"189,000",0,0
89533862,크로스오버 27FAW9 Fast-iPS 180 화이트 USB-C Ai 게이밍,"149,000",0,0
89533871,크로스오버 27FAW9 Fast-iPS 180 화이트 USB-C Ai 게이밍 무결점,"155,000",0,0
90160541,크로스오버 27FAW950 Fast-iPS 180 피벗 화이트 Ai게이밍,"165,000",0,0
90160544,크로스오버 27FAW950 Fast-iPS 180 피벗 화이트 Ai게이밍 무결점,"169,000",0,0
122662890,크로스오버 27FAW995 Fast-iPS 200UP USB-C Ai게이밍 멀티스탠드 화이트,"165,000",0,0
122662902,크로스오버 27FAW995 Fast-iPS 200UP USB-C Ai게이밍 멀티스탠드 화이트 무결점,"169,000",0,0
72474401,크로스오버 27FD100SB IPS FHD 120 블랙,"115,000",0,0
72474407,크로스오버 27FD100SB IPS FHD 120 블랙 무결점,"114,980",0,0
72474416,크로스오버 27FD100SW IPS FHD 120 화이트,"115,000",0,0
72474701,크로스오버 27FD100SW IPS FHD 120 화이트 무결점,"115,000",0,0
122690795,크로스오버 27FGi9 Fast-iPS 200UP 프로 Ai게이밍,"149,000",0,0
122690824,크로스오버 27FGi9 Fast-iPS 200UP 프로 Ai게이밍 무결점,"155,000",0,0
40240529,크로스오버 27G100S IPS FHD 100,"115,000",0,0
40240535,크로스오버 27G100S IPS FHD 100 무결점,"115,000",0,0
58837235,크로스오버 27GFA9 FAST IPS180 화이트 게이밍,"159,000",0,0
58837247,크로스오버 27GFA9 FAST IPS180 화이트 게이밍 무결점,"169,000",0,0
91114439,크로스오버 27GFA99 Fast iPS 200 Ai게이밍 무결점,"201,880",0,0
33366017,크로스오버 27GQ7 IPS QHD 크로스기어,"139,000",0,0
33366047,크로스오버 27GQ7 IPS QHD 크로스기어 무결점,"139,000",0,0
70679612,크로스오버 27GSA9 Fast-iPS 200 Ai게이밍,"930,000",0,0
70679630,크로스오버 27GSA9 Fast-iPS 200 Ai게이밍 무결점,"930,000",0,0
74805845,크로스오버 27GSA9 Fast-iPS 200UP Ai게이밍,"930,000",0,0
74805905,크로스오버 27GSA9 Fast-iPS 200UP Ai게이밍 무결점,"221,190",0,0
60425624,크로스오버 27GU950 Fast-IPS UHD4K PD65 USB-C 게이밍 멀티스탠드,"990,000",0,0
60425636,크로스오버 27GU950 Fast-IPS UHD4K PD65 USB-C 게이밍 멀티스탠드 무결점,"990,000",0,0
73762064,크로스오버 27GUA950 Fast-iPS UHD4K PD65 화이트 멀티스탠드,"339,000",0,0
73762082,크로스오버 27GUA950 Fast-iPS UHD4K PD65 화이트 멀티스탠드 무결점,"349,000",0,0
19315121,크로스오버 27GV5Q 패스트165 WQHD 아이세이브 게이밍,"164,000",0,0
18307997,크로스오버 27LGD4IPS QHD DCI-P3 4면 베젤리스,"168,980",0,0
18308018,크로스오버 27LGD4IPS QHD DCI-P3 4면 베젤리스 무결점,"169,000",0,0
122699049,크로스오버 27LGQ162P iPS QHD 4면제로,"160,370",0,0
122699096,크로스오버 27LGQ162P iPS QHD 4면제로 무결점,"160,370",0,0
109598759,크로스오버 27LGQ175CM 4면제로 QHD iPS TYPE-C Ai 화이트 멀티스탠드,"188,850",0,0
109598768,크로스오버 27LGQ175CM 4면제로 QHD iPS TYPE-C Ai 화이트 멀티스탠드 무결점,"188,850",0,0
18196052,크로스오버 27NAN5 나노IPS 패스트165 WQHD 게이밍,"219,000",0,0
18540386,크로스오버 27Q77S QHD IPS 2560,"170,050",0,0
18540443,크로스오버 27Q77S QHD IPS 2560 무결점,"179,550",0,0
52262291,크로스오버 27QA950 IPS WQHD 화이트 게이밍 멀티스탠드,"930,000",0,0
52262306,크로스오버 27QA950 IPS WQHD 화이트 게이밍 멀티스탠드 무결점,"1,860,000",0,0
68777879,크로스오버 27QAW9 Fast-iPS WQHD 화이트 게이밍,"183,860",0,0
68777891,크로스오버 27QAW9 Fast-iPS WQHD 화이트 게이밍 무결점,"193,140",0,0
79451126,크로스오버 27QAW99 Fast-iPS 180 WQHD 화이트 Ai게이밍,"195,000",0,0
79452221,크로스오버 27QAW99 Fast-iPS 180 WQHD 화이트 Ai게이밍 무결점,"199,000",0,0
108415880,크로스오버 27QAW99 Fast-iPS 200 WQHD 화이트 Ai게이밍,"195,000",0,0
108415883,크로스오버 27QAW99 Fast-iPS 200 WQHD 화이트 Ai게이밍 무결점,"199,000",0,0
108420428,크로스오버 27QAW995 Fast-iPS 200 WQHD 화이트 Ai게이밍 멀티스탠드,"209,000",0,0
108420434,크로스오버 27QAW995 Fast-iPS 200 WQHD 화이트 Ai게이밍 멀티스탠드 무결점,"219,000",0,0
100696754,크로스오버 27QAW995 Fast-iPS WQHD 화이트 Ai게이밍 멀티스탠드,"209,000",0,0
100696766,크로스오버 27QAW995 Fast-iPS WQHD 화이트 Ai게이밍 멀티스탠드 무결점,"219,000",0,0
20027096,크로스오버 27QC7 IPS 75 일타 QHD 무결점,"171,360",0,0
97224449,크로스오버 27QD166C QHD iPS USB-C 화이트 Ai,"141,390",0,0
97224461,크로스오버 27QD166C QHD iPS USB-C 화이트 Ai 무결점,"141,390",0,0
90890663,크로스오버 27QD166CM QHD iPS USB-C 화이트 Ai 멀티스탠드,"179,000",0,0
90890669,크로스오버 27QD166CM QHD iPS USB-C 화이트 Ai 멀티스탠드 무결점,"183,990",0,0
72968585,크로스오버 27QD9GB IPS QHD 100 블랙,"143,980",0,0
72968597,크로스오버 27QD9GB IPS QHD 100 블랙 무결점,"149,000",0,0
72968612,크로스오버 27QD9GW IPS QHD 100 화이트,"149,000",0,0
72968621,크로스오버 27QD9GW IPS QHD 100 화이트 무결점,"158,980",0,0
105816536,크로스오버 27QM168C QHD IPS USB-C 뉴패스트 Ai 멀티스탠드,"169,870",0,0
105816557,크로스오버 27QM168C QHD IPS USB-C 뉴패스트 Ai 멀티스탠드 무결점,"174,610",0,0
103451561,크로스오버 27QNA955 나노IPS 210 WQHD 화이트 Ai게이밍 멀티스탠드,"239,000",0,0
103451588,크로스오버 27QNA955 나노IPS 210 WQHD 화이트 Ai게이밍 멀티스탠드 무결점,"249,000",0,0
123694868,크로스오버 27QP124CM IPS QHD USB-C PINK Limited Edition,"207,820",0,0
123694906,크로스오버 27QP124CM IPS QHD USB-C PINK Limited Edition 무결점,"207,820",0,0
75542111,크로스오버 27QR924 Fast-iPS WQHD 리얼240 Ai게이밍,"465,000",0,0
75542114,크로스오버 27QR924 Fast-iPS WQHD 리얼240 Ai게이밍 무결점,"465,000",0,0
78844070,크로스오버 27QT100M IPS QHD100 450 정전압터치 프리덤스탠드 애플망고,"323,990",0,0
78844211,크로스오버 27QT100M IPS QHD100 450 정전압터치 프리덤스탠드 애플망고 무결점,"321,280",0,0
122637101,크로스오버 27QW128D iPS QHD 게이밍 화이트,"139,000",0,0
122637112,크로스오버 27QW128D iPS QHD 게이밍 화이트 무결점,"139,000",0,0
124217432,크로스오버 27QW129DM iPS QHD 게이밍 화이트 멀티스탠드,"149,000",0,0
124217465,크로스오버 27QW129DM iPS QHD 게이밍 화이트 멀티스탠드 무결점,"149,000",0,0
46001219,크로스오버 27RTX5 WQHD165 패스트 게이밍 멀티스탠드,"190,010",0,0
46001243,크로스오버 27RTX5 WQHD165 패스트 게이밍 멀티스탠드 무결점,"950,000",0,0
92677877,크로스오버 27RTX9 Fast-TN WQHD 게이밍 피벗 멀티스탠드,"930,000",0,0
92677889,크로스오버 27RTX9 Fast-TN WQHD 게이밍 피벗 멀티스탠드 무결점,"970,000",0,0
75993017,크로스오버 27UA759 UHD4K-75H 화이트 멀티스탠드 무결점,"970,000",0,0
54698102,크로스오버 27ULD950 UHD4K PD65 프로아트 화이트 멀티스탠드,"308,990",0,0
54698114,크로스오버 27ULD950 UHD4K PD65 프로아트 화이트 멀티스탠드 무결점,"319,000",0,0
18852383,크로스오버 27USD35 IPS UHD 4K DCI-P3 하이라이트 무결점,"930,000",0,0
58104485,크로스오버 27USD55 UHD 4K DCI-P3 하이라이트 멀티스탠드,"970,000",0,0
58104602,크로스오버 27USD55 UHD 4K DCI-P3 하이라이트 멀티스탠드 무결점,"990,000",0,0
90505928,크로스오버 27USD850 IPS4K UHD 4면제로 화이트 멀티스탠드,"239,000",0,0
90505934,크로스오버 27USD850 IPS4K UHD 4면제로 화이트 멀티스탠드 무결점,"249,000",0,0
108365840,크로스오버 27USD9 IPS UHD4K 비비드,"199,000",0,0
108365849,크로스오버 27USD9 IPS UHD4K 비비드 무결점,"209,000",0,0
86517662,크로스오버 27USW9 UHD4K-iPS USB-C 화이트,"209,000",0,0
86537804,크로스오버 27USW9 UHD4K-iPS USB-C 화이트 무결점,"219,000",0,0
16170161,크로스오버 28UL144 UHD IPS 4K 144 게이밍 평면 무결점,"769,000",0,0
27805532,크로스오버 28UP850 IPS4K UHD HDR 하이라이트,"590,000",0,0
27805541,크로스오버 28UP850 IPS4K UHD HDR 하이라이트 무결점,"564,500",0,0
55085798,크로스오버 320F75 FHD 리얼75,"160,000",0,0
55085831,크로스오버 320F75 FHD 리얼75 무결점,"160,000",0,0
18022778,크로스오버 32FA 정전압 터치,"421,400",0,0
16540427,크로스오버 32FB75 IPS FHD 리얼 75,"176,280",0,0
16540481,크로스오버 32FB75 IPS FHD 리얼 75 무결점,"162,000",0,0
17726144,크로스오버 32FB75VA FHD 리얼75,"176,280",0,0
17726162,크로스오버 32FB75VA FHD 리얼75 무결점,"178,390",0,0
71159090,크로스오버 32QD100SM IPS WQHD 멀티스탠드,"199,000",0,0
93803057,크로스오버 32QD100W IPS QHD White Color,"198,340",0,0
93803198,크로스오버 32QD100W IPS QHD White Color 무결점,"207,820",0,0
103808372,크로스오버 32QD100WM IPS WQHD 멀티스탠드 WHITE,"229,000",0,0
103808390,크로스오버 32QD100WM IPS WQHD 멀티스탠드 WHITE 무결점,"236,480",0,0
74997158,크로스오버 32QD180G IPS WQHD 게이밍 AI,"239,000",0,0
74997167,크로스오버 32QD180G IPS WQHD 게이밍 AI 무결점,"239,000",0,0
71973920,크로스오버 32QD200GM IPS WQHD 180 게이밍 멀티스탠드,"269,000",0,0
71973926,크로스오버 32QD200GM IPS WQHD 180 게이밍 멀티스탠드 무결점,"269,000",0,0
43440911,크로스오버 32QH75D IPS QHD 75,"199,000",0,0
43442105,크로스오버 32QH75D IPS QHD 75 무결점,"209,000",0,0
122703168,크로스오버 32QV9 WQHD USB-C 블랙,"193,590",0,0
122703188,크로스오버 32QV9 WQHD USB-C 블랙 무결점,"203,080",0,0
122703192,크로스오버 32QV9 WQHD USB-C 화이트,"193,590",0,0
122703195,크로스오버 32QV9 WQHD USB-C 화이트 무결점,"203,080",0,0
33438041,크로스오버 32RTX9 UHD4K160 USB-C 패스트 게이밍,"409,000",0,0
33438059,크로스오버 32RTX9 UHD4K160 USB-C 패스트 게이밍 무결점,"419,000",0,0
70253792,크로스오버 32RTX950 UHD 4K PD65 게이밍,"409,000",0,0
70253801,크로스오버 32RTX950 UHD 4K PD65 게이밍 무결점,"419,000",0,0
13395569,크로스오버 32SS2 NEW QHD 75 HDR 평면 레게노,"199,000",0,0
13395611,크로스오버 32SS2 NEW QHD 75 HDR 평면 레게노 무결점,"231,170",0,0
15524048,크로스오버 32SS3 NEW IPS QHD 75 HDR 평면 레게노,"199,000",0,0
15524108,크로스오버 32SS3 NEW IPS QHD 75 HDR 평면 레게노 무결점,"209,000",0,0
16217291,크로스오버 32UA5 IPS UHD 4K HDR 아이세이브 무결점,"700,000",0,0
94566959,크로스오버 32UAW9 UHD4K 비비드 화이트,"1,000,000",0,0
94566968,크로스오버 32UAW9 UHD4K 비비드 화이트 무결점,"970,000",0,0
99743105,크로스오버 32UCA9 UHD4K IPS USB-C 프로아트,"380,000",0,0
99743114,크로스오버 32UCA9 UHD4K IPS USB-C 프로아트 무결점,"390,000",0,0
99889403,크로스오버 32UCA950 UHD4K IPS USB-C PD65 프로아트 멀티스탠드,"379,000",0,0
99889406,크로스오버 32UCA950 UHD4K IPS USB-C PD65 프로아트 멀티스탠드 무결점,"389,000",0,0
58364591,크로스오버 32UFi7 Fast iPS UHD4K 프로 게이밍,"469,000",0,0
58397021,크로스오버 32UFi7 Fast iPS UHD4K 프로 게이밍 무결점,"479,000",0,0
122710984,크로스오버 32UFi9 Fast-IPS 160UP UHD4K USB-C Ai게이밍,"469,000",0,0
122711020,크로스오버 32UFi9 Fast-IPS 160UP UHD4K USB-C Ai게이밍 무결점,"479,000",0,0
16012142,크로스오버 32UG5 IPS KVM 패스트 144 UHD 4K HDR 게이밍,"469,000",0,0
16012157,크로스오버 32UG5 IPS KVM 패스트 144 UHD 4K HDR 게이밍 무결점,"479,000",0,0
18635609,크로스오버 32UL3C 4K UHD USB-C PD-HDR 하이라이트,"676,000",0,0
77709698,크로스오버 34LD199N NANO IPS 게이밍 Hypersonic,"314,000",0,0
77709725,크로스오버 34LD199N NANO IPS 게이밍 Hypersonic 무결점,"344,520",0,0
19533152,크로스오버 34LGD79 IPS PREMIUM 커브드 울트라 멀티스탠드 무결점,"399,800",0,0
108402170,크로스오버 34QW290GM WQHD 게이밍 멀티스탠드 화이트,"283,750",0,0
108402173,크로스오버 34QW290GM WQHD 게이밍 멀티스탠드 화이트 무결점,"283,750",0,0
122660857,크로스오버 34U5iM FAST-iPS 200 UWQHD USB-C 게이밍 멀티스탠드,"340,680",0,0
122660889,크로스오버 34U5iM FAST-iPS 200 UWQHD USB-C 게이밍 멀티스탠드 무결점,"340,680",0,0
123670233,크로스오버 34UC90 평면 부스트클럭 게이밍 HDR 100UP 멀티스탠드,"198,700",0,0
19279259,크로스오버 34UC90 평면 부스트클럭 게이밍 HDR 100UP 일반스탠드,"228,470",0,0
92359094,크로스오버 34WG165Hz CURVED R1500 400 White 게이밍,"278,980",0,0
92359115,크로스오버 34WG165Hz CURVED R1500 400 White 게이밍 무결점,"279,000",0,0
49738934,크로스오버 34WP165 커브드 리얼 180 울트라와이드 멀티스탠드,"299,000",0,0
49738946,크로스오버 34WP165 커브드 리얼 180 울트라와이드 멀티스탠드 무결점,"299,000",0,0
81750953,크로스오버 38LDG199 NANO-IPS 게이밍-165 Ai TYPE-C 울트라하이퍼,"627,000",0,0
122930210,크로스오버 38LDW199Q NANO IPS-BLACK PD65 H2.1 게이밍 울트라하이퍼,"533,000",0,0
122930218,크로스오버 38LDW199Q NANO IPS-BLACK PD65 H2.1 게이밍 울트라하이퍼 무결점,"618,670",0,0
16421162,크로스오버 38LGD966 TYPE-C PD HDR 울트라와이드 커브드 프리미엄,"848,560",0,0
16421183,크로스오버 38LGD966 TYPE-C PD HDR 울트라와이드 커브드 프리미엄 무결점,"871,840",0,0
28640561,크로스오버 49DQHD9 IPS BLACK USB-C 듀얼QHD 슈퍼울트라와이드,"1,860,000",0,0
28640570,크로스오버 49DQHD9 IPS BLACK USB-C 듀얼QHD 슈퍼울트라와이드 무결점,"1,860,000",0,0
74997407,크로스오버 49LGD144DQ 나노 IPS 리얼144 HV2.1 크로스버스터,"763,420",0,0
74997470,크로스오버 49LGD144DQ 나노 IPS 리얼144 HV2.1 크로스버스터 무결점,"760,500",0,0
122712562,크로스오버 A27QAW995 200UP Fast-iPS WQHD USB-C Ai게이밍 멀티스탠드 화이트,"229,000",0,0
122712598,크로스오버 A27QAW995 200UP Fast-iPS WQHD USB-C Ai게이밍 멀티스탠드 화이트 무결점,"239,000",0,0
123962317,크로스오버 A27QNA955 210UP 나노iPS WQHD USB-C Ai게이밍 멀티스탠드 화이트,"249,000",0,0
123962406,크로스오버 A27QNA955 210UP 나노iPS WQHD USB-C Ai게이밍 멀티스탠드 화이트 무결점,"259,000",0,0
124011463,크로스오버 A27QR924 Fast-iPS 240 USB-C WQHD Ai게이밍,"239,000",0,0
124011475,크로스오버 A27QR924 Fast-iPS 240 USB-C WQHD Ai게이밍 무결점,"239,000",0,0
124057815,크로스오버 A27UA970 120UP UHD4K-iPS USB-C 멀티스탠드 화이트 SE,"269,000",0,0
124057824,크로스오버 A27UA970 120UP UHD4K-iPS USB-C 멀티스탠드 화이트 SE 무결점,"279,000",0,0
122707056,크로스오버 A27USW950 UHD4K-iPS USB-C 멀티스탠드 화이트,"229,000",0,0
122707060,크로스오버 A27USW950 UHD4K-iPS USB-C 멀티스탠드 화이트 무결점,"239,000",0,0
123694639,크로스오버 AP27QNA955 210UP 나노iPS WQHD USB-C Ai게이밍 멀티스탠드 핑크,"259,000",0,0
123694760,크로스오버 AP27QNA955 210UP 나노iPS WQHD USB-C Ai게이밍 멀티스탠드 핑크 무결점,"269,000",0,0
16844522,크로스오버 F24C33 TYPE-C FHD 75,"97,980",0,0
16844528,크로스오버 F24C33 TYPE-C FHD 75 무결점,"129,990",0,0
27896021,크로스오버 F2796 PLUS FHD75 오피니언스 무결점,"115,000",0,0
31338146,크로스오버 IPS2475 FHD IPS,"89,000",0,0
20490416,크로스오버 Q27LGD4W IPS QHD 화이트 베젤리스,"169,000",0,0
20490431,크로스오버 Q27LGD4W IPS QHD 화이트 베젤리스 무결점,"169,000",0,0
18881810,크로스오버 Q320W75 QHD IPS White Sense,"209,000",0,0
18881921,크로스오버 Q320W75 QHD IPS White Sense 무결점,"219,000",0,0
18273143,크로스오버 Q32V75 QHD IPS 75 무결점,"209,000",0,0
17022833,크로스오버 T2477 FHD75 캠퍼스 무결점,"92,000",0,0
16747169,크로스오버 T27C33 TYPE-C IPS,"172,000",0,0
51817151,크로스오버 U34EP100 커브드 리얼 100 울트라와이드 멀티스탠드 무결점,"259,000",0,0
96650180,크로스오버 듀얼뷰 2728UDP4K UHD 75 PD65,"334,260",0,0
96650186,크로스오버 듀얼뷰 2728UDP4K UHD 75 PD65 무결점,"344,490",0,0
51813029,크로스오버 듀얼뷰 28UDP4K UHD 75 PD65,"363,990",0,0
51816767,크로스오버 듀얼뷰 28UDP4K UHD 75 PD65 무결점,"364,000",0,0
19164428,크로스오버 미켈란 1560FX IPS DEX TOUCH 포터블 무결점,"1,000,000",0,0
38451089,크로스오버 미켈란 24PMT5 IPS 144 TYPE-C 멀티스탠드 블랙,"130,570",0,0
38451092,크로스오버 미켈란 24PMT5 IPS 144 TYPE-C 멀티스탠드 블랙 무결점,"141,820",0,0
38451095,크로스오버 미켈란 24PMT5 IPS 144 TYPE-C 멀티스탠드 화이트,"135,000",0,0
38451101,크로스오버 미켈란 24PMT5 IPS 144 TYPE-C 멀티스탠드 화이트 무결점,"129,060",0,0
57710495,크로스오버 미켈란 27Q75M4 IPS QHD 400 DCI-P3 멀티스탠드 블랙,"180,000",0,0
57710504,크로스오버 미켈란 27Q75M4 IPS QHD 400 DCI-P3 멀티스탠드 블랙 무결점,"175,500",0,0
57710519,크로스오버 미켈란 27Q75M4 IPS QHD 400 DCI-P3 멀티스탠드 화이트,"165,280",0,0
57710543,크로스오버 미켈란 27Q75M4 IPS QHD 400 DCI-P3 멀티스탠드 화이트 무결점,"175,490",0,0
101070293,크로스오버 미켈란 32PK6W IPS 6K Multi Professional,"898,860",0,0
101072405,크로스오버 미켈란 32PK6W IPS 6K Multi Professional 무결점,"974,990",0,0
63464939,크로스오버 미켈란 32WQ100TM IPS QHD TYPE-C DCI-P3 멀티스탠드,"999,000",0,0
63464954,크로스오버 미켈란 32WQ100TM IPS QHD TYPE-C DCI-P3 멀티스탠드 무결점,"999,000",0,0
74545976,크로스오버 미켈란 32WQ290TM Fast-IPS 게이밍 400 TYPE-C PD90 멀티스탠드,"294,810",0,0
74546000,크로스오버 미켈란 32WQ290TM Fast-IPS 게이밍 400 TYPE-C PD90 멀티스탠드 무결점,"294,350",0,0
122646858,크로스오버 미켈란 40LGD5KPRO 나노 IPS WUHD 5K FAST-120,"698,990",0,0
122646896,크로스오버 미켈란 40LGD5KPRO 나노 IPS WUHD 5K FAST-120 무결점,"727,070",0,0
122724437,크로스오버 미켈란 49UW199GW 5K DQHD PD65 H2.1 게이밍 화이트,"688,990",0,0
122724466,크로스오버 미켈란 49UW199GW 5K DQHD PD65 H2.1 게이밍 화이트 무결점,"708,990",0,0
18750152,크로스오버 오버파워 24AF3 IPS75 프리싱크 FHD 초슬림 아이세이브 무결점,"108,000",0,0
18828803,크로스오버 오버파워 24AM5 IPS 75 프리싱크 FHD 초슬림 아이세이브 무결점,"281,000",0,0
16864889,크로스오버 오버파워 24TC75 TYPE-C FHD 75,"970,000",0,0
16864916,크로스오버 오버파워 24TC75 TYPE-C FHD 75 무결점,"970,000",0,0
20049695,크로스오버 오버파워 24THE7 V100 슈퍼슬림 리얼100 HDR 아이세이브,"99,000",0,0
17311559,크로스오버 오버파워 24TZ144 FHD 144 게이밍,"104,000",0,0
17311589,크로스오버 오버파워 24TZ144 FHD 144 게이밍 무결점,"109,000",0,0
20609813,크로스오버 오버파워 32GP165C 게이밍 165 커브드,"183,980",0,0
20609837,크로스오버 오버파워 32GP165C 게이밍 165 커브드 무결점,"189,000",0,0
58911545,타라엘씨디 T220FHC CCTV NEW,"157,170",0,0
94691333,타라엘씨디 T220FHTV IPS,"144,150",0,0
11034426,타라엘씨디 TRL-110WBH,"146,010",0,0
5118334,타라엘씨디 TRL-140WTH,"165,000",0,0
2066878,타라엘씨디 TRL-150D,"122,430",0,0
19815635,타라엘씨디 TRL-150D HDMI,"124,410",0,0
19815653,타라엘씨디 TRL-150D HDMI 무결점,"120,271",0,0
17559773,타라엘씨디 TRL-150D TOUCH T형 스탠드,"195,300",0,0
17559839,타라엘씨디 TRL-150D TOUCH 원형 스탠드,"190,650",0,0
2073940,타라엘씨디 TRL-150D 무결점,"122,990",0,0
499445,타라엘씨디 TRL-150T,"135,290",0,0
2254697,타라엘씨디 TRL-160WTR IPS,"163,900",0,0
2254709,타라엘씨디 TRL-160WTR IPS 무결점,"153,450",0,0
2402724,타라엘씨디 TRL-170DS,"137,500",0,0
17559902,타라엘씨디 TRL-170DS TOUCH T형 스탠드,"244,990",0,0
287575,타라엘씨디 TRL-170T,"161,990",0,0
287579,타라엘씨디 TRL-170T 무결점,"150,660",0,0
77858258,타라엘씨디 TRL-185T IPS NEW,"146,010",0,0
75600890,타라엘씨디 TRL-190BNC NEW,"155,610",0,0
79410101,타라엘씨디 TRL-190BNC NEW TOUCH,"250,170",0,0
17566919,타라엘씨디 TRL-190D NEW 무결점,"141,360",0,0
17560175,타라엘씨디 TRL-190D TOUCH T형 스탠드,"251,100",0,0
17560310,타라엘씨디 TRL-190D TOUCH 원형 스탠드,"243,660",0,0
17565467,타라엘씨디 TRL190BNC TOUCH T형 스탠드,"239,010",0,0
17565518,타라엘씨디 TRL190BNC TOUCH 원형 스탠드,"239,010",0,0
2128453,타라엘씨디 TRM-190T 무결점,"162,750",0,0
1101407,탑솔루션 TS-1708D 터치스크린,"244,830",0,0
70874153,펀디지 Flipview 18 포터블 듀얼,"346,850",0,0
122653158,포인트프로덕트 24PMF100 IPS 아이케어,"75,000",0,0
122653173,포인트프로덕트 24PMF100 IPS 아이케어 무결점,"80,000",0,0
65911385,프리플로우 Vuti24F24PQ QHD Fast IPS 리얼 240 게이밍,"259,900",0,0
102754904,픽셀리스 PLS-E40R5K60B 5K 나노IPS 75 게이밍 무결점,"660,000",0,0
103811066,픽셀리스 X2400 HDMI FHD IPS 100 게이밍 모니터 무결점,"84,540",0,0
122679137,픽셀아트 PIXELART AURORA PAQ2712CM 블루 QHD IPS 리얼 120 멀티스탠드 무결점,"179,000",0,0
45871955,픽셀아트 PIXELART PA2230W 아이케어 프리싱크 100 UP 화이트,"76,000",0,0
45816350,픽셀아트 PIXELART PA2718F IPS 리얼 180 게이밍 블랙 무결점,"164,000",0,0
28031426,픽셀아트 PIXELART PA2718W Fast IPS 200 게이밍 화이트,"152,150",0,0
28031441,픽셀아트 PIXELART PA2718W Fast IPS 200 게이밍 화이트 무결점,"156,990",0,0
28333433,픽셀아트 PIXELART PA2740W IPS 리얼 144 게이밍 화이트,"122,540",0,0
28333514,픽셀아트 PIXELART PA2740W IPS 리얼 144 게이밍 화이트 무결점,"123,570",0,0
96580508,픽셀아트 PIXELART PA3202W 화이트 HDR 200 게이밍,"213,400",0,0
93630032,픽셀아트 PIXELART PA3242IPS IPS 게이밍 100,"148,950",0,0
93630050,픽셀아트 PIXELART PA3242IPS IPS 게이밍 100 무결점,"151,000",0,0
62175701,픽셀아트 PIXELART PAQ2718W Fast IPS QHD 리얼 180 게이밍 화이트,"186,560",0,0
13354727,픽셀아트 PIXELART PAQ2750F QHD 리얼 165 게이밍,"149,440",0,0
58113530,픽셀아트 PIXELART PAQ3410W 화이트 커브드 멀티스탠드 WQHD 100,"255,910",0,0
62176250,픽셀아트 PIXELART PAU2711W IPS 리얼 4K UHD HDR 화이트,"198,930",0,0
62176262,픽셀아트 PIXELART PAU2711W IPS 리얼 4K UHD HDR 화이트 무결점,"208,610",0,0
96651539,픽셀아트 PIXELART PAU3211W 화이트 리얼 4K UHD HDR 무결점,"247,320",0,0
105969080,픽셀아트 PIXELART X2726WM 화이트 Fast-IPS 게이밍 260 HDR 멀티스탠드 무결점,"216,130",0,0
124289143,픽셀아트 PIXELART X3418WM 화이트 Fast VA 커브드 WQHD 게이밍 180 멀티스탠드,"297,460",0,0
124289164,픽셀아트 PIXELART X3418WM 화이트 Fast VA 커브드 WQHD 게이밍 180 멀티스탠드 무결점,"307,090",0,0
58104992,필립스 221V8 프리싱크 100 시력보호 보더리스 무결점,"103,440",0,0
9261963,필립스 222B9 멀티터치 시력보호 무결점,"386,060",0,0
74249408,필립스 222B9T 멀티터치 시력보호 무결점,"359,660",0,0
3331222,필립스 224E5E 시력보호 무결점,"210,000",0,0
10093407,필립스 241E1 프리싱크 75 시력보호 제로베젤 무결점,"149,000",0,0
17770442,필립스 241V8L 프리싱크 75 시력보호 보더리스 무결점,"138,710",0,0
9262095,필립스 242B9 멀티터치 시력보호 무결점,"378,640",0,0
19406642,필립스 242S1 IPS 멀티스탠드 시력보호 무결점,"199,000",0,0
122661348,필립스 24B2N2200G 144 IPS 원형편광 아이케어 보더리스 게이밍 무결점,"127,330",0,0
122693037,필립스 24B2N2200GW 144 IPS 원형편광 아이케어 보더리스 게이밍 화이트 무결점,"134,180",0,0
106749362,필립스 24B2N3200 120 IPS 보더리스 시력보호 멀티스탠드 무결점,"179,350",0,0
74887622,필립스 24E1N1300 USB-C 4면 보더리스 100 높낮이 무결점,"179,000",0,0
95523221,필립스 24E1N2100AW 120 시력보호 4면 보더리스 스피커 화이트 무결점,"129,000",0,0
99321839,필립스 25E2G2200 게이밍 144 프리싱크 HDR 무결점,"122,420",0,0
10092744,필립스 271E1 프리싱크 75 시력보호 제로베젤 무결점,"169,000",0,0
12458834,필립스 271V 보더리스 IPS 75 시력보호 무결점,"185,070",0,0
13277138,필립스 271V 보더리스 IPS 75 시력보호 화이트 무결점,"199,000",0,0
27693587,필립스 271V8B 프리싱크 100 시력보호 보더리스 무결점,"197,000",0,0
12855134,필립스 272E 게이밍 144 프리싱크 무결점,"199,000",0,0
16964570,필립스 272M1RPE 게이밍 240 프리싱크 HDR 무결점,"289,000",0,0
19406945,필립스 272S1 IPS 멀티스탠드 시력보호 무결점,"207,820",0,0
14597327,필립스 273B9 USB-C 프리싱크 높낮이 시력보호 무결점,"199,000",0,0
15399155,필립스 273E1 프리싱크 75 시력보호 화이트 높낮이 무결점,"159,000",0,0
14449994,필립스 275B1 QHD 웹캠 75 시력보호 무결점,"299,000",0,0
19407944,필립스 275S1 IPS QHD 멀티스탠드 시력보호 무결점,"318,990",0,0
13947275,필립스 276B9 QHD USB-C 75 높낮이 시력보호 무결점,"438,440",0,0
123589347,필립스 27B2N2200G 144 IPS 원형편광 아이케어 보더리스 게이밍 무결점,"158,360",0,0
122695852,필립스 27B2N3200A 120 IPS 보더리스 시력보호 멀티스탠드 무결점,"179,350",0,0
124021741,필립스 27B2N3500G QHD 144 IPS 원형편광 아이케어 멀티스탠드 게이밍 무결점,"228,240",0,0
74887637,필립스 27E1N1300 USB-C 4면 보더리스 100 높낮이 무결점,"199,000",0,0
79550684,필립스 27E1N1600 QHD USB-C 4면 보더리스 100 높낮이 무결점,"302,720",0,0
97405772,필립스 27E1N2100A 120 시력보호 4면 보더리스 스피커 무결점,"134,750",0,0
95523419,필립스 27E1N2100AW 120 시력보호 4면 보더리스 스피커 화이트 무결점,"150,890",0,0
63028016,필립스 27E2F7901 IPS 블랙 도킹스테이션 HDR 400 멀티스탠드 무결점,"663,340",0,0
99322388,필립스 27E2G2200 게이밍 144 프리싱크 HDR 무결점,"130,010",0,0
106749536,필립스 27E2G5500W QHD 144 프리싱크 HDR 게이밍 화이트 높낮이 무결점,"235,850",0,0
79477688,필립스 27E2N1500 120 보더리스 IPS QHD 시력보호 무결점,"189,000",0,0
101188928,필립스 27E2N1500L QHD IPS 보더리스 HDR 시력보호 무결점,"177,620",0,0
77016029,필립스 27M1N3200Z 게이밍 165 프리싱크 높낮이 무결점,"249,000",0,0
16964885,필립스 27M1N3200Z 게이밍 165 프리싱크 무결점,"325,000",0,0
17233535,필립스 27M1N5500ZA 나노 IPS QHD 170 프리싱크 HDR 게이밍 ECO 무결점,"299,000",0,0
12097439,필립스 288E 4K UHD 시력보호 무결점,"362,180",0,0
10929951,필립스 325M8 QHD 144 프리싱크 게이밍 무결점,"289,000",0,0
12814937,필립스 326M 4K HDR 600 UHD 시력보호 높낮이 무결점,"821,590",0,0
96979409,필립스 32E1N1800 4K UHD 보더리스 HDR 시력보호 스피커 무결점,"319,000",0,0
123981104,필립스 32E1N1800LA 4K UHD 10비트 HDR 크리에이터 무결점,"319,000",0,0
96979502,필립스 32E1N3500 QHD 100 IPS 보더리스 HDR 시력보호 무결점,"240,500",0,0
20343617,필립스 345E2LE 울트라와이드 WQHD 100 시력보호 무결점,"503,430",0,0
122708123,필립스 34B2U5900C 울트라와이드 5K 240 듀얼 모드 USB-C PD140 도킹 높낮이 시력보호 무결점,"799,000",0,0
12726362,필립스 438P1 4K UHD 시력보호 무결점,"849,000",0,0
98761280,필립스 에브니아 24M2N3200FQ 200 FAST IPS 프리싱크 AI HDR 게이밍 무결점,"158,000",0,0
77279516,필립스 에브니아 24M2N3200L 180 프리싱크 HDR 게이밍 무결점,"169,000",0,0
60247238,필립스 에브니아 24M2N3200S 180 프리싱크 HDR 게이밍 무결점,"194,000",0,0
20138156,필립스 에브니아 27M1C5500VL QHD 165 프리싱크 HDR 게이밍 무결점,"239,000",0,0
67681508,필립스 에브니아 27M1N5500ZR 나노 IPS QHD 180 HDR 400 무결점,"492,520",0,0
28574996,필립스 에브니아 27M2C5500W QHD 240 프리싱크 HDR 400 게이밍 무결점,"299,000",0,0
63272567,필립스 에브니아 27M2N3200A 180 프리싱크 HDR 게이밍 피벗 무결점,"239,000",0,0
98761361,필립스 에브니아 27M2N3200FQ 200 FAST IPS 프리싱크 AI HDR 게이밍 무결점,"169,870",0,0
77279708,필립스 에브니아 27M2N3200L 180 프리싱크 HDR 게이밍 무결점,"189,000",0,0
60247340,필립스 에브니아 27M2N3200S 180 프리싱크 HDR 게이밍 무결점,"219,000",0,0
99916889,필립스 에브니아 27M2N3201A 200 FAST IPS 프리싱크 HDR 게이밍 스피커 화이트 무결점,"207,820",0,0
124166664,필립스 에브니아 27M2N3201PL 260 FAST IPS 지싱크 Ai HDR 게이밍 화이트 무결점,"209,000",0,0
100384730,필립스 에브니아 27M2N3500PF QHD 260 FAST IPS 프리싱크 AI HDR 게이밍 무결점,"249,000",0,0
102355922,필립스 에브니아 27M2N3500UK QHD 320 FAST IPS 원형편광 HDR 400 무결점,"343,570",0,0
100272935,필립스 에브니아 27M2N3501PA QHD 260 FAST IPS 프리싱크 HDR 게이밍 스피커 화이트 무결점,"289,000",0,0
108416801,필립스 에브니아 27M2N3501PF QHD 260 FAST IPS 지싱크 Ai HDR 게이밍 무결점,"249,000",0,0
47324330,필립스 에브니아 27M2N5500 QHD 180 프리싱크 HDR 400 게이밍 무결점,"329,000",0,0
74249525,필립스 에브니아 27M2N5500L QHD 180 프리싱크 HDR 400 게이밍 무결점,"318,990",0,0
100384016,필립스 에브니아 27M2N5500LQ QHD 200 FAST IPS 프리싱크 HDR 400 게이밍 무결점,"268,350",0,0
122634935,필립스 에브니아 27M2N5500P QHD 240 FAST IPS 프리싱크 HDR 400 게이밍 무결점,"299,000",0,0
100384973,필립스 에브니아 27M2N5500P QHD 260 FAST IPS 프리싱크 HDR 400 게이밍 무결점,"269,000",0,0
78982706,필립스 에브니아 27M2N5501 QHD 180 프리싱크 HDR 400 게이밍 화이트 무결점,"350,170",0,0
62563757,필립스 에브니아 27M2N5510P QHD 240 HDR 400 게이밍 피벗 무결점,"278,570",0,0
62563808,필립스 에브니아 27M2N5511P QHD 240 HDR 400 게이밍 화이트 무결점,"399,000",0,0
97956311,필립스 에브니아 27M2N5800 4K UHD 듀얼 모드 320 HDR 400 게이밍 무결점,"419,000",0,0
100003475,필립스 에브니아 27M2N5800P 4K UHD 듀얼 모드 480 HDR 400 게이밍 무결점,"752,150",0,0
106703984,필립스 에브니아 27M2N6501L QHD OLED 240 지싱크 HDR 멀티스탠드 게이밍 화이트 무결점,"579,000",0,0
122686062,필립스 에브니아 27M2N6550PF QHD OLED 280 지싱크 HDR 500 Ai 게이밍 무결점,"659,000",0,0
72816158,필립스 에브니아 27M2N8500 QHD OLED 360 프리싱크 HDR 게이밍 화이트 무결점,"799,000",0,0
19789268,필립스 에브니아 32M1C5500VL QHD 165 프리싱크 HDR 게이밍 무결점,"312,220",0,0
101544434,필립스 에브니아 32M2N5800 4K UHD 듀얼 모드 320 HDR 400 게이밍 무결점,"499,000",0,0
70875281,필립스 에브니아 32M2N8800 UHD OLED 240 프리싱크 HDR 게이밍 화이트 무결점,"879,000",0,0
93443681,필립스 에브니아 32M2N8900 UHD OLED 240 게이밍 USB-C 화이트 무결점,"909,000",0,0
99555077,필립스 에브니아 34M2C3500L WQHD 180 프리싱크 AI HDR 게이밍 무결점,"350,180",0,0
70875113,필립스 에브니아 34M2C5500 WQHD 180 프리싱크 HDR 400 게이밍 무결점,"499,000",0,0
49997099,필립스 에브니아 34M2C8600 WQHD OLED 175 프리싱크 HDR 게이밍 화이트 무결점,"1,060,000",0,0
104563463,하이드림LCD HDL-T215H2-LED,"327,990",0,0
78781265,한성컴퓨터 TFG24F14P2 FHD IPS 144 게이밍,"108,900",0,0
78781277,한성컴퓨터 TFG24F14P2 FHD IPS 144 게이밍 무결점,"114,000",0,0
90506087,한성컴퓨터 TFG24F18V FHD 180 게이밍,"129,000",0,0
91495595,한성컴퓨터 TFG24F24P Fast IPS FHD 240 게이밍,"139,000",0,0
91495604,한성컴퓨터 TFG24F24P Fast IPS FHD 240 게이밍 무결점,"144,000",0,0
76333163,한성컴퓨터 TFG24F32P FHD Fast IPS 리얼 320 게이밍 무결점,"199,000",0,0
106721861,한성컴퓨터 TFG24F40PCMW FHD Fast IPS 400 게이밍 화이트,"299,000",0,0
106721864,한성컴퓨터 TFG24F40PCMW FHD Fast IPS 400 게이밍 화이트 무결점,"319,000",0,0
124101319,한성컴퓨터 TFG24F40PMB FHD Fast IPS Mini LED 400 게이밍 무결점,"339,000",0,0
122701609,한성컴퓨터 TFG24F62TCMW FHD Fast TN 620 게이밍 화이트 무결점,"719,000",0,0
96852128,한성컴퓨터 TFG24Q14P QHD IPS 144 게이밍 무결점,"158,980",0,0
124101365,한성컴퓨터 TFG24Q24PB QHD Fast IPS 240 게이밍 무결점,"259,000",0,0
97470863,한성컴퓨터 TFG24Q24PM576Z QHD Fast IPS QD Mini LED 240 게이밍 무결점,"369,000",0,0
122693794,한성컴퓨터 TFG24Q27P QHD Fast IPS 275 게이밍 무결점,"238,980",0,0
15374369,한성컴퓨터 TFG26F07WP IPS 울트라와이드,"169,000",0,0
79385003,한성컴퓨터 TFG27F14P2 FHD IPS 144 게이밍,"139,000",0,0
79385018,한성컴퓨터 TFG27F14P2 FHD IPS 144 게이밍 무결점,"144,000",0,0
104615321,한성컴퓨터 TFG27F14PMW FHD IPS 144 게이밍 화이트,"179,000",0,0
91114247,한성컴퓨터 TFG27F14V FHD 144 게이밍 무결점,"144,000",0,0
79401962,한성컴퓨터 TFG27F24P2 FHD Fast IPS 240 게이밍,"169,000",0,0
95985887,한성컴퓨터 TFG27Q14P2 QHD IPS 144 게이밍,"179,000",0,0
95985902,한성컴퓨터 TFG27Q14P2 QHD IPS 144 게이밍 무결점,"189,000",0,0
103329209,한성컴퓨터 TFG27Q14PMW QHD IPS 144 게이밍 화이트,"218,900",0,0
103329212,한성컴퓨터 TFG27Q14PMW QHD IPS 144 게이밍 화이트 무결점,"229,000",0,0
30191054,한성컴퓨터 TFG27Q24FM QHD QD Mini LED 240 게이밍 무결점,"369,000",0,0
103451891,한성컴퓨터 TFG27Q24FM180ZMW QHD QD Mini LED 240 듀얼모드 게이밍 화이트 무결점,"319,000",0,0
90702830,한성컴퓨터 TFG27Q24P2 QHD Fast IPS 240 게이밍 무결점,"259,000",0,0
124326357,한성컴퓨터 TFG27Q24PM1152Z QHD Fast IPS QD Mini LED 240 게이밍,"299,000",0,0
124326386,한성컴퓨터 TFG27Q24PM1152Z QHD Fast IPS QD Mini LED 240 게이밍 무결점,"429,030",0,0
122616472,한성컴퓨터 TFG27Q24V QHD 240 듀얼모드 게이밍,"209,000",0,0
122616473,한성컴퓨터 TFG27Q24V QHD 240 듀얼모드 게이밍 무결점,"219,000",0,0
106721858,한성컴퓨터 TFG27Q32PCMW QHD Fast IPS 320 게이밍 화이트 무결점,"369,000",0,0
90502940,한성컴퓨터 TFG27Q32PM1152Z QHD Fast IPS QD Mini LED 320 게이밍 무결점,"419,000",0,0
124351401,한성컴퓨터 TFG27Q42PCMW QHD Fast IPS 425 게이밍 화이트,가격비교예정,0,0
124351447,한성컴퓨터 TFG27Q42PCMW QHD Fast IPS 425 게이밍 화이트 무결점,가격비교예정,0,0
100193792,한성컴퓨터 TFG27U06P2 UHD 4K IPS,"209,000",0,0
100193807,한성컴퓨터 TFG27U06P2 UHD 4K IPS 무결점,"219,000",0,0
18269147,한성컴퓨터 TFG27U14P UHD IPS 리얼 144 게이밍 USB Type-C 400 무결점,"671,720",0,0
123972029,한성컴퓨터 TFG27U16FLMW QD-OLED UHD 165 게이밍 화이트,"799,000",0,0
123972058,한성컴퓨터 TFG27U16FLMW QD-OLED UHD 165 게이밍 화이트 무결점,"829,000",0,0
123590337,한성컴퓨터 TFG27U24FLMW QD-OLED UHD 240 게이밍 화이트 무결점,"928,980",0,0
15377177,한성컴퓨터 TFG29F07WP IPS 울트라와이드,"199,000",0,0
15377228,한성컴퓨터 TFG29F07WP IPS 울트라와이드 무결점,"209,000",0,0
14252126,한성컴퓨터 TFG30F20W 울트라와이드 리얼 200 게이밍,"249,000",0,0
81751145,한성컴퓨터 TFG32F24V2 FHD 240 게이밍,"209,000",0,0
78614858,한성컴퓨터 TFG32Q10P QHD IPS 100,"219,000",0,0
78614861,한성컴퓨터 TFG32Q10P QHD IPS 100 무결점,"229,000",0,0
123982299,한성컴퓨터 TFG32Q14FD QHD 144 게이밍,"228,980",0,0
123982334,한성컴퓨터 TFG32Q14FD QHD 144 게이밍 무결점,"239,000",0,0
122701544,한성컴퓨터 TFG32Q14FMW QHD 144 게이밍 화이트 무결점,"279,000",0,0
76508282,한성컴퓨터 TFG32Q18V QHD 커브드 리얼 180 게이밍 무결점,"249,000",0,0
76551227,한성컴퓨터 TFG32Q24V2 QHD 커브드 리얼 240 게이밍 무결점,"329,000",0,0
124181890,한성컴퓨터 TFG32U1428PMW IPS UHD 144 FHD 288 듀얼모드 게이밍 화이트,"449,000",0,0
124181916,한성컴퓨터 TFG32U1428PMW IPS UHD 144 FHD 288 듀얼모드 게이밍 화이트 무결점,"541,320",0,0
17593070,한성컴퓨터 TFG32U14PQ UHD IPS 리얼 160 게이밍 USB Type-C 600 무결점,"569,000",0,0
101069885,한성컴퓨터 TFG32U14V UHD 4K 144 게이밍,"429,000",0,0
101069894,한성컴퓨터 TFG32U14V UHD 4K 144 게이밍 무결점,"449,000",0,0
102007568,한성컴퓨터 TFG32U14VM1152ZMW UHD 4K QD Mini LED 144 게이밍 화이트,"549,000",0,0
102007613,한성컴퓨터 TFG32U14VM1152ZMW UHD 4K QD Mini LED 144 게이밍 화이트 무결점,"579,000",0,0
101080295,한성컴퓨터 TFG32U16PM2304ZMW Fast IPS QD Mini LED UHD 160 FHD 320 듀얼모드 게이밍 화이트,"749,000",0,0
101189444,한성컴퓨터 TFG32U16PM2304ZMW Fast IPS QD Mini LED UHD 160 FHD 320 듀얼모드 게이밍 화이트 무결점,"779,000",0,0
9490230,한성컴퓨터 TFG34Q10W 커브드 게이밍 리얼 100 무결점,"279,000",0,0
15471848,한성컴퓨터 TFG34Q14W 커브드 리얼 180 울트라와이드 게이밍 무결점,"319,000",0,0
122693660,한성컴퓨터 TFG34Q16WP WQHD IPS 165 울트라와이드 게이밍 무결점,"349,000",0,0
70619549,한성컴퓨터 TFG34Q24W 커브드 리얼 240 울트라와이드 게이밍,"399,000",0,0
13887527,한성컴퓨터 TFG39Q14V QHD 커브드 리얼 165 게이밍,"429,000",0,0
13887533,한성컴퓨터 TFG39Q14V QHD 커브드 리얼 165 게이밍 무결점,"449,000",0,0
15611117,한성컴퓨터 TFG40Q14WP IPS 게이밍 리얼 144 울트라와이드 USB Type-C,"494,010",0,0
104548925,한성컴퓨터 TFG40Q14WP IPS 게이밍 리얼 144 울트라와이드 USB Type-C 무결점,"529,000",0,0
101628641,한성컴퓨터 TFG40U10WP WUHD IPS 100 USB Type-C 허브 화이트,"649,000",0,0
101628644,한성컴퓨터 TFG40U10WP WUHD IPS 100 USB Type-C 허브 화이트 무결점,"679,000",0,0
122714595,한성컴퓨터 TFG40U12PW WUHD Nano IPS Black 120 게이밍,"649,000",0,0
122714636,한성컴퓨터 TFG40U12PW WUHD Nano IPS Black 120 게이밍 무결점,"679,000",0,0
11702585,한성컴퓨터 TFG49Q12UW 울트라와이드 듀얼QHD 리얼 120,"698,980",0,0
60246902,한성컴퓨터 TFG49Q24UWL QD-OLED DQHD 리얼 240 울트라와이드 게이밍,"1,099,000",0,0
60246917,한성컴퓨터 TFG49Q24UWL QD-OLED DQHD 리얼 240 울트라와이드 게이밍 무결점,"1,129,000",0,0
6493721,한성컴퓨터 ULTRON 4977SUC 퀀텀닷 리얼 144 울트라와이드 게이밍,"649,000",0,0
76791242,현대디지텍코어 LOGICA F24DH100 IPS 리얼 100 무결점,"92,000",0,0
76791107,현대디지텍코어 LOGICA F27DH100 IPS 리얼 100 무결점,"118,080",0,0
97224662,현대디지텍코어 LOGICA F27DH100 IPS 리얼 100 화이트 무결점,"120,170",0,0
93565877,현대디지텍코어 LOGICA GFH2700IPS REAL 180 게이밍 화이트 무결점,"161,000",0,0
