Id,Name,2026-08-01 19:48:44,2026-08-02 07:07:32,2026-08-02 19:49:12,2026-08-03 07:04:15,2026-08-03 21:35:16,2026-08-04 07:16:42,2026-08-04 20:34:21,2026-08-05 07:22:23,2026-08-05 20:29:28,2026-08-06 07:20:30,2026-08-06 20:32:54,2026-08-07 10:06:13,2026-08-07 19:09:41,2026-08-08 06:49:35,2026-08-08 18:48:24,2026-08-09 06:40:28
10363848,ACPI DDR3-1600,"8GB_2,603원/1GB_20,820","8GB_2,598원/1GB_20,780","8GB_2,598원/1GB_20,780","8GB_2,598원/1GB_20,780","8GB_2,875원/1GB_23,000","8GB_2,875원/1GB_20,690","8GB_2,636원/1GB_21,090","8GB_2,636원/1GB_21,090","8GB_2,636원/1GB_21,090","8GB_2,624원/1GB_20,990","8GB_2,875원/1GB_23,000","8GB_2,875원/1GB_23,000","8GB_2,636원/1GB_21,090","8GB_2,636원/1GB_21,090","8GB_2,875원/1GB_23,000","8GB_2,636원/1GB_21,090"
17020214,ADATA DDR4-3200 CL22 중고,"16GB_8,688원/1GB_139,000","16GB_8,688원/1GB_139,000","16GB_8,688원/1GB_139,000","16GB_8,688원/1GB_139,000","16GB_8,063원/1GB_129,000","16GB_8,063원/1GB_129,000","16GB_8,063원/1GB_129,000","16GB_8,063원/1GB_129,000","16GB_8,063원/1GB_129,000","16GB_8,063원/1GB_129,000","16GB_9,938원/1GB_159,000","16GB_9,938원/1GB_159,000","16GB_9,938원/1GB_159,000","16GB_9,938원/1GB_159,000","16GB_9,938원/1GB_159,000","16GB_9,938원/1GB_159,000"
94450340,ADATA DDR4-3200 CL22 파인인포,"_32GB_12,968원/1GB_414,960|16GB_11,817원/1GB_189,070|_8GB_11,546원/1GB_92,370","_32GB_12,968원/1GB_414,960|16GB_11,817원/1GB_189,070|_8GB_11,546원/1GB_92,370","_32GB_12,968원/1GB_414,960|16GB_11,817원/1GB_189,070|_8GB_11,544원/1GB_92,350","_32GB_12,968원/1GB_414,960|16GB_11,817원/1GB_189,070|_8GB_11,544원/1GB_92,350","_32GB_12,968원/1GB_414,960|16GB_11,817원/1GB_189,070|_8GB_11,536원/1GB_92,290","_32GB_12,968원/1GB_414,960|16GB_11,817원/1GB_189,070|_8GB_11,536원/1GB_92,290","_32GB_12,968원/1GB_414,960|16GB_11,817원/1GB_189,070|_8GB_11,524원/1GB_92,190","_32GB_12,968원/1GB_414,960|16GB_11,817원/1GB_189,070|_8GB_11,525원/1GB_92,200","_32GB_12,968원/1GB_414,960|16GB_11,817원/1GB_189,070|_8GB_11,524원/1GB_92,190","_32GB_12,968원/1GB_414,960|16GB_11,817원/1GB_189,070|_8GB_11,525원/1GB_92,200","_32GB_12,968원/1GB_414,960|16GB_11,817원/1GB_189,070|_8GB_11,524원/1GB_92,190","_32GB_12,968원/1GB_414,960|16GB_11,817원/1GB_189,070|_8GB_11,513원/1GB_92,100","_32GB_12,968원/1GB_414,960|16GB_11,817원/1GB_189,070|_8GB_11,513원/1GB_92,100","_32GB_12,968원/1GB_414,960|16GB_11,817원/1GB_189,070|_8GB_11,499원/1GB_91,990","_32GB_12,968원/1GB_414,960|16GB_11,817원/1GB_189,070|_8GB_11,474원/1GB_91,790","_32GB_12,968원/1GB_414,960|16GB_11,817원/1GB_189,070|_8GB_11,474원/1GB_91,790"
15598841,ADATA DDR5-5200 CL38 LANCER 블랙 패키지,"32GB(16Gx2)_24,346원/1GB_779,080","32GB(16Gx2)_24,346원/1GB_779,080","32GB(16Gx2)_24,346원/1GB_779,080","32GB(16Gx2)_24,346원/1GB_779,080","32GB(16Gx2)_24,346원/1GB_779,080","32GB(16Gx2)_24,346원/1GB_779,080","32GB(16Gx2)_24,346원/1GB_779,080","32GB(16Gx2)_24,346원/1GB_779,080","32GB(16Gx2)_24,346원/1GB_779,080","32GB(16Gx2)_24,346원/1GB_779,080","32GB(16Gx2)_24,346원/1GB_779,080","32GB(16Gx2)_24,346원/1GB_779,080","32GB(16Gx2)_24,346원/1GB_779,080","32GB(16Gx2)_24,346원/1GB_779,080","32GB(16Gx2)_24,346원/1GB_779,080","32GB(16Gx2)_24,346원/1GB_779,080"
104374652,ADATA DDR5-5600 CL46 ARMAX 서린,"16GB_20,188원/1GB_323,000","16GB_20,188원/1GB_323,000","16GB_20,188원/1GB_323,000","16GB_20,188원/1GB_323,000","16GB_20,188원/1GB_323,000","16GB_20,188원/1GB_323,000","16GB_19,975원/1GB_319,600","16GB_19,975원/1GB_319,600","16GB_20,939원/1GB_335,030","16GB_20,939원/1GB_335,020","16GB_20,939원/1GB_335,020","16GB_20,939원/1GB_335,030","16GB_20,586원/1GB_329,380","16GB_20,663원/1GB_330,600","16GB_20,663원/1GB_330,600","16GB_20,663원/1GB_330,600"
103415363,ADATA DDR5-5600 CL46 ARMAX 파인인포,"16GB_20,703원/1GB_331,250","16GB_20,703원/1GB_331,250","16GB_20,703원/1GB_331,250","16GB_20,703원/1GB_331,250","16GB_20,703원/1GB_331,250","16GB_20,703원/1GB_331,250","16GB_20,703원/1GB_331,250","16GB_20,703원/1GB_331,250","16GB_20,703원/1GB_331,250","16GB_20,703원/1GB_331,250","16GB_20,703원/1GB_331,250","16GB_20,703원/1GB_331,250","16GB_20,703원/1GB_331,250","16GB_20,703원/1GB_331,250","16GB_20,703원/1GB_331,250","16GB_20,703원/1GB_331,250"
76071389,ADATA DDR5-5600 CL46 ECC/REG,"32GB_67,173원/1GB_2,149,550","32GB_67,173원/1GB_2,149,540","32GB_67,171원/1GB_2,149,470","32GB_67,170원/1GB_2,149,450","32GB_67,173원/1GB_2,149,550","32GB_67,173원/1GB_2,149,550","32GB_67,173원/1GB_2,149,550","32GB_67,174원/1GB_2,149,560","32GB_67,173원/1GB_2,149,550","32GB_67,174원/1GB_2,149,560","32GB_67,173원/1GB_2,149,550","32GB_67,174원/1GB_2,149,560","32GB_67,173원/1GB_2,149,550","32GB_67,173원/1GB_2,149,550","32GB_67,173원/1GB_2,149,550","32GB_67,173원/1GB_2,149,550"
122616740,ADATA DDR5-5600 CL46 ECC/REG 서린,"64GB_63,937원/1GB_4,091,970","64GB_63,937원/1GB_4,091,970","64GB_63,937원/1GB_4,091,970","64GB_63,937원/1GB_4,091,970","64GB_63,937원/1GB_4,091,970","64GB_63,937원/1GB_4,091,970","64GB_63,937원/1GB_4,091,970","64GB_63,937원/1GB_4,091,970","64GB_63,937원/1GB_4,091,980","64GB_63,937원/1GB_4,091,970","64GB_63,937원/1GB_4,091,970","64GB_63,937원/1GB_4,091,980","64GB_63,937원/1GB_4,091,980","64GB_63,937원/1GB_4,091,970","64GB_63,937원/1GB_4,091,970","64GB_63,937원/1GB_4,091,970"
105818030,ADATA DDR5-5600 CL46 ECC/REG 파인인포,"16GB_62,999원/1GB_1,007,990|_32GB_66,525원/1GB_2,128,800|_64GB_63,176원/1GB_4,043,260","16GB_62,999원/1GB_1,007,990|_32GB_66,525원/1GB_2,128,800|_64GB_63,176원/1GB_4,043,260","16GB_62,999원/1GB_1,007,990|_32GB_66,525원/1GB_2,128,800|_64GB_63,176원/1GB_4,043,260","16GB_62,999원/1GB_1,007,990|_32GB_66,525원/1GB_2,128,800|_64GB_63,176원/1GB_4,043,260","16GB_62,999원/1GB_1,007,990|_32GB_66,525원/1GB_2,128,800|_64GB_63,176원/1GB_4,043,260","16GB_62,999원/1GB_1,007,990|_32GB_66,525원/1GB_2,128,800|_64GB_63,176원/1GB_4,043,260","16GB_62,999원/1GB_1,007,990|_32GB_66,525원/1GB_2,128,800|_64GB_63,176원/1GB_4,043,260","16GB_62,999원/1GB_1,007,990|_32GB_66,525원/1GB_2,128,800|_64GB_63,176원/1GB_4,043,260","16GB_62,999원/1GB_1,007,990|_32GB_66,525원/1GB_2,128,800|_64GB_63,176원/1GB_4,043,260","16GB_62,999원/1GB_1,007,990|_32GB_66,525원/1GB_2,128,800|_64GB_63,176원/1GB_4,043,260","16GB_62,999원/1GB_1,007,990|_32GB_66,525원/1GB_2,128,800|_64GB_63,176원/1GB_4,043,260","16GB_62,999원/1GB_1,007,990|_32GB_66,525원/1GB_2,128,800|_64GB_63,176원/1GB_4,043,260","16GB_62,999원/1GB_1,007,990|_32GB_66,525원/1GB_2,128,800|_64GB_63,176원/1GB_4,043,260","16GB_62,999원/1GB_1,007,990|_32GB_66,525원/1GB_2,128,800|_64GB_63,176원/1GB_4,043,260","16GB_62,999원/1GB_1,007,990|_32GB_66,525원/1GB_2,128,800|_64GB_63,176원/1GB_4,043,260","16GB_62,999원/1GB_1,007,990|_32GB_66,525원/1GB_2,128,800|_64GB_63,176원/1GB_4,043,260"
105818036,ADATA DDR5-5600 CL46 ECC/REG 파인인포,"16GB_62,999원/1GB_1,007,990|_32GB_66,525원/1GB_2,128,800|_64GB_63,176원/1GB_4,043,260","16GB_62,999원/1GB_1,007,990|_32GB_66,525원/1GB_2,128,800|_64GB_63,176원/1GB_4,043,260","16GB_62,999원/1GB_1,007,990|_32GB_66,525원/1GB_2,128,800|_64GB_63,176원/1GB_4,043,260","16GB_62,999원/1GB_1,007,990|_32GB_66,525원/1GB_2,128,800|_64GB_63,176원/1GB_4,043,260","16GB_62,999원/1GB_1,007,990|_32GB_66,525원/1GB_2,128,800|_64GB_63,176원/1GB_4,043,260","16GB_62,999원/1GB_1,007,990|_32GB_66,525원/1GB_2,128,800|_64GB_63,176원/1GB_4,043,260","16GB_62,999원/1GB_1,007,990|_32GB_66,525원/1GB_2,128,800|_64GB_63,176원/1GB_4,043,260","16GB_62,999원/1GB_1,007,990|_32GB_66,525원/1GB_2,128,800|_64GB_63,176원/1GB_4,043,260","16GB_62,999원/1GB_1,007,990|_32GB_66,525원/1GB_2,128,800|_64GB_63,176원/1GB_4,043,260","16GB_62,999원/1GB_1,007,990|_32GB_66,525원/1GB_2,128,800|_64GB_63,176원/1GB_4,043,260","16GB_62,999원/1GB_1,007,990|_32GB_66,525원/1GB_2,128,800|_64GB_63,176원/1GB_4,043,260","16GB_62,999원/1GB_1,007,990|_32GB_66,525원/1GB_2,128,800|_64GB_63,176원/1GB_4,043,260","16GB_62,999원/1GB_1,007,990|_32GB_66,525원/1GB_2,128,800|_64GB_63,176원/1GB_4,043,260","16GB_62,999원/1GB_1,007,990|_32GB_66,525원/1GB_2,128,800|_64GB_63,176원/1GB_4,043,260","16GB_62,999원/1GB_1,007,990|_32GB_66,525원/1GB_2,128,800|_64GB_63,176원/1GB_4,043,260","16GB_62,999원/1GB_1,007,990|_32GB_66,525원/1GB_2,128,800|_64GB_63,176원/1GB_4,043,260"
81036575,ADATA DDR5-5600 CL46 LANCER BLADE 블랙 서린,"_16GB_20,188원/1GB_323,000|_32GB_19,375원/1GB_620,000","_16GB_20,188원/1GB_323,000|_32GB_19,375원/1GB_620,000","_16GB_20,188원/1GB_323,000|_32GB_19,375원/1GB_620,000","_16GB_20,188원/1GB_323,000|_32GB_19,375원/1GB_620,000","_16GB_20,188원/1GB_323,000|_32GB_19,375원/1GB_620,000","_16GB_20,188원/1GB_323,000|_32GB_19,375원/1GB_620,000","_16GB_19,975원/1GB_319,600|_32GB_19,375원/1GB_620,000","_16GB_19,975원/1GB_319,600|_32GB_19,375원/1GB_620,000",0,0,0,0,0,0,0,0
81036614,ADATA DDR5-5600 CL46 LANCER BLADE 블랙 서린,0,0,0,0,0,0,0,0,"_16GB_21,250원/1GB_340,000|_32GB_20,250원/1GB_648,000","_16GB_21,249원/1GB_339,980|_32GB_20,250원/1GB_647,990","_16GB_20,776원/1GB_332,420|_32GB_20,250원/1GB_648,000","_16GB_20,776원/1GB_332,420|_32GB_20,250원/1GB_648,000","_16GB_20,704원/1GB_331,270|_32GB_20,156원/1GB_645,000","_16GB_20,781원/1GB_332,500|_32GB_20,156원/1GB_645,000","_16GB_20,781원/1GB_332,500|_32GB_20,156원/1GB_645,000","_16GB_20,781원/1GB_332,500|_32GB_20,156원/1GB_645,000"
95205869,ADATA DDR5-5600 CL46 LANCER BLADE 블랙 파인인포,"_32GB_19,374원/1GB_619,980|_16GB_20,500원/1GB_328,000","_32GB_19,374원/1GB_619,980|_16GB_20,500원/1GB_328,000","_32GB_19,374원/1GB_619,980|_16GB_20,500원/1GB_328,000","_32GB_19,374원/1GB_619,980|_16GB_20,500원/1GB_328,000","_32GB_19,374원/1GB_619,980|_16GB_20,500원/1GB_328,000","_32GB_19,374원/1GB_619,980|_16GB_20,500원/1GB_328,000","_32GB_19,374원/1GB_619,980|_16GB_20,500원/1GB_328,000","_32GB_19,374원/1GB_619,980|_16GB_20,500원/1GB_328,000","_32GB_20,391원/1GB_652,500|_16GB_20,500원/1GB_328,000","_32GB_20,391원/1GB_652,500|_16GB_20,500원/1GB_328,000","_32GB_20,390원/1GB_652,490|_16GB_20,500원/1GB_328,000","_32GB_20,390원/1GB_652,490|_16GB_20,500원/1GB_328,000","_32GB_20,390원/1GB_652,490|_16GB_20,500원/1GB_328,000","_32GB_20,390원/1GB_652,490|_16GB_20,500원/1GB_328,000","_32GB_20,390원/1GB_652,490|_16GB_20,500원/1GB_328,000","_32GB_20,390원/1GB_652,490|_16GB_20,500원/1GB_328,000"
81036653,ADATA DDR5-5600 CL46 LANCER BLADE 화이트 서린,"_16GB_20,188원/1GB_323,000|_32GB_19,375원/1GB_620,000","_16GB_20,188원/1GB_323,000|_32GB_19,375원/1GB_620,000","_16GB_20,188원/1GB_323,000|_32GB_19,375원/1GB_620,000","_16GB_20,188원/1GB_323,000|_32GB_19,375원/1GB_620,000","_16GB_20,188원/1GB_323,000|_32GB_19,375원/1GB_620,000","_16GB_20,188원/1GB_323,000|_32GB_19,375원/1GB_620,000","_16GB_19,975원/1GB_319,600|_32GB_19,375원/1GB_620,000","_16GB_19,975원/1GB_319,600|_32GB_19,375원/1GB_620,000","_16GB_20,894원/1GB_334,310|_32GB_20,312원/1GB_649,990","_16GB_20,894원/1GB_334,310|_32GB_20,312원/1GB_649,970","_16GB_20,894원/1GB_334,310|_32GB_20,312원/1GB_649,990",0,0,0,0,0
81036776,ADATA DDR5-5600 CL46 LANCER BLADE 화이트 서린,0,0,0,0,0,0,0,0,0,0,0,"_16GB_20,894원/1GB_334,310|_32GB_20,322원/1GB_650,290","_16GB_20,704원/1GB_331,270|_32GB_20,156원/1GB_645,000","_16GB_20,781원/1GB_332,500|_32GB_19,055원/1GB_609,750","_16GB_20,781원/1GB_332,500|_32GB_19,055원/1GB_609,750","_16GB_20,781원/1GB_332,500|_32GB_19,055원/1GB_609,750"
95205893,ADATA DDR5-5600 CL46 LANCER BLADE 화이트 파인인포,"_32GB_19,685원/1GB_629,930|_16GB_20,438원/1GB_327,000","_32GB_19,685원/1GB_629,930|_16GB_20,438원/1GB_327,000","_32GB_19,685원/1GB_629,910|_16GB_20,438원/1GB_327,000","_32GB_19,685원/1GB_629,910|_16GB_20,438원/1GB_327,000","_32GB_19,685원/1GB_629,910|_16GB_20,438원/1GB_327,000","_32GB_19,685원/1GB_629,910|_16GB_20,438원/1GB_327,000","_32GB_19,685원/1GB_629,910|_16GB_20,438원/1GB_327,000","_32GB_19,685원/1GB_629,920|_16GB_20,438원/1GB_327,000","_32GB_20,243원/1GB_647,770|_16GB_20,438원/1GB_327,000","_32GB_20,313원/1GB_650,000|_16GB_20,438원/1GB_327,000","_32GB_20,312원/1GB_649,980|_16GB_20,500원/1GB_328,000","_32GB_20,312원/1GB_649,990|_16GB_20,500원/1GB_328,000","_32GB_20,312원/1GB_649,990|_16GB_20,500원/1GB_328,000","_32GB_20,312원/1GB_649,980|_16GB_20,500원/1GB_328,000","_32GB_20,312원/1GB_649,980|_16GB_20,500원/1GB_328,000","_32GB_20,312원/1GB_649,980|_16GB_20,500원/1GB_328,000"
68918912,ADATA DDR5-5600 CL46-45-45 서린,"_32GB_16,562원/1GB_529,970|_16GB_22,324원/1GB_357,190","_32GB_21,985원/1GB_703,530|_16GB_22,324원/1GB_357,190",0,0,0,0,0,0,0,0,0,0,0,0,"_32GB_22,827원/1GB_730,470|_16GB_20,188원/1GB_323,000","_32GB_22,827원/1GB_730,470|_16GB_20,188원/1GB_323,000"
68918885,ADATA DDR5-5600 CL46-45-45 서린,0,0,"_32GB_21,985원/1GB_703,530|_16GB_22,324원/1GB_357,190","_32GB_21,985원/1GB_703,530|_16GB_22,324원/1GB_357,190","_32GB_21,985원/1GB_703,520|_16GB_22,324원/1GB_357,190","_32GB_21,985원/1GB_703,520|_16GB_22,324원/1GB_357,190","_32GB_22,653원/1GB_724,900|_16GB_22,324원/1GB_357,190","_32GB_22,653원/1GB_718,900|_16GB_22,324원/1GB_357,190","_32GB_22,090원/1GB_706,890|_16GB_22,324원/1GB_357,190","_32GB_22,090원/1GB_706,890|_16GB_22,324원/1GB_357,190","_32GB_22,090원/1GB_706,880|_16GB_22,324원/1GB_357,190","_32GB_22,828원/1GB_730,480|_16GB_22,324원/1GB_357,190","_32GB_22,828원/1GB_730,480|_16GB_20,113원/1GB_321,810","_32GB_22,828원/1GB_730,480|_16GB_20,188원/1GB_323,000",0,0
29822126,ADATA DDR5-5600 CL46-45-45 코잇,"_32GB_21,680원/1GB_693,750|_16GB_20,781원/1GB_332,500","_32GB_21,680원/1GB_693,750|_16GB_20,781원/1GB_332,500","_32GB_21,680원/1GB_693,750|_16GB_20,781원/1GB_332,500","_32GB_21,680원/1GB_693,750|_16GB_20,781원/1GB_332,500","_32GB_21,680원/1GB_693,750|_16GB_20,781원/1GB_332,500","_32GB_21,680원/1GB_693,750|_16GB_20,781원/1GB_332,500","_32GB_21,680원/1GB_693,750|_16GB_20,781원/1GB_332,500","_32GB_21,680원/1GB_693,750|_16GB_20,781원/1GB_332,500","_32GB_21,680원/1GB_693,750|_16GB_21,406원/1GB_342,500","_32GB_21,680원/1GB_693,750|_16GB_21,406원/1GB_342,500","_32GB_21,680원/1GB_693,750|_16GB_21,406원/1GB_342,500","_32GB_21,680원/1GB_693,750|_16GB_21,406원/1GB_342,500","_32GB_21,680원/1GB_693,750|_16GB_21,406원/1GB_342,500","_32GB_21,680원/1GB_693,750|_16GB_21,406원/1GB_342,500",0,0
29822102,ADATA DDR5-5600 CL46-45-45 코잇,0,0,0,0,0,0,0,0,0,0,0,0,0,0,"_32GB_21,680원/1GB_693,750|_16GB_21,406원/1GB_342,500","_32GB_21,680원/1GB_693,750|_16GB_21,406원/1GB_342,500"
79397219,ADATA DDR5-5600 CL46-45-45 파인인포,"_32GB_21,125원/1GB_676,000|_16GB_19,691원/1GB_315,060|64GB_200,945원/1GB_1,607,560|8GB_20,881원/1GB_167,050","_32GB_21,125원/1GB_676,000|_16GB_19,691원/1GB_315,060|64GB_200,945원/1GB_1,607,560|8GB_20,881원/1GB_167,050","_32GB_21,125원/1GB_676,000|_16GB_19,691원/1GB_315,060|64GB_200,945원/1GB_1,607,560|8GB_20,881원/1GB_167,050","_32GB_21,125원/1GB_676,000|_16GB_19,691원/1GB_315,060|64GB_200,945원/1GB_1,607,560|8GB_20,881원/1GB_167,050","_32GB_21,125원/1GB_676,000|_16GB_19,691원/1GB_315,060|64GB_200,945원/1GB_1,607,560|8GB_20,881원/1GB_167,050","_32GB_21,125원/1GB_676,000|_16GB_19,691원/1GB_315,060|64GB_200,945원/1GB_1,607,560|8GB_20,881원/1GB_167,050","_32GB_21,125원/1GB_676,000|_16GB_19,691원/1GB_315,060|64GB_200,945원/1GB_1,607,560|8GB_20,881원/1GB_167,050","_32GB_21,125원/1GB_676,000|_16GB_19,691원/1GB_315,060|64GB_200,945원/1GB_1,607,560|8GB_20,881원/1GB_167,050","_32GB_20,913원/1GB_669,210|_16GB_20,232원/1GB_323,710|64GB_200,945원/1GB_1,607,560|8GB_20,881원/1GB_167,050","_32GB_20,913원/1GB_669,210|_16GB_20,232원/1GB_323,710|64GB_200,945원/1GB_1,607,560|8GB_20,881원/1GB_167,050","_32GB_20,912원/1GB_669,190|_16GB_20,232원/1GB_323,710|64GB_200,945원/1GB_1,607,560|8GB_20,881원/1GB_167,050","_32GB_20,912원/1GB_669,190|_16GB_20,232원/1GB_323,710|64GB_200,945원/1GB_1,607,560|8GB_20,881원/1GB_167,050","_32GB_20,913원/1GB_669,200|_16GB_20,232원/1GB_323,710|64GB_200,945원/1GB_1,607,560|8GB_20,881원/1GB_167,050","_32GB_20,912원/1GB_669,190|_16GB_20,232원/1GB_323,710|64GB_200,945원/1GB_1,607,560|8GB_20,881원/1GB_167,050","32GB_20,912원/1GB_669,190|_16GB_20,232원/1GB_323,710|_64GB_200,945원/1GB_1,607,560|8GB_20,881원/1GB_167,050","32GB_20,912원/1GB_669,190|_16GB_20,232원/1GB_323,710|_64GB_200,945원/1GB_1,607,560|8GB_20,881원/1GB_167,050"
104374655,ADATA DDR5-6000 CL30 ARMAX RGB 패키지 서린,"_32GB(16Gx2)_23,438원/1GB_750,000|_64GB(32Gx2)_24,483원/1GB_1,566,920","_32GB(16Gx2)_23,438원/1GB_750,000|_64GB(32Gx2)_24,483원/1GB_1,566,920","_32GB(16Gx2)_23,438원/1GB_750,000|_64GB(32Gx2)_24,483원/1GB_1,566,920","_32GB(16Gx2)_23,438원/1GB_750,000|_64GB(32Gx2)_24,483원/1GB_1,566,920","_32GB(16Gx2)_23,438원/1GB_750,000|_64GB(32Gx2)_24,483원/1GB_1,566,920","_32GB(16Gx2)_23,438원/1GB_750,000|_64GB(32Gx2)_24,483원/1GB_1,566,920","_32GB(16Gx2)_23,438원/1GB_750,000|_64GB(32Gx2)_24,483원/1GB_1,566,920","_32GB(16Gx2)_23,438원/1GB_750,000|_64GB(32Gx2)_24,483원/1GB_1,566,920","_32GB(16Gx2)_24,063원/1GB_770,000|_64GB(32Gx2)_24,483원/1GB_1,566,920","_32GB(16Gx2)_24,063원/1GB_770,000|_64GB(32Gx2)_24,483원/1GB_1,566,920","_32GB(16Gx2)_24,063원/1GB_770,000|_64GB(32Gx2)_24,483원/1GB_1,566,920","_32GB(16Gx2)_24,063원/1GB_770,000|_64GB(32Gx2)_24,483원/1GB_1,566,920","_32GB(16Gx2)_23,438원/1GB_750,000|_64GB(32Gx2)_24,483원/1GB_1,566,920","_32GB(16Gx2)_23,438원/1GB_750,000|_64GB(32Gx2)_24,483원/1GB_1,566,920","_32GB(16Gx2)_23,438원/1GB_750,000|_64GB(32Gx2)_24,483원/1GB_1,566,920","_32GB(16Gx2)_23,438원/1GB_750,000|_64GB(32Gx2)_24,483원/1GB_1,566,920"
104374658,ADATA DDR5-6000 CL30 ARMAX RGB 패키지 서린,0,0,0,0,0,0,"_32GB(16Gx2)_23,438원/1GB_750,000|_64GB(32Gx2)_24,483원/1GB_1,566,920","_32GB(16Gx2)_23,438원/1GB_750,000|_64GB(32Gx2)_24,483원/1GB_1,566,920","_32GB(16Gx2)_24,063원/1GB_770,000|_64GB(32Gx2)_24,483원/1GB_1,566,920","_32GB(16Gx2)_24,063원/1GB_770,000|_64GB(32Gx2)_24,483원/1GB_1,566,920","_32GB(16Gx2)_24,063원/1GB_770,000|_64GB(32Gx2)_24,483원/1GB_1,566,920","_32GB(16Gx2)_24,063원/1GB_770,000|_64GB(32Gx2)_24,483원/1GB_1,566,920","_32GB(16Gx2)_23,438원/1GB_750,000|_64GB(32Gx2)_24,483원/1GB_1,566,920","_32GB(16Gx2)_23,438원/1GB_750,000|_64GB(32Gx2)_24,483원/1GB_1,566,920","_32GB(16Gx2)_23,438원/1GB_750,000|_64GB(32Gx2)_24,483원/1GB_1,566,920","_32GB(16Gx2)_23,438원/1GB_750,000|_64GB(32Gx2)_24,483원/1GB_1,566,920"
103415291,ADATA DDR5-6000 CL30 ARMAX RGB 패키지 파인인포,"32GB(16Gx2)_23,119원/1GB_739,800","32GB(16Gx2)_23,119원/1GB_739,800","32GB(16Gx2)_23,119원/1GB_739,800","32GB(16Gx2)_23,119원/1GB_739,800","32GB(16Gx2)_23,119원/1GB_739,800","32GB(16Gx2)_23,119원/1GB_739,800","32GB(16Gx2)_23,119원/1GB_739,800","32GB(16Gx2)_23,119원/1GB_739,800","32GB(16Gx2)_23,119원/1GB_739,800","32GB(16Gx2)_23,119원/1GB_739,800","32GB(16Gx2)_23,119원/1GB_739,800","32GB(16Gx2)_23,119원/1GB_739,800","32GB(16Gx2)_23,119원/1GB_739,800","32GB(16Gx2)_23,119원/1GB_739,800","32GB(16Gx2)_23,119원/1GB_739,800","32GB(16Gx2)_23,119원/1GB_739,800"
109483625,ADATA DDR5-6000 CL30 ARMAX 패키지 파인인포,"32GB(16Gx2)_23,094원/1GB_739,000","32GB(16Gx2)_23,094원/1GB_739,000","32GB(16Gx2)_23,094원/1GB_739,000","32GB(16Gx2)_23,094원/1GB_739,000","32GB(16Gx2)_23,094원/1GB_739,000","32GB(16Gx2)_23,094원/1GB_739,000","32GB(16Gx2)_23,094원/1GB_739,000","32GB(16Gx2)_23,094원/1GB_739,000","32GB(16Gx2)_23,094원/1GB_739,000","32GB(16Gx2)_23,094원/1GB_739,000","32GB(16Gx2)_23,094원/1GB_739,000","32GB(16Gx2)_23,094원/1GB_739,000","32GB(16Gx2)_23,094원/1GB_739,000","32GB(16Gx2)_23,094원/1GB_739,000","32GB(16Gx2)_23,094원/1GB_739,000","32GB(16Gx2)_23,094원/1GB_739,000"
68788067,ADATA DDR5-6000 CL30 LANCER BLADE RGB 블랙 패키지 서린,"_48GB(24Gx2)_22,448원/1GB_1,077,500|_32GB(16Gx2)_23,593원/1GB_754,980","_48GB(24Gx2)_22,448원/1GB_1,077,500|_32GB(16Gx2)_23,593원/1GB_754,980","_48GB(24Gx2)_22,448원/1GB_1,077,500|_32GB(16Gx2)_23,593원/1GB_754,980","_48GB(24Gx2)_22,448원/1GB_1,077,500|_32GB(16Gx2)_23,593원/1GB_754,980","_48GB(24Gx2)_22,448원/1GB_1,077,500|_32GB(16Gx2)_23,593원/1GB_754,980","_48GB(24Gx2)_22,448원/1GB_1,077,500|_32GB(16Gx2)_23,593원/1GB_754,980","_48GB(24Gx2)_22,448원/1GB_1,077,500|_32GB(16Gx2)_23,593원/1GB_754,980","_48GB(24Gx2)_22,448원/1GB_1,077,500|_32GB(16Gx2)_23,593원/1GB_754,990","_48GB(24Gx2)_22,448원/1GB_1,077,500|_32GB(16Gx2)_23,593원/1GB_754,980","_48GB(24Gx2)_22,448원/1GB_1,077,500|_32GB(16Gx2)_23,593원/1GB_754,990","_48GB(24Gx2)_22,448원/1GB_1,077,500|_32GB(16Gx2)_23,593원/1GB_754,980","_48GB(24Gx2)_22,448원/1GB_1,077,500|_32GB(16Gx2)_23,593원/1GB_754,990","_48GB(24Gx2)_22,448원/1GB_1,077,500|_32GB(16Gx2)_23,593원/1GB_754,990","_48GB(24Gx2)_22,448원/1GB_1,077,500|_32GB(16Gx2)_23,593원/1GB_754,990","_48GB(24Gx2)_22,448원/1GB_1,077,500|_32GB(16Gx2)_23,593원/1GB_754,990","_48GB(24Gx2)_22,448원/1GB_1,077,500|_32GB(16Gx2)_24,375원/1GB_780,000"
93179111,ADATA DDR5-6000 CL30 LANCER BLADE RGB 블랙 패키지 파인인포,"_48GB(24Gx2)_21,391원/1GB_1,026,760|_32GB(16Gx2)_23,281원/1GB_745,000","_48GB(24Gx2)_21,391원/1GB_1,026,760|_32GB(16Gx2)_23,281원/1GB_745,000","_48GB(24Gx2)_21,391원/1GB_1,026,760|_32GB(16Gx2)_23,281원/1GB_745,000","_48GB(24Gx2)_21,391원/1GB_1,026,760|_32GB(16Gx2)_23,281원/1GB_745,000","_48GB(24Gx2)_21,391원/1GB_1,026,760|_32GB(16Gx2)_23,281원/1GB_745,000","_48GB(24Gx2)_21,391원/1GB_1,026,760|_32GB(16Gx2)_23,281원/1GB_745,000","_48GB(24Gx2)_21,391원/1GB_1,026,760|_32GB(16Gx2)_23,281원/1GB_745,000","_48GB(24Gx2)_21,391원/1GB_1,026,760|_32GB(16Gx2)_23,281원/1GB_745,000","_48GB(24Gx2)_21,391원/1GB_1,026,760|_32GB(16Gx2)_23,281원/1GB_745,000","_48GB(24Gx2)_21,391원/1GB_1,026,760|_32GB(16Gx2)_23,281원/1GB_745,000","_48GB(24Gx2)_21,391원/1GB_1,026,760|_32GB(16Gx2)_23,281원/1GB_745,000","_48GB(24Gx2)_21,391원/1GB_1,026,760|_32GB(16Gx2)_23,281원/1GB_745,000","_48GB(24Gx2)_21,391원/1GB_1,026,760|_32GB(16Gx2)_23,281원/1GB_745,000","_48GB(24Gx2)_21,391원/1GB_1,026,760|_32GB(16Gx2)_23,281원/1GB_745,000","_48GB(24Gx2)_21,391원/1GB_1,026,760|_32GB(16Gx2)_23,281원/1GB_745,000","_48GB(24Gx2)_21,391원/1GB_1,026,760|_32GB(16Gx2)_23,281원/1GB_745,000"
68788100,ADATA DDR5-6000 CL30 LANCER BLADE RGB 화이트 패키지 서린,"_48GB(24Gx2)_22,176원/1GB_1,064,440|_32GB(16Gx2)_23,437원/1GB_749,990","_48GB(24Gx2)_22,176원/1GB_1,064,440|_32GB(16Gx2)_23,437원/1GB_749,990","_48GB(24Gx2)_22,176원/1GB_1,064,440|_32GB(16Gx2)_23,437원/1GB_749,990","64GB(32Gx2)_24,258원/1GB_1,552,500|_48GB(24Gx2)_22,176원/1GB_1,064,440|_32GB(16Gx2)_23,437원/1GB_749,990","64GB(32Gx2)_24,258원/1GB_1,552,500|_48GB(24Gx2)_22,176원/1GB_1,064,440|_32GB(16Gx2)_23,437원/1GB_749,990","64GB(32Gx2)_24,258원/1GB_1,552,500|_48GB(24Gx2)_22,176원/1GB_1,064,440|_32GB(16Gx2)_23,437원/1GB_749,990","64GB(32Gx2)_24,258원/1GB_1,552,500|_48GB(24Gx2)_22,176원/1GB_1,064,440|_32GB(16Gx2)_23,437원/1GB_749,990","64GB(32Gx2)_24,258원/1GB_1,552,500|_48GB(24Gx2)_22,176원/1GB_1,064,450|_32GB(16Gx2)_23,438원/1GB_750,000","64GB(32Gx2)_24,258원/1GB_1,552,500|_48GB(24Gx2)_22,185원/1GB_1,064,890|_32GB(16Gx2)_24,022원/1GB_768,690","64GB(32Gx2)_24,258원/1GB_1,552,500|_48GB(24Gx2)_22,185원/1GB_1,064,880|_32GB(16Gx2)_24,021원/1GB_768,680","64GB(32Gx2)_24,258원/1GB_1,552,500|_48GB(24Gx2)_22,185원/1GB_1,064,870|_32GB(16Gx2)_24,021원/1GB_768,670","64GB(32Gx2)_24,258원/1GB_1,552,500|_48GB(24Gx2)_22,185원/1GB_1,064,900|_32GB(16Gx2)_24,019원/1GB_768,600","64GB(32Gx2)_24,258원/1GB_1,552,500|_48GB(24Gx2)_22,185원/1GB_1,064,900|_32GB(16Gx2)_24,019원/1GB_768,600","64GB(32Gx2)_24,258원/1GB_1,552,500|_48GB(24Gx2)_22,185원/1GB_1,064,870|_32GB(16Gx2)_23,437원/1GB_749,990","64GB(32Gx2)_24,258원/1GB_1,552,500|_48GB(24Gx2)_22,185원/1GB_1,064,870|_32GB(16Gx2)_23,437원/1GB_749,990","64GB(32Gx2)_24,258원/1GB_1,552,500|_48GB(24Gx2)_22,185원/1GB_1,064,870|_32GB(16Gx2)_23,437원/1GB_749,990"
27785618,ADATA DDR5-6000 CL30 LANCER BLADE RGB 화이트 패키지 코잇,"32GB(16Gx2)_24,625원/1GB_788,000","32GB(16Gx2)_24,625원/1GB_788,000","32GB(16Gx2)_24,625원/1GB_788,000","32GB(16Gx2)_24,625원/1GB_788,000","32GB(16Gx2)_24,453원/1GB_782,500","32GB(16Gx2)_24,453원/1GB_782,500","32GB(16Gx2)_24,453원/1GB_782,500","32GB(16Gx2)_24,453원/1GB_782,500","32GB(16Gx2)_24,453원/1GB_782,500","32GB(16Gx2)_24,453원/1GB_782,500","32GB(16Gx2)_24,453원/1GB_782,500","32GB(16Gx2)_24,453원/1GB_782,500","32GB(16Gx2)_24,453원/1GB_782,500","32GB(16Gx2)_24,453원/1GB_782,500","32GB(16Gx2)_24,453원/1GB_782,500","32GB(16Gx2)_24,453원/1GB_782,500"
93179012,ADATA DDR5-6000 CL30 LANCER BLADE RGB 화이트 패키지 파인인포,"_48GB(24Gx2)_21,391원/1GB_1,026,760|_32GB(16Gx2)_23,428원/1GB_749,700","_48GB(24Gx2)_21,391원/1GB_1,026,760|_32GB(16Gx2)_23,428원/1GB_749,700","_48GB(24Gx2)_21,391원/1GB_1,026,760|_32GB(16Gx2)_23,428원/1GB_749,700","_48GB(24Gx2)_21,391원/1GB_1,026,760|_32GB(16Gx2)_23,428원/1GB_749,700","_48GB(24Gx2)_21,391원/1GB_1,026,760|_32GB(16Gx2)_23,428원/1GB_749,700","_48GB(24Gx2)_21,391원/1GB_1,026,760|_32GB(16Gx2)_23,428원/1GB_749,700","_48GB(24Gx2)_21,391원/1GB_1,026,760|_32GB(16Gx2)_23,428원/1GB_749,700","_48GB(24Gx2)_21,391원/1GB_1,026,760|_32GB(16Gx2)_23,428원/1GB_749,700","_48GB(24Gx2)_21,391원/1GB_1,026,760|_32GB(16Gx2)_23,428원/1GB_749,700","_48GB(24Gx2)_21,391원/1GB_1,026,760|_32GB(16Gx2)_23,428원/1GB_749,700","_48GB(24Gx2)_21,391원/1GB_1,026,760|_32GB(16Gx2)_23,428원/1GB_749,700","_48GB(24Gx2)_21,391원/1GB_1,026,760|_32GB(16Gx2)_23,428원/1GB_749,700","_48GB(24Gx2)_21,391원/1GB_1,026,760|_32GB(16Gx2)_23,428원/1GB_749,700","_48GB(24Gx2)_21,391원/1GB_1,026,760|_32GB(16Gx2)_23,428원/1GB_749,700","_48GB(24Gx2)_21,391원/1GB_1,026,760|_32GB(16Gx2)_23,428원/1GB_749,700","_48GB(24Gx2)_21,391원/1GB_1,026,760|_32GB(16Gx2)_23,428원/1GB_749,700"
102621410,ADATA DDR5-6000 CL30 LANCER BLADE 블랙 파인인포,"32GB_23,906원/1GB_765,000","32GB_23,906원/1GB_765,000","32GB_23,906원/1GB_765,000","32GB_23,906원/1GB_765,000","32GB_23,906원/1GB_765,000","32GB_23,906원/1GB_765,000","32GB_23,906원/1GB_765,000","32GB_23,906원/1GB_765,000","32GB_23,906원/1GB_765,000","32GB_23,906원/1GB_765,000","32GB_23,906원/1GB_765,000","32GB_23,906원/1GB_765,000","32GB_23,906원/1GB_765,000","32GB_23,906원/1GB_765,000","32GB_23,906원/1GB_765,000","32GB_23,906원/1GB_765,000"
68787806,ADATA DDR5-6000 CL30 LANCER BLADE 블랙 패키지 서린,"32GB(16Gx2)_23,011원/1GB_736,350","32GB(16Gx2)_23,011원/1GB_736,350","32GB(16Gx2)_23,011원/1GB_736,350","32GB(16Gx2)_23,011원/1GB_736,350","32GB(16Gx2)_23,011원/1GB_736,350","32GB(16Gx2)_23,011원/1GB_736,350","32GB(16Gx2)_23,011원/1GB_736,350","32GB(16Gx2)_23,011원/1GB_736,350","32GB(16Gx2)_23,011원/1GB_736,350","32GB(16Gx2)_23,011원/1GB_736,350","32GB(16Gx2)_23,011원/1GB_736,350","32GB(16Gx2)_23,011원/1GB_736,350","32GB(16Gx2)_23,011원/1GB_736,350","32GB(16Gx2)_23,011원/1GB_736,350","32GB(16Gx2)_23,011원/1GB_736,350","32GB(16Gx2)_23,011원/1GB_736,350"
93178988,ADATA DDR5-6000 CL30 LANCER BLADE 블랙 패키지 파인인포,"32GB(16Gx2)_22,824원/1GB_730,380","32GB(16Gx2)_22,824원/1GB_730,380","32GB(16Gx2)_22,824원/1GB_730,380","32GB(16Gx2)_22,824원/1GB_730,380","32GB(16Gx2)_22,824원/1GB_730,380","32GB(16Gx2)_22,824원/1GB_730,380","32GB(16Gx2)_22,824원/1GB_730,380","32GB(16Gx2)_22,824원/1GB_730,380","32GB(16Gx2)_22,824원/1GB_730,380","32GB(16Gx2)_22,824원/1GB_730,380","32GB(16Gx2)_22,824원/1GB_730,380","32GB(16Gx2)_22,824원/1GB_730,380","32GB(16Gx2)_22,824원/1GB_730,380","32GB(16Gx2)_22,824원/1GB_730,380","32GB(16Gx2)_22,824원/1GB_730,380","32GB(16Gx2)_22,824원/1GB_730,380"
68787977,ADATA DDR5-6000 CL30 LANCER BLADE 화이트 패키지 서린,"32GB(16Gx2)_21,247원/1GB_679,900","32GB(16Gx2)_21,247원/1GB_679,900","32GB(16Gx2)_21,247원/1GB_679,900","32GB(16Gx2)_21,247원/1GB_679,900","32GB(16Gx2)_22,969원/1GB_735,000","32GB(16Gx2)_22,969원/1GB_735,000","32GB(16Gx2)_22,969원/1GB_735,000","32GB(16Gx2)_22,969원/1GB_735,000","32GB(16Gx2)_23,292원/1GB_745,330","32GB(16Gx2)_23,291원/1GB_745,320","32GB(16Gx2)_23,291원/1GB_745,320","32GB(16Gx2)_23,292원/1GB_745,330","32GB(16Gx2)_22,969원/1GB_735,000","32GB(16Gx2)_22,969원/1GB_735,000","32GB(16Gx2)_22,969원/1GB_735,000","32GB(16Gx2)_22,969원/1GB_735,000"
93178919,ADATA DDR5-6000 CL30 LANCER BLADE 화이트 패키지 파인인포,"32GB(16Gx2)_22,824원/1GB_730,380","32GB(16Gx2)_22,824원/1GB_730,380","32GB(16Gx2)_22,824원/1GB_730,380","32GB(16Gx2)_22,824원/1GB_730,380","32GB(16Gx2)_22,824원/1GB_730,380","32GB(16Gx2)_22,824원/1GB_730,380","32GB(16Gx2)_22,824원/1GB_730,380","32GB(16Gx2)_22,824원/1GB_730,380","32GB(16Gx2)_22,824원/1GB_730,380","32GB(16Gx2)_22,824원/1GB_730,380","32GB(16Gx2)_22,824원/1GB_730,380","32GB(16Gx2)_22,824원/1GB_730,380","32GB(16Gx2)_22,824원/1GB_730,380","32GB(16Gx2)_22,824원/1GB_730,380","32GB(16Gx2)_22,824원/1GB_730,380","32GB(16Gx2)_22,824원/1GB_730,380"
68914628,ADATA DDR5-6000 CL30 LANCER RGB 블랙 패키지 서린,"32GB(16Gx2)_23,867원/1GB_763,750","32GB(16Gx2)_23,867원/1GB_763,750","32GB(16Gx2)_23,867원/1GB_763,750","32GB(16Gx2)_23,867원/1GB_763,750","32GB(16Gx2)_23,867원/1GB_763,750","32GB(16Gx2)_23,867원/1GB_763,750","32GB(16Gx2)_23,867원/1GB_763,750","32GB(16Gx2)_23,867원/1GB_763,750","32GB(16Gx2)_24,181원/1GB_773,790","32GB(16Gx2)_24,181원/1GB_773,780","32GB(16Gx2)_24,181원/1GB_773,780","32GB(16Gx2)_24,375원/1GB_780,000","32GB(16Gx2)_24,375원/1GB_780,000","32GB(16Gx2)_24,375원/1GB_780,000","32GB(16Gx2)_24,375원/1GB_780,000","32GB(16Gx2)_24,375원/1GB_780,000"
93629063,ADATA DDR5-6000 CL30 LANCER RGB 블랙 패키지 파인인포,"32GB(16Gx2)_23,250원/1GB_744,000","32GB(16Gx2)_23,250원/1GB_744,000","32GB(16Gx2)_23,250원/1GB_744,000","32GB(16Gx2)_23,250원/1GB_744,000","32GB(16Gx2)_23,250원/1GB_744,000","32GB(16Gx2)_23,250원/1GB_744,000","32GB(16Gx2)_23,250원/1GB_744,000","32GB(16Gx2)_23,250원/1GB_744,000","32GB(16Gx2)_23,250원/1GB_744,000","32GB(16Gx2)_23,250원/1GB_744,000","32GB(16Gx2)_23,250원/1GB_744,000","32GB(16Gx2)_23,250원/1GB_744,000","32GB(16Gx2)_23,250원/1GB_744,000","32GB(16Gx2)_23,250원/1GB_744,000","32GB(16Gx2)_23,250원/1GB_744,000","32GB(16Gx2)_23,250원/1GB_744,000"
68915270,ADATA DDR5-6000 CL30 LANCER RGB 화이트 패키지 서린,"32GB(16Gx2)_23,435원/1GB_749,920","32GB(16Gx2)_23,434원/1GB_749,880","32GB(16Gx2)_23,434원/1GB_749,880","32GB(16Gx2)_23,434원/1GB_749,880","32GB(16Gx2)_23,437원/1GB_749,990","32GB(16Gx2)_23,437원/1GB_749,990","32GB(16Gx2)_23,437원/1GB_749,990","32GB(16Gx2)_23,437원/1GB_749,990","32GB(16Gx2)_23,437원/1GB_749,990","32GB(16Gx2)_23,437원/1GB_749,990","32GB(16Gx2)_24,375원/1GB_779,990","32GB(16Gx2)_24,374원/1GB_779,980","32GB(16Gx2)_24,374원/1GB_779,980","32GB(16Gx2)_23,437원/1GB_749,990","32GB(16Gx2)_23,437원/1GB_749,990","32GB(16Gx2)_23,437원/1GB_749,990"
93629033,ADATA DDR5-6000 CL30 LANCER RGB 화이트 패키지 파인인포,"32GB(16Gx2)_23,281원/1GB_745,000","32GB(16Gx2)_23,281원/1GB_745,000","32GB(16Gx2)_23,281원/1GB_745,000","32GB(16Gx2)_23,281원/1GB_745,000","32GB(16Gx2)_23,281원/1GB_745,000","32GB(16Gx2)_23,281원/1GB_745,000","32GB(16Gx2)_23,281원/1GB_745,000","32GB(16Gx2)_23,281원/1GB_745,000","32GB(16Gx2)_23,281원/1GB_745,000","32GB(16Gx2)_23,281원/1GB_745,000","32GB(16Gx2)_23,281원/1GB_745,000","32GB(16Gx2)_23,281원/1GB_745,000","32GB(16Gx2)_23,281원/1GB_745,000","32GB(16Gx2)_23,281원/1GB_745,000","32GB(16Gx2)_23,281원/1GB_745,000","32GB(16Gx2)_23,281원/1GB_745,000"
68914400,ADATA DDR5-6000 CL30 LANCER 블랙 패키지 서린,"_64GB(32Gx2)_23,281원/1GB_1,490,000|_32GB(16Gx2)_24,062원/1GB_769,990","_64GB(32Gx2)_23,281원/1GB_1,490,000|_32GB(16Gx2)_24,062원/1GB_769,990","_64GB(32Gx2)_23,281원/1GB_1,490,000|_32GB(16Gx2)_24,062원/1GB_769,990","_64GB(32Gx2)_23,281원/1GB_1,490,000|_32GB(16Gx2)_24,062원/1GB_769,990","_64GB(32Gx2)_23,281원/1GB_1,490,000|_32GB(16Gx2)_24,062원/1GB_769,990","32GB(16Gx2)_24,062원/1GB_769,990","32GB(16Gx2)_24,062원/1GB_769,990","32GB(16Gx2)_24,062원/1GB_769,990","32GB(16Gx2)_24,063원/1GB_770,000","32GB(16Gx2)_24,062원/1GB_769,980","32GB(16Gx2)_24,062원/1GB_769,980","32GB(16Gx2)_24,063원/1GB_770,000","32GB(16Gx2)_24,063원/1GB_770,000","32GB(16Gx2)_24,063원/1GB_770,000","32GB(16Gx2)_24,063원/1GB_770,000","32GB(16Gx2)_24,063원/1GB_770,000"
81036917,ADATA DDR5-6000 CL34 LANCER BLADE RGB 블랙 패키지 서린,"32GB(16Gx2)_23,203원/1GB_742,500","32GB(16Gx2)_23,203원/1GB_742,500","32GB(16Gx2)_23,203원/1GB_742,500","32GB(16Gx2)_23,203원/1GB_742,500","32GB(16Gx2)_23,203원/1GB_742,500","32GB(16Gx2)_23,203원/1GB_742,500","32GB(16Gx2)_23,203원/1GB_742,500","32GB(16Gx2)_23,203원/1GB_742,500","32GB(16Gx2)_23,203원/1GB_742,500","32GB(16Gx2)_23,203원/1GB_742,500","32GB(16Gx2)_23,203원/1GB_742,500","32GB(16Gx2)_23,203원/1GB_742,500","32GB(16Gx2)_23,203원/1GB_742,500","32GB(16Gx2)_23,203원/1GB_742,500","32GB(16Gx2)_23,203원/1GB_742,500","32GB(16Gx2)_23,203원/1GB_742,500"
95205638,ADATA DDR5-6000 CL34 LANCER BLADE 블랙 패키지 파인인포,"32GB(16Gx2)_22,750원/1GB_728,000","32GB(16Gx2)_22,750원/1GB_728,000","32GB(16Gx2)_22,750원/1GB_728,000","32GB(16Gx2)_22,750원/1GB_728,000","32GB(16Gx2)_22,750원/1GB_728,000","32GB(16Gx2)_22,750원/1GB_728,000","32GB(16Gx2)_22,750원/1GB_728,000","32GB(16Gx2)_22,750원/1GB_728,000","32GB(16Gx2)_22,750원/1GB_728,000","32GB(16Gx2)_22,750원/1GB_728,000","32GB(16Gx2)_22,750원/1GB_728,000","32GB(16Gx2)_22,750원/1GB_728,000","32GB(16Gx2)_22,750원/1GB_728,000","32GB(16Gx2)_22,750원/1GB_728,000","32GB(16Gx2)_22,750원/1GB_728,000","32GB(16Gx2)_22,750원/1GB_728,000"
81037256,ADATA DDR5-6000 CL36 LANCER BLADE RGB 블랙 패키지 서린,"32GB(16Gx2)_22,891원/1GB_732,500","32GB(16Gx2)_22,891원/1GB_732,500","32GB(16Gx2)_22,891원/1GB_732,500","32GB(16Gx2)_22,891원/1GB_732,500","32GB(16Gx2)_22,891원/1GB_732,500","32GB(16Gx2)_22,891원/1GB_732,500","32GB(16Gx2)_22,891원/1GB_732,500","32GB(16Gx2)_22,891원/1GB_732,500","32GB(16Gx2)_22,891원/1GB_732,500","32GB(16Gx2)_22,891원/1GB_732,500","32GB(16Gx2)_22,891원/1GB_732,500","32GB(16Gx2)_22,891원/1GB_732,500","32GB(16Gx2)_22,891원/1GB_732,500","32GB(16Gx2)_22,891원/1GB_732,500","32GB(16Gx2)_22,891원/1GB_732,500","32GB(16Gx2)_22,891원/1GB_732,500"
100695821,ADATA DDR5-6000 CL36 LANCER BLADE RGB 블랙 패키지 파인인포,"32GB(16Gx2)_22,526원/1GB_720,830","32GB(16Gx2)_22,526원/1GB_720,830","32GB(16Gx2)_22,526원/1GB_720,830","32GB(16Gx2)_22,526원/1GB_720,830","32GB(16Gx2)_22,526원/1GB_720,830","32GB(16Gx2)_22,526원/1GB_720,830","32GB(16Gx2)_22,526원/1GB_720,830","32GB(16Gx2)_22,526원/1GB_720,830","32GB(16Gx2)_22,526원/1GB_720,830","32GB(16Gx2)_22,526원/1GB_720,830","32GB(16Gx2)_22,526원/1GB_720,830","32GB(16Gx2)_22,526원/1GB_720,830","32GB(16Gx2)_22,526원/1GB_720,830","32GB(16Gx2)_22,526원/1GB_720,830","32GB(16Gx2)_22,526원/1GB_720,830","32GB(16Gx2)_22,526원/1GB_720,830"
81037301,ADATA DDR5-6000 CL36 LANCER BLADE RGB 화이트 패키지 서린,"32GB(16Gx2)_22,813원/1GB_730,000","32GB(16Gx2)_22,813원/1GB_730,000","32GB(16Gx2)_22,813원/1GB_730,000","32GB(16Gx2)_22,813원/1GB_730,000","32GB(16Gx2)_22,813원/1GB_730,000","32GB(16Gx2)_22,813원/1GB_730,000","32GB(16Gx2)_22,813원/1GB_730,000","32GB(16Gx2)_22,813원/1GB_730,000","32GB(16Gx2)_22,813원/1GB_730,000","32GB(16Gx2)_22,813원/1GB_730,000","32GB(16Gx2)_22,813원/1GB_730,000","32GB(16Gx2)_22,813원/1GB_730,000","32GB(16Gx2)_22,813원/1GB_730,000","32GB(16Gx2)_22,813원/1GB_730,000","32GB(16Gx2)_22,813원/1GB_730,000","32GB(16Gx2)_22,813원/1GB_730,000"
100695824,ADATA DDR5-6000 CL36 LANCER BLADE RGB 화이트 패키지 파인인포,"32GB(16Gx2)_22,526원/1GB_720,830","32GB(16Gx2)_22,526원/1GB_720,830","32GB(16Gx2)_22,526원/1GB_720,830","32GB(16Gx2)_22,526원/1GB_720,830","32GB(16Gx2)_22,526원/1GB_720,830","32GB(16Gx2)_22,526원/1GB_720,830","32GB(16Gx2)_22,526원/1GB_720,830","32GB(16Gx2)_22,526원/1GB_720,830","32GB(16Gx2)_22,526원/1GB_720,830","32GB(16Gx2)_22,526원/1GB_720,830","32GB(16Gx2)_22,526원/1GB_720,830","32GB(16Gx2)_22,526원/1GB_720,830","32GB(16Gx2)_22,526원/1GB_720,830","32GB(16Gx2)_22,526원/1GB_720,830","32GB(16Gx2)_22,526원/1GB_720,830","32GB(16Gx2)_22,526원/1GB_720,830"
81037100,ADATA DDR5-6000 CL36 LANCER BLADE 블랙 패키지 서린,"32GB(16Gx2)_24,385원/1GB_780,320","32GB(16Gx2)_24,385원/1GB_780,320","32GB(16Gx2)_24,385원/1GB_780,320","32GB(16Gx2)_24,385원/1GB_780,320","32GB(16Gx2)_24,385원/1GB_780,320","32GB(16Gx2)_24,385원/1GB_780,320","32GB(16Gx2)_24,385원/1GB_780,320","32GB(16Gx2)_24,385원/1GB_780,320","32GB(16Gx2)_24,385원/1GB_780,320","32GB(16Gx2)_24,385원/1GB_780,320","32GB(16Gx2)_24,385원/1GB_780,320",0,0,0,0,0
95205599,ADATA DDR5-6000 CL36 LANCER BLADE 블랙 패키지 파인인포,"32GB(16Gx2)_22,987원/1GB_735,580","32GB(16Gx2)_22,987원/1GB_735,580","32GB(16Gx2)_22,987원/1GB_735,580","32GB(16Gx2)_22,987원/1GB_735,580","32GB(16Gx2)_22,987원/1GB_735,580","32GB(16Gx2)_22,987원/1GB_735,580","32GB(16Gx2)_22,987원/1GB_735,580","32GB(16Gx2)_22,987원/1GB_735,580","32GB(16Gx2)_22,987원/1GB_735,580","32GB(16Gx2)_22,987원/1GB_735,580","32GB(16Gx2)_22,987원/1GB_735,580","32GB(16Gx2)_22,987원/1GB_735,580","32GB(16Gx2)_22,987원/1GB_735,580","32GB(16Gx2)_22,987원/1GB_735,580","32GB(16Gx2)_22,987원/1GB_735,580","32GB(16Gx2)_22,987원/1GB_735,580"
100842782,ADATA DDR5-6000 CL36 LANCER BLADE 화이트 파인인포,"24GB_18,708원/1GB_449,000","24GB_18,708원/1GB_449,000","24GB_18,708원/1GB_449,000","24GB_18,708원/1GB_449,000","24GB_18,708원/1GB_449,000","24GB_18,708원/1GB_449,000","24GB_18,708원/1GB_449,000","24GB_18,708원/1GB_449,000",0,0,0,0,0,0,0,0
81037184,ADATA DDR5-6000 CL36 LANCER BLADE 화이트 패키지 서린,0,0,0,0,0,0,0,0,"32GB(16Gx2)_23,359원/1GB_747,500","32GB(16Gx2)_23,359원/1GB_747,500","32GB(16Gx2)_23,359원/1GB_747,500","32GB(16Gx2)_23,359원/1GB_747,500","32GB(16Gx2)_23,359원/1GB_747,500","32GB(16Gx2)_23,359원/1GB_747,500","32GB(16Gx2)_23,359원/1GB_747,500","32GB(16Gx2)_23,359원/1GB_747,500"
95205719,ADATA DDR5-6000 CL36 LANCER BLADE 화이트 패키지 파인인포,"32GB(16Gx2)_22,525원/1GB_720,790","32GB(16Gx2)_22,525원/1GB_720,790","32GB(16Gx2)_22,525원/1GB_720,790","32GB(16Gx2)_22,525원/1GB_720,790","32GB(16Gx2)_22,525원/1GB_720,790","32GB(16Gx2)_22,525원/1GB_720,790","32GB(16Gx2)_22,525원/1GB_720,790","32GB(16Gx2)_22,525원/1GB_720,790","32GB(16Gx2)_22,525원/1GB_720,790","32GB(16Gx2)_22,525원/1GB_720,790","32GB(16Gx2)_22,525원/1GB_720,790","32GB(16Gx2)_22,525원/1GB_720,790","32GB(16Gx2)_22,525원/1GB_720,790","32GB(16Gx2)_22,525원/1GB_720,790","32GB(16Gx2)_22,525원/1GB_720,790","32GB(16Gx2)_22,525원/1GB_720,790"
75938450,ADATA DDR5-6400 CL32 LANCER BLADE RGB 블랙 패키지 서린,"_48GB(24Gx2)_22,177원/1GB_1,064,490|_32GB(16Gx2)_26,875원/1GB_859,990","_48GB(24Gx2)_22,177원/1GB_1,064,490|_32GB(16Gx2)_26,875원/1GB_859,990","_48GB(24Gx2)_22,177원/1GB_1,064,490|_32GB(16Gx2)_26,875원/1GB_859,990","_48GB(24Gx2)_22,177원/1GB_1,064,490|_32GB(16Gx2)_26,875원/1GB_859,990","_48GB(24Gx2)_22,177원/1GB_1,064,490|_32GB(16Gx2)_26,875원/1GB_859,990","_48GB(24Gx2)_22,177원/1GB_1,064,490|_32GB(16Gx2)_26,875원/1GB_859,990","_48GB(24Gx2)_22,177원/1GB_1,064,490|_32GB(16Gx2)_26,875원/1GB_859,990","_48GB(24Gx2)_22,177원/1GB_1,064,490|_32GB(16Gx2)_26,875원/1GB_859,990","_48GB(24Gx2)_22,177원/1GB_1,064,500|_32GB(16Gx2)_26,875원/1GB_860,000","_48GB(24Gx2)_22,177원/1GB_1,064,490|_32GB(16Gx2)_26,874원/1GB_859,980","_48GB(24Gx2)_22,177원/1GB_1,064,490|_32GB(16Gx2)_26,874원/1GB_859,980","_48GB(24Gx2)_22,177원/1GB_1,064,500|_32GB(16Gx2)_26,875원/1GB_860,000","_48GB(24Gx2)_22,177원/1GB_1,064,500|_32GB(16Gx2)_26,875원/1GB_860,000","_48GB(24Gx2)_22,177원/1GB_1,064,490|_32GB(16Gx2)_26,875원/1GB_860,000","_48GB(24Gx2)_22,177원/1GB_1,064,490|_32GB(16Gx2)_26,875원/1GB_860,000","_48GB(24Gx2)_22,177원/1GB_1,064,490|_32GB(16Gx2)_26,875원/1GB_860,000"
75938468,ADATA DDR5-6400 CL32 LANCER BLADE RGB 화이트 패키지 서린,"_48GB(24Gx2)_22,177원/1GB_1,064,490|_32GB(16Gx2)_26,875원/1GB_859,990","_48GB(24Gx2)_22,177원/1GB_1,064,490|_32GB(16Gx2)_26,875원/1GB_859,990","_48GB(24Gx2)_22,177원/1GB_1,064,490|_32GB(16Gx2)_26,875원/1GB_859,990","_48GB(24Gx2)_22,177원/1GB_1,064,490|_32GB(16Gx2)_26,875원/1GB_859,990","_48GB(24Gx2)_22,177원/1GB_1,064,490|_32GB(16Gx2)_26,875원/1GB_859,990","_48GB(24Gx2)_22,177원/1GB_1,064,490|_32GB(16Gx2)_26,875원/1GB_859,990","_48GB(24Gx2)_22,177원/1GB_1,064,490|_32GB(16Gx2)_26,875원/1GB_859,990","_48GB(24Gx2)_22,177원/1GB_1,064,490|_32GB(16Gx2)_26,875원/1GB_859,990","_48GB(24Gx2)_22,177원/1GB_1,064,500|_32GB(16Gx2)_26,875원/1GB_860,000","_48GB(24Gx2)_22,177원/1GB_1,064,490|_32GB(16Gx2)_26,874원/1GB_859,980","_48GB(24Gx2)_22,177원/1GB_1,064,490|_32GB(16Gx2)_26,874원/1GB_859,980","_48GB(24Gx2)_22,177원/1GB_1,064,500|_32GB(16Gx2)_26,875원/1GB_860,000","_48GB(24Gx2)_22,177원/1GB_1,064,500|_32GB(16Gx2)_26,875원/1GB_860,000","_48GB(24Gx2)_22,177원/1GB_1,064,490|_32GB(16Gx2)_26,875원/1GB_860,000","_48GB(24Gx2)_22,177원/1GB_1,064,490|_32GB(16Gx2)_26,875원/1GB_860,000","_48GB(24Gx2)_22,177원/1GB_1,064,490|_32GB(16Gx2)_26,875원/1GB_860,000"
68915114,ADATA DDR5-6400 CL32 LANCER RGB 블랙 패키지 서린,"_64GB(32Gx2)_26,875원/1GB_1,719,990|_32GB(16Gx2)_27,187원/1GB_869,990","_64GB(32Gx2)_26,875원/1GB_1,719,990|_32GB(16Gx2)_27,187원/1GB_869,990","_64GB(32Gx2)_26,875원/1GB_1,719,990|_32GB(16Gx2)_27,187원/1GB_869,990","_64GB(32Gx2)_26,875원/1GB_1,719,990|_32GB(16Gx2)_27,187원/1GB_869,990","_64GB(32Gx2)_26,875원/1GB_1,719,990|_32GB(16Gx2)_27,187원/1GB_869,990","_64GB(32Gx2)_26,875원/1GB_1,719,990|_32GB(16Gx2)_27,187원/1GB_869,990","_64GB(32Gx2)_26,875원/1GB_1,719,990|_32GB(16Gx2)_27,187원/1GB_869,990","_64GB(32Gx2)_26,875원/1GB_1,719,990|_32GB(16Gx2)_27,187원/1GB_869,990","_64GB(32Gx2)_26,875원/1GB_1,720,000|_32GB(16Gx2)_27,188원/1GB_870,000","_64GB(32Gx2)_26,875원/1GB_1,720,000|_32GB(16Gx2)_27,187원/1GB_869,980",0,0,0,0,0,0
68915141,ADATA DDR5-6400 CL32 LANCER RGB 블랙 패키지 서린,0,0,0,0,0,0,0,0,0,0,"_64GB(32Gx2)_26,875원/1GB_1,720,000|_32GB(16Gx2)_27,187원/1GB_869,980","_64GB(32Gx2)_26,875원/1GB_1,719,980|_32GB(16Gx2)_27,188원/1GB_870,000","_64GB(32Gx2)_26,875원/1GB_1,719,980|_32GB(16Gx2)_27,188원/1GB_870,000","_64GB(32Gx2)_26,875원/1GB_1,719,980|_32GB(16Gx2)_27,188원/1GB_870,000","_64GB(32Gx2)_26,875원/1GB_1,719,980|_32GB(16Gx2)_27,188원/1GB_870,000","_64GB(32Gx2)_26,875원/1GB_1,719,980|_32GB(16Gx2)_27,188원/1GB_870,000"
68915306,ADATA DDR5-6400 CL32 LANCER RGB 화이트 패키지 서린,"_64GB(32Gx2)_26,781원/1GB_1,713,990|_32GB(16Gx2)_53,750원/1GB_1,720,000","_64GB(32Gx2)_26,781원/1GB_1,713,990|_32GB(16Gx2)_53,750원/1GB_1,720,000","_64GB(32Gx2)_26,781원/1GB_1,713,990|_32GB(16Gx2)_53,750원/1GB_1,720,000","_64GB(32Gx2)_26,781원/1GB_1,713,990|_32GB(16Gx2)_53,750원/1GB_1,720,000","_64GB(32Gx2)_26,781원/1GB_1,713,990|_32GB(16Gx2)_53,750원/1GB_1,720,000","_64GB(32Gx2)_26,781원/1GB_1,713,990|_32GB(16Gx2)_53,750원/1GB_1,720,000","_64GB(32Gx2)_26,781원/1GB_1,713,990|_32GB(16Gx2)_53,750원/1GB_1,720,000","_64GB(32Gx2)_26,781원/1GB_1,713,990|_32GB(16Gx2)_53,750원/1GB_1,720,000","_64GB(32Gx2)_26,781원/1GB_1,713,990|_32GB(16Gx2)_53,750원/1GB_1,720,000","_64GB(32Gx2)_26,781원/1GB_1,713,990|_32GB(16Gx2)_53,750원/1GB_1,720,000","_64GB(32Gx2)_26,781원/1GB_1,713,990|_32GB(16Gx2)_53,750원/1GB_1,720,000","_64GB(32Gx2)_26,781원/1GB_1,713,990|_32GB(16Gx2)_53,750원/1GB_1,720,000","_64GB(32Gx2)_26,781원/1GB_1,713,990|_32GB(16Gx2)_53,750원/1GB_1,720,000","_64GB(32Gx2)_26,781원/1GB_1,713,990|_32GB(16Gx2)_53,750원/1GB_1,720,000","_64GB(32Gx2)_26,781원/1GB_1,713,990|_32GB(16Gx2)_53,750원/1GB_1,720,000","_64GB(32Gx2)_26,781원/1GB_1,713,990|_32GB(16Gx2)_53,750원/1GB_1,720,000"
122709317,ADATA DDR5-6400 CL52 CUDIMM 파인인포,"16GB_21,927원/1GB_350,830","16GB_21,927원/1GB_350,830","16GB_21,926원/1GB_350,810","16GB_21,926원/1GB_350,810","16GB_21,926원/1GB_350,810","16GB_21,926원/1GB_350,810","16GB_21,926원/1GB_350,810","16GB_21,925원/1GB_350,800","16GB_21,924원/1GB_350,790","16GB_21,925원/1GB_350,800","16GB_21,924원/1GB_350,790","16GB_21,925원/1GB_350,800","16GB_21,925원/1GB_350,800","16GB_21,924원/1GB_350,790","16GB_21,924원/1GB_350,790","16GB_21,924원/1GB_350,790"
11196249,ADATA 노트북 DDR4-3200 CL22,"_16GB_11,284원/1GB_180,550|_8GB_11,549원/1GB_92,390","_16GB_11,284원/1GB_180,550|_8GB_11,549원/1GB_92,390","_16GB_11,284원/1GB_180,550|_8GB_11,549원/1GB_92,390","_16GB_11,284원/1GB_180,550|_8GB_11,549원/1GB_92,390","_16GB_11,284원/1GB_180,550|_8GB_11,549원/1GB_92,390","_16GB_11,284원/1GB_180,550|_8GB_11,549원/1GB_92,390","_16GB_11,284원/1GB_180,550|_8GB_11,549원/1GB_92,390","_16GB_11,284원/1GB_180,550|_8GB_11,549원/1GB_92,390","_16GB_11,284원/1GB_180,550|_8GB_11,549원/1GB_92,390","_16GB_11,284원/1GB_180,550|_8GB_11,549원/1GB_92,390","_16GB_11,250원/1GB_180,000|_8GB_11,549원/1GB_92,390","_16GB_11,250원/1GB_180,000|_8GB_11,549원/1GB_92,390","_16GB_11,250원/1GB_180,000|_8GB_11,549원/1GB_92,390","_16GB_11,250원/1GB_180,000|_8GB_11,549원/1GB_92,390","_16GB_11,250원/1GB_180,000|_8GB_11,549원/1GB_92,390","_16GB_11,250원/1GB_180,000|_8GB_11,549원/1GB_92,390"
94450292,ADATA 노트북 DDR4-3200 CL22 파인인포,"32GB_21,563원/1GB_690,000|_16GB_12,747원/1GB_203,950|_8GB_11,336원/1GB_90,690","32GB_21,563원/1GB_690,000|_16GB_12,747원/1GB_203,950|_8GB_11,336원/1GB_90,690","32GB_21,563원/1GB_690,000|_16GB_12,747원/1GB_203,950|_8GB_11,336원/1GB_90,690","32GB_21,563원/1GB_690,000|_16GB_12,747원/1GB_203,950|_8GB_11,336원/1GB_90,690","32GB_21,563원/1GB_690,000|_16GB_12,747원/1GB_203,950|_8GB_11,336원/1GB_90,690","32GB_21,563원/1GB_690,000|_16GB_12,747원/1GB_203,950|_8GB_11,336원/1GB_90,690","32GB_21,563원/1GB_690,000|_16GB_12,747원/1GB_203,950|_8GB_11,336원/1GB_90,690","32GB_21,563원/1GB_690,000|_16GB_12,747원/1GB_203,950|_8GB_11,336원/1GB_90,690","32GB_21,563원/1GB_690,000|_16GB_12,747원/1GB_203,950|_8GB_11,336원/1GB_90,690","32GB_21,563원/1GB_690,000|_16GB_12,747원/1GB_203,950|_8GB_11,336원/1GB_90,690","32GB_21,563원/1GB_690,000|_16GB_12,747원/1GB_203,950|_8GB_11,336원/1GB_90,690","32GB_21,563원/1GB_690,000|_16GB_12,747원/1GB_203,950|_8GB_11,336원/1GB_90,690","32GB_21,563원/1GB_690,000|_16GB_12,747원/1GB_203,950|_8GB_11,336원/1GB_90,690","32GB_21,563원/1GB_690,000|_16GB_12,747원/1GB_203,950|_8GB_11,336원/1GB_90,690","32GB_21,563원/1GB_690,000|_16GB_12,747원/1GB_203,950|_8GB_11,336원/1GB_90,690","32GB_21,563원/1GB_690,000|_16GB_12,747원/1GB_203,950|_8GB_11,336원/1GB_90,690"
68918960,ADATA 노트북 DDR5-5600 CL46 서린,"_32GB_19,531원/1GB_625,000|_16GB_21,244원/1GB_339,910","_32GB_19,531원/1GB_625,000|_16GB_21,244원/1GB_339,900","_32GB_19,531원/1GB_625,000|_16GB_21,244원/1GB_339,900","_32GB_19,531원/1GB_625,000|_16GB_21,244원/1GB_339,900","_32GB_19,531원/1GB_625,000|_16GB_20,781원/1GB_332,490","_32GB_19,531원/1GB_625,000|_16GB_20,781원/1GB_332,490","_32GB_19,531원/1GB_625,000|_16GB_20,781원/1GB_332,490","_32GB_19,531원/1GB_625,000|_16GB_20,781원/1GB_332,490","_32GB_19,531원/1GB_625,000|_16GB_20,781원/1GB_332,490","_32GB_19,531원/1GB_625,000|_16GB_20,780원/1GB_332,480","_32GB_19,531원/1GB_625,000|_16GB_20,780원/1GB_332,480","_32GB_19,531원/1GB_625,000|_16GB_21,249원/1GB_339,990","_32GB_19,531원/1GB_625,000|_16GB_21,249원/1GB_339,990","_32GB_19,531원/1GB_625,000|_16GB_21,249원/1GB_339,980","_32GB_19,531원/1GB_625,000|_16GB_21,249원/1GB_339,980","_32GB_19,531원/1GB_625,000|_16GB_21,249원/1GB_339,980"
79397126,ADATA 노트북 DDR5-5600 CL46 파인인포,"_32GB_19,095원/1GB_611,030|_16GB_20,278원/1GB_324,450|8GB_23,745원/1GB_189,960","_32GB_19,095원/1GB_611,030|_16GB_20,278원/1GB_324,440|8GB_23,745원/1GB_189,960","_32GB_19,095원/1GB_611,030|_16GB_20,276원/1GB_324,420|8GB_23,745원/1GB_189,960","_32GB_19,095원/1GB_611,030|_16GB_20,276원/1GB_324,420|8GB_23,745원/1GB_189,960","_32GB_19,095원/1GB_611,030|_16GB_20,276원/1GB_324,420|8GB_23,745원/1GB_189,960","_32GB_19,095원/1GB_611,030|_16GB_20,276원/1GB_324,420|8GB_23,745원/1GB_189,960","_32GB_19,095원/1GB_611,030|_16GB_20,276원/1GB_324,420|8GB_23,745원/1GB_189,960","_32GB_19,095원/1GB_611,030|_16GB_20,277원/1GB_324,430|8GB_23,745원/1GB_189,960","_32GB_19,990원/1GB_639,670|_16GB_20,277원/1GB_324,430|8GB_23,745원/1GB_189,960","_32GB_19,990원/1GB_639,670|_16GB_20,277원/1GB_324,430|8GB_23,745원/1GB_189,960","_32GB_19,990원/1GB_639,670|_16GB_20,277원/1GB_324,430|8GB_23,745원/1GB_189,960","_32GB_19,990원/1GB_639,670|_16GB_20,277원/1GB_324,430|8GB_23,745원/1GB_189,960","_32GB_19,990원/1GB_639,670|_16GB_20,277원/1GB_324,430|8GB_23,745원/1GB_189,960","_32GB_19,990원/1GB_639,670|_16GB_20,277원/1GB_324,430|8GB_23,745원/1GB_189,960",0,0
79397039,ADATA 노트북 DDR5-5600 CL46 파인인포,0,0,0,0,0,0,0,0,0,0,0,0,0,0,"_32GB_19,990원/1GB_639,670|_16GB_20,277원/1GB_324,430|8GB_23,745원/1GB_189,960","_32GB_19,990원/1GB_639,670|_16GB_20,277원/1GB_324,430|8GB_23,745원/1GB_189,960"
122830277,AFOX DDR4-2666 CL19 대원씨티에스,16GB_가격비교예정,16GB_가격비교예정,16GB_가격비교예정,16GB_가격비교예정,16GB_가격비교예정,16GB_가격비교예정,16GB_가격비교예정,16GB_가격비교예정,16GB_가격비교예정,16GB_가격비교예정,16GB_가격비교예정,16GB_가격비교예정,16GB_가격비교예정,16GB_가격비교예정,16GB_가격비교예정,16GB_가격비교예정
97124171,AFOX DDR4-3200 CL22 대원씨티에스,"_16GB_9,499원/1GB_151,990|_8GB_10,118원/1GB_80,940","_16GB_9,499원/1GB_151,980|_8GB_10,118원/1GB_80,940","_16GB_9,499원/1GB_151,980|_8GB_10,118원/1GB_80,940","_16GB_9,498원/1GB_151,970|_8GB_10,118원/1GB_80,940","_16GB_9,498원/1GB_151,970|_8GB_10,118원/1GB_80,940","_16GB_9,498원/1GB_151,970|_8GB_10,118원/1GB_80,940",0,0,0,0,0,0,"_16GB_10,124원/1GB_161,980|_8GB_10,118원/1GB_80,940","_16GB_10,124원/1GB_161,980|_8GB_10,118원/1GB_80,940","_16GB_10,124원/1GB_161,980|_8GB_10,118원/1GB_80,940","_16GB_10,124원/1GB_161,980|_8GB_10,118원/1GB_80,940"
97124168,AFOX DDR4-3200 CL22 대원씨티에스,0,0,0,0,0,0,"_16GB_9,499원/1GB_151,990|_8GB_10,118원/1GB_80,940","_16GB_9,499원/1GB_151,990|_8GB_10,118원/1GB_80,940","_16GB_9,499원/1GB_151,990|_8GB_10,118원/1GB_80,940","_16GB_9,499원/1GB_151,990|_8GB_10,118원/1GB_80,940","_16GB_9,499원/1GB_151,990|_8GB_10,118원/1GB_80,940","_16GB_9,499원/1GB_151,990|_8GB_10,118원/1GB_80,940",0,0,0,0
101628665,AGI DDR4-3200 CL22 UD138 서린,"_16GB_12,281원/1GB_196,500|_8GB_11,281원/1GB_90,250","_16GB_12,281원/1GB_196,500|_8GB_11,281원/1GB_90,250","_16GB_12,281원/1GB_196,500|_8GB_11,281원/1GB_90,250","_16GB_12,281원/1GB_196,500|_8GB_11,281원/1GB_90,250","_16GB_12,281원/1GB_196,500|_8GB_11,281원/1GB_90,250","_16GB_12,281원/1GB_196,500|_8GB_11,281원/1GB_90,250","_16GB_12,281원/1GB_196,500|_8GB_11,163원/1GB_89,300","_16GB_12,281원/1GB_196,500|_8GB_11,163원/1GB_89,300","_16GB_12,281원/1GB_196,500|_8GB_11,875원/1GB_95,000","_16GB_12,281원/1GB_196,500|_8GB_11,875원/1GB_95,000","_16GB_12,281원/1GB_196,500|_8GB_11,875원/1GB_95,000","_16GB_12,281원/1GB_196,500|_8GB_11,875원/1GB_95,000",0,0,0,0
101628668,AGI DDR4-3200 CL22 UD138 서린,0,0,0,0,0,0,0,0,0,0,0,0,"_16GB_12,281원/1GB_196,500|_8GB_11,234원/1GB_89,870","_16GB_12,281원/1GB_196,500|_8GB_11,281원/1GB_90,250","_16GB_12,281원/1GB_196,500|_8GB_11,281원/1GB_90,250","_16GB_12,281원/1GB_196,500|_8GB_11,281원/1GB_90,250"
101628743,AGI DDR4-3600 CL18 TURBOJET UD848 RGB BLACK 서린,"32GB(16Gx2)_11,845원/1GB_379,050","32GB(16Gx2)_11,845원/1GB_379,050","32GB(16Gx2)_11,845원/1GB_379,050","32GB(16Gx2)_11,845원/1GB_379,050","32GB(16Gx2)_11,845원/1GB_379,050","32GB(16Gx2)_11,845원/1GB_379,050","32GB(16Gx2)_11,721원/1GB_375,060","32GB(16Gx2)_11,721원/1GB_375,060","32GB(16Gx2)_12,311원/1GB_393,940","32GB(16Gx2)_12,311원/1GB_393,940","32GB(16Gx2)_12,311원/1GB_393,940","32GB(16Gx2)_12,311원/1GB_393,940","32GB(16Gx2)_11,795원/1GB_377,450","32GB(16Gx2)_11,845원/1GB_379,050","32GB(16Gx2)_11,845원/1GB_379,050","32GB(16Gx2)_11,845원/1GB_379,050"
101185049,AGI DDR5-5600 CL46 UD238 HEATSINK 서린,"_32GB_20,078원/1GB_642,500|_16GB_19,258원/1GB_308,120","_32GB_20,078원/1GB_642,500|_16GB_19,258원/1GB_308,120","_32GB_20,078원/1GB_642,500|_16GB_19,258원/1GB_308,120",0,0,0,0,0,0,0,0,0,0,0,0,0
101185058,AGI DDR5-5600 CL46 UD238 HEATSINK 서린,0,0,0,"16GB_22,656원/1GB_362,500","16GB_22,656원/1GB_362,500","16GB_22,656원/1GB_362,500","16GB_22,656원/1GB_362,500","16GB_22,656원/1GB_362,500","16GB_22,656원/1GB_362,500","16GB_22,656원/1GB_362,500","16GB_22,656원/1GB_362,500","16GB_22,656원/1GB_362,500","16GB_22,656원/1GB_362,500","16GB_19,258원/1GB_308,120","16GB_19,258원/1GB_308,120","16GB_19,258원/1GB_308,120"
99737048,AGI DDR5-5600 CL46 UD238 서린,"_32GB_20,625원/1GB_660,000|_16GB_19,000원/1GB_304,000","_32GB_20,547원/1GB_657,500|_16GB_19,000원/1GB_304,000","_32GB_20,000원/1GB_640,000|_16GB_19,000원/1GB_304,000","_32GB_19,922원/1GB_637,500|_16GB_19,000원/1GB_304,000","_32GB_21,250원/1GB_680,000|_16GB_19,000원/1GB_304,000","_32GB_21,250원/1GB_680,000|_16GB_19,000원/1GB_304,000","_32GB_20,625원/1GB_660,000|_16GB_18,800원/1GB_300,800","_32GB_20,625원/1GB_660,000|_16GB_18,800원/1GB_300,800","_32GB_20,000원/1GB_640,000|_16GB_19,556원/1GB_312,900","_32GB_20,000원/1GB_640,000|_16GB_19,556원/1GB_312,900","_32GB_21,328원/1GB_682,500|_16GB_20,000원/1GB_320,000","_32GB_21,172원/1GB_677,500|_16GB_20,000원/1GB_320,000","_32GB_20,859원/1GB_667,500|_16GB_19,936원/1GB_318,970","_32GB_20,781원/1GB_665,000|_16GB_20,000원/1GB_320,000","_32GB_20,781원/1GB_665,000|_16GB_20,000원/1GB_320,000","_32GB_20,625원/1GB_660,000|_16GB_20,000원/1GB_320,000"
101078582,AGI DDR5-6000 CL30 TURBOJET UD858 RGB 블랙 패키지 서린,"_32GB(16Gx2)_23,094원/1GB_739,000|_48GB(24Gx2)_21,630원/1GB_1,038,240","_32GB(16Gx2)_23,094원/1GB_739,000|_48GB(24Gx2)_21,630원/1GB_1,038,240","_32GB(16Gx2)_23,094원/1GB_739,000|_48GB(24Gx2)_21,630원/1GB_1,038,240","_32GB(16Gx2)_23,094원/1GB_739,000|_48GB(24Gx2)_21,630원/1GB_1,038,240","_32GB(16Gx2)_23,094원/1GB_739,000|_48GB(24Gx2)_21,630원/1GB_1,038,240","_32GB(16Gx2)_23,094원/1GB_739,000|_48GB(24Gx2)_21,630원/1GB_1,038,240","_32GB(16Gx2)_22,938원/1GB_734,000|_48GB(24Gx2)_21,630원/1GB_1,038,240","_32GB(16Gx2)_22,859원/1GB_731,500|_48GB(24Gx2)_21,630원/1GB_1,038,240","_32GB(16Gx2)_22,859원/1GB_731,500|_48GB(24Gx2)_21,630원/1GB_1,038,240","_32GB(16Gx2)_22,781원/1GB_729,000|_48GB(24Gx2)_21,630원/1GB_1,038,240","_32GB(16Gx2)_22,781원/1GB_729,000|_48GB(24Gx2)_21,630원/1GB_1,038,240","_32GB(16Gx2)_22,703원/1GB_726,500|_48GB(24Gx2)_21,630원/1GB_1,038,240","_32GB(16Gx2)_22,391원/1GB_716,500|_48GB(24Gx2)_21,630원/1GB_1,038,240","_32GB(16Gx2)_22,234원/1GB_711,500|_48GB(24Gx2)_21,630원/1GB_1,038,240","_32GB(16Gx2)_22,234원/1GB_711,500|_48GB(24Gx2)_21,630원/1GB_1,038,240","_32GB(16Gx2)_22,156원/1GB_709,000|_48GB(24Gx2)_21,630원/1GB_1,038,240"
106694363,AGI DDR5-6000 CL30 TURBOJET UD858 RGB 블루그린 패키지 서린,"32GB(16Gx2)_22,156원/1GB_709,000","32GB(16Gx2)_22,156원/1GB_709,000","32GB(16Gx2)_22,156원/1GB_709,000","32GB(16Gx2)_22,156원/1GB_709,000","32GB(16Gx2)_22,156원/1GB_709,000","32GB(16Gx2)_22,156원/1GB_709,000","32GB(16Gx2)_22,156원/1GB_709,000","32GB(16Gx2)_22,156원/1GB_709,000","32GB(16Gx2)_23,000원/1GB_736,000","32GB(16Gx2)_23,000원/1GB_736,000","32GB(16Gx2)_23,000원/1GB_736,000","32GB(16Gx2)_23,000원/1GB_736,000","32GB(16Gx2)_22,156원/1GB_709,000","32GB(16Gx2)_22,156원/1GB_709,000","32GB(16Gx2)_22,156원/1GB_709,000","32GB(16Gx2)_22,156원/1GB_709,000"
101078618,AGI DDR5-6000 CL30 TURBOJET UD858 RGB 화이트 패키지 서린,"32GB(16Gx2)_23,094원/1GB_739,000","32GB(16Gx2)_23,094원/1GB_739,000","32GB(16Gx2)_23,094원/1GB_739,000","32GB(16Gx2)_23,094원/1GB_739,000","32GB(16Gx2)_23,094원/1GB_739,000","32GB(16Gx2)_23,094원/1GB_739,000","32GB(16Gx2)_23,094원/1GB_739,000","32GB(16Gx2)_23,094원/1GB_739,000","32GB(16Gx2)_24,031원/1GB_768,980","32GB(16Gx2)_24,031원/1GB_768,980","32GB(16Gx2)_23,687원/1GB_757,990","32GB(16Gx2)_24,031원/1GB_768,980","32GB(16Gx2)_23,094원/1GB_739,000","32GB(16Gx2)_23,094원/1GB_739,000","32GB(16Gx2)_23,094원/1GB_739,000","32GB(16Gx2)_23,094원/1GB_739,000"
101078510,AGI DDR5-6000 CL30 TURBOJET UD858 블랙 패키지 서린,"32GB(16Gx2)_23,719원/1GB_759,000","32GB(16Gx2)_23,719원/1GB_759,000","32GB(16Gx2)_23,719원/1GB_759,000","32GB(16Gx2)_23,719원/1GB_759,000","32GB(16Gx2)_23,719원/1GB_759,000","32GB(16Gx2)_23,719원/1GB_759,000","32GB(16Gx2)_23,719원/1GB_759,000","32GB(16Gx2)_23,719원/1GB_759,000","32GB(16Gx2)_24,656원/1GB_788,980","32GB(16Gx2)_24,656원/1GB_788,980","32GB(16Gx2)_24,656원/1GB_788,980","32GB(16Gx2)_24,656원/1GB_788,980","32GB(16Gx2)_23,719원/1GB_759,000","32GB(16Gx2)_23,719원/1GB_759,000","32GB(16Gx2)_23,719원/1GB_759,000","32GB(16Gx2)_23,719원/1GB_759,000"
108418964,AGI DDR5-6000 CL36 TURBOJET UD858 RGB 블랙 패키지 서린,"32GB(16Gx2)_21,740원/1GB_695,680","32GB(16Gx2)_21,740원/1GB_695,680","32GB(16Gx2)_21,740원/1GB_695,680","32GB(16Gx2)_21,740원/1GB_695,680","32GB(16Gx2)_21,740원/1GB_695,680","32GB(16Gx2)_21,740원/1GB_695,680","32GB(16Gx2)_21,740원/1GB_695,680","32GB(16Gx2)_21,740원/1GB_695,680","32GB(16Gx2)_21,740원/1GB_695,680","32GB(16Gx2)_21,740원/1GB_695,680","32GB(16Gx2)_21,740원/1GB_695,680","32GB(16Gx2)_21,740원/1GB_695,680","32GB(16Gx2)_21,740원/1GB_695,680","32GB(16Gx2)_21,740원/1GB_695,680","32GB(16Gx2)_21,740원/1GB_695,680","32GB(16Gx2)_21,740원/1GB_695,680"
108419015,AGI DDR5-6000 CL36 TURBOJET UD858 RGB 화이트 패키지 서린,"32GB(16Gx2)_21,740원/1GB_695,680","32GB(16Gx2)_21,740원/1GB_695,680","32GB(16Gx2)_21,740원/1GB_695,680","32GB(16Gx2)_21,740원/1GB_695,680","32GB(16Gx2)_21,740원/1GB_695,680","32GB(16Gx2)_21,740원/1GB_695,680","32GB(16Gx2)_21,740원/1GB_695,680","32GB(16Gx2)_21,740원/1GB_695,680","32GB(16Gx2)_21,740원/1GB_695,680","32GB(16Gx2)_21,740원/1GB_695,680","32GB(16Gx2)_21,740원/1GB_695,680","32GB(16Gx2)_21,740원/1GB_695,680","32GB(16Gx2)_21,740원/1GB_695,680","32GB(16Gx2)_21,740원/1GB_695,680","32GB(16Gx2)_21,740원/1GB_695,680","32GB(16Gx2)_21,740원/1GB_695,680"
101725856,AGI 노트북 DDR4-3200 CL22 SD138 서린,"_16GB_9,441원/1GB_151,050|_8GB_9,381원/1GB_75,050","_16GB_9,441원/1GB_151,050|_8GB_9,381원/1GB_75,050","_16GB_9,441원/1GB_151,050|_8GB_9,381원/1GB_75,050","_16GB_9,441원/1GB_151,050|_8GB_9,381원/1GB_75,050","_16GB_9,441원/1GB_151,050|_8GB_9,381원/1GB_75,050","_16GB_9,441원/1GB_151,050|_8GB_9,381원/1GB_75,050","_16GB_9,341원/1GB_149,460|_8GB_9,283원/1GB_74,260","_16GB_9,341원/1GB_149,460|_8GB_9,283원/1GB_74,260","_16GB_9,743원/1GB_155,880|_8GB_9,750원/1GB_78,000","_16GB_9,743원/1GB_155,880|_8GB_9,750원/1GB_78,000",0,0,0,0,0,0
101725853,AGI 노트북 DDR4-3200 CL22 SD138 서린,0,0,0,0,0,0,0,0,0,0,"_16GB_9,743원/1GB_155,880|_8GB_9,750원/1GB_78,000","_16GB_9,743원/1GB_155,880|_8GB_9,750원/1GB_78,000","_16GB_9,401원/1GB_150,410|_8GB_9,341원/1GB_74,730","_16GB_9,441원/1GB_151,050|_8GB_9,381원/1GB_75,050","_16GB_9,441원/1GB_151,050|_8GB_9,381원/1GB_75,050","_16GB_9,441원/1GB_151,050|_8GB_9,381원/1GB_75,050"
101721581,AGI 노트북 DDR5-5600 CL46 SD238 서린,"16GB_20,069원/1GB_321,100","16GB_20,069원/1GB_321,100","16GB_20,069원/1GB_321,100","16GB_20,069원/1GB_321,100","16GB_20,069원/1GB_321,100","16GB_20,069원/1GB_321,100","16GB_19,858원/1GB_317,720","16GB_19,858원/1GB_317,720","16GB_20,825원/1GB_333,200","16GB_20,825원/1GB_333,200","16GB_20,825원/1GB_333,200","16GB_20,825원/1GB_333,200","16GB_20,825원/1GB_333,200","16GB_20,069원/1GB_321,100","16GB_20,069원/1GB_321,100","16GB_20,069원/1GB_321,100"
15414239,ANACOMDA DDR4-3200 CL22 디앤디컴,"16GB_11,250원/1GB_180,000","16GB_11,250원/1GB_180,000","16GB_11,250원/1GB_180,000","16GB_11,250원/1GB_180,000","16GB_11,250원/1GB_180,000","16GB_11,250원/1GB_180,000","16GB_11,250원/1GB_180,000","16GB_11,250원/1GB_180,000","16GB_11,250원/1GB_180,000","16GB_11,250원/1GB_180,000","16GB_11,250원/1GB_180,000","16GB_11,250원/1GB_180,000","16GB_11,250원/1GB_180,000","16GB_11,250원/1GB_180,000","16GB_11,250원/1GB_180,000","16GB_11,250원/1GB_180,000"
123729898,ANACOMDA DDR5-5200 CL42 디앤디컴,0,0,0,0,0,0,16GB_가격비교예정,16GB_가격비교예정,16GB_가격비교예정,16GB_가격비교예정,16GB_가격비교예정,16GB_가격비교예정,16GB_가격비교예정,16GB_가격비교예정,16GB_가격비교예정,16GB_가격비교예정
91496405,ANACOMDA DDR5-5600 CL46 디앤디컴,"16GB_20,563원/1GB_329,000","16GB_20,563원/1GB_329,000","16GB_20,563원/1GB_329,000","16GB_20,563원/1GB_329,000","16GB_20,563원/1GB_329,000","16GB_20,563원/1GB_329,000","16GB_20,563원/1GB_329,000","16GB_20,563원/1GB_329,000","16GB_20,563원/1GB_329,000","16GB_20,563원/1GB_329,000","16GB_20,563원/1GB_329,000","16GB_20,563원/1GB_329,000","16GB_20,563원/1GB_329,000","16GB_20,563원/1GB_329,000","16GB_20,563원/1GB_329,000","16GB_20,563원/1GB_329,000"
105966707,ANACOMDA DDR5-6000 CL38 KING SNAKE 블랙 얼티메이크,"32GB(16Gx2)_20,849원/1GB_667,160","32GB(16Gx2)_20,849원/1GB_667,160","32GB(16Gx2)_20,849원/1GB_667,160","32GB(16Gx2)_20,849원/1GB_667,160","32GB(16Gx2)_20,849원/1GB_667,160","32GB(16Gx2)_20,849원/1GB_667,160","32GB(16Gx2)_20,849원/1GB_667,160","32GB(16Gx2)_20,849원/1GB_667,160","32GB(16Gx2)_20,849원/1GB_667,160","32GB(16Gx2)_20,849원/1GB_667,160","32GB(16Gx2)_20,849원/1GB_667,160","32GB(16Gx2)_20,849원/1GB_667,160","32GB(16Gx2)_20,849원/1GB_667,160","32GB(16Gx2)_20,849원/1GB_667,160","32GB(16Gx2)_20,849원/1GB_667,160","32GB(16Gx2)_20,849원/1GB_667,160"
105966770,ANACOMDA DDR5-6000 CL38 KING SNAKE 화이트 얼티메이크,"32GB(16Gx2)_20,849원/1GB_667,160","32GB(16Gx2)_20,849원/1GB_667,160","32GB(16Gx2)_20,849원/1GB_667,160","32GB(16Gx2)_20,849원/1GB_667,160","32GB(16Gx2)_20,849원/1GB_667,160","32GB(16Gx2)_20,849원/1GB_667,160","32GB(16Gx2)_20,849원/1GB_667,160","32GB(16Gx2)_20,849원/1GB_667,160","32GB(16Gx2)_20,849원/1GB_667,160","32GB(16Gx2)_20,849원/1GB_667,160","32GB(16Gx2)_20,849원/1GB_667,160","32GB(16Gx2)_20,849원/1GB_667,160","32GB(16Gx2)_20,849원/1GB_667,160","32GB(16Gx2)_20,849원/1GB_667,160","32GB(16Gx2)_20,849원/1GB_667,160","32GB(16Gx2)_20,849원/1GB_667,160"
2430601,AVEXIR DDR3-1600 CL10 Blitz 1.1 Original 패키지 대양케이스,"16GB(8Gx2)_9,375원/1GB_150,000","16GB(8Gx2)_9,375원/1GB_150,000","16GB(8Gx2)_9,375원/1GB_150,000","16GB(8Gx2)_9,375원/1GB_150,000","16GB(8Gx2)_9,375원/1GB_150,000","16GB(8Gx2)_9,375원/1GB_150,000","16GB(8Gx2)_9,375원/1GB_150,000","16GB(8Gx2)_9,375원/1GB_150,000","16GB(8Gx2)_9,375원/1GB_150,000","16GB(8Gx2)_9,375원/1GB_150,000","16GB(8Gx2)_9,375원/1GB_150,000","16GB(8Gx2)_9,375원/1GB_150,000","16GB(8Gx2)_9,375원/1GB_150,000","16GB(8Gx2)_9,375원/1GB_150,000","16GB(8Gx2)_9,375원/1GB_150,000","16GB(8Gx2)_9,375원/1GB_150,000"
109483274,Apacer DDR4-3200 CL22,"_16GB_11,400원/1GB_182,400|_8GB_9,488원/1GB_75,900","_16GB_11,400원/1GB_182,400|_8GB_9,488원/1GB_75,900","_16GB_11,400원/1GB_182,400|_8GB_9,488원/1GB_75,900","_16GB_11,400원/1GB_182,400|_8GB_9,488원/1GB_75,900","_16GB_11,400원/1GB_182,400|_8GB_9,488원/1GB_75,900","_16GB_11,400원/1GB_182,400|_8GB_9,488원/1GB_75,900","_16GB_11,280원/1GB_180,480|_8GB_9,388원/1GB_75,100","_16GB_11,280원/1GB_180,480|_8GB_9,388원/1GB_75,100","_16GB_11,829원/1GB_189,260|_8GB_9,916원/1GB_79,330","_16GB_11,828원/1GB_189,250|_8GB_9,916원/1GB_79,330","_16GB_11,828원/1GB_189,250|_8GB_9,916원/1GB_79,330","_16GB_11,829원/1GB_189,260|_8GB_9,916원/1GB_79,330","_16GB_11,352원/1GB_181,630|_8GB_9,448원/1GB_75,580","_16GB_11,400원/1GB_182,400|_8GB_9,488원/1GB_75,900","_16GB_11,400원/1GB_182,400|_8GB_9,488원/1GB_75,900","_16GB_11,400원/1GB_182,400|_8GB_9,488원/1GB_75,900"
109483250,Apacer DDR4-3200 CL22,"_16GB_11,400원/1GB_182,400|_8GB_9,488원/1GB_75,900","_16GB_11,400원/1GB_182,400|_8GB_9,488원/1GB_75,900","_16GB_11,400원/1GB_182,400|_8GB_9,488원/1GB_75,900","_16GB_11,400원/1GB_182,400|_8GB_9,488원/1GB_75,900","_16GB_11,400원/1GB_182,400|_8GB_9,488원/1GB_75,900","_16GB_11,400원/1GB_182,400|_8GB_9,488원/1GB_75,900","_16GB_11,280원/1GB_180,480|_8GB_9,388원/1GB_75,100","_16GB_11,280원/1GB_180,480|_8GB_9,388원/1GB_75,100","_16GB_11,829원/1GB_189,260|_8GB_9,916원/1GB_79,330","_16GB_11,828원/1GB_189,250|_8GB_9,916원/1GB_79,330","_16GB_11,828원/1GB_189,250|_8GB_9,916원/1GB_79,330","_16GB_11,829원/1GB_189,260|_8GB_9,916원/1GB_79,330","_16GB_11,352원/1GB_181,630|_8GB_9,448원/1GB_75,580","_16GB_11,400원/1GB_182,400|_8GB_9,488원/1GB_75,900","_16GB_11,400원/1GB_182,400|_8GB_9,488원/1GB_75,900","_16GB_11,400원/1GB_182,400|_8GB_9,488원/1GB_75,900"
99886835,Apacer DDR5-5200 CL40 NOX BLACK 패키지,"32GB(16Gx2)_18,438원/1GB_590,000","32GB(16Gx2)_18,438원/1GB_590,000","32GB(16Gx2)_18,438원/1GB_590,000","32GB(16Gx2)_18,438원/1GB_590,000","32GB(16Gx2)_18,438원/1GB_590,000","32GB(16Gx2)_18,438원/1GB_590,000","32GB(16Gx2)_18,438원/1GB_590,000","32GB(16Gx2)_18,438원/1GB_590,000","32GB(16Gx2)_19,375원/1GB_620,000","32GB(16Gx2)_19,374원/1GB_619,980","32GB(16Gx2)_19,374원/1GB_619,980","32GB(16Gx2)_19,375원/1GB_620,000","32GB(16Gx2)_18,438원/1GB_590,000","32GB(16Gx2)_18,438원/1GB_590,000","32GB(16Gx2)_18,438원/1GB_590,000","32GB(16Gx2)_18,438원/1GB_590,000"
99749048,Apacer DDR5-5200 CL40 NOX RGB BLACK 패키지,"32GB(16Gx2)_18,906원/1GB_605,000","32GB(16Gx2)_18,906원/1GB_605,000","32GB(16Gx2)_18,906원/1GB_605,000","32GB(16Gx2)_18,906원/1GB_605,000","32GB(16Gx2)_18,906원/1GB_605,000","32GB(16Gx2)_18,906원/1GB_605,000","32GB(16Gx2)_18,906원/1GB_605,000","32GB(16Gx2)_18,906원/1GB_605,000","32GB(16Gx2)_19,763원/1GB_632,400","32GB(16Gx2)_19,763원/1GB_632,400","32GB(16Gx2)_19,763원/1GB_632,400","32GB(16Gx2)_19,763원/1GB_632,400","32GB(16Gx2)_18,906원/1GB_605,000","32GB(16Gx2)_18,906원/1GB_605,000","32GB(16Gx2)_18,906원/1GB_605,000","32GB(16Gx2)_18,906원/1GB_605,000"
99749258,Apacer DDR5-5200 CL40 NOX RGB SILVER 패키지,"32GB(16Gx2)_18,906원/1GB_605,000","32GB(16Gx2)_18,906원/1GB_605,000","32GB(16Gx2)_18,906원/1GB_605,000","32GB(16Gx2)_18,906원/1GB_605,000","32GB(16Gx2)_18,906원/1GB_605,000","32GB(16Gx2)_18,906원/1GB_605,000","32GB(16Gx2)_18,906원/1GB_605,000","32GB(16Gx2)_18,906원/1GB_605,000","32GB(16Gx2)_19,843원/1GB_634,990","32GB(16Gx2)_19,843원/1GB_634,980","32GB(16Gx2)_19,843원/1GB_634,980","32GB(16Gx2)_19,843원/1GB_634,990","32GB(16Gx2)_18,906원/1GB_605,000","32GB(16Gx2)_18,906원/1GB_605,000","32GB(16Gx2)_18,906원/1GB_605,000","32GB(16Gx2)_18,906원/1GB_605,000"
99887309,Apacer DDR5-5200 CL40 NOX WHITE 패키지,"32GB(16Gx2)_18,438원/1GB_590,000","32GB(16Gx2)_18,438원/1GB_590,000","32GB(16Gx2)_18,438원/1GB_590,000","32GB(16Gx2)_18,438원/1GB_590,000","32GB(16Gx2)_18,438원/1GB_590,000","32GB(16Gx2)_18,438원/1GB_590,000","32GB(16Gx2)_18,438원/1GB_590,000","32GB(16Gx2)_18,438원/1GB_590,000","32GB(16Gx2)_19,375원/1GB_620,000","32GB(16Gx2)_19,343원/1GB_618,980","32GB(16Gx2)_19,343원/1GB_618,980","32GB(16Gx2)_19,375원/1GB_620,000","32GB(16Gx2)_18,438원/1GB_590,000","32GB(16Gx2)_18,438원/1GB_590,000","32GB(16Gx2)_18,438원/1GB_590,000","32GB(16Gx2)_18,438원/1GB_590,000"
99893666,Apacer DDR5-5600 CL46,"_32GB_20,304원/1GB_649,740|_16GB_18,190원/1GB_291,040","_32GB_20,148원/1GB_644,740|_16GB_18,188원/1GB_291,010","_32GB_19,679원/1GB_629,740|_16GB_18,183원/1GB_290,930","_32GB_21,237원/1GB_679,570|_16GB_18,181원/1GB_290,890","_32GB_21,237원/1GB_679,570|_16GB_18,181원/1GB_290,890","_32GB_21,237원/1GB_679,570|_16GB_18,180원/1GB_290,880","_32GB_21,237원/1GB_679,570|_16GB_18,219원/1GB_291,500","_32GB_21,237원/1GB_679,570|_16GB_18,219원/1GB_291,500","_32GB_21,237원/1GB_679,570|_16GB_18,219원/1GB_291,500","_32GB_21,237원/1GB_679,570|_16GB_18,219원/1GB_291,500","_32GB_20,703원/1GB_662,500|_16GB_19,563원/1GB_313,000","_32GB_20,547원/1GB_657,500|_16GB_19,561원/1GB_312,980","_32GB_20,234원/1GB_647,500|_16GB_19,561원/1GB_312,980","_32GB_20,078원/1GB_642,500|_16GB_20,000원/1GB_320,000","_32GB_20,078원/1GB_642,500|_16GB_20,000원/1GB_320,000","_32GB_20,000원/1GB_640,000|_16GB_20,000원/1GB_320,000"
99887372,Apacer DDR5-6000 CL38 NOX BLACK 패키지,"_64GB(32Gx2)_21,094원/1GB_1,349,990|_32GB(16Gx2)_19,031원/1GB_609,000","_64GB(32Gx2)_21,094원/1GB_1,349,990|_32GB(16Gx2)_19,031원/1GB_609,000","_64GB(32Gx2)_21,094원/1GB_1,349,990|_32GB(16Gx2)_19,031원/1GB_609,000","_64GB(32Gx2)_21,094원/1GB_1,349,990|_32GB(16Gx2)_19,031원/1GB_609,000","_64GB(32Gx2)_21,094원/1GB_1,349,990|_32GB(16Gx2)_19,031원/1GB_609,000","_64GB(32Gx2)_21,094원/1GB_1,349,990|_32GB(16Gx2)_19,031원/1GB_609,000","_64GB(32Gx2)_21,094원/1GB_1,349,990|_32GB(16Gx2)_19,031원/1GB_609,000","_64GB(32Gx2)_21,094원/1GB_1,349,990|_32GB(16Gx2)_19,031원/1GB_609,000","_64GB(32Gx2)_21,094원/1GB_1,350,000|_32GB(16Gx2)_19,969원/1GB_639,000","_64GB(32Gx2)_21,091원/1GB_1,349,800|_32GB(16Gx2)_19,968원/1GB_638,980","_64GB(32Gx2)_21,091원/1GB_1,349,800|_32GB(16Gx2)_19,968원/1GB_638,980","_64GB(32Gx2)_21,094원/1GB_1,350,000|_32GB(16Gx2)_19,969원/1GB_639,000","_64GB(32Gx2)_20,625원/1GB_1,320,000|_32GB(16Gx2)_19,031원/1GB_609,000","_64GB(32Gx2)_20,625원/1GB_1,319,990|_32GB(16Gx2)_19,031원/1GB_609,000",0,0
99887354,Apacer DDR5-6000 CL38 NOX BLACK 패키지,0,0,0,0,0,0,0,0,0,0,0,0,0,0,"_64GB(32Gx2)_20,625원/1GB_1,319,990|_32GB(16Gx2)_19,031원/1GB_609,000","_64GB(32Gx2)_20,625원/1GB_1,319,990|_32GB(16Gx2)_19,031원/1GB_609,000"
99749546,Apacer DDR5-6000 CL38 NOX RGB BLACK 패키지,"_32GB(16Gx2)_21,578원/1GB_690,500|_64GB(32Gx2)_21,312원/1GB_1,363,990","_32GB(16Gx2)_21,578원/1GB_690,500|_64GB(32Gx2)_21,312원/1GB_1,363,990","_32GB(16Gx2)_21,578원/1GB_690,500|_64GB(32Gx2)_21,312원/1GB_1,363,990","_32GB(16Gx2)_21,578원/1GB_690,500|_64GB(32Gx2)_21,312원/1GB_1,363,990","_32GB(16Gx2)_21,578원/1GB_690,500|_64GB(32Gx2)_21,312원/1GB_1,363,990","_32GB(16Gx2)_21,578원/1GB_690,500|_64GB(32Gx2)_21,312원/1GB_1,363,990","_32GB(16Gx2)_21,578원/1GB_690,500|_64GB(32Gx2)_21,312원/1GB_1,363,990","_32GB(16Gx2)_21,578원/1GB_690,500|_64GB(32Gx2)_21,312원/1GB_1,363,990","_32GB(16Gx2)_21,578원/1GB_690,500|_64GB(32Gx2)_21,313원/1GB_1,364,000","_32GB(16Gx2)_21,578원/1GB_690,500|_64GB(32Gx2)_21,312원/1GB_1,363,990","_32GB(16Gx2)_21,578원/1GB_690,500|_64GB(32Gx2)_21,312원/1GB_1,363,990","_32GB(16Gx2)_21,578원/1GB_690,500|_64GB(32Gx2)_21,313원/1GB_1,364,000","_32GB(16Gx2)_21,578원/1GB_690,500|_64GB(32Gx2)_21,313원/1GB_1,364,000","_32GB(16Gx2)_21,578원/1GB_690,500|_64GB(32Gx2)_21,312원/1GB_1,363,990","_32GB(16Gx2)_21,578원/1GB_690,500|_64GB(32Gx2)_21,312원/1GB_1,363,990","_32GB(16Gx2)_21,578원/1GB_690,500|_64GB(32Gx2)_21,312원/1GB_1,363,990"
99749558,Apacer DDR5-6000 CL38 NOX RGB SILVER 패키지,"_64GB(32Gx2)_21,406원/1GB_1,369,990|_32GB(16Gx2)_21,531원/1GB_689,000","_64GB(32Gx2)_21,406원/1GB_1,369,990|_32GB(16Gx2)_21,531원/1GB_689,000","_64GB(32Gx2)_21,406원/1GB_1,369,990|_32GB(16Gx2)_21,531원/1GB_689,000","_64GB(32Gx2)_21,406원/1GB_1,369,990|_32GB(16Gx2)_21,531원/1GB_689,000","_64GB(32Gx2)_21,406원/1GB_1,369,990|_32GB(16Gx2)_21,531원/1GB_689,000","_64GB(32Gx2)_21,406원/1GB_1,369,990|_32GB(16Gx2)_21,531원/1GB_689,000",0,0,0,0,0,0,0,0,0,0
99749564,Apacer DDR5-6000 CL38 NOX RGB SILVER 패키지,0,0,0,0,0,0,"_64GB(32Gx2)_21,406원/1GB_1,369,990|_32GB(16Gx2)_21,531원/1GB_689,000","_64GB(32Gx2)_21,406원/1GB_1,369,990|_32GB(16Gx2)_21,531원/1GB_689,000","_64GB(32Gx2)_21,719원/1GB_1,390,000|_32GB(16Gx2)_22,469원/1GB_719,000","_64GB(32Gx2)_21,719원/1GB_1,390,000|_32GB(16Gx2)_22,468원/1GB_718,980","_64GB(32Gx2)_21,719원/1GB_1,390,000|_32GB(16Gx2)_22,468원/1GB_718,980","_64GB(32Gx2)_21,719원/1GB_1,390,000|_32GB(16Gx2)_22,469원/1GB_719,000","_64GB(32Gx2)_21,719원/1GB_1,390,000|_32GB(16Gx2)_21,531원/1GB_689,000","_64GB(32Gx2)_21,719원/1GB_1,390,000|_32GB(16Gx2)_20,292원/1GB_649,350","_64GB(32Gx2)_21,719원/1GB_1,390,000|_32GB(16Gx2)_20,292원/1GB_649,350","_64GB(32Gx2)_21,719원/1GB_1,390,000|_32GB(16Gx2)_20,292원/1GB_649,350"
99887405,Apacer DDR5-6000 CL38 NOX WHITE 패키지,"_32GB(16Gx2)_19,031원/1GB_609,000|_64GB(32Gx2)_20,625원/1GB_1,319,990","_32GB(16Gx2)_19,031원/1GB_609,000|_64GB(32Gx2)_20,625원/1GB_1,319,990","_32GB(16Gx2)_19,031원/1GB_609,000|_64GB(32Gx2)_20,625원/1GB_1,319,990","_32GB(16Gx2)_19,031원/1GB_609,000|_64GB(32Gx2)_20,625원/1GB_1,319,990","_32GB(16Gx2)_19,031원/1GB_609,000|_64GB(32Gx2)_20,625원/1GB_1,319,990","_32GB(16Gx2)_19,031원/1GB_609,000|_64GB(32Gx2)_20,625원/1GB_1,319,990",0,0,0,0,0,0,0,0,"_32GB(16Gx2)_19,031원/1GB_609,000|_64GB(32Gx2)_20,625원/1GB_1,319,990","_32GB(16Gx2)_19,031원/1GB_609,000|_64GB(32Gx2)_20,625원/1GB_1,319,990"
99887393,Apacer DDR5-6000 CL38 NOX WHITE 패키지,0,0,0,0,0,0,"_32GB(16Gx2)_19,031원/1GB_609,000|_64GB(32Gx2)_20,625원/1GB_1,319,990","_32GB(16Gx2)_19,031원/1GB_609,000|_64GB(32Gx2)_20,625원/1GB_1,319,990","_32GB(16Gx2)_19,969원/1GB_639,000|_64GB(32Gx2)_21,094원/1GB_1,349,990","_32GB(16Gx2)_19,969원/1GB_639,000|_64GB(32Gx2)_21,093원/1GB_1,349,980","_32GB(16Gx2)_19,969원/1GB_639,000|_64GB(32Gx2)_21,093원/1GB_1,349,980","_32GB(16Gx2)_19,969원/1GB_639,000|_64GB(32Gx2)_21,094원/1GB_1,349,990","_32GB(16Gx2)_19,031원/1GB_609,000|_64GB(32Gx2)_20,625원/1GB_1,320,000","_32GB(16Gx2)_19,031원/1GB_609,000|_64GB(32Gx2)_20,625원/1GB_1,319,990",0,0
101667029,Apacer 노트북 DDR5-5600 CL46,"_16GB_20,339원/1GB_325,430|_32GB_20,399원/1GB_652,770","_16GB_20,339원/1GB_325,430|_32GB_20,399원/1GB_652,770","_16GB_20,339원/1GB_325,430|_32GB_20,399원/1GB_652,770","_16GB_20,339원/1GB_325,430|_32GB_20,399원/1GB_652,770","_16GB_20,339원/1GB_325,430|_32GB_20,399원/1GB_652,770","_16GB_20,339원/1GB_325,430|_32GB_20,399원/1GB_652,770","_16GB_20,339원/1GB_325,430|_32GB_20,399원/1GB_652,770","_16GB_20,339원/1GB_325,430|_32GB_20,399원/1GB_652,770","_16GB_20,339원/1GB_325,430|_32GB_20,399원/1GB_652,770","_16GB_20,339원/1GB_325,430|_32GB_20,399원/1GB_652,760","_16GB_20,339원/1GB_325,430|_32GB_20,399원/1GB_652,760","_16GB_20,339원/1GB_325,430|_32GB_20,399원/1GB_652,770","_16GB_21,250원/1GB_340,000|_32GB_20,399원/1GB_652,770","_16GB_21,406원/1GB_342,500|_32GB_20,399원/1GB_652,760","_16GB_21,406원/1GB_342,500|_32GB_20,399원/1GB_652,760","_16GB_21,406원/1GB_342,500|_32GB_20,399원/1GB_652,760"
14091533,ArchMemory DDR4-2666 ECC for Synology,"16GB_36,250원/1GB_580,000","16GB_36,250원/1GB_580,000","16GB_36,250원/1GB_580,000","16GB_36,250원/1GB_580,000","16GB_36,250원/1GB_580,000","16GB_36,250원/1GB_580,000","16GB_36,250원/1GB_580,000","16GB_36,250원/1GB_580,000","16GB_36,250원/1GB_580,000","16GB_36,250원/1GB_580,000","16GB_36,250원/1GB_580,000","16GB_36,250원/1GB_580,000","16GB_36,250원/1GB_580,000","16GB_36,250원/1GB_580,000","16GB_36,250원/1GB_580,000","16GB_36,250원/1GB_580,000"
95423780,BIWIN DDR4-3200 CL22,"16GB_9,938원/1GB_159,000","16GB_9,938원/1GB_159,000","16GB_9,938원/1GB_159,000","16GB_9,938원/1GB_159,000","16GB_9,938원/1GB_159,000","16GB_9,938원/1GB_159,000","16GB_9,938원/1GB_159,000","16GB_9,938원/1GB_159,000","16GB_9,938원/1GB_159,000","16GB_9,938원/1GB_159,000","16GB_9,938원/1GB_159,000","16GB_9,938원/1GB_159,000","16GB_9,938원/1GB_159,000","16GB_9,938원/1GB_159,000","16GB_9,938원/1GB_159,000","16GB_9,938원/1GB_159,000"
101079236,BIWIN DDR5-4800 CL40,"_32GB_18,093원/1GB_578,990|_16GB_20,053원/1GB_320,850","_32GB_18,093원/1GB_578,990|_16GB_20,053원/1GB_320,850",0,0,"_32GB_18,093원/1GB_578,990|_16GB_20,053원/1GB_320,850","_32GB_18,093원/1GB_578,990|_16GB_20,053원/1GB_320,850","_32GB_18,093원/1GB_578,990|_16GB_20,053원/1GB_320,850","_32GB_18,093원/1GB_578,990|_16GB_20,053원/1GB_320,850","_32GB_18,093원/1GB_578,990|_16GB_20,053원/1GB_320,850","_32GB_18,093원/1GB_578,990|_16GB_20,318원/1GB_325,090","_32GB_18,093원/1GB_578,990|_16GB_20,318원/1GB_325,090","_32GB_18,093원/1GB_578,990|_16GB_20,318원/1GB_325,090","_32GB_18,093원/1GB_578,990|_16GB_20,318원/1GB_325,090","_32GB_19,015원/1GB_608,490|_16GB_20,318원/1GB_325,090","_32GB_19,015원/1GB_608,490|_16GB_20,318원/1GB_325,090","_32GB_19,015원/1GB_608,490|_16GB_20,318원/1GB_325,090"
101079248,BIWIN DDR5-4800 CL40,0,0,"_32GB_18,093원/1GB_578,990|_16GB_20,053원/1GB_320,850","_32GB_18,093원/1GB_578,990|_16GB_20,053원/1GB_320,850",0,0,0,0,0,0,0,0,0,0,0,0
95423906,BIWIN DDR5-5600 CL46,"_32GB_19,344원/1GB_619,000|_16GB_19,938원/1GB_319,000","_32GB_19,344원/1GB_619,000|_16GB_19,938원/1GB_319,000","_32GB_19,344원/1GB_619,000|_16GB_19,938원/1GB_319,000","_32GB_19,344원/1GB_619,000|_16GB_19,938원/1GB_319,000","_32GB_19,344원/1GB_619,000|_16GB_19,938원/1GB_319,000","_32GB_19,344원/1GB_619,000|_16GB_19,938원/1GB_319,000","_32GB_19,344원/1GB_619,000|_16GB_19,938원/1GB_319,000","_32GB_19,344원/1GB_619,000|_16GB_19,938원/1GB_319,000","_32GB_19,344원/1GB_619,000|_16GB_19,938원/1GB_319,000","_32GB_19,344원/1GB_619,000|_16GB_19,938원/1GB_319,000","_32GB_19,344원/1GB_619,000|_16GB_19,938원/1GB_319,000","_32GB_19,344원/1GB_619,000|_16GB_19,938원/1GB_319,000","_32GB_19,344원/1GB_619,000|_16GB_19,938원/1GB_319,000","_32GB_19,344원/1GB_619,000|_16GB_19,938원/1GB_319,000","_32GB_19,344원/1GB_619,000|_16GB_19,938원/1GB_319,000","_32GB_19,344원/1GB_619,000|_16GB_19,938원/1GB_319,000"
95424089,BIWIN DDR5-6000 CL28 DW100 RGB 블랙 패키지,"48GB(24Gx2)_20,563원/1GB_987,000","48GB(24Gx2)_20,563원/1GB_987,000","48GB(24Gx2)_20,563원/1GB_987,000","48GB(24Gx2)_20,563원/1GB_987,000","48GB(24Gx2)_20,563원/1GB_987,000","48GB(24Gx2)_20,625원/1GB_990,000","48GB(24Gx2)_20,625원/1GB_990,000","48GB(24Gx2)_24,167원/1GB_1,160,000","48GB(24Gx2)_24,167원/1GB_1,160,000","48GB(24Gx2)_24,167원/1GB_1,160,000","48GB(24Gx2)_20,625원/1GB_990,000","48GB(24Gx2)_20,625원/1GB_990,000","48GB(24Gx2)_20,625원/1GB_990,000","48GB(24Gx2)_19,792원/1GB_950,000","48GB(24Gx2)_19,792원/1GB_950,000","48GB(24Gx2)_19,792원/1GB_950,000"
95424116,BIWIN DDR5-6000 CL28 DW100 RGB 화이트 패키지,"48GB(24Gx2)_20,625원/1GB_990,000","48GB(24Gx2)_20,625원/1GB_990,000","48GB(24Gx2)_20,625원/1GB_990,000","48GB(24Gx2)_20,625원/1GB_990,000","48GB(24Gx2)_20,625원/1GB_990,000","48GB(24Gx2)_20,625원/1GB_990,000","48GB(24Gx2)_20,625원/1GB_990,000","48GB(24Gx2)_20,625원/1GB_990,000","48GB(24Gx2)_20,625원/1GB_990,000","48GB(24Gx2)_20,625원/1GB_990,000","48GB(24Gx2)_20,625원/1GB_990,000","48GB(24Gx2)_20,625원/1GB_990,000","48GB(24Gx2)_20,625원/1GB_990,000","48GB(24Gx2)_19,792원/1GB_950,000","48GB(24Gx2)_19,792원/1GB_950,000","48GB(24Gx2)_19,792원/1GB_950,000"
95423984,BIWIN DDR5-6000 CL28 HX100 블랙 패키지,"48GB(24Gx2)_24,729원/1GB_1,187,000","48GB(24Gx2)_24,729원/1GB_1,187,000","48GB(24Gx2)_24,729원/1GB_1,187,000","48GB(24Gx2)_24,729원/1GB_1,187,000","48GB(24Gx2)_24,729원/1GB_1,187,000","48GB(24Gx2)_24,729원/1GB_1,187,000","48GB(24Gx2)_24,729원/1GB_1,187,000","48GB(24Gx2)_24,741원/1GB_1,187,550","48GB(24Gx2)_24,741원/1GB_1,187,550","48GB(24Gx2)_24,741원/1GB_1,187,550","48GB(24Gx2)_24,741원/1GB_1,187,550","48GB(24Gx2)_24,741원/1GB_1,187,550","48GB(24Gx2)_24,741원/1GB_1,187,550","48GB(24Gx2)_24,741원/1GB_1,187,550","48GB(24Gx2)_24,741원/1GB_1,187,550","48GB(24Gx2)_24,741원/1GB_1,187,550"
95424023,BIWIN DDR5-6000 CL28 HX100 실버 패키지,"48GB(24Gx2)_24,729원/1GB_1,187,000","48GB(24Gx2)_24,729원/1GB_1,187,000","48GB(24Gx2)_24,729원/1GB_1,187,000","48GB(24Gx2)_24,729원/1GB_1,187,000","48GB(24Gx2)_24,729원/1GB_1,187,000","48GB(24Gx2)_24,729원/1GB_1,187,000","48GB(24Gx2)_24,729원/1GB_1,187,000","48GB(24Gx2)_24,729원/1GB_1,187,000","48GB(24Gx2)_24,729원/1GB_1,187,000","48GB(24Gx2)_24,792원/1GB_1,190,000","48GB(24Gx2)_24,792원/1GB_1,190,000","48GB(24Gx2)_24,792원/1GB_1,190,000","48GB(24Gx2)_24,792원/1GB_1,190,000","48GB(24Gx2)_24,792원/1GB_1,190,000","48GB(24Gx2)_24,792원/1GB_1,190,000","48GB(24Gx2)_24,792원/1GB_1,190,000"
95424062,BIWIN DDR5-6000 CL30 DW100 RGB 블랙 패키지,"_64GB(32Gx2)_30,469원/1GB_1,950,000|_32GB(16Gx2)_33,125원/1GB_1,060,000","_64GB(32Gx2)_30,469원/1GB_1,950,000|_32GB(16Gx2)_33,125원/1GB_1,060,000","_64GB(32Gx2)_30,422원/1GB_1,947,000|_32GB(16Gx2)_33,125원/1GB_1,060,000","_64GB(32Gx2)_30,422원/1GB_1,947,000|_32GB(16Gx2)_33,125원/1GB_1,060,000","_64GB(32Gx2)_30,422원/1GB_1,947,000|_32GB(16Gx2)_33,125원/1GB_1,060,000","_64GB(32Gx2)_30,469원/1GB_1,950,000|_32GB(16Gx2)_33,125원/1GB_1,060,000","_64GB(32Gx2)_30,422원/1GB_1,947,000|_32GB(16Gx2)_33,125원/1GB_1,060,000","_64GB(32Gx2)_30,422원/1GB_1,947,000|_32GB(16Gx2)_33,125원/1GB_1,060,000",0,0,0,0,"_64GB(32Gx2)_30,469원/1GB_1,950,000|_32GB(16Gx2)_33,125원/1GB_1,060,000","_64GB(32Gx2)_30,469원/1GB_1,950,000|_32GB(16Gx2)_33,125원/1GB_1,060,000","_64GB(32Gx2)_30,469원/1GB_1,950,000|_32GB(16Gx2)_33,125원/1GB_1,060,000","_64GB(32Gx2)_30,469원/1GB_1,950,000|_32GB(16Gx2)_33,125원/1GB_1,060,000"
95424074,BIWIN DDR5-6000 CL30 DW100 RGB 블랙 패키지,0,0,0,0,0,0,0,0,"_64GB(32Gx2)_30,422원/1GB_1,947,000|_32GB(16Gx2)_33,125원/1GB_1,060,000","_64GB(32Gx2)_30,422원/1GB_1,947,000|_32GB(16Gx2)_33,125원/1GB_1,060,000","_64GB(32Gx2)_30,422원/1GB_1,947,000|_32GB(16Gx2)_33,125원/1GB_1,060,000","_64GB(32Gx2)_30,469원/1GB_1,950,000|_32GB(16Gx2)_33,125원/1GB_1,060,000",0,0,0,0
95424092,BIWIN DDR5-6000 CL30 DW100 RGB 화이트 패키지,"64GB(32Gx2)_30,469원/1GB_1,950,000","64GB(32Gx2)_30,469원/1GB_1,950,000","64GB(32Gx2)_30,469원/1GB_1,950,000","64GB(32Gx2)_30,469원/1GB_1,950,000","64GB(32Gx2)_30,469원/1GB_1,950,000","64GB(32Gx2)_30,469원/1GB_1,950,000","64GB(32Gx2)_30,469원/1GB_1,950,000","64GB(32Gx2)_30,469원/1GB_1,950,000","64GB(32Gx2)_30,469원/1GB_1,950,000","64GB(32Gx2)_30,469원/1GB_1,950,000","64GB(32Gx2)_30,469원/1GB_1,950,000","64GB(32Gx2)_30,469원/1GB_1,950,000","64GB(32Gx2)_30,469원/1GB_1,950,000","64GB(32Gx2)_30,469원/1GB_1,950,000","64GB(32Gx2)_30,469원/1GB_1,950,000","64GB(32Gx2)_30,469원/1GB_1,950,000"
95423948,BIWIN DDR5-6000 CL30 HX100 블랙 패키지,"_64GB(32Gx2)_29,531원/1GB_1,890,000|_32GB(16Gx2)_32,500원/1GB_1,040,000","_64GB(32Gx2)_29,531원/1GB_1,890,000|_32GB(16Gx2)_32,500원/1GB_1,040,000","_64GB(32Gx2)_29,531원/1GB_1,890,000|_32GB(16Gx2)_32,500원/1GB_1,040,000","_64GB(32Gx2)_29,531원/1GB_1,890,000|_32GB(16Gx2)_32,500원/1GB_1,040,000","_64GB(32Gx2)_29,531원/1GB_1,890,000|_32GB(16Gx2)_32,500원/1GB_1,040,000","_64GB(32Gx2)_29,531원/1GB_1,890,000|_32GB(16Gx2)_32,500원/1GB_1,040,000","_64GB(32Gx2)_29,531원/1GB_1,890,000|_32GB(16Gx2)_32,500원/1GB_1,040,000","_64GB(32Gx2)_29,531원/1GB_1,890,000|_32GB(16Gx2)_32,500원/1GB_1,040,000","_64GB(32Gx2)_29,531원/1GB_1,890,000|_32GB(16Gx2)_32,500원/1GB_1,040,000","_64GB(32Gx2)_29,531원/1GB_1,890,000|_32GB(16Gx2)_32,500원/1GB_1,040,000","_64GB(32Gx2)_29,531원/1GB_1,890,000|_32GB(16Gx2)_32,500원/1GB_1,040,000","_64GB(32Gx2)_29,531원/1GB_1,890,000|_32GB(16Gx2)_32,500원/1GB_1,040,000","_64GB(32Gx2)_29,531원/1GB_1,890,000|_32GB(16Gx2)_32,500원/1GB_1,040,000","_64GB(32Gx2)_29,531원/1GB_1,890,000|_32GB(16Gx2)_32,500원/1GB_1,040,000","_64GB(32Gx2)_29,531원/1GB_1,890,000|_32GB(16Gx2)_32,500원/1GB_1,040,000","_64GB(32Gx2)_29,531원/1GB_1,890,000|_32GB(16Gx2)_32,500원/1GB_1,040,000"
95424008,BIWIN DDR5-6000 CL30 HX100 실버 패키지,"_64GB(32Gx2)_29,531원/1GB_1,890,000|_32GB(16Gx2)_32,500원/1GB_1,040,000","_64GB(32Gx2)_29,531원/1GB_1,890,000|_32GB(16Gx2)_32,500원/1GB_1,040,000","_64GB(32Gx2)_29,531원/1GB_1,890,000|_32GB(16Gx2)_32,500원/1GB_1,040,000","_64GB(32Gx2)_29,531원/1GB_1,890,000|_32GB(16Gx2)_32,500원/1GB_1,040,000","_64GB(32Gx2)_29,531원/1GB_1,890,000|_32GB(16Gx2)_32,500원/1GB_1,040,000","_64GB(32Gx2)_29,531원/1GB_1,890,000|_32GB(16Gx2)_32,500원/1GB_1,040,000","_64GB(32Gx2)_29,531원/1GB_1,890,000|_32GB(16Gx2)_32,500원/1GB_1,040,000","_64GB(32Gx2)_29,531원/1GB_1,890,000|_32GB(16Gx2)_32,500원/1GB_1,040,000","_64GB(32Gx2)_29,531원/1GB_1,890,000|_32GB(16Gx2)_32,500원/1GB_1,040,000","_64GB(32Gx2)_29,531원/1GB_1,890,000|_32GB(16Gx2)_32,500원/1GB_1,040,000","_64GB(32Gx2)_29,531원/1GB_1,890,000|_32GB(16Gx2)_32,500원/1GB_1,040,000","_64GB(32Gx2)_29,531원/1GB_1,890,000|_32GB(16Gx2)_32,500원/1GB_1,040,000","_64GB(32Gx2)_29,531원/1GB_1,890,000|_32GB(16Gx2)_32,500원/1GB_1,040,000","_64GB(32Gx2)_29,531원/1GB_1,890,000|_32GB(16Gx2)_32,500원/1GB_1,040,000","_64GB(32Gx2)_29,531원/1GB_1,890,000|_32GB(16Gx2)_32,500원/1GB_1,040,000","_64GB(32Gx2)_29,531원/1GB_1,890,000|_32GB(16Gx2)_32,500원/1GB_1,040,000"
6259453,CORSAIR DDR4-2666 CL16 VENGEANCE PRO RGB BLACK 패키지,"64GB(8Gx8)_10,672원/1GB_683,000","64GB(8Gx8)_10,672원/1GB_683,000","64GB(8Gx8)_10,672원/1GB_683,000","64GB(8Gx8)_10,672원/1GB_683,000","64GB(8Gx8)_10,672원/1GB_683,000","64GB(8Gx8)_10,672원/1GB_683,000","64GB(8Gx8)_10,672원/1GB_683,000","64GB(8Gx8)_10,672원/1GB_683,000","64GB(8Gx8)_10,672원/1GB_683,000","64GB(8Gx8)_10,672원/1GB_683,000","64GB(8Gx8)_10,672원/1GB_683,000","64GB(8Gx8)_10,672원/1GB_683,000","64GB(8Gx8)_10,672원/1GB_683,000","64GB(8Gx8)_10,672원/1GB_683,000","64GB(8Gx8)_10,672원/1GB_683,000","64GB(8Gx8)_10,672원/1GB_683,000"
5528713,CORSAIR DDR4-3000 CL16 Dominator Platinum 패키지,"128GB(16Gx8)_9,197원/1GB_1,177,200","128GB(16Gx8)_9,197원/1GB_1,177,200","128GB(16Gx8)_9,197원/1GB_1,177,200","128GB(16Gx8)_9,197원/1GB_1,177,200","128GB(16Gx8)_9,197원/1GB_1,177,200","128GB(16Gx8)_9,197원/1GB_1,177,200","128GB(16Gx8)_9,197원/1GB_1,177,200","128GB(16Gx8)_9,197원/1GB_1,177,200","128GB(16Gx8)_9,197원/1GB_1,177,200","128GB(16Gx8)_9,197원/1GB_1,177,200","128GB(16Gx8)_9,197원/1GB_1,177,200","128GB(16Gx8)_9,197원/1GB_1,177,200","128GB(16Gx8)_9,197원/1GB_1,177,200","128GB(16Gx8)_9,197원/1GB_1,177,200","128GB(16Gx8)_9,197원/1GB_1,177,200","128GB(16Gx8)_9,197원/1GB_1,177,200"
13245098,CORSAIR DDR4-3200 CL16 VENGEANCE RGB PRO SL BLACK 패키지,"32GB(8Gx4)_11,086원/1GB_354,750","32GB(8Gx4)_11,086원/1GB_354,750","32GB(8Gx4)_11,086원/1GB_354,750","32GB(8Gx4)_11,086원/1GB_354,750","32GB(8Gx4)_11,086원/1GB_354,750","32GB(8Gx4)_11,086원/1GB_354,750","32GB(8Gx4)_11,086원/1GB_354,750","32GB(8Gx4)_11,086원/1GB_354,750","32GB(8Gx4)_11,086원/1GB_354,750","32GB(8Gx4)_11,086원/1GB_354,750","32GB(8Gx4)_11,086원/1GB_354,750","32GB(8Gx4)_11,086원/1GB_354,750","32GB(8Gx4)_11,086원/1GB_354,750","32GB(8Gx4)_11,086원/1GB_354,750","32GB(8Gx4)_11,086원/1GB_354,750","32GB(8Gx4)_11,086원/1GB_354,750"
13244855,CORSAIR DDR4-3200 CL16 VENGEANCE RGB PRO SL WHITE 패키지,0,0,0,0,0,0,0,0,0,0,"16GB(8Gx2)_13,441원/1GB_215,060","16GB(8Gx2)_13,441원/1GB_215,060","16GB(8Gx2)_13,441원/1GB_215,060","16GB(8Gx2)_13,441원/1GB_215,060","16GB(8Gx2)_13,441원/1GB_215,060","16GB(8Gx2)_13,441원/1GB_215,060"
16239491,CORSAIR DDR5-5200 CL40 Dominator Platinum RGB 패키지,"64GB(32Gx2)_24,219원/1GB_1,550,000","64GB(32Gx2)_24,219원/1GB_1,550,000","64GB(32Gx2)_24,219원/1GB_1,550,000","64GB(32Gx2)_24,219원/1GB_1,550,000","64GB(32Gx2)_24,219원/1GB_1,550,000","64GB(32Gx2)_24,219원/1GB_1,550,000","64GB(32Gx2)_24,219원/1GB_1,550,000","64GB(32Gx2)_24,219원/1GB_1,550,000","64GB(32Gx2)_24,219원/1GB_1,550,000","64GB(32Gx2)_24,219원/1GB_1,550,000","64GB(32Gx2)_24,219원/1GB_1,550,000","64GB(32Gx2)_24,219원/1GB_1,550,000","64GB(32Gx2)_24,219원/1GB_1,550,000","64GB(32Gx2)_24,219원/1GB_1,550,000","64GB(32Gx2)_24,219원/1GB_1,550,000","64GB(32Gx2)_24,219원/1GB_1,550,000"
27788273,CORSAIR DDR5-5600 CL40 VENGEANCE RGB BLACK 패키지,"128GB(32Gx4)_23,527원/1GB_3,011,430","128GB(32Gx4)_23,527원/1GB_3,011,430","128GB(32Gx4)_23,527원/1GB_3,011,430","128GB(32Gx4)_23,527원/1GB_3,011,430","128GB(32Gx4)_23,527원/1GB_3,011,430","128GB(32Gx4)_23,527원/1GB_3,011,430","128GB(32Gx4)_23,527원/1GB_3,011,430","128GB(32Gx4)_23,527원/1GB_3,011,430","128GB(32Gx4)_23,527원/1GB_3,011,430","128GB(32Gx4)_23,527원/1GB_3,011,430","128GB(32Gx4)_23,527원/1GB_3,011,430","128GB(32Gx4)_23,527원/1GB_3,011,430","128GB(32Gx4)_23,527원/1GB_3,011,430","128GB(32Gx4)_23,527원/1GB_3,011,430","128GB(32Gx4)_23,527원/1GB_3,011,430","128GB(32Gx4)_23,527원/1GB_3,011,430"
105969257,CORSAIR DDR5-5600 CL48 VENGEANCE SODIMM,"16GB_22,343원/1GB_357,480","16GB_22,343원/1GB_357,480","16GB_22,343원/1GB_357,480","16GB_22,343원/1GB_357,480","16GB_22,343원/1GB_357,480","16GB_22,343원/1GB_357,480","16GB_22,343원/1GB_357,480","16GB_22,343원/1GB_357,480","16GB_22,343원/1GB_357,480","16GB_22,343원/1GB_357,480","16GB_22,343원/1GB_357,480","16GB_22,343원/1GB_357,480","16GB_22,343원/1GB_357,480","16GB_22,343원/1GB_357,480","16GB_22,343원/1GB_357,480","16GB_22,343원/1GB_357,480"
89534852,CORSAIR DDR5-6000 CL30 Dominator Titanium GRAY 패키지,0,0,0,0,0,0,0,0,"64GB(32Gx2)_27,468원/1GB_1,757,930","64GB(32Gx2)_27,468원/1GB_1,757,930","64GB(32Gx2)_27,468원/1GB_1,757,930","64GB(32Gx2)_27,468원/1GB_1,757,930","64GB(32Gx2)_27,468원/1GB_1,757,930","64GB(32Gx2)_27,468원/1GB_1,757,930","64GB(32Gx2)_27,468원/1GB_1,757,930","64GB(32Gx2)_27,468원/1GB_1,757,930"
72471092,CORSAIR DDR5-6000 CL30 VENGEANCE RGB DP WHITE 패키지,"32GB(16Gx2)_27,871원/1GB_891,870","32GB(16Gx2)_27,870원/1GB_891,830","32GB(16Gx2)_27,818원/1GB_890,160","32GB(16Gx2)_27,817원/1GB_890,130","32GB(16Gx2)_27,814원/1GB_890,040","32GB(16Gx2)_27,813원/1GB_890,020","32GB(16Gx2)_27,813원/1GB_890,020","32GB(16Gx2)_27,813원/1GB_890,020","32GB(16Gx2)_27,818원/1GB_890,190","32GB(16Gx2)_27,818원/1GB_890,190","32GB(16Gx2)_27,818원/1GB_890,190","32GB(16Gx2)_27,818원/1GB_890,190","32GB(16Gx2)_27,818원/1GB_890,190","32GB(16Gx2)_27,818원/1GB_890,190","32GB(16Gx2)_27,818원/1GB_890,190","32GB(16Gx2)_27,818원/1GB_890,190"
27666047,CORSAIR DDR5-6000 CL30 VENGEANCE RGB WHITE 패키지,"32GB(16Gx2)_27,993원/1GB_895,780","32GB(16Gx2)_27,993원/1GB_895,780","32GB(16Gx2)_27,993원/1GB_895,780","32GB(16Gx2)_27,993원/1GB_895,780","32GB(16Gx2)_27,993원/1GB_895,780","32GB(16Gx2)_27,993원/1GB_895,780","32GB(16Gx2)_27,993원/1GB_895,780","32GB(16Gx2)_27,993원/1GB_895,780","32GB(16Gx2)_27,993원/1GB_895,780","32GB(16Gx2)_27,993원/1GB_895,780","32GB(16Gx2)_27,993원/1GB_895,780","32GB(16Gx2)_27,993원/1GB_895,780","32GB(16Gx2)_27,993원/1GB_895,780","32GB(16Gx2)_27,993원/1GB_895,780","32GB(16Gx2)_27,993원/1GB_895,780","32GB(16Gx2)_27,993원/1GB_895,780"
59829371,CORSAIR DDR5-6000 CL30 VENGEANCE RGB 패키지,"_64GB(32Gx2)_29,296원/1GB_1,874,920|_32GB(16Gx2)_27,079원/1GB_866,520","_64GB(32Gx2)_29,218원/1GB_1,869,920|_32GB(16Gx2)_27,079원/1GB_866,520","_64GB(32Gx2)_29,100원/1GB_1,862,380|_32GB(16Gx2)_27,079원/1GB_866,520","_64GB(32Gx2)_29,099원/1GB_1,862,360|_32GB(16Gx2)_27,079원/1GB_866,520","_64GB(32Gx2)_28,943원/1GB_1,852,310|_32GB(16Gx2)_27,079원/1GB_866,520","_64GB(32Gx2)_28,942원/1GB_1,852,310|_32GB(16Gx2)_27,079원/1GB_866,520","_64GB(32Gx2)_29,453원/1GB_1,884,970|_32GB(16Gx2)_27,079원/1GB_866,520","_64GB(32Gx2)_29,453원/1GB_1,884,970|_32GB(16Gx2)_27,079원/1GB_866,520","_64GB(32Gx2)_29,296원/1GB_1,874,970|_32GB(16Gx2)_27,079원/1GB_866,520","_64GB(32Gx2)_29,296원/1GB_1,874,970|_32GB(16Gx2)_27,079원/1GB_866,520","_64GB(32Gx2)_29,453원/1GB_1,884,970|_32GB(16Gx2)_27,079원/1GB_866,520","_64GB(32Gx2)_29,453원/1GB_1,884,970|_32GB(16Gx2)_27,079원/1GB_866,520","_64GB(32Gx2)_29,335원/1GB_1,877,470|_32GB(16Gx2)_27,079원/1GB_866,520","_64GB(32Gx2)_29,296원/1GB_1,874,970|_32GB(16Gx2)_27,079원/1GB_866,520","_64GB(32Gx2)_29,453원/1GB_1,884,970|_32GB(16Gx2)_27,079원/1GB_866,520","_64GB(32Gx2)_29,453원/1GB_1,884,970|_32GB(16Gx2)_27,079원/1GB_866,520"
59829503,CORSAIR DDR5-6000 CL30 VENGEANCE 패키지,"_64GB(32Gx2)_29,531원/1GB_1,889,990|_32GB(16Gx2)_29,115원/1GB_931,690","_64GB(32Gx2)_29,531원/1GB_1,889,990|_32GB(16Gx2)_29,115원/1GB_931,690","_64GB(32Gx2)_29,531원/1GB_1,889,990|_32GB(16Gx2)_29,115원/1GB_931,690","_64GB(32Gx2)_29,531원/1GB_1,889,990|_32GB(16Gx2)_29,115원/1GB_931,690","_64GB(32Gx2)_29,531원/1GB_1,889,990|_32GB(16Gx2)_29,093원/1GB_930,990","_64GB(32Gx2)_29,531원/1GB_1,890,000|_32GB(16Gx2)_29,093원/1GB_930,990","_64GB(32Gx2)_29,531원/1GB_1,890,000|_32GB(16Gx2)_29,093원/1GB_930,990","_64GB(32Gx2)_29,531원/1GB_1,890,000|_32GB(16Gx2)_29,093원/1GB_930,990","_64GB(32Gx2)_29,531원/1GB_1,890,000|_32GB(16Gx2)_29,093원/1GB_930,990","_64GB(32Gx2)_29,531원/1GB_1,890,000|_32GB(16Gx2)_29,093원/1GB_930,990","_64GB(32Gx2)_29,531원/1GB_1,890,000|_32GB(16Gx2)_29,093원/1GB_930,990","_64GB(32Gx2)_29,531원/1GB_1,890,000|_32GB(16Gx2)_29,093원/1GB_930,990","_64GB(32Gx2)_29,531원/1GB_1,890,000|_32GB(16Gx2)_29,093원/1GB_930,990","_64GB(32Gx2)_29,531원/1GB_1,890,000|_32GB(16Gx2)_29,093원/1GB_930,990","_64GB(32Gx2)_29,531원/1GB_1,890,000|_32GB(16Gx2)_29,093원/1GB_930,990","_64GB(32Gx2)_29,531원/1GB_1,890,000|_32GB(16Gx2)_29,093원/1GB_930,990"
106045133,CORSAIR DDR5-6000 CL36 VENGEANCE,"16GB_22,862원/1GB_365,790","16GB_22,862원/1GB_365,790","16GB_22,862원/1GB_365,790","16GB_22,862원/1GB_365,790","16GB_22,862원/1GB_365,790","16GB_22,863원/1GB_365,800","16GB_22,863원/1GB_365,800","16GB_22,863원/1GB_365,800","16GB_22,863원/1GB_365,800","16GB_22,863원/1GB_365,800","16GB_22,863원/1GB_365,800","16GB_22,863원/1GB_365,800","16GB_22,863원/1GB_365,800","16GB_22,863원/1GB_365,800","16GB_22,863원/1GB_365,800","16GB_22,863원/1GB_365,800"
106046342,CORSAIR DDR5-6000 CL36 VENGEANCE RGB,"16GB_23,886원/1GB_382,170","16GB_23,886원/1GB_382,170","16GB_23,886원/1GB_382,170","16GB_23,886원/1GB_382,170","16GB_21,813원/1GB_349,000","16GB_21,813원/1GB_349,000","16GB_21,813원/1GB_349,000","16GB_23,591원/1GB_377,460","16GB_21,813원/1GB_349,000","16GB_21,813원/1GB_349,000","16GB_23,886원/1GB_382,170","16GB_23,886원/1GB_382,170","16GB_23,848원/1GB_381,560","16GB_23,886원/1GB_382,170","16GB_23,886원/1GB_382,170","16GB_23,886원/1GB_382,170"
17544278,CORSAIR DDR5-6000 CL36 VENGEANCE RGB BLACK 패키지,"32GB(16Gx2)_23,843원/1GB_762,980","32GB(16Gx2)_23,843원/1GB_762,960","32GB(16Gx2)_23,840원/1GB_762,870","32GB(16Gx2)_23,839원/1GB_762,840","32GB(16Gx2)_23,839원/1GB_762,840","32GB(16Gx2)_23,839원/1GB_762,840","32GB(16Gx2)_23,836원/1GB_762,740","32GB(16Gx2)_23,835원/1GB_762,720","32GB(16Gx2)_23,835원/1GB_762,720","32GB(16Gx2)_23,835원/1GB_762,720","32GB(16Gx2)_23,834원/1GB_762,680","32GB(16Gx2)_23,853원/1GB_763,280","32GB(16Gx2)_23,853원/1GB_763,280","32GB(16Gx2)_23,853원/1GB_763,280","32GB(16Gx2)_23,850원/1GB_763,200","32GB(16Gx2)_23,849원/1GB_763,160"
105969236,CORSAIR DDR5-6000 CL36 VENGEANCE RGB RS 패키지,"32GB(16Gx2)_23,481원/1GB_751,390","32GB(16Gx2)_23,481원/1GB_751,390","32GB(16Gx2)_23,481원/1GB_751,390","32GB(16Gx2)_23,481원/1GB_751,390","32GB(16Gx2)_23,481원/1GB_751,390","32GB(16Gx2)_23,481원/1GB_751,390","32GB(16Gx2)_23,481원/1GB_751,390","32GB(16Gx2)_23,481원/1GB_751,390","32GB(16Gx2)_23,481원/1GB_751,390","32GB(16Gx2)_23,481원/1GB_751,390","32GB(16Gx2)_23,481원/1GB_751,390","32GB(16Gx2)_23,481원/1GB_751,390","32GB(16Gx2)_23,481원/1GB_751,390","32GB(16Gx2)_23,481원/1GB_751,390","32GB(16Gx2)_23,481원/1GB_751,390","32GB(16Gx2)_23,481원/1GB_751,390"
105969242,CORSAIR DDR5-6000 CL36 VENGEANCE WHITE 패키지,"32GB(16Gx2)_23,063원/1GB_738,000","32GB(16Gx2)_23,063원/1GB_738,000","32GB(16Gx2)_23,063원/1GB_738,000","32GB(16Gx2)_23,063원/1GB_738,000","32GB(16Gx2)_23,063원/1GB_738,000","32GB(16Gx2)_23,063원/1GB_738,000","32GB(16Gx2)_23,063원/1GB_738,000","32GB(16Gx2)_23,063원/1GB_738,000","32GB(16Gx2)_23,063원/1GB_738,000","32GB(16Gx2)_23,063원/1GB_738,000","32GB(16Gx2)_23,063원/1GB_738,000","32GB(16Gx2)_23,063원/1GB_738,000","32GB(16Gx2)_23,063원/1GB_738,000","32GB(16Gx2)_23,063원/1GB_738,000","32GB(16Gx2)_23,063원/1GB_738,000","32GB(16Gx2)_23,063원/1GB_738,000"
105969251,CORSAIR DDR5-6000 CL36 VENGEANCE 패키지,"32GB(16Gx2)_23,212원/1GB_742,790","32GB(16Gx2)_23,212원/1GB_742,790","32GB(16Gx2)_23,212원/1GB_742,790","32GB(16Gx2)_23,212원/1GB_742,790","32GB(16Gx2)_23,212원/1GB_742,790","32GB(16Gx2)_23,212원/1GB_742,790","32GB(16Gx2)_23,212원/1GB_742,790","32GB(16Gx2)_23,212원/1GB_742,790","32GB(16Gx2)_23,212원/1GB_742,790","32GB(16Gx2)_23,212원/1GB_742,790","32GB(16Gx2)_23,212원/1GB_742,790","32GB(16Gx2)_23,212원/1GB_742,790","32GB(16Gx2)_23,212원/1GB_742,790","32GB(16Gx2)_23,212원/1GB_742,790","32GB(16Gx2)_23,212원/1GB_742,790","32GB(16Gx2)_23,212원/1GB_742,790"
18733562,CORSAIR DDR5-6000 CL40 VENGEANCE BLACK 패키지,"64GB(32Gx2)_21,563원/1GB_1,380,000","64GB(32Gx2)_21,563원/1GB_1,380,000","64GB(32Gx2)_21,563원/1GB_1,380,000","64GB(32Gx2)_21,563원/1GB_1,380,000","64GB(32Gx2)_21,563원/1GB_1,380,000","64GB(32Gx2)_21,563원/1GB_1,380,000","64GB(32Gx2)_21,563원/1GB_1,380,000","64GB(32Gx2)_21,563원/1GB_1,380,000","64GB(32Gx2)_21,563원/1GB_1,380,000","64GB(32Gx2)_21,563원/1GB_1,380,000","64GB(32Gx2)_21,563원/1GB_1,380,000","64GB(32Gx2)_21,563원/1GB_1,380,000","64GB(32Gx2)_21,563원/1GB_1,380,000","64GB(32Gx2)_21,563원/1GB_1,380,000","64GB(32Gx2)_21,563원/1GB_1,380,000","64GB(32Gx2)_21,563원/1GB_1,380,000"
100692866,CORSAIR DDR5-6400 CL32 VENGEANCE BLACK 패키지,"64GB(32Gx2)_20,282원/1GB_1,298,030","64GB(32Gx2)_20,282원/1GB_1,298,030","64GB(32Gx2)_20,282원/1GB_1,298,030","64GB(32Gx2)_20,282원/1GB_1,298,030","64GB(32Gx2)_20,282원/1GB_1,298,030","64GB(32Gx2)_20,282원/1GB_1,298,030","64GB(32Gx2)_20,282원/1GB_1,298,030","64GB(32Gx2)_20,282원/1GB_1,298,030","64GB(32Gx2)_20,282원/1GB_1,298,030","64GB(32Gx2)_20,282원/1GB_1,298,030","64GB(32Gx2)_20,282원/1GB_1,298,030","64GB(32Gx2)_20,282원/1GB_1,298,030","64GB(32Gx2)_20,282원/1GB_1,298,030","64GB(32Gx2)_20,282원/1GB_1,298,030","64GB(32Gx2)_20,282원/1GB_1,298,030","64GB(32Gx2)_20,282원/1GB_1,298,030"
27779540,CORSAIR DDR5-6400 CL32 VENGEANCE RGB BLACK 패키지,"64GB(32Gx2)_23,040원/1GB_1,474,550","64GB(32Gx2)_23,040원/1GB_1,474,550","64GB(32Gx2)_23,040원/1GB_1,474,550","64GB(32Gx2)_23,040원/1GB_1,474,550","64GB(32Gx2)_23,040원/1GB_1,474,550","64GB(32Gx2)_23,040원/1GB_1,474,550","64GB(32Gx2)_23,040원/1GB_1,474,550","64GB(32Gx2)_23,040원/1GB_1,474,550","64GB(32Gx2)_23,040원/1GB_1,474,550","64GB(32Gx2)_23,040원/1GB_1,474,550","64GB(32Gx2)_23,040원/1GB_1,474,550","64GB(32Gx2)_23,040원/1GB_1,474,550","64GB(32Gx2)_23,040원/1GB_1,474,550","64GB(32Gx2)_23,040원/1GB_1,474,550","64GB(32Gx2)_23,040원/1GB_1,474,550","64GB(32Gx2)_23,040원/1GB_1,474,550"
103482146,CORSAIR DDR5-8400 CL40 VENGEANCE RGB BLACK 패키지,"48GB(24Gx2)_28,124원/1GB_1,349,950","48GB(24Gx2)_28,124원/1GB_1,349,950","48GB(24Gx2)_28,124원/1GB_1,349,950","48GB(24Gx2)_28,124원/1GB_1,349,950","48GB(24Gx2)_28,124원/1GB_1,349,950","48GB(24Gx2)_28,124원/1GB_1,349,950","48GB(24Gx2)_28,124원/1GB_1,349,950","48GB(24Gx2)_28,124원/1GB_1,349,950","48GB(24Gx2)_28,124원/1GB_1,349,950","48GB(24Gx2)_28,124원/1GB_1,349,950","48GB(24Gx2)_28,124원/1GB_1,349,950","48GB(24Gx2)_28,124원/1GB_1,349,950","48GB(24Gx2)_28,124원/1GB_1,349,950","48GB(24Gx2)_28,124원/1GB_1,349,950","48GB(24Gx2)_28,124원/1GB_1,349,950","48GB(24Gx2)_28,124원/1GB_1,349,950"
44178593,CORSAIR 노트북 DDR5-5600 CL48 VENGEANCE,"16GB_22,500원/1GB_360,000","16GB_22,500원/1GB_360,000","16GB_22,500원/1GB_360,000","16GB_22,224원/1GB_355,590","16GB_22,224원/1GB_355,580","16GB_22,500원/1GB_360,000","16GB_22,500원/1GB_360,000","16GB_22,500원/1GB_360,000","16GB_22,500원/1GB_360,000","16GB_22,500원/1GB_360,000","16GB_22,500원/1GB_360,000","16GB_22,500원/1GB_360,000","16GB_22,500원/1GB_360,000","16GB_22,500원/1GB_360,000","16GB_22,500원/1GB_360,000","16GB_22,500원/1GB_360,000"
2030384,CYNEX DDR3-1600 엠트란 매직,"_8GB_4,500원/1GB_36,000|_4GB_2,750원/1GB_11,000","_8GB_4,500원/1GB_36,000|_4GB_2,750원/1GB_11,000","_8GB_4,500원/1GB_36,000|_4GB_2,750원/1GB_11,000","_8GB_4,500원/1GB_36,000|_4GB_2,750원/1GB_11,000","_8GB_4,500원/1GB_36,000|_4GB_2,750원/1GB_11,000","_8GB_4,500원/1GB_36,000|_4GB_2,750원/1GB_11,000","_8GB_4,500원/1GB_36,000|_4GB_2,750원/1GB_11,000","_8GB_4,500원/1GB_36,000|_4GB_2,750원/1GB_11,000",0,0,0,0,"_8GB_4,500원/1GB_36,000|_4GB_2,750원/1GB_11,000","_8GB_4,500원/1GB_36,000|_4GB_2,750원/1GB_11,000","_8GB_4,500원/1GB_36,000|_4GB_2,750원/1GB_11,000","_8GB_4,500원/1GB_36,000|_4GB_2,750원/1GB_11,000"
1676907,CYNEX DDR3-1600 엠트란 매직,0,0,0,0,0,0,0,0,"_8GB_4,500원/1GB_36,000|_4GB_2,750원/1GB_11,000","_8GB_4,500원/1GB_36,000|_4GB_2,750원/1GB_11,000","_8GB_4,500원/1GB_36,000|_4GB_2,750원/1GB_11,000","_8GB_4,500원/1GB_36,000|_4GB_2,750원/1GB_11,000",0,0,0,0
99746936,DLI MEMORY DDR4-3200 CL22,"_16GB_9,927원/1GB_158,830|_8GB_9,491원/1GB_75,930","_16GB_10,101원/1GB_161,610|_8GB_9,491원/1GB_75,930","_16GB_10,101원/1GB_161,610|_8GB_9,489원/1GB_75,910","_16GB_10,101원/1GB_161,610|_8GB_9,489원/1GB_75,910","_16GB_10,101원/1GB_161,610|_8GB_9,489원/1GB_75,910","_16GB_10,101원/1GB_161,610|_8GB_9,489원/1GB_75,910","_16GB_10,101원/1GB_161,610|_8GB_9,489원/1GB_75,910","_16GB_10,101원/1GB_161,610|_8GB_9,489원/1GB_75,910","_16GB_10,101원/1GB_161,610|_8GB_9,489원/1GB_75,910","_16GB_10,101원/1GB_161,610|_8GB_9,489원/1GB_75,910","_16GB_10,101원/1GB_161,610|_8GB_9,486원/1GB_75,890","_16GB_10,101원/1GB_161,610|_8GB_9,486원/1GB_75,890","_16GB_10,101원/1GB_161,610|_8GB_9,484원/1GB_75,870","_16GB_10,101원/1GB_161,610|_8GB_9,484원/1GB_75,870","_16GB_10,101원/1GB_161,610|_8GB_9,484원/1GB_75,870","_16GB_10,101원/1GB_161,610|_8GB_9,484원/1GB_75,870"
636450,Dreamware DDR2-800 FB For APPLE,"1GB_90,000원/1GB_90,000","1GB_90,000원/1GB_90,000","1GB_90,000원/1GB_90,000","1GB_90,000원/1GB_90,000","1GB_90,000원/1GB_90,000","1GB_90,000원/1GB_90,000","1GB_90,000원/1GB_90,000","1GB_90,000원/1GB_90,000","1GB_90,000원/1GB_90,000","1GB_90,000원/1GB_90,000","1GB_90,000원/1GB_90,000","1GB_90,000원/1GB_90,000","1GB_90,000원/1GB_90,000","1GB_90,000원/1GB_90,000","1GB_90,000원/1GB_90,000","1GB_90,000원/1GB_90,000"
876470,Dreamware DDR3-1066 ECC Mac Pro,"_4GB_55,000원/1GB_220,000|_2GB_50,000원/1GB_100,000","_4GB_55,000원/1GB_220,000|_2GB_50,000원/1GB_100,000","_4GB_55,000원/1GB_220,000|_2GB_50,000원/1GB_100,000","_4GB_55,000원/1GB_220,000|_2GB_50,000원/1GB_100,000","_4GB_55,000원/1GB_220,000|_2GB_50,000원/1GB_100,000","_4GB_55,000원/1GB_220,000|_2GB_50,000원/1GB_100,000","_4GB_55,000원/1GB_220,000|_2GB_50,000원/1GB_100,000","_4GB_55,000원/1GB_220,000|_2GB_50,000원/1GB_100,000","_4GB_55,000원/1GB_220,000|_2GB_50,000원/1GB_100,000","_4GB_55,000원/1GB_220,000|_2GB_50,000원/1GB_100,000","_4GB_55,000원/1GB_220,000|_2GB_50,000원/1GB_100,000","_4GB_55,000원/1GB_220,000|_2GB_50,000원/1GB_100,000","_4GB_55,000원/1GB_220,000|_2GB_50,000원/1GB_100,000","_4GB_55,000원/1GB_220,000|_2GB_50,000원/1GB_100,000","_4GB_55,000원/1GB_220,000|_2GB_50,000원/1GB_100,000","_4GB_55,000원/1GB_220,000|_2GB_50,000원/1GB_100,000"
1177359,Dreamware DDR3-1333 ECC Mac Pro,"_4GB_50,000원/1GB_200,000|_2GB_50,000원/1GB_100,000","_4GB_50,000원/1GB_200,000|_2GB_50,000원/1GB_100,000","_4GB_50,000원/1GB_200,000|_2GB_50,000원/1GB_100,000","_4GB_50,000원/1GB_200,000|_2GB_50,000원/1GB_100,000","_4GB_50,000원/1GB_200,000|_2GB_50,000원/1GB_100,000","_4GB_50,000원/1GB_200,000|_2GB_50,000원/1GB_100,000","_4GB_50,000원/1GB_200,000|_2GB_50,000원/1GB_100,000","_4GB_50,000원/1GB_200,000|_2GB_50,000원/1GB_100,000","_4GB_50,000원/1GB_200,000|_2GB_50,000원/1GB_100,000","_4GB_50,000원/1GB_200,000|_2GB_50,000원/1GB_100,000","_4GB_50,000원/1GB_200,000|_2GB_50,000원/1GB_100,000","_4GB_50,000원/1GB_200,000|_2GB_50,000원/1GB_100,000","_4GB_50,000원/1GB_200,000|_2GB_50,000원/1GB_100,000","_4GB_50,000원/1GB_200,000|_2GB_50,000원/1GB_100,000","_4GB_50,000원/1GB_200,000|_2GB_50,000원/1GB_100,000","_4GB_50,000원/1GB_200,000|_2GB_50,000원/1GB_100,000"
2672598,Dreamware DDR3-1866 ECC Mac Pro,"_16GB_27,411원/1GB_438,581|8GB_29,073원/1GB_232,581|_4GB_29,239원/1GB_116,955","_16GB_27,411원/1GB_438,581|8GB_29,073원/1GB_232,581|_4GB_29,239원/1GB_116,955","_16GB_27,411원/1GB_438,581|_8GB_29,073원/1GB_232,581|4GB_29,239원/1GB_116,955","_16GB_27,411원/1GB_438,581|_8GB_29,073원/1GB_232,581|4GB_29,239원/1GB_116,955","_16GB_27,411원/1GB_438,581|_8GB_29,073원/1GB_232,581|4GB_29,239원/1GB_116,955","_16GB_27,411원/1GB_438,581|_8GB_29,073원/1GB_232,581|4GB_29,239원/1GB_116,955","_16GB_27,411원/1GB_438,581|_8GB_29,073원/1GB_232,581|4GB_29,239원/1GB_116,955","_16GB_27,411원/1GB_438,581|_8GB_29,073원/1GB_232,581|4GB_29,239원/1GB_116,955","_16GB_27,411원/1GB_438,581|_8GB_29,073원/1GB_232,581|4GB_29,239원/1GB_116,955","_16GB_27,411원/1GB_438,581|_8GB_29,073원/1GB_232,581|4GB_29,239원/1GB_116,955","_16GB_27,411원/1GB_438,581|_8GB_29,073원/1GB_232,581|4GB_29,239원/1GB_116,955","_16GB_27,411원/1GB_438,581|_8GB_29,073원/1GB_232,581|4GB_29,239원/1GB_116,955","_16GB_27,411원/1GB_438,581|_8GB_29,073원/1GB_232,581|4GB_29,239원/1GB_116,955","_16GB_27,411원/1GB_438,581|_8GB_29,073원/1GB_232,581|4GB_29,239원/1GB_116,955","_16GB_27,411원/1GB_438,581|_8GB_29,073원/1GB_232,581|4GB_29,239원/1GB_116,955","_16GB_27,411원/1GB_438,581|_8GB_29,073원/1GB_232,581|4GB_29,239원/1GB_116,955"
1183663,EKMEMORY DDR3-1333 인디핑크,"4GB_9,825원/1GB_39,300","4GB_9,825원/1GB_39,300","4GB_9,825원/1GB_39,300","4GB_9,825원/1GB_39,300","4GB_9,825원/1GB_39,300","4GB_9,825원/1GB_39,300","4GB_9,825원/1GB_39,300","4GB_9,825원/1GB_39,300","4GB_9,825원/1GB_39,300","4GB_9,825원/1GB_39,300","4GB_9,825원/1GB_39,300","4GB_9,825원/1GB_39,300","4GB_9,825원/1GB_39,300","4GB_9,825원/1GB_39,300","4GB_9,825원/1GB_39,300","4GB_9,825원/1GB_39,300"
1885748,EKMEMORY DDR3-1600,"_8GB_4,750원/1GB_38,000|_4GB_3,750원/1GB_15,000","_8GB_4,750원/1GB_38,000|_4GB_3,750원/1GB_15,000","_8GB_4,750원/1GB_38,000|_4GB_3,750원/1GB_15,000","_8GB_4,750원/1GB_38,000|_4GB_3,750원/1GB_15,000","_8GB_4,750원/1GB_38,000|_4GB_3,750원/1GB_15,000","_8GB_4,750원/1GB_38,000|_4GB_3,750원/1GB_15,000","_8GB_4,750원/1GB_38,000|_4GB_3,750원/1GB_15,000","_8GB_4,750원/1GB_38,000|_4GB_3,750원/1GB_15,000","_8GB_4,750원/1GB_38,000|_4GB_3,750원/1GB_15,000","_8GB_4,750원/1GB_38,000|_4GB_3,750원/1GB_15,000","_8GB_4,750원/1GB_38,000|_4GB_3,750원/1GB_15,000","_8GB_4,750원/1GB_38,000|_4GB_3,750원/1GB_15,000","_8GB_4,750원/1GB_38,000|_4GB_3,750원/1GB_15,000","_8GB_4,750원/1GB_38,000|_4GB_3,750원/1GB_15,000","_8GB_4,750원/1GB_38,000|_4GB_3,750원/1GB_15,000","_8GB_4,750원/1GB_38,000|_4GB_3,750원/1GB_15,000"
4152022,ESSENCORE KLEVV DDR3-1600 CL9 URBANE 패키지,"16GB(8Gx2)_13,125원/1GB_210,000","16GB(8Gx2)_13,125원/1GB_210,000","16GB(8Gx2)_13,125원/1GB_210,000","16GB(8Gx2)_13,125원/1GB_210,000","16GB(8Gx2)_13,125원/1GB_210,000","16GB(8Gx2)_13,125원/1GB_210,000","16GB(8Gx2)_13,125원/1GB_210,000","16GB(8Gx2)_13,125원/1GB_210,000","16GB(8Gx2)_13,125원/1GB_210,000","16GB(8Gx2)_13,125원/1GB_210,000","16GB(8Gx2)_13,125원/1GB_210,000","16GB(8Gx2)_13,125원/1GB_210,000","16GB(8Gx2)_13,125원/1GB_210,000","16GB(8Gx2)_13,125원/1GB_210,000","16GB(8Gx2)_13,125원/1GB_210,000","16GB(8Gx2)_13,125원/1GB_210,000"
4152056,ESSENCORE KLEVV DDR3-1866 CL9 URBANE 패키지,"16GB(8Gx2)_13,750원/1GB_220,000","16GB(8Gx2)_13,750원/1GB_220,000","16GB(8Gx2)_13,750원/1GB_220,000","16GB(8Gx2)_13,750원/1GB_220,000","16GB(8Gx2)_13,750원/1GB_220,000","16GB(8Gx2)_13,750원/1GB_220,000","16GB(8Gx2)_13,750원/1GB_220,000","16GB(8Gx2)_13,750원/1GB_220,000","16GB(8Gx2)_13,750원/1GB_220,000","16GB(8Gx2)_13,750원/1GB_220,000","16GB(8Gx2)_13,750원/1GB_220,000","16GB(8Gx2)_13,750원/1GB_220,000","16GB(8Gx2)_13,750원/1GB_220,000","16GB(8Gx2)_13,750원/1GB_220,000","16GB(8Gx2)_13,750원/1GB_220,000","16GB(8Gx2)_13,750원/1GB_220,000"
3409631,ESSENCORE KLEVV DDR3-2666 CL12 URBANE 패키지,"8GB(4Gx2)_8,413원/1GB_67,300","8GB(4Gx2)_8,411원/1GB_67,290","8GB(4Gx2)_8,403원/1GB_67,220","8GB(4Gx2)_8,399원/1GB_67,190","8GB(4Gx2)_8,399원/1GB_67,190","8GB(4Gx2)_8,399원/1GB_67,190","8GB(4Gx2)_8,399원/1GB_67,190","8GB(4Gx2)_8,399원/1GB_67,190","8GB(4Gx2)_8,476원/1GB_67,810","8GB(4Gx2)_8,476원/1GB_67,810","8GB(4Gx2)_8,476원/1GB_67,810","8GB(4Gx2)_8,568원/1GB_68,540","8GB(4Gx2)_8,568원/1GB_68,540","8GB(4Gx2)_8,568원/1GB_68,540","8GB(4Gx2)_8,568원/1GB_68,540","8GB(4Gx2)_8,568원/1GB_68,540"
9390978,ESSENCORE KLEVV DDR4-2666 CL19 파인인포,"_16GB_11,313원/1GB_181,000|_4GB_11,500원/1GB_46,000","_16GB_11,313원/1GB_181,000|_4GB_11,500원/1GB_46,000","_16GB_11,313원/1GB_181,000|_4GB_11,500원/1GB_46,000","_16GB_11,313원/1GB_181,000|_4GB_11,500원/1GB_46,000","_16GB_11,313원/1GB_181,000|_4GB_11,500원/1GB_46,000","_16GB_11,313원/1GB_181,000|_4GB_11,500원/1GB_46,000","_16GB_11,313원/1GB_181,000|_4GB_11,500원/1GB_46,000","_16GB_11,313원/1GB_181,000|_4GB_11,500원/1GB_46,000","_16GB_11,313원/1GB_181,000|_4GB_11,500원/1GB_46,000","_16GB_11,313원/1GB_181,000|_4GB_11,500원/1GB_46,000","_16GB_11,313원/1GB_181,000|_4GB_11,500원/1GB_46,000","_16GB_11,313원/1GB_181,000|_4GB_11,500원/1GB_46,000","_16GB_11,313원/1GB_181,000|_4GB_11,500원/1GB_46,000","_16GB_11,313원/1GB_181,000|_4GB_11,500원/1GB_46,000","_16GB_11,313원/1GB_181,000|_4GB_11,500원/1GB_46,000","_16GB_11,313원/1GB_181,000|_4GB_11,500원/1GB_46,000"
27867158,ESSENCORE KLEVV DDR4-3200 CL16 BOLT X 서린,"_16GB_13,744원/1GB_219,900|_8GB_14,875원/1GB_119,000","_16GB_13,744원/1GB_219,900|_8GB_14,875원/1GB_119,000","_16GB_13,744원/1GB_219,900|_8GB_14,875원/1GB_119,000","_16GB_13,744원/1GB_219,900|_8GB_14,875원/1GB_119,000","_16GB_13,744원/1GB_219,900|_8GB_14,875원/1GB_119,000","_16GB_13,744원/1GB_219,900|_8GB_14,875원/1GB_119,000","_16GB_13,744원/1GB_219,900|_8GB_14,875원/1GB_119,000","_16GB_13,744원/1GB_219,900|_8GB_14,875원/1GB_119,000","_16GB_13,744원/1GB_219,900|_8GB_14,875원/1GB_119,000","_16GB_13,744원/1GB_219,900|_8GB_14,875원/1GB_119,000","_16GB_13,744원/1GB_219,900|_8GB_14,875원/1GB_119,000","_16GB_13,744원/1GB_219,900|_8GB_14,875원/1GB_119,000","_16GB_13,744원/1GB_219,900|_8GB_14,875원/1GB_119,000","_16GB_13,744원/1GB_219,900|_8GB_14,875원/1GB_119,000","_16GB_13,744원/1GB_219,900|_8GB_14,875원/1GB_119,000","_16GB_13,744원/1GB_219,900|_8GB_14,875원/1GB_119,000"
123133867,ESSENCORE KLEVV DDR4-3200 CL22 중고,"_32GB_9,219원/1GB_295,000|_8GB_10,625원/1GB_85,000","_32GB_9,219원/1GB_295,000|_8GB_10,625원/1GB_85,000","_32GB_9,219원/1GB_295,000|_8GB_10,625원/1GB_85,000","_32GB_9,219원/1GB_295,000|_8GB_10,625원/1GB_85,000","_32GB_9,219원/1GB_295,000|_8GB_10,625원/1GB_85,000","_32GB_9,219원/1GB_295,000|_8GB_10,625원/1GB_85,000","_32GB_9,219원/1GB_295,000|_8GB_10,625원/1GB_85,000","_32GB_9,219원/1GB_295,000|_8GB_10,625원/1GB_85,000","_32GB_9,219원/1GB_295,000|_8GB_10,625원/1GB_85,000","_32GB_9,219원/1GB_295,000|_8GB_10,625원/1GB_85,000","_32GB_9,219원/1GB_295,000|_8GB_10,625원/1GB_85,000","_32GB_9,219원/1GB_295,000|_8GB_10,625원/1GB_85,000","_32GB_9,219원/1GB_295,000|_8GB_10,625원/1GB_85,000","_32GB_9,219원/1GB_295,000|_8GB_10,625원/1GB_85,000","_32GB_9,219원/1GB_295,000|_8GB_10,625원/1GB_85,000","_32GB_9,219원/1GB_295,000|_8GB_10,625원/1GB_85,000"
11787091,ESSENCORE KLEVV DDR4-3200 CL22 파인인포,"32GB_12,894원/1GB_412,600|_16GB_10,670원/1GB_170,720|_8GB_10,663원/1GB_85,300","32GB_12,894원/1GB_412,600|_16GB_10,670원/1GB_170,720|_8GB_10,663원/1GB_85,300","32GB_12,894원/1GB_412,600|_16GB_10,670원/1GB_170,720|_8GB_10,663원/1GB_85,300","32GB_12,894원/1GB_412,600|_16GB_10,670원/1GB_170,720|_8GB_10,011원/1GB_80,091","32GB_12,894원/1GB_412,600|_16GB_10,670원/1GB_170,720|_8GB_10,585원/1GB_84,680","32GB_12,894원/1GB_412,600|_16GB_10,670원/1GB_170,720|_8GB_10,585원/1GB_84,680","32GB_12,894원/1GB_412,600|_16GB_10,670원/1GB_170,720|_8GB_10,585원/1GB_84,680","32GB_12,894원/1GB_412,600|_16GB_10,670원/1GB_170,720|_8GB_10,585원/1GB_84,680","32GB_12,894원/1GB_412,600|_16GB_10,670원/1GB_170,720|_8GB_10,802원/1GB_86,418","32GB_12,894원/1GB_412,600|_16GB_10,670원/1GB_170,720|_8GB_10,802원/1GB_86,418","32GB_12,894원/1GB_412,600|_16GB_10,775원/1GB_172,400|_8GB_11,250원/1GB_90,000","32GB_12,894원/1GB_412,600|_16GB_10,775원/1GB_172,400|_8GB_11,250원/1GB_90,000","32GB_12,894원/1GB_412,600|_16GB_10,775원/1GB_172,400|_8GB_10,586원/1GB_84,690","32GB_12,894원/1GB_412,600|_16GB_10,775원/1GB_172,400|_8GB_10,586원/1GB_84,690","32GB_12,894원/1GB_412,600|_16GB_10,775원/1GB_172,400|_8GB_10,586원/1GB_84,690","32GB_12,894원/1GB_412,600|_16GB_10,775원/1GB_172,400|_8GB_10,586원/1GB_84,690"
58107197,ESSENCORE KLEVV DDR5-5600 CL30 FIT V WHITE 서린,"16GB_21,316원/1GB_341,050","16GB_21,316원/1GB_341,050","16GB_21,316원/1GB_341,050","16GB_21,316원/1GB_341,050","16GB_21,316원/1GB_341,050","16GB_21,316원/1GB_341,050","16GB_21,091원/1GB_337,460","16GB_21,091원/1GB_337,460","16GB_22,313원/1GB_357,000","16GB_22,313원/1GB_357,000","16GB_22,313원/1GB_357,000","16GB_22,313원/1GB_357,000","16GB_21,226원/1GB_339,610","16GB_21,316원/1GB_341,050","16GB_21,316원/1GB_341,050","16GB_21,316원/1GB_341,050"
92152220,ESSENCORE KLEVV DDR5-5600 CL30 FIT V 서린,"16GB_21,316원/1GB_341,050","16GB_21,316원/1GB_341,050","16GB_21,316원/1GB_341,050","16GB_21,316원/1GB_341,050","16GB_21,316원/1GB_341,050","16GB_21,316원/1GB_341,050","16GB_21,091원/1GB_337,460","16GB_21,091원/1GB_337,460","16GB_22,313원/1GB_357,000","16GB_22,313원/1GB_357,000","16GB_22,313원/1GB_357,000","16GB_22,313원/1GB_357,000","16GB_21,226원/1GB_339,610","16GB_21,316원/1GB_341,050","16GB_21,316원/1GB_341,050","16GB_21,316원/1GB_341,050"
94638185,ESSENCORE KLEVV DDR5-5600 CL46 AMD 파인인포,"_16GB_18,669원/1GB_298,700|_8GB_20,743원/1GB_165,940","_16GB_18,669원/1GB_298,700|_8GB_20,743원/1GB_165,940","_16GB_18,669원/1GB_298,700|_8GB_20,743원/1GB_165,940","_16GB_18,669원/1GB_298,700|_8GB_20,386원/1GB_163,090","_16GB_18,669원/1GB_298,700|_8GB_20,388원/1GB_163,100","_16GB_18,669원/1GB_298,700|_8GB_20,743원/1GB_165,940","_16GB_18,669원/1GB_298,700|_8GB_20,743원/1GB_165,940","_16GB_18,669원/1GB_298,700|_8GB_20,743원/1GB_165,940","_16GB_18,745원/1GB_299,920|_8GB_21,113원/1GB_168,900","_16GB_18,745원/1GB_299,920|_8GB_21,113원/1GB_168,900","_16GB_18,745원/1GB_299,920|_8GB_21,113원/1GB_168,900","_16GB_18,745원/1GB_299,920|_8GB_21,113원/1GB_168,900","_16GB_18,745원/1GB_299,920|_8GB_20,743원/1GB_165,940","_16GB_18,745원/1GB_299,920|_8GB_20,743원/1GB_165,940","_16GB_18,745원/1GB_299,920|_8GB_20,743원/1GB_165,940","_16GB_18,745원/1GB_299,920|_8GB_20,743원/1GB_165,940"
71216363,ESSENCORE KLEVV DDR5-5600 CL46 NEO 파인인포,"_16GB_19,375원/1GB_310,000|_8GB_22,188원/1GB_177,500","_16GB_19,375원/1GB_310,000|_8GB_22,188원/1GB_177,500","_16GB_19,371원/1GB_309,940|_8GB_22,188원/1GB_177,500","_16GB_19,371원/1GB_309,940|_8GB_22,188원/1GB_177,500","_16GB_19,375원/1GB_310,000|_8GB_22,188원/1GB_177,500","_16GB_19,375원/1GB_310,000|_8GB_22,188원/1GB_177,500","_16GB_19,375원/1GB_310,000|_8GB_22,188원/1GB_177,500","_16GB_19,375원/1GB_310,000|_8GB_22,188원/1GB_177,500","_16GB_19,375원/1GB_310,000|_8GB_22,188원/1GB_177,500",0,0,0,"_16GB_20,678원/1GB_330,852|_8GB_22,188원/1GB_177,500","_16GB_20,678원/1GB_330,852|_8GB_22,188원/1GB_177,500","_16GB_20,678원/1GB_330,852|_8GB_22,188원/1GB_177,500","_16GB_20,678원/1GB_330,852|_8GB_22,188원/1GB_177,500"
93074489,ESSENCORE KLEVV DDR5-5600 CL46 NEO 파인인포,0,0,0,0,0,0,0,0,0,"8GB_22,188원/1GB_177,500","8GB_22,188원/1GB_177,500","8GB_22,188원/1GB_177,500",0,0,0,0
18965774,ESSENCORE KLEVV DDR5-5600 CL46 파인인포,"_32GB_19,688원/1GB_630,000|_16GB_19,469원/1GB_311,500","_32GB_19,688원/1GB_630,000|_16GB_19,469원/1GB_311,500","_32GB_19,688원/1GB_630,000|_16GB_19,469원/1GB_311,500","_32GB_19,688원/1GB_630,000|_16GB_19,469원/1GB_311,500","_32GB_19,688원/1GB_630,000|_16GB_19,469원/1GB_311,500","_32GB_19,659원/1GB_629,100|_16GB_19,688원/1GB_315,000","_32GB_19,659원/1GB_629,100|_16GB_19,688원/1GB_315,000","_32GB_19,688원/1GB_630,000|_16GB_19,688원/1GB_315,000","_32GB_25,366원/1GB_811,700|_16GB_20,288원/1GB_324,610","_32GB_22,398원/1GB_716,740|_16GB_20,288원/1GB_324,610","_32GB_22,398원/1GB_716,740|_16GB_20,288원/1GB_324,610","_32GB_22,398원/1GB_716,740|_16GB_20,288원/1GB_324,610","_32GB_19,990원/1GB_639,680|_16GB_20,288원/1GB_324,600","_32GB_19,990원/1GB_639,680|_16GB_20,288원/1GB_324,600","_32GB_19,990원/1GB_639,680|_16GB_20,288원/1GB_324,600","_32GB_19,990원/1GB_639,680|_16GB_20,288원/1GB_324,600"
91188350,ESSENCORE KLEVV DDR5-6000 CL28 BOLT V WHITE 패키지 서린,"32GB(16Gx2)_24,984원/1GB_799,480","32GB(16Gx2)_24,984원/1GB_799,480","32GB(16Gx2)_24,984원/1GB_799,480","32GB(16Gx2)_25,047원/1GB_801,500","32GB(16Gx2)_25,047원/1GB_801,500","32GB(16Gx2)_25,047원/1GB_801,500","32GB(16Gx2)_24,984원/1GB_799,480","32GB(16Gx2)_25,047원/1GB_801,500","32GB(16Gx2)_25,047원/1GB_801,500","32GB(16Gx2)_25,047원/1GB_801,500","32GB(16Gx2)_25,047원/1GB_801,500","32GB(16Gx2)_25,047원/1GB_801,500","32GB(16Gx2)_25,047원/1GB_801,500","32GB(16Gx2)_25,047원/1GB_801,500","32GB(16Gx2)_25,047원/1GB_801,500","32GB(16Gx2)_25,047원/1GB_801,500"
91188290,ESSENCORE KLEVV DDR5-6000 CL28 BOLT V 패키지 서린,"32GB(16Gx2)_25,437원/1GB_813,990","32GB(16Gx2)_25,437원/1GB_813,990","32GB(16Gx2)_25,437원/1GB_813,990","32GB(16Gx2)_25,437원/1GB_813,990","32GB(16Gx2)_25,437원/1GB_813,990","32GB(16Gx2)_25,437원/1GB_813,990","32GB(16Gx2)_25,437원/1GB_813,990","32GB(16Gx2)_25,437원/1GB_813,990","32GB(16Gx2)_25,594원/1GB_819,000","32GB(16Gx2)_30,311원/1GB_969,960","32GB(16Gx2)_30,311원/1GB_969,960","32GB(16Gx2)_30,311원/1GB_969,960","32GB(16Gx2)_31,106원/1GB_995,380","32GB(16Gx2)_31,106원/1GB_995,380",0,0
91188470,ESSENCORE KLEVV DDR5-6000 CL28 CRAS V RGB WHITE 패키지 서린,"32GB(16Gx2)_32,150원/1GB_1,028,790","32GB(16Gx2)_32,193원/1GB_1,030,170","32GB(16Gx2)_32,150원/1GB_1,028,790","32GB(16Gx2)_32,150원/1GB_1,028,790","32GB(16Gx2)_32,150원/1GB_1,028,790","32GB(16Gx2)_32,150원/1GB_1,028,790","32GB(16Gx2)_32,236원/1GB_1,031,560","32GB(16Gx2)_32,236원/1GB_1,031,560","32GB(16Gx2)_32,193원/1GB_1,030,170","32GB(16Gx2)_32,193원/1GB_1,030,170","32GB(16Gx2)_32,193원/1GB_1,030,170","32GB(16Gx2)_32,193원/1GB_1,030,170","32GB(16Gx2)_32,236원/1GB_1,031,560","32GB(16Gx2)_32,236원/1GB_1,031,560","32GB(16Gx2)_32,193원/1GB_1,030,170","32GB(16Gx2)_32,193원/1GB_1,030,170"
91188443,ESSENCORE KLEVV DDR5-6000 CL28 CRAS V RGB 패키지 서린,"32GB(16Gx2)_26,997원/1GB_863,900","32GB(16Gx2)_26,997원/1GB_863,900","32GB(16Gx2)_26,997원/1GB_863,900","32GB(16Gx2)_26,997원/1GB_863,900","32GB(16Gx2)_26,997원/1GB_863,900","32GB(16Gx2)_26,997원/1GB_863,900","32GB(16Gx2)_26,997원/1GB_863,900","32GB(16Gx2)_26,997원/1GB_863,900","32GB(16Gx2)_26,997원/1GB_863,900","32GB(16Gx2)_26,997원/1GB_863,900","32GB(16Gx2)_26,997원/1GB_863,900","32GB(16Gx2)_26,997원/1GB_863,900","32GB(16Gx2)_26,981원/1GB_863,400","32GB(16Gx2)_26,981원/1GB_863,400","32GB(16Gx2)_26,981원/1GB_863,400","32GB(16Gx2)_26,981원/1GB_863,400"
123437610,ESSENCORE KLEVV DDR5-6000 CL28 FIT V BLACK AMD 패키지 서린,"32GB(16Gx2)_22,503원/1GB_720,110","32GB(16Gx2)_22,503원/1GB_720,110","32GB(16Gx2)_22,503원/1GB_720,110","32GB(16Gx2)_22,503원/1GB_720,110","32GB(16Gx2)_22,503원/1GB_720,110","32GB(16Gx2)_22,503원/1GB_720,110","32GB(16Gx2)_22,503원/1GB_720,110","32GB(16Gx2)_22,503원/1GB_720,110","32GB(16Gx2)_22,503원/1GB_720,110","32GB(16Gx2)_22,503원/1GB_720,110","32GB(16Gx2)_22,503원/1GB_720,110","32GB(16Gx2)_22,503원/1GB_720,110","32GB(16Gx2)_22,497원/1GB_719,900","32GB(16Gx2)_22,497원/1GB_719,900","32GB(16Gx2)_22,497원/1GB_719,900","32GB(16Gx2)_22,497원/1GB_719,900"
123437617,ESSENCORE KLEVV DDR5-6000 CL28 FIT V WHITE AMD 패키지 서린,"32GB(16Gx2)_22,503원/1GB_720,110","32GB(16Gx2)_22,503원/1GB_720,110","32GB(16Gx2)_22,503원/1GB_720,110","32GB(16Gx2)_22,503원/1GB_720,110","32GB(16Gx2)_22,503원/1GB_720,110","32GB(16Gx2)_22,503원/1GB_720,110","32GB(16Gx2)_22,503원/1GB_720,110","32GB(16Gx2)_22,503원/1GB_720,110","32GB(16Gx2)_22,503원/1GB_720,110","32GB(16Gx2)_22,503원/1GB_720,110","32GB(16Gx2)_22,503원/1GB_720,110","32GB(16Gx2)_22,503원/1GB_720,110","32GB(16Gx2)_22,497원/1GB_719,900","32GB(16Gx2)_22,497원/1GB_719,900","32GB(16Gx2)_22,497원/1GB_719,900","32GB(16Gx2)_22,497원/1GB_719,900"
100692755,ESSENCORE KLEVV DDR5-6000 CL28 URBANE V RGB 블랙 패키지 서린,"32GB(16Gx2)_25,658원/1GB_821,070","32GB(16Gx2)_25,658원/1GB_821,070","32GB(16Gx2)_25,658원/1GB_821,070","32GB(16Gx2)_25,658원/1GB_821,070","32GB(16Gx2)_25,658원/1GB_821,070","32GB(16Gx2)_25,658원/1GB_821,070","32GB(16Gx2)_25,658원/1GB_821,070","32GB(16Gx2)_25,658원/1GB_821,070","32GB(16Gx2)_25,658원/1GB_821,070","32GB(16Gx2)_25,658원/1GB_821,070","32GB(16Gx2)_25,658원/1GB_821,070","32GB(16Gx2)_25,658원/1GB_821,070","32GB(16Gx2)_25,658원/1GB_821,070","32GB(16Gx2)_25,658원/1GB_821,070","32GB(16Gx2)_25,658원/1GB_821,070","32GB(16Gx2)_25,658원/1GB_821,070"
100692737,ESSENCORE KLEVV DDR5-6000 CL28 URBANE V RGB 화이트 패키지 서린,"32GB(16Gx2)_26,050원/1GB_833,590","32GB(16Gx2)_26,050원/1GB_833,590","32GB(16Gx2)_26,050원/1GB_833,590","32GB(16Gx2)_26,050원/1GB_833,590","32GB(16Gx2)_26,050원/1GB_833,590","32GB(16Gx2)_26,050원/1GB_833,590","32GB(16Gx2)_26,050원/1GB_833,590","32GB(16Gx2)_26,050원/1GB_833,590","32GB(16Gx2)_26,050원/1GB_833,610","32GB(16Gx2)_24,938원/1GB_798,000",0,0,0,0,0,0
79000574,ESSENCORE KLEVV DDR5-6000 CL30 BOLT V AMD 패키지 서린,"32GB(16Gx2)_31,213원/1GB_998,800","32GB(16Gx2)_31,213원/1GB_998,800","32GB(16Gx2)_31,213원/1GB_998,800","32GB(16Gx2)_31,213원/1GB_998,800","32GB(16Gx2)_31,213원/1GB_998,800","32GB(16Gx2)_31,213원/1GB_998,800","32GB(16Gx2)_31,213원/1GB_998,800","32GB(16Gx2)_31,213원/1GB_998,800",0,0,0,0,0,0,0,0
123538748,ESSENCORE KLEVV DDR5-6000 CL30 BOLT V WHITE AMD 패키지 서린,32GB(16Gx2)_가격비교예정,32GB(16Gx2)_가격비교예정,32GB(16Gx2)_가격비교예정,32GB(16Gx2)_가격비교예정,32GB(16Gx2)_가격비교예정,32GB(16Gx2)_가격비교예정,32GB(16Gx2)_가격비교예정,32GB(16Gx2)_가격비교예정,32GB(16Gx2)_가격비교예정,32GB(16Gx2)_가격비교예정,32GB(16Gx2)_가격비교예정,32GB(16Gx2)_가격비교예정,32GB(16Gx2)_가격비교예정,32GB(16Gx2)_가격비교예정,32GB(16Gx2)_가격비교예정,32GB(16Gx2)_가격비교예정
94568981,ESSENCORE KLEVV DDR5-6000 CL30 BOLT V WHITE 패키지 서린,"_64GB(32Gx2)_24,343원/1GB_1,557,980|_32GB(16Gx2)_24,031원/1GB_769,000","_64GB(32Gx2)_24,343원/1GB_1,557,980|_32GB(16Gx2)_24,031원/1GB_769,000","_64GB(32Gx2)_24,343원/1GB_1,557,980|_32GB(16Gx2)_24,031원/1GB_769,000","_64GB(32Gx2)_24,375원/1GB_1,560,000|_32GB(16Gx2)_24,031원/1GB_769,000","_64GB(32Gx2)_24,375원/1GB_1,560,000|_32GB(16Gx2)_24,031원/1GB_769,000","_64GB(32Gx2)_24,375원/1GB_1,560,000|_32GB(16Gx2)_24,031원/1GB_769,000","_64GB(32Gx2)_24,343원/1GB_1,557,980|_32GB(16Gx2)_24,031원/1GB_769,000","_64GB(32Gx2)_24,375원/1GB_1,560,000|_32GB(16Gx2)_24,031원/1GB_769,000","_64GB(32Gx2)_24,375원/1GB_1,560,000|_32GB(16Gx2)_24,844원/1GB_795,000","_64GB(32Gx2)_24,375원/1GB_1,560,000|_32GB(16Gx2)_24,844원/1GB_795,000","_64GB(32Gx2)_24,203원/1GB_1,548,990|_32GB(16Gx2)_24,844원/1GB_795,000","_64GB(32Gx2)_24,375원/1GB_1,560,000|_32GB(16Gx2)_24,844원/1GB_795,000","_64GB(32Gx2)_24,375원/1GB_1,560,000|_32GB(16Gx2)_24,031원/1GB_769,000","_64GB(32Gx2)_24,328원/1GB_1,556,970|_32GB(16Gx2)_24,031원/1GB_769,000","_64GB(32Gx2)_24,328원/1GB_1,556,970|_32GB(16Gx2)_24,031원/1GB_769,000","_64GB(32Gx2)_24,328원/1GB_1,556,970|_32GB(16Gx2)_24,031원/1GB_769,000"
27894470,ESSENCORE KLEVV DDR5-6000 CL30 BOLT V 패키지 서린,"32GB(16Gx2)_24,031원/1GB_769,000","32GB(16Gx2)_24,031원/1GB_769,000","32GB(16Gx2)_24,031원/1GB_769,000","32GB(16Gx2)_24,031원/1GB_769,000","_64GB(32Gx2)_24,375원/1GB_1,560,000|_32GB(16Gx2)_24,031원/1GB_769,000","32GB(16Gx2)_24,031원/1GB_769,000","32GB(16Gx2)_23,720원/1GB_759,050","32GB(16Gx2)_23,720원/1GB_759,050",0,"32GB(16Gx2)_24,966원/1GB_798,900","32GB(16Gx2)_24,625원/1GB_787,990","32GB(16Gx2)_24,969원/1GB_799,000",0,"32GB(16Gx2)_24,874원/1GB_795,970","32GB(16Gx2)_24,874원/1GB_795,970","32GB(16Gx2)_24,874원/1GB_795,970"
94568963,ESSENCORE KLEVV DDR5-6000 CL30 BOLT V 패키지 서린,0,0,0,0,0,0,0,0,"_64GB(32Gx2)_24,375원/1GB_1,560,000|_32GB(16Gx2)_24,966원/1GB_798,900",0,0,0,"_64GB(32Gx2)_24,375원/1GB_1,560,000|_32GB(16Gx2)_24,969원/1GB_799,000",0,0,0
79010636,ESSENCORE KLEVV DDR5-6000 CL30 CRAS V RGB WHITE AMD 패키지 서린,"32GB(16Gx2)_27,675원/1GB_885,600","32GB(16Gx2)_27,675원/1GB_885,600","32GB(16Gx2)_27,675원/1GB_885,600","32GB(16Gx2)_27,675원/1GB_885,600","32GB(16Gx2)_27,675원/1GB_885,600","32GB(16Gx2)_27,675원/1GB_885,600","32GB(16Gx2)_27,675원/1GB_885,600","32GB(16Gx2)_27,675원/1GB_885,600","32GB(16Gx2)_27,675원/1GB_885,600","32GB(16Gx2)_27,675원/1GB_885,600","32GB(16Gx2)_27,675원/1GB_885,600","32GB(16Gx2)_27,675원/1GB_885,600","32GB(16Gx2)_27,675원/1GB_885,600","32GB(16Gx2)_27,675원/1GB_885,600","32GB(16Gx2)_27,675원/1GB_885,600","32GB(16Gx2)_27,675원/1GB_885,600"
32076077,ESSENCORE KLEVV DDR5-6000 CL30 CRAS V RGB WHITE 패키지 서린,"_64GB(32Gx2)_25,312원/1GB_1,619,980|48GB(24Gx2)_23,916원/1GB_1,147,980|_32GB(16Gx2)_25,906원/1GB_829,000","_64GB(32Gx2)_25,312원/1GB_1,619,980|48GB(24Gx2)_23,916원/1GB_1,147,980|_32GB(16Gx2)_25,906원/1GB_829,000","_64GB(32Gx2)_25,312원/1GB_1,619,980|48GB(24Gx2)_23,916원/1GB_1,147,980|_32GB(16Gx2)_25,906원/1GB_829,000","_64GB(32Gx2)_25,312원/1GB_1,619,980|48GB(24Gx2)_23,958원/1GB_1,150,000|_32GB(16Gx2)_25,906원/1GB_829,000","_64GB(32Gx2)_25,312원/1GB_1,619,980|48GB(24Gx2)_23,958원/1GB_1,150,000|_32GB(16Gx2)_25,906원/1GB_829,000","_64GB(32Gx2)_25,312원/1GB_1,619,980|48GB(24Gx2)_23,958원/1GB_1,150,000|_32GB(16Gx2)_25,906원/1GB_829,000","_64GB(32Gx2)_25,312원/1GB_1,619,980|48GB(24Gx2)_23,916원/1GB_1,147,980|_32GB(16Gx2)_25,448원/1GB_814,350","_64GB(32Gx2)_25,312원/1GB_1,619,980|48GB(24Gx2)_23,958원/1GB_1,150,000|_32GB(16Gx2)_25,448원/1GB_814,350","_64GB(32Gx2)_25,141원/1GB_1,609,000|48GB(24Gx2)_23,958원/1GB_1,150,000|_32GB(16Gx2)_25,448원/1GB_814,350","_64GB(32Gx2)_24,984원/1GB_1,599,000|48GB(24Gx2)_23,958원/1GB_1,150,000|_32GB(16Gx2)_25,448원/1GB_814,350","_64GB(32Gx2)_24,984원/1GB_1,599,000|48GB(24Gx2)_23,729원/1GB_1,138,990|_32GB(16Gx2)_25,448원/1GB_814,350","_64GB(32Gx2)_25,140원/1GB_1,608,990|48GB(24Gx2)_23,958원/1GB_1,150,000|_32GB(16Gx2)_25,448원/1GB_814,350","_64GB(32Gx2)_25,140원/1GB_1,608,990|48GB(24Gx2)_23,958원/1GB_1,150,000|_32GB(16Gx2)_25,448원/1GB_814,350","_64GB(32Gx2)_25,140원/1GB_1,608,990|48GB(24Gx2)_23,895원/1GB_1,146,970|_32GB(16Gx2)_25,448원/1GB_814,350","_64GB(32Gx2)_25,140원/1GB_1,608,990|48GB(24Gx2)_23,895원/1GB_1,146,970|_32GB(16Gx2)_25,448원/1GB_814,350","_64GB(32Gx2)_25,140원/1GB_1,608,990|48GB(24Gx2)_23,895원/1GB_1,146,970|_32GB(16Gx2)_25,448원/1GB_814,350"
30002663,ESSENCORE KLEVV DDR5-6000 CL30 CRAS V RGB 패키지 서린,"_64GB(32Gx2)_25,625원/1GB_1,640,000|48GB(24Gx2)_23,916원/1GB_1,147,980|_32GB(16Gx2)_25,906원/1GB_828,990","_64GB(32Gx2)_25,625원/1GB_1,640,000|48GB(24Gx2)_23,916원/1GB_1,147,980|_32GB(16Gx2)_25,903원/1GB_828,900","_64GB(32Gx2)_25,625원/1GB_1,640,000|48GB(24Gx2)_23,916원/1GB_1,147,980|_32GB(16Gx2)_25,902원/1GB_828,850","_64GB(32Gx2)_25,625원/1GB_1,640,000|48GB(24Gx2)_23,958원/1GB_1,150,000|_32GB(16Gx2)_25,902원/1GB_828,850","_64GB(32Gx2)_25,625원/1GB_1,640,000|48GB(24Gx2)_23,958원/1GB_1,150,000|_32GB(16Gx2)_25,902원/1GB_828,860","_64GB(32Gx2)_25,625원/1GB_1,640,000|48GB(24Gx2)_24,010원/1GB_1,152,500|_32GB(16Gx2)_25,902원/1GB_828,860","_64GB(32Gx2)_25,625원/1GB_1,640,000|48GB(24Gx2)_23,968원/1GB_1,150,480|_32GB(16Gx2)_25,824원/1GB_826,360","_64GB(32Gx2)_25,625원/1GB_1,640,000|48GB(24Gx2)_24,010원/1GB_1,152,500|_32GB(16Gx2)_25,824원/1GB_826,360","_64GB(32Gx2)_25,625원/1GB_1,640,000|48GB(24Gx2)_24,010원/1GB_1,152,500|_32GB(16Gx2)_25,824원/1GB_826,360","_64GB(32Gx2)_25,625원/1GB_1,640,000|48GB(24Gx2)_24,010원/1GB_1,152,500|_32GB(16Gx2)_25,824원/1GB_826,360","_64GB(32Gx2)_25,625원/1GB_1,640,000|48GB(24Gx2)_23,781원/1GB_1,141,490|_32GB(16Gx2)_25,824원/1GB_826,360","_64GB(32Gx2)_25,609원/1GB_1,638,990|48GB(24Gx2)_24,010원/1GB_1,152,500|_32GB(16Gx2)_25,824원/1GB_826,360","_64GB(32Gx2)_25,155원/1GB_1,609,900|48GB(24Gx2)_24,010원/1GB_1,152,500|_32GB(16Gx2)_25,824원/1GB_826,360","_64GB(32Gx2)_25,155원/1GB_1,609,900|48GB(24Gx2)_23,895원/1GB_1,146,970|_32GB(16Gx2)_25,812원/1GB_825,970","_64GB(32Gx2)_25,155원/1GB_1,609,900|48GB(24Gx2)_23,895원/1GB_1,146,970|_32GB(16Gx2)_25,812원/1GB_825,970","_64GB(32Gx2)_25,155원/1GB_1,609,900|48GB(24Gx2)_23,895원/1GB_1,146,970|_32GB(16Gx2)_25,812원/1GB_825,970"
122663226,ESSENCORE KLEVV DDR5-6000 CL30 FIT V AMD 패키지 서린,"16GB(8Gx2)_11,133원/1GB_356,250","16GB(8Gx2)_11,133원/1GB_356,250","16GB(8Gx2)_11,133원/1GB_356,250","16GB(8Gx2)_11,133원/1GB_356,250","16GB(8Gx2)_11,133원/1GB_356,250","16GB(8Gx2)_11,133원/1GB_356,250","16GB(8Gx2)_11,016원/1GB_352,500","16GB(8Gx2)_11,016원/1GB_352,500","16GB(8Gx2)_11,508원/1GB_368,240","16GB(8Gx2)_11,508원/1GB_368,240","16GB(8Gx2)_11,508원/1GB_368,240","16GB(8Gx2)_11,508원/1GB_368,240","16GB(8Gx2)_11,086원/1GB_354,750","16GB(8Gx2)_11,133원/1GB_356,250","16GB(8Gx2)_11,133원/1GB_356,250","16GB(8Gx2)_11,133원/1GB_356,250"
122663232,ESSENCORE KLEVV DDR5-6000 CL30 FIT V WHITE AMD 패키지 서린,"16GB(8Gx2)_11,133원/1GB_356,250","16GB(8Gx2)_11,133원/1GB_356,250","16GB(8Gx2)_11,133원/1GB_356,250","16GB(8Gx2)_11,133원/1GB_356,250","16GB(8Gx2)_11,133원/1GB_356,250","16GB(8Gx2)_11,133원/1GB_356,250","16GB(8Gx2)_11,016원/1GB_352,500","16GB(8Gx2)_11,016원/1GB_352,500","16GB(8Gx2)_11,477원/1GB_367,270","16GB(8Gx2)_11,477원/1GB_367,270","16GB(8Gx2)_11,477원/1GB_367,270","16GB(8Gx2)_11,477원/1GB_367,270","16GB(8Gx2)_11,086원/1GB_354,750","16GB(8Gx2)_11,133원/1GB_356,250","16GB(8Gx2)_11,133원/1GB_356,250","16GB(8Gx2)_11,133원/1GB_356,250"
91188716,ESSENCORE KLEVV DDR5-6000 CL30 FIT V WHITE 패키지 서린,"32GB(16Gx2)_22,156원/1GB_709,000","32GB(16Gx2)_22,156원/1GB_709,000","32GB(16Gx2)_22,156원/1GB_709,000","32GB(16Gx2)_22,156원/1GB_709,000","32GB(16Gx2)_22,156원/1GB_709,000","32GB(16Gx2)_22,156원/1GB_709,000","32GB(16Gx2)_22,156원/1GB_709,000","32GB(16Gx2)_22,156원/1GB_709,000","32GB(16Gx2)_23,000원/1GB_736,000","32GB(16Gx2)_23,000원/1GB_736,000","32GB(16Gx2)_23,000원/1GB_736,000","32GB(16Gx2)_23,000원/1GB_736,000","32GB(16Gx2)_22,156원/1GB_709,000","32GB(16Gx2)_22,156원/1GB_709,000","32GB(16Gx2)_22,156원/1GB_709,000","32GB(16Gx2)_22,156원/1GB_709,000"
91188656,ESSENCORE KLEVV DDR5-6000 CL30 FIT V 패키지 서린,"32GB(16Gx2)_23,000원/1GB_736,000","32GB(16Gx2)_23,000원/1GB_736,000","32GB(16Gx2)_23,000원/1GB_736,000","32GB(16Gx2)_23,000원/1GB_736,000","32GB(16Gx2)_23,000원/1GB_736,000","32GB(16Gx2)_23,000원/1GB_736,000","32GB(16Gx2)_23,000원/1GB_736,000","32GB(16Gx2)_23,000원/1GB_736,000","32GB(16Gx2)_23,094원/1GB_739,000","32GB(16Gx2)_23,094원/1GB_739,000","32GB(16Gx2)_23,094원/1GB_739,000","32GB(16Gx2)_23,094원/1GB_739,000","32GB(16Gx2)_23,094원/1GB_739,000","32GB(16Gx2)_23,031원/1GB_736,980","32GB(16Gx2)_23,031원/1GB_736,980","32GB(16Gx2)_23,031원/1GB_736,980"
100692833,ESSENCORE KLEVV DDR5-6000 CL30 URBANE V RGB 블랙 패키지 서린,"32GB(16Gx2)_24,281원/1GB_776,980","32GB(16Gx2)_24,203원/1GB_774,480","32GB(16Gx2)_23,656원/1GB_756,980","32GB(16Gx2)_23,578원/1GB_754,480","32GB(16Gx2)_23,578원/1GB_754,480","32GB(16Gx2)_24,969원/1GB_799,000","32GB(16Gx2)_24,969원/1GB_799,000","32GB(16Gx2)_24,969원/1GB_799,000","32GB(16Gx2)_25,296원/1GB_809,460","32GB(16Gx2)_25,296원/1GB_809,460","32GB(16Gx2)_25,296원/1GB_809,460","32GB(16Gx2)_25,296원/1GB_809,460","32GB(16Gx2)_24,969원/1GB_799,000","32GB(16Gx2)_24,891원/1GB_796,500","32GB(16Gx2)_24,891원/1GB_796,500","32GB(16Gx2)_24,813원/1GB_794,000"
72587681,ESSENCORE KLEVV DDR5-6000 CL30 URBANE V RGB 패키지 서린,"_48GB(24Gx2)_22,292원/1GB_1,070,000|_32GB(16Gx2)_24,969원/1GB_799,000","_48GB(24Gx2)_22,240원/1GB_1,067,500|_32GB(16Gx2)_24,969원/1GB_799,000","_48GB(24Gx2)_21,875원/1GB_1,050,000|_32GB(16Gx2)_24,969원/1GB_799,000","_48GB(24Gx2)_21,823원/1GB_1,047,500|_32GB(16Gx2)_24,969원/1GB_799,000","_48GB(24Gx2)_21,406원/1GB_1,027,500|_32GB(16Gx2)_24,969원/1GB_799,000","_48GB(24Gx2)_21,406원/1GB_1,027,500|_32GB(16Gx2)_24,969원/1GB_799,000","_48GB(24Gx2)_20,990원/1GB_1,007,500|_32GB(16Gx2)_24,697원/1GB_790,300","_48GB(24Gx2)_20,990원/1GB_1,007,500|_32GB(16Gx2)_24,697원/1GB_790,300","_48GB(24Gx2)_22,656원/1GB_1,087,500|_32GB(16Gx2)_24,697원/1GB_790,300","_48GB(24Gx2)_22,656원/1GB_1,087,500|_32GB(16Gx2)_24,697원/1GB_790,300","_48GB(24Gx2)_22,240원/1GB_1,067,500|_32GB(16Gx2)_24,697원/1GB_790,300","_48GB(24Gx2)_22,135원/1GB_1,062,500|_32GB(16Gx2)_24,697원/1GB_790,300","_48GB(24Gx2)_21,927원/1GB_1,052,500|_32GB(16Gx2)_24,697원/1GB_790,300","_48GB(24Gx2)_21,823원/1GB_1,047,500|_32GB(16Gx2)_24,697원/1GB_790,300","_48GB(24Gx2)_21,823원/1GB_1,047,500|_32GB(16Gx2)_24,697원/1GB_790,300","_48GB(24Gx2)_21,771원/1GB_1,045,000|_32GB(16Gx2)_24,697원/1GB_790,300"
93805103,ESSENCORE KLEVV DDR5-6400 CL30 BOLT V WHITE 패키지 서린,"32GB(16Gx2)_27,365원/1GB_875,690","32GB(16Gx2)_27,365원/1GB_875,690","32GB(16Gx2)_27,365원/1GB_875,690","32GB(16Gx2)_27,365원/1GB_875,690","32GB(16Gx2)_27,365원/1GB_875,690","32GB(16Gx2)_27,365원/1GB_875,690","32GB(16Gx2)_27,365원/1GB_875,690","32GB(16Gx2)_27,365원/1GB_875,690","32GB(16Gx2)_27,365원/1GB_875,690","32GB(16Gx2)_27,365원/1GB_875,690","32GB(16Gx2)_27,365원/1GB_875,690","32GB(16Gx2)_27,365원/1GB_875,690","32GB(16Gx2)_27,356원/1GB_875,400","32GB(16Gx2)_27,356원/1GB_875,400","32GB(16Gx2)_27,356원/1GB_875,400","32GB(16Gx2)_27,356원/1GB_875,400"
123538770,ESSENCORE KLEVV DDR5-6400 CL32 BOLT V WHITE AMD 패키지 서린,32GB(16Gx2)_가격비교예정,32GB(16Gx2)_가격비교예정,32GB(16Gx2)_가격비교예정,32GB(16Gx2)_가격비교예정,32GB(16Gx2)_가격비교예정,32GB(16Gx2)_가격비교예정,32GB(16Gx2)_가격비교예정,32GB(16Gx2)_가격비교예정,32GB(16Gx2)_가격비교예정,32GB(16Gx2)_가격비교예정,32GB(16Gx2)_가격비교예정,32GB(16Gx2)_가격비교예정,32GB(16Gx2)_가격비교예정,32GB(16Gx2)_가격비교예정,32GB(16Gx2)_가격비교예정,32GB(16Gx2)_가격비교예정
92152277,ESSENCORE KLEVV DDR5-6400 CL32 BOLT V WHITE 패키지 서린,"32GB(16Gx2)_27,469원/1GB_879,000","32GB(16Gx2)_27,469원/1GB_879,000","32GB(16Gx2)_27,469원/1GB_879,000","32GB(16Gx2)_27,469원/1GB_879,000","32GB(16Gx2)_27,469원/1GB_879,000","32GB(16Gx2)_27,469원/1GB_879,000","32GB(16Gx2)_27,469원/1GB_879,000","32GB(16Gx2)_27,469원/1GB_879,000",0,0,0,0,0,0,0,0
37989125,ESSENCORE KLEVV DDR5-6400 CL32 CRAS V RGB WHITE 패키지 서린,"_64GB(32Gx2)_25,703원/1GB_1,645,000|48GB(24Gx2)_23,895원/1GB_1,146,960|_32GB(16Gx2)_26,841원/1GB_858,900","_64GB(32Gx2)_25,703원/1GB_1,645,000|48GB(24Gx2)_23,895원/1GB_1,146,960|_32GB(16Gx2)_26,840원/1GB_858,890","_64GB(32Gx2)_25,703원/1GB_1,645,000|48GB(24Gx2)_23,895원/1GB_1,146,960|_32GB(16Gx2)_26,840원/1GB_858,890","_64GB(32Gx2)_25,703원/1GB_1,645,000|48GB(24Gx2)_23,895원/1GB_1,146,960|_32GB(16Gx2)_26,840원/1GB_858,890","_64GB(32Gx2)_25,703원/1GB_1,645,000|48GB(24Gx2)_23,895원/1GB_1,146,960|_32GB(16Gx2)_26,839원/1GB_858,840","_64GB(32Gx2)_25,703원/1GB_1,645,000|48GB(24Gx2)_23,895원/1GB_1,146,960|_32GB(16Gx2)_26,839원/1GB_858,840","_64GB(32Gx2)_25,703원/1GB_1,645,000|48GB(24Gx2)_23,895원/1GB_1,146,960|_32GB(16Gx2)_26,839원/1GB_858,840","_64GB(32Gx2)_25,703원/1GB_1,645,000|48GB(24Gx2)_23,895원/1GB_1,146,960|_32GB(16Gx2)_26,839원/1GB_858,840","_64GB(32Gx2)_25,703원/1GB_1,645,000|48GB(24Gx2)_23,895원/1GB_1,146,960|_32GB(16Gx2)_26,844원/1GB_859,000","_64GB(32Gx2)_25,703원/1GB_1,645,000|48GB(24Gx2)_23,895원/1GB_1,146,960|_32GB(16Gx2)_26,844원/1GB_859,000","_64GB(32Gx2)_25,703원/1GB_1,645,000|48GB(24Gx2)_23,895원/1GB_1,146,960|_32GB(16Gx2)_26,844원/1GB_859,000","_64GB(32Gx2)_25,703원/1GB_1,645,000|48GB(24Gx2)_23,895원/1GB_1,146,960|_32GB(16Gx2)_26,844원/1GB_859,000","_64GB(32Gx2)_25,156원/1GB_1,610,000|_48GB(24Gx2)_23,852원/1GB_1,144,900|32GB(16Gx2)_26,844원/1GB_859,000","_64GB(32Gx2)_25,156원/1GB_1,609,990|_48GB(24Gx2)_23,852원/1GB_1,144,900|32GB(16Gx2)_26,844원/1GB_859,000","_64GB(32Gx2)_25,156원/1GB_1,609,990|_48GB(24Gx2)_23,852원/1GB_1,144,900|32GB(16Gx2)_26,844원/1GB_859,000","_64GB(32Gx2)_25,156원/1GB_1,609,990|_48GB(24Gx2)_23,852원/1GB_1,144,900|32GB(16Gx2)_26,844원/1GB_859,000"
30002912,ESSENCORE KLEVV DDR5-6400 CL32 CRAS V RGB 패키지 서린,"_64GB(32Gx2)_24,219원/1GB_1,550,000|48GB(24Gx2)_23,542원/1GB_1,130,000|_32GB(16Gx2)_26,061원/1GB_833,950","_64GB(32Gx2)_24,219원/1GB_1,550,000|48GB(24Gx2)_23,542원/1GB_1,130,000|_32GB(16Gx2)_25,983원/1GB_831,450","_64GB(32Gx2)_24,219원/1GB_1,550,000|48GB(24Gx2)_23,542원/1GB_1,130,000|_32GB(16Gx2)_25,436원/1GB_813,950","_64GB(32Gx2)_24,219원/1GB_1,550,000|48GB(24Gx2)_23,542원/1GB_1,130,000|_32GB(16Gx2)_25,358원/1GB_811,450","_64GB(32Gx2)_24,219원/1GB_1,550,000|48GB(24Gx2)_23,542원/1GB_1,130,000|_32GB(16Gx2)_24,733원/1GB_791,450","_64GB(32Gx2)_24,219원/1GB_1,550,000|48GB(24Gx2)_23,542원/1GB_1,130,000|_32GB(16Gx2)_24,733원/1GB_791,450","_64GB(32Gx2)_24,219원/1GB_1,550,000|48GB(24Gx2)_23,542원/1GB_1,130,000|_32GB(16Gx2)_26,529원/1GB_848,940","_64GB(32Gx2)_25,165원/1GB_1,610,590|48GB(24Gx2)_23,542원/1GB_1,130,000|_32GB(16Gx2)_26,529원/1GB_848,940","_64GB(32Gx2)_25,165원/1GB_1,610,590|48GB(24Gx2)_23,958원/1GB_1,150,000|_32GB(16Gx2)_26,529원/1GB_848,940","_64GB(32Gx2)_25,165원/1GB_1,610,590|48GB(24Gx2)_23,958원/1GB_1,150,000|_32GB(16Gx2)_26,529원/1GB_848,940","_64GB(32Gx2)_25,165원/1GB_1,610,590|48GB(24Gx2)_22,750원/1GB_1,092,000|_32GB(16Gx2)_26,529원/1GB_848,940","_64GB(32Gx2)_25,165원/1GB_1,610,590|48GB(24Gx2)_22,750원/1GB_1,092,000|_32GB(16Gx2)_26,529원/1GB_848,940","_64GB(32Gx2)_25,155원/1GB_1,609,900|48GB(24Gx2)_22,750원/1GB_1,092,000|_32GB(16Gx2)_26,529원/1GB_848,940","_64GB(32Gx2)_25,155원/1GB_1,609,900|48GB(24Gx2)_22,750원/1GB_1,092,000|_32GB(16Gx2)_26,528원/1GB_848,900","_64GB(32Gx2)_25,155원/1GB_1,609,900|48GB(24Gx2)_22,750원/1GB_1,092,000|_32GB(16Gx2)_26,063원/1GB_834,000","_64GB(32Gx2)_25,155원/1GB_1,609,900|48GB(24Gx2)_22,750원/1GB_1,092,000|_32GB(16Gx2)_25,984원/1GB_831,500"
72587687,ESSENCORE KLEVV DDR5-6400 CL32 URBANE V RGB 패키지 서린,"_32GB(16Gx2)_25,813원/1GB_826,000|_48GB(24Gx2)_22,328원/1GB_1,071,750","_32GB(16Gx2)_25,813원/1GB_826,000|_48GB(24Gx2)_22,328원/1GB_1,071,750",0,0,0,0,0,0,0,0,0,0,0,0,0,0
78849305,ESSENCORE KLEVV DDR5-6400 CL32 URBANE V RGB 패키지 서린,0,0,"_32GB(16Gx2)_25,813원/1GB_826,000|_48GB(24Gx2)_22,328원/1GB_1,071,750","_32GB(16Gx2)_25,813원/1GB_826,000|_48GB(24Gx2)_22,328원/1GB_1,071,750","_32GB(16Gx2)_25,813원/1GB_826,000|_48GB(24Gx2)_22,328원/1GB_1,071,750","_32GB(16Gx2)_25,813원/1GB_826,000|_48GB(24Gx2)_22,328원/1GB_1,071,750","_32GB(16Gx2)_25,813원/1GB_826,000|_48GB(24Gx2)_22,328원/1GB_1,071,750","_32GB(16Gx2)_25,813원/1GB_826,000|_48GB(24Gx2)_22,328원/1GB_1,071,750","_32GB(16Gx2)_25,813원/1GB_826,000|_48GB(24Gx2)_21,964원/1GB_1,054,260","_32GB(16Gx2)_25,813원/1GB_826,000|_48GB(24Gx2)_21,964원/1GB_1,054,260","_32GB(16Gx2)_25,813원/1GB_826,000|_48GB(24Gx2)_21,547원/1GB_1,034,260","_32GB(16Gx2)_25,813원/1GB_826,000|_48GB(24Gx2)_21,443원/1GB_1,029,260","_32GB(16Gx2)_25,809원/1GB_825,900|_48GB(24Gx2)_21,235원/1GB_1,019,260","_32GB(16Gx2)_25,809원/1GB_825,900|_48GB(24Gx2)_21,130원/1GB_1,014,260","_32GB(16Gx2)_25,809원/1GB_825,900|_48GB(24Gx2)_21,130원/1GB_1,014,260","_32GB(16Gx2)_25,809원/1GB_825,900|_48GB(24Gx2)_21,078원/1GB_1,011,760"
74340050,ESSENCORE KLEVV DDR5-6400 CL52 CUDIMM 파인인포,"16GB_22,078원/1GB_353,250","16GB_22,078원/1GB_353,250","16GB_22,078원/1GB_353,250","16GB_22,078원/1GB_353,250","16GB_22,078원/1GB_353,250","16GB_22,078원/1GB_353,250","16GB_22,078원/1GB_353,250","16GB_22,078원/1GB_353,250","16GB_22,078원/1GB_353,250","16GB_22,078원/1GB_353,250","16GB_22,078원/1GB_353,250","16GB_22,078원/1GB_353,250","16GB_22,078원/1GB_353,250","16GB_22,078원/1GB_353,250","16GB_22,078원/1GB_353,250","16GB_22,078원/1GB_353,250"
64376777,ESSENCORE KLEVV DDR5-7200 CL34 CRAS V RGB ROG 패키지 서린,"_48GB(24Gx2)_24,791원/1GB_1,189,980|_32GB(16Gx2)_24,656원/1GB_789,000","_48GB(24Gx2)_24,791원/1GB_1,189,980|_32GB(16Gx2)_24,656원/1GB_789,000","_48GB(24Gx2)_24,791원/1GB_1,189,980|_32GB(16Gx2)_24,656원/1GB_789,000","_48GB(24Gx2)_24,791원/1GB_1,189,980|_32GB(16Gx2)_24,656원/1GB_789,000","_48GB(24Gx2)_24,791원/1GB_1,189,980|_32GB(16Gx2)_24,656원/1GB_789,000","_48GB(24Gx2)_24,791원/1GB_1,189,980|_32GB(16Gx2)_24,656원/1GB_789,000","_48GB(24Gx2)_24,791원/1GB_1,189,980|_32GB(16Gx2)_24,656원/1GB_789,000","_48GB(24Gx2)_24,791원/1GB_1,189,980|_32GB(16Gx2)_24,656원/1GB_789,000","_48GB(24Gx2)_24,791원/1GB_1,189,980|_32GB(16Gx2)_24,656원/1GB_789,000","_48GB(24Gx2)_24,791원/1GB_1,189,980|_32GB(16Gx2)_24,656원/1GB_789,000","_48GB(24Gx2)_24,791원/1GB_1,189,980|_32GB(16Gx2)_24,656원/1GB_789,000","_48GB(24Gx2)_24,791원/1GB_1,189,980|_32GB(16Gx2)_24,656원/1GB_789,000","_48GB(24Gx2)_24,791원/1GB_1,189,980|_32GB(16Gx2)_24,656원/1GB_789,000","_48GB(24Gx2)_23,542원/1GB_1,130,000|_32GB(16Gx2)_24,656원/1GB_789,000","_48GB(24Gx2)_23,542원/1GB_1,130,000|_32GB(16Gx2)_24,656원/1GB_789,000","_48GB(24Gx2)_23,542원/1GB_1,130,000|_32GB(16Gx2)_24,656원/1GB_789,000"
37989224,ESSENCORE KLEVV DDR5-7200 CL34 CRAS V RGB White 패키지 서린,"_48GB(24Gx2)_20,625원/1GB_990,000|_32GB(16Gx2)_27,466원/1GB_878,900","_48GB(24Gx2)_20,625원/1GB_990,000|_32GB(16Gx2)_27,466원/1GB_878,900","_48GB(24Gx2)_20,625원/1GB_990,000|_32GB(16Gx2)_27,466원/1GB_878,900","_48GB(24Gx2)_20,625원/1GB_990,000|_32GB(16Gx2)_27,466원/1GB_878,900","_48GB(24Gx2)_20,625원/1GB_990,000|_32GB(16Gx2)_27,466원/1GB_878,900","_48GB(24Gx2)_20,625원/1GB_990,000|_32GB(16Gx2)_27,466원/1GB_878,900","_48GB(24Gx2)_20,625원/1GB_990,000|_32GB(16Gx2)_27,466원/1GB_878,900","_48GB(24Gx2)_20,625원/1GB_990,000|_32GB(16Gx2)_27,466원/1GB_878,900","_48GB(24Gx2)_20,625원/1GB_990,000|_32GB(16Gx2)_27,466원/1GB_878,900","_48GB(24Gx2)_20,625원/1GB_990,000|_32GB(16Gx2)_27,466원/1GB_878,900","_48GB(24Gx2)_20,625원/1GB_990,000|_32GB(16Gx2)_27,466원/1GB_878,900","_48GB(24Gx2)_20,625원/1GB_990,000|_32GB(16Gx2)_27,466원/1GB_878,900","_48GB(24Gx2)_20,625원/1GB_990,000|_32GB(16Gx2)_27,356원/1GB_875,400","_48GB(24Gx2)_20,625원/1GB_990,000|_32GB(16Gx2)_27,356원/1GB_875,400","_48GB(24Gx2)_20,625원/1GB_990,000|_32GB(16Gx2)_27,356원/1GB_875,400","_48GB(24Gx2)_20,625원/1GB_990,000|_32GB(16Gx2)_27,356원/1GB_875,400"
27886676,ESSENCORE KLEVV DDR5-7200 CL34 CRAS V RGB 패키지 서린,"32GB(16Gx2)_27,454원/1GB_878,540","32GB(16Gx2)_27,454원/1GB_878,530","32GB(16Gx2)_27,454원/1GB_878,530","32GB(16Gx2)_27,454원/1GB_878,540","32GB(16Gx2)_27,453원/1GB_878,480","32GB(16Gx2)_27,453원/1GB_878,480","32GB(16Gx2)_27,452원/1GB_878,470","32GB(16Gx2)_27,452원/1GB_878,470","32GB(16Gx2)_27,452원/1GB_878,470","32GB(16Gx2)_27,452원/1GB_878,470","32GB(16Gx2)_27,452원/1GB_878,470","32GB(16Gx2)_27,452원/1GB_878,470","32GB(16Gx2)_26,981원/1GB_863,400","32GB(16Gx2)_26,981원/1GB_863,400","32GB(16Gx2)_26,981원/1GB_863,400","32GB(16Gx2)_26,981원/1GB_863,400"
19240181,ESSENCORE KLEVV 노트북 DDR4-2666 CL19 중고,"4GB_11,500원/1GB_46,000","4GB_11,500원/1GB_46,000","4GB_11,500원/1GB_46,000","4GB_11,500원/1GB_46,000","4GB_11,500원/1GB_46,000","4GB_11,500원/1GB_46,000","4GB_11,500원/1GB_46,000","4GB_11,500원/1GB_46,000","4GB_11,500원/1GB_46,000","4GB_11,500원/1GB_46,000","4GB_11,500원/1GB_46,000","4GB_11,500원/1GB_46,000","4GB_11,500원/1GB_46,000","4GB_11,500원/1GB_46,000","4GB_11,500원/1GB_46,000","4GB_11,500원/1GB_46,000"
11787154,ESSENCORE KLEVV 노트북 DDR4-3200 CL22 파인인포,"_32GB_12,894원/1GB_412,600|16GB_12,425원/1GB_198,800|_8GB_11,260원/1GB_90,080","_32GB_12,894원/1GB_412,600|16GB_12,425원/1GB_198,800|_8GB_11,260원/1GB_90,080","32GB_12,894원/1GB_412,600|_16GB_12,425원/1GB_198,800|_8GB_11,260원/1GB_90,080","32GB_12,894원/1GB_412,600|_16GB_11,704원/1GB_187,260|_8GB_10,574원/1GB_84,591","32GB_12,894원/1GB_412,600|_16GB_12,425원/1GB_198,800|_8GB_11,173원/1GB_89,380","32GB_12,894원/1GB_412,600|_16GB_12,425원/1GB_198,800|_8GB_11,171원/1GB_89,370",0,0,0,0,0,0,0,0,0,0
11787178,ESSENCORE KLEVV 노트북 DDR4-3200 CL22 파인인포,0,0,0,0,0,0,"32GB_12,894원/1GB_412,600|_16GB_12,425원/1GB_198,800|_8GB_11,170원/1GB_89,360","32GB_12,894원/1GB_412,600|_16GB_12,425원/1GB_198,800|_8GB_11,170원/1GB_89,360","32GB_12,894원/1GB_412,600|_16GB_12,425원/1GB_198,800|_8GB_11,170원/1GB_89,360","32GB_12,894원/1GB_412,600|_16GB_12,425원/1GB_198,800|_8GB_11,170원/1GB_89,360","32GB_12,894원/1GB_412,600|_16GB_12,425원/1GB_198,800|_8GB_11,170원/1GB_89,360","32GB_12,894원/1GB_412,600|_16GB_12,425원/1GB_198,800|_8GB_11,170원/1GB_89,360","32GB_12,894원/1GB_412,600|_16GB_12,425원/1GB_198,800|_8GB_11,170원/1GB_89,360","32GB_12,894원/1GB_412,600|_16GB_12,425원/1GB_198,800|_8GB_11,170원/1GB_89,360","32GB_12,894원/1GB_412,600|_16GB_12,425원/1GB_198,800|_8GB_11,170원/1GB_89,360","32GB_12,894원/1GB_412,600|_16GB_12,425원/1GB_198,800|_8GB_11,170원/1GB_89,360"
28208825,ESSENCORE KLEVV 노트북 DDR5-5600 CL46 파인인포,"_32GB_19,391원/1GB_620,500|_16GB_19,989원/1GB_319,830","_32GB_19,391원/1GB_620,500|_16GB_19,989원/1GB_319,830","_32GB_19,391원/1GB_620,500|_16GB_19,989원/1GB_319,830","_32GB_19,391원/1GB_620,500|_16GB_19,989원/1GB_319,830","_32GB_19,391원/1GB_620,500|_16GB_19,989원/1GB_319,830","_32GB_19,391원/1GB_620,500|_16GB_19,989원/1GB_319,830","_32GB_19,391원/1GB_620,500|_16GB_19,989원/1GB_319,830","_32GB_19,391원/1GB_620,500|_16GB_19,989원/1GB_319,830","_32GB_19,391원/1GB_620,500|_16GB_19,989원/1GB_319,830","_32GB_19,391원/1GB_620,500|_16GB_19,989원/1GB_319,830","_32GB_19,990원/1GB_639,670|_16GB_20,288원/1GB_324,600","_32GB_19,990원/1GB_639,670|_16GB_20,288원/1GB_324,600","_32GB_19,990원/1GB_639,670|_16GB_20,288원/1GB_324,600","_32GB_19,990원/1GB_639,670|_16GB_20,288원/1GB_324,600","_32GB_19,990원/1GB_639,670|_16GB_20,288원/1GB_324,600","_32GB_19,990원/1GB_639,670|_16GB_20,288원/1GB_324,600"
106729376,FRIO DDR5-5600 CL46,"16GB_18,690원/1GB_299,040","16GB_18,690원/1GB_299,040","16GB_18,690원/1GB_299,040","16GB_18,690원/1GB_299,040","16GB_18,690원/1GB_299,040","16GB_18,690원/1GB_299,040","16GB_18,690원/1GB_299,040","16GB_18,690원/1GB_299,040","16GB_18,797원/1GB_300,750","16GB_18,797원/1GB_300,750","16GB_18,797원/1GB_300,750","16GB_18,797원/1GB_300,750","16GB_18,797원/1GB_300,750","16GB_18,797원/1GB_300,750","16GB_18,797원/1GB_300,750","16GB_18,797원/1GB_300,750"
6540147,G.SKILL DDR4-2666 CL19 AEGIS,"_16GB_10,234원/1GB_163,740|_8GB_11,249원/1GB_89,990","_16GB_10,234원/1GB_163,740|_8GB_11,249원/1GB_89,990","_16GB_10,234원/1GB_163,740|_8GB_11,249원/1GB_89,990","_16GB_10,234원/1GB_163,740|_8GB_11,249원/1GB_89,990","_16GB_10,234원/1GB_163,740|_8GB_11,249원/1GB_89,990","_16GB_10,234원/1GB_163,740|_8GB_11,249원/1GB_89,990","_16GB_10,234원/1GB_163,740|_8GB_11,249원/1GB_89,990","_16GB_10,234원/1GB_163,740|_8GB_11,249원/1GB_89,990","_16GB_10,234원/1GB_163,740|_8GB_11,250원/1GB_90,000","_16GB_10,234원/1GB_163,740|_8GB_11,250원/1GB_90,000","_16GB_10,234원/1GB_163,740|_8GB_11,250원/1GB_90,000","_16GB_10,234원/1GB_163,740|_8GB_11,250원/1GB_90,000","_16GB_10,234원/1GB_163,740|_8GB_11,250원/1GB_90,000","_16GB_10,234원/1GB_163,740|_8GB_11,248원/1GB_89,980","_16GB_10,234원/1GB_163,740|_8GB_11,248원/1GB_89,980","_16GB_10,234원/1GB_163,740|_8GB_11,248원/1GB_89,980"
9593730,G.SKILL DDR4-3200 CL16 AEGIS,"_16GB_11,813원/1GB_189,000|_8GB_11,281원/1GB_90,250","_16GB_11,656원/1GB_186,500|_8GB_11,281원/1GB_90,250","_16GB_11,656원/1GB_186,500|_8GB_11,281원/1GB_90,250","_16GB_11,500원/1GB_184,000|_8GB_11,281원/1GB_90,250","_16GB_11,500원/1GB_184,000|_8GB_11,281원/1GB_90,250","_16GB_11,500원/1GB_184,000|_8GB_11,281원/1GB_90,250","_16GB_11,500원/1GB_184,000|_8GB_11,163원/1GB_89,300","_16GB_11,500원/1GB_184,000|_8GB_11,163원/1GB_89,300","_16GB_11,500원/1GB_184,000|_8GB_11,875원/1GB_95,000","_16GB_11,811원/1GB_188,980|_8GB_11,875원/1GB_95,000","_16GB_11,811원/1GB_188,980|_8GB_11,875원/1GB_95,000","_16GB_11,811원/1GB_188,980|_8GB_11,875원/1GB_95,000","_16GB_11,149원/1GB_178,380|_8GB_11,234원/1GB_89,870","_16GB_11,222원/1GB_179,550|_8GB_11,281원/1GB_90,250","_16GB_11,222원/1GB_179,550|_8GB_11,281원/1GB_90,250","_16GB_11,222원/1GB_179,550|_8GB_11,281원/1GB_90,250"
4571593,G.SKILL DDR4-3200 CL16 RIPJAWS V VK,"16GB_11,519원/1GB_184,300","16GB_11,519원/1GB_184,300","16GB_11,519원/1GB_184,300","16GB_11,519원/1GB_184,300","16GB_11,519원/1GB_184,300","16GB_11,519원/1GB_184,300","16GB_11,398원/1GB_182,360","16GB_11,398원/1GB_182,360","16GB_12,124원/1GB_193,990","16GB_12,124원/1GB_193,990","16GB_12,124원/1GB_193,990","16GB_12,124원/1GB_193,990","16GB_11,470원/1GB_183,520","16GB_11,519원/1GB_184,300","16GB_11,519원/1GB_184,300","16GB_11,519원/1GB_184,300"
4571613,G.SKILL DDR4-3200 CL16 RIPJAWS V VKB 패키지,"16GB(8Gx2)_11,816원/1GB_189,050","16GB(8Gx2)_11,816원/1GB_189,050","16GB(8Gx2)_11,816원/1GB_189,050","16GB(8Gx2)_11,816원/1GB_189,050","16GB(8Gx2)_11,816원/1GB_189,050","16GB(8Gx2)_11,816원/1GB_189,050","16GB(8Gx2)_11,691원/1GB_187,060","16GB(8Gx2)_11,691원/1GB_187,060","16GB(8Gx2)_12,438원/1GB_199,000","16GB(8Gx2)_12,438원/1GB_199,000","16GB(8Gx2)_12,438원/1GB_199,000","16GB(8Gx2)_12,438원/1GB_199,000","16GB(8Gx2)_11,766원/1GB_188,250","16GB(8Gx2)_11,816원/1GB_189,050","16GB(8Gx2)_11,816원/1GB_189,050","16GB(8Gx2)_11,816원/1GB_189,050"
10019547,G.SKILL DDR4-3200 CL16 TRIDENT Z RGB 패키지,"_32GB(16Gx2)_12,594원/1GB_403,000|32GB(8Gx4)_11,922원/1GB_381,490|_16GB(8Gx2)_13,300원/1GB_212,800","_32GB(16Gx2)_12,516원/1GB_400,500|32GB(8Gx4)_11,922원/1GB_381,490|_16GB(8Gx2)_13,300원/1GB_212,800","_32GB(16Gx2)_12,750원/1GB_408,000|32GB(8Gx4)_11,922원/1GB_381,490|_16GB(8Gx2)_13,300원/1GB_212,800","_32GB(16Gx2)_12,672원/1GB_405,500|32GB(8Gx4)_11,922원/1GB_381,490|_16GB(8Gx2)_13,300원/1GB_212,800","_32GB(16Gx2)_12,359원/1GB_395,500|32GB(8Gx4)_11,922원/1GB_381,490|_16GB(8Gx2)_13,300원/1GB_212,800","_32GB(16Gx2)_13,063원/1GB_418,000|32GB(8Gx4)_11,922원/1GB_381,490|_16GB(8Gx2)_13,300원/1GB_212,800",0,0,"_32GB(16Gx2)_13,063원/1GB_418,000|32GB(8Gx4)_11,922원/1GB_381,490|_16GB(8Gx2)_13,641원/1GB_218,260","_32GB(16Gx2)_13,063원/1GB_418,000|32GB(8Gx4)_11,922원/1GB_381,490|_16GB(8Gx2)_13,641원/1GB_218,260","_32GB(16Gx2)_13,063원/1GB_418,000|32GB(8Gx4)_11,922원/1GB_381,490|_16GB(8Gx2)_13,641원/1GB_218,260","_32GB(16Gx2)_13,063원/1GB_418,000|32GB(8Gx4)_11,922원/1GB_381,490|_16GB(8Gx2)_13,641원/1GB_218,260","_32GB(16Gx2)_13,063원/1GB_418,000|32GB(8Gx4)_11,922원/1GB_381,490|_16GB(8Gx2)_13,244원/1GB_211,900","_32GB(16Gx2)_13,063원/1GB_418,000|32GB(8Gx4)_11,922원/1GB_381,490|_16GB(8Gx2)_13,300원/1GB_212,800","_32GB(16Gx2)_13,063원/1GB_418,000|32GB(8Gx4)_11,922원/1GB_381,490|_16GB(8Gx2)_13,300원/1GB_212,800","_32GB(16Gx2)_13,063원/1GB_418,000|32GB(8Gx4)_11,922원/1GB_381,490|_16GB(8Gx2)_13,300원/1GB_212,800"
4905070,G.SKILL DDR4-3200 CL16 TRIDENT Z RGB 패키지,0,0,0,0,0,0,"_32GB(16Gx2)_13,063원/1GB_418,000|32GB(8Gx4)_11,922원/1GB_381,490|_16GB(8Gx2)_13,160원/1GB_210,560","_32GB(16Gx2)_13,063원/1GB_418,000|32GB(8Gx4)_11,922원/1GB_381,490|_16GB(8Gx2)_13,160원/1GB_210,560",0,0,0,0,0,0,0,0
3717286,G.SKILL DDR4-3200 CL16 TRIDENT Z 패키지,"_32GB(16Gx2)_12,436원/1GB_397,950|_16GB(8Gx2)_13,373원/1GB_213,960","_32GB(16Gx2)_12,436원/1GB_397,940|_16GB(8Gx2)_13,373원/1GB_213,960","_32GB(16Gx2)_12,436원/1GB_397,940|_16GB(8Gx2)_13,367원/1GB_213,870","_32GB(16Gx2)_12,436원/1GB_397,940|_16GB(8Gx2)_13,365원/1GB_213,840","_32GB(16Gx2)_12,433원/1GB_397,840|_16GB(8Gx2)_13,365원/1GB_213,840","_32GB(16Gx2)_12,432원/1GB_397,830|_16GB(8Gx2)_13,366원/1GB_213,850","_32GB(16Gx2)_12,432원/1GB_397,830|_16GB(8Gx2)_13,373원/1GB_213,960","_32GB(16Gx2)_12,432원/1GB_397,830|_16GB(8Gx2)_13,373원/1GB_213,960","_32GB(16Gx2)_12,437원/1GB_397,990|_16GB(8Gx2)_13,374원/1GB_213,990","_32GB(16Gx2)_12,437원/1GB_397,990|_16GB(8Gx2)_13,374원/1GB_213,990","_32GB(16Gx2)_12,437원/1GB_397,990|_16GB(8Gx2)_13,374원/1GB_213,990","_32GB(16Gx2)_12,437원/1GB_397,990|_16GB(8Gx2)_13,374원/1GB_213,990","_32GB(16Gx2)_12,437원/1GB_397,990|_16GB(8Gx2)_13,374원/1GB_213,990","_32GB(16Gx2)_12,437원/1GB_397,990|_16GB(8Gx2)_13,374원/1GB_213,990","_32GB(16Gx2)_12,437원/1GB_397,990|_16GB(8Gx2)_13,374원/1GB_213,990","_32GB(16Gx2)_12,437원/1GB_397,990|_16GB(8Gx2)_13,374원/1GB_213,990"
4589367,G.SKILL DDR4-3200 CL16 TRIDENT ZKW 패키지,"_32GB(16Gx2)_12,435원/1GB_397,930|_16GB(8Gx2)_13,374원/1GB_213,990","_32GB(16Gx2)_12,435원/1GB_397,920|_16GB(8Gx2)_13,374원/1GB_213,990","_32GB(16Gx2)_12,435원/1GB_397,920|_16GB(8Gx2)_13,374원/1GB_213,990","_32GB(16Gx2)_12,435원/1GB_397,920|_16GB(8Gx2)_13,374원/1GB_213,990","_32GB(16Gx2)_12,432원/1GB_397,830|_16GB(8Gx2)_13,374원/1GB_213,990","_32GB(16Gx2)_12,432원/1GB_397,810|_16GB(8Gx2)_13,374원/1GB_213,990","_32GB(16Gx2)_12,432원/1GB_397,810|_16GB(8Gx2)_13,374원/1GB_213,990","_32GB(16Gx2)_12,432원/1GB_397,810|_16GB(8Gx2)_13,374원/1GB_213,990","_32GB(16Gx2)_12,437원/1GB_397,990|_16GB(8Gx2)_13,375원/1GB_214,000","_32GB(16Gx2)_12,437원/1GB_397,990|_16GB(8Gx2)_13,375원/1GB_214,000","_32GB(16Gx2)_12,437원/1GB_397,990|_16GB(8Gx2)_13,375원/1GB_214,000","_32GB(16Gx2)_12,437원/1GB_397,990|_16GB(8Gx2)_13,374원/1GB_213,980","_32GB(16Gx2)_12,437원/1GB_397,990|_16GB(8Gx2)_13,374원/1GB_213,980","_32GB(16Gx2)_12,437원/1GB_397,980|_16GB(8Gx2)_13,374원/1GB_213,980","_32GB(16Gx2)_12,437원/1GB_397,980|_16GB(8Gx2)_13,374원/1GB_213,980","_32GB(16Gx2)_12,437원/1GB_397,980|_16GB(8Gx2)_13,374원/1GB_213,980"
9480405,G.SKILL DDR4-3600 CL16 TRIDENT Z NEO C 패키지,"_32GB(16Gx2)_13,222원/1GB_423,100|_16GB(8Gx2)_15,094원/1GB_241,500","_32GB(16Gx2)_13,300원/1GB_425,600|_16GB(8Gx2)_15,094원/1GB_241,500","_32GB(16Gx2)_13,300원/1GB_425,600|_16GB(8Gx2)_15,094원/1GB_241,500","_32GB(16Gx2)_13,300원/1GB_425,600|_16GB(8Gx2)_15,094원/1GB_241,500","_32GB(16Gx2)_13,300원/1GB_425,600|_16GB(8Gx2)_15,094원/1GB_241,500","_32GB(16Gx2)_13,300원/1GB_425,600|_16GB(8Gx2)_15,094원/1GB_241,500","_32GB(16Gx2)_13,160원/1GB_421,120|_16GB(8Gx2)_15,094원/1GB_241,500","_32GB(16Gx2)_13,160원/1GB_421,120|_16GB(8Gx2)_15,094원/1GB_241,500","_32GB(16Gx2)_14,000원/1GB_447,990|_16GB(8Gx2)_14,938원/1GB_239,000","_32GB(16Gx2)_14,000원/1GB_447,990|_16GB(8Gx2)_14,938원/1GB_239,000","_32GB(16Gx2)_14,000원/1GB_447,990|_16GB(8Gx2)_14,938원/1GB_239,000","_32GB(16Gx2)_14,000원/1GB_447,990|_16GB(8Gx2)_14,938원/1GB_239,000","_32GB(16Gx2)_13,244원/1GB_423,800|_16GB(8Gx2)_14,938원/1GB_239,000","_32GB(16Gx2)_13,300원/1GB_425,600|_16GB(8Gx2)_14,938원/1GB_239,000","_32GB(16Gx2)_13,300원/1GB_425,600|_16GB(8Gx2)_14,938원/1GB_239,000","_32GB(16Gx2)_13,300원/1GB_425,600|_16GB(8Gx2)_14,938원/1GB_239,000"
11044452,G.SKILL DDR4-3600 CL18 TRIDENT Z NEO 패키지,"64GB(32Gx2)_12,031원/1GB_770,000","64GB(32Gx2)_12,031원/1GB_770,000","64GB(32Gx2)_12,031원/1GB_770,000","64GB(32Gx2)_12,031원/1GB_770,000","64GB(32Gx2)_12,031원/1GB_770,000","64GB(32Gx2)_12,031원/1GB_770,000","64GB(32Gx2)_12,031원/1GB_770,000","64GB(32Gx2)_12,031원/1GB_770,000","64GB(32Gx2)_12,031원/1GB_770,000","64GB(32Gx2)_12,031원/1GB_770,000","64GB(32Gx2)_12,031원/1GB_770,000","64GB(32Gx2)_12,031원/1GB_770,000","64GB(32Gx2)_12,031원/1GB_770,000","64GB(32Gx2)_12,031원/1GB_770,000","64GB(32Gx2)_12,031원/1GB_770,000","64GB(32Gx2)_12,031원/1GB_770,000"
11431083,G.SKILL DDR4-3600 CL18 TRIDENT Z RGB 패키지,"_32GB(16Gx2)_12,431원/1GB_397,800|_16GB(8Gx2)_14,044원/1GB_224,710","_32GB(16Gx2)_12,353원/1GB_395,300|_16GB(8Gx2)_14,044원/1GB_224,710","_32GB(16Gx2)_12,353원/1GB_395,300|_16GB(8Gx2)_14,044원/1GB_224,710","_32GB(16Gx2)_12,275원/1GB_392,800|_16GB(8Gx2)_14,044원/1GB_224,710","_32GB(16Gx2)_12,275원/1GB_392,800|_16GB(8Gx2)_14,044원/1GB_224,710","_32GB(16Gx2)_12,197원/1GB_390,300|_16GB(8Gx2)_14,044원/1GB_224,710","_32GB(16Gx2)_12,197원/1GB_390,300|_16GB(8Gx2)_14,044원/1GB_224,710","_32GB(16Gx2)_12,197원/1GB_390,300|_16GB(8Gx2)_14,044원/1GB_224,710","_32GB(16Gx2)_12,064원/1GB_386,060|_16GB(8Gx2)_14,046원/1GB_224,730","_32GB(16Gx2)_12,064원/1GB_386,060|_16GB(8Gx2)_14,046원/1GB_224,730","_32GB(16Gx2)_13,016원/1GB_416,500|_16GB(8Gx2)_14,046원/1GB_224,730","_32GB(16Gx2)_13,250원/1GB_424,000|_16GB(8Gx2)_14,046원/1GB_224,730","_32GB(16Gx2)_12,534원/1GB_401,100|_16GB(8Gx2)_14,046원/1GB_224,730","_32GB(16Gx2)_12,456원/1GB_398,600|_16GB(8Gx2)_14,046원/1GB_224,730","_32GB(16Gx2)_12,588원/1GB_402,800|_16GB(8Gx2)_14,046원/1GB_224,730","_32GB(16Gx2)_12,509원/1GB_400,300|_16GB(8Gx2)_14,046원/1GB_224,730"
18643175,G.SKILL DDR4-3600 CL18 TRIDENT Z RGB 패키지 (해외구매),"16GB(8Gx2)_15,363원/1GB_245,810","16GB(8Gx2)_15,363원/1GB_245,810","16GB(8Gx2)_15,216원/1GB_243,460","16GB(8Gx2)_15,216원/1GB_243,460","16GB(8Gx2)_15,216원/1GB_243,460","16GB(8Gx2)_15,216원/1GB_243,460","16GB(8Gx2)_15,216원/1GB_243,460","16GB(8Gx2)_15,216원/1GB_243,460","16GB(8Gx2)_15,216원/1GB_243,460","16GB(8Gx2)_15,216원/1GB_243,460","16GB(8Gx2)_15,216원/1GB_243,460","16GB(8Gx2)_15,216원/1GB_243,460","16GB(8Gx2)_15,216원/1GB_243,460","16GB(8Gx2)_15,216원/1GB_243,460","16GB(8Gx2)_15,216원/1GB_243,460","16GB(8Gx2)_15,216원/1GB_243,460"
7030186,G.SKILL DDR4-3600 CL18 TRIDENT Z ROYAL 실버 패키지,"16GB(8Gx2)_48,916원/1GB_782,650","16GB(8Gx2)_48,916원/1GB_782,650","16GB(8Gx2)_48,916원/1GB_782,650","16GB(8Gx2)_48,916원/1GB_782,650","16GB(8Gx2)_48,916원/1GB_782,650","16GB(8Gx2)_48,916원/1GB_782,650","16GB(8Gx2)_48,916원/1GB_782,650","16GB(8Gx2)_48,916원/1GB_782,650","16GB(8Gx2)_48,916원/1GB_782,650","16GB(8Gx2)_48,916원/1GB_782,650","16GB(8Gx2)_48,916원/1GB_782,650","16GB(8Gx2)_48,916원/1GB_782,650","16GB(8Gx2)_48,916원/1GB_782,650","16GB(8Gx2)_48,916원/1GB_782,650","16GB(8Gx2)_48,916원/1GB_782,650","16GB(8Gx2)_48,916원/1GB_782,650"
54102995,G.SKILL DDR5-5200 CL40 FLARE X5 J 패키지,"96GB(48Gx2)_23,880원/1GB_2,292,500","96GB(48Gx2)_23,880원/1GB_2,292,500","96GB(48Gx2)_23,880원/1GB_2,292,500","96GB(48Gx2)_23,880원/1GB_2,292,500","96GB(48Gx2)_23,880원/1GB_2,292,500","96GB(48Gx2)_23,880원/1GB_2,292,500","96GB(48Gx2)_23,880원/1GB_2,292,500","96GB(48Gx2)_23,880원/1GB_2,292,500","96GB(48Gx2)_23,854원/1GB_2,290,000","96GB(48Gx2)_20,729원/1GB_1,990,000","96GB(48Gx2)_20,729원/1GB_1,990,000","96GB(48Gx2)_20,729원/1GB_1,990,000","96GB(48Gx2)_20,729원/1GB_1,990,000","96GB(48Gx2)_20,729원/1GB_1,990,000","96GB(48Gx2)_20,729원/1GB_1,990,000","96GB(48Gx2)_20,729원/1GB_1,990,000"
56151416,G.SKILL DDR5-5200 CL40 RIPJAWS M5 RGB 블랙 패키지,"_64GB(32Gx2)_24,883원/1GB_1,592,500|_32GB(16Gx2)_21,922원/1GB_701,500","_64GB(32Gx2)_24,883원/1GB_1,592,500|_32GB(16Gx2)_21,844원/1GB_699,000",0,0,0,0,0,0,0,0,0,0,"_64GB(32Gx2)_21,719원/1GB_1,390,000|_32GB(16Gx2)_21,609원/1GB_691,500","_64GB(32Gx2)_21,719원/1GB_1,390,000|_32GB(16Gx2)_21,453원/1GB_686,500","_64GB(32Gx2)_21,719원/1GB_1,390,000|_32GB(16Gx2)_21,453원/1GB_686,500","_64GB(32Gx2)_21,719원/1GB_1,390,000|_32GB(16Gx2)_21,375원/1GB_684,000"
56151461,G.SKILL DDR5-5200 CL40 RIPJAWS M5 RGB 블랙 패키지,0,0,"_64GB(32Gx2)_24,883원/1GB_1,592,500|_32GB(16Gx2)_21,844원/1GB_699,000","_64GB(32Gx2)_24,883원/1GB_1,592,500|_32GB(16Gx2)_21,766원/1GB_696,500","_64GB(32Gx2)_24,883원/1GB_1,592,500|_32GB(16Gx2)_21,766원/1GB_696,500","_64GB(32Gx2)_24,883원/1GB_1,592,500|_32GB(16Gx2)_21,766원/1GB_696,500","_64GB(32Gx2)_24,883원/1GB_1,592,500|_32GB(16Gx2)_21,219원/1GB_679,000","_64GB(32Gx2)_24,883원/1GB_1,592,500|_32GB(16Gx2)_21,219원/1GB_679,000","_64GB(32Gx2)_21,712원/1GB_1,389,560|_32GB(16Gx2)_22,703원/1GB_726,500","_64GB(32Gx2)_21,712원/1GB_1,389,560|_32GB(16Gx2)_22,703원/1GB_726,500","_64GB(32Gx2)_21,719원/1GB_1,390,000|_32GB(16Gx2)_22,078원/1GB_706,500","_64GB(32Gx2)_21,719원/1GB_1,390,000|_32GB(16Gx2)_21,922원/1GB_701,500",0,0,0,0
56151509,G.SKILL DDR5-5200 CL40 RIPJAWS M5 RGB 화이트 패키지,"_64GB(32Gx2)_23,672원/1GB_1,515,000|_32GB(16Gx2)_21,844원/1GB_699,000","_64GB(32Gx2)_23,633원/1GB_1,512,500|_32GB(16Gx2)_21,766원/1GB_696,500","_64GB(32Gx2)_23,359원/1GB_1,495,000|_32GB(16Gx2)_21,219원/1GB_679,000","_64GB(32Gx2)_23,320원/1GB_1,492,500|_32GB(16Gx2)_21,141원/1GB_676,500","_64GB(32Gx2)_23,320원/1GB_1,492,500|_32GB(16Gx2)_22,625원/1GB_724,000","_64GB(32Gx2)_23,281원/1GB_1,490,000|_32GB(16Gx2)_22,625원/1GB_724,000","_64GB(32Gx2)_23,281원/1GB_1,490,000|_32GB(16Gx2)_22,000원/1GB_704,000","_64GB(32Gx2)_23,281원/1GB_1,490,000|_32GB(16Gx2)_22,000원/1GB_704,000","_64GB(32Gx2)_21,250원/1GB_1,359,990|_32GB(16Gx2)_21,375원/1GB_684,000","_64GB(32Gx2)_21,250원/1GB_1,359,990|_32GB(16Gx2)_21,375원/1GB_684,000","_64GB(32Gx2)_21,719원/1GB_1,390,000|_32GB(16Gx2)_20,750원/1GB_664,000","_64GB(32Gx2)_21,719원/1GB_1,390,000|_32GB(16Gx2)_22,703원/1GB_726,500",0,0,0,0
56151521,G.SKILL DDR5-5200 CL40 RIPJAWS M5 RGB 화이트 패키지,0,0,0,0,0,0,0,0,0,0,0,0,"_64GB(32Gx2)_21,719원/1GB_1,390,000|_32GB(16Gx2)_22,391원/1GB_716,500","_64GB(32Gx2)_21,719원/1GB_1,390,000|_32GB(16Gx2)_21,766원/1GB_696,500","_64GB(32Gx2)_21,719원/1GB_1,390,000|_32GB(16Gx2)_21,766원/1GB_696,500","_64GB(32Gx2)_21,719원/1GB_1,390,000|_32GB(16Gx2)_21,688원/1GB_694,000"
54103169,G.SKILL DDR5-5200 CL40 RIPJAWS S5 J 블랙 패키지,"_96GB(48Gx2)_22,813원/1GB_2,190,000|_64GB(32Gx2)_23,594원/1GB_1,509,990|32GB(16Gx2)_20,906원/1GB_669,000","_96GB(48Gx2)_22,813원/1GB_2,190,000|_64GB(32Gx2)_23,594원/1GB_1,509,990|32GB(16Gx2)_20,906원/1GB_669,000","_96GB(48Gx2)_22,813원/1GB_2,190,000|_64GB(32Gx2)_23,594원/1GB_1,509,990|32GB(16Gx2)_20,906원/1GB_669,000","_96GB(48Gx2)_22,813원/1GB_2,190,000|_64GB(32Gx2)_23,594원/1GB_1,509,990|32GB(16Gx2)_20,906원/1GB_669,000","_96GB(48Gx2)_22,813원/1GB_2,190,000|_64GB(32Gx2)_23,594원/1GB_1,509,990|32GB(16Gx2)_20,906원/1GB_669,000","_96GB(48Gx2)_22,813원/1GB_2,190,000|_64GB(32Gx2)_23,594원/1GB_1,509,990|32GB(16Gx2)_21,843원/1GB_698,990","_96GB(48Gx2)_22,813원/1GB_2,190,000|_64GB(32Gx2)_23,594원/1GB_1,509,990|32GB(16Gx2)_21,843원/1GB_698,990","_96GB(48Gx2)_23,854원/1GB_2,289,980|_64GB(32Gx2)_23,594원/1GB_1,509,990|32GB(16Gx2)_20,828원/1GB_666,500","_96GB(48Gx2)_23,854원/1GB_2,290,000|_64GB(32Gx2)_24,062원/1GB_1,539,990|32GB(16Gx2)_21,297원/1GB_681,500","_96GB(48Gx2)_23,854원/1GB_2,290,000|_64GB(32Gx2)_24,062원/1GB_1,539,990|32GB(16Gx2)_21,297원/1GB_681,500","_96GB(48Gx2)_23,854원/1GB_2,290,000|_64GB(32Gx2)_24,062원/1GB_1,539,990|32GB(16Gx2)_20,672원/1GB_661,500","_96GB(48Gx2)_23,854원/1GB_2,290,000|_64GB(32Gx2)_24,062원/1GB_1,539,990|32GB(16Gx2)_21,844원/1GB_699,000","_96GB(48Gx2)_23,753원/1GB_2,280,240|_64GB(32Gx2)_23,594원/1GB_1,510,000|32GB(16Gx2)_21,531원/1GB_689,000","_96GB(48Gx2)_23,752원/1GB_2,280,230|_64GB(32Gx2)_23,594원/1GB_1,509,990|32GB(16Gx2)_21,375원/1GB_683,990","_96GB(48Gx2)_23,752원/1GB_2,280,230|_64GB(32Gx2)_23,594원/1GB_1,509,990|32GB(16Gx2)_21,375원/1GB_683,990","_96GB(48Gx2)_23,752원/1GB_2,280,230|_64GB(32Gx2)_23,594원/1GB_1,509,990|32GB(16Gx2)_21,297원/1GB_681,500"
54103175,G.SKILL DDR5-5200 CL40 RIPJAWS S5 J 화이트 패키지,"_96GB(48Gx2)_22,813원/1GB_2,190,000|_32GB(16Gx2)_20,359원/1GB_651,500","_96GB(48Gx2)_22,813원/1GB_2,190,000|_32GB(16Gx2)_20,281원/1GB_649,000","_96GB(48Gx2)_22,813원/1GB_2,190,000|_32GB(16Gx2)_20,281원/1GB_649,000","_96GB(48Gx2)_22,813원/1GB_2,190,000|_32GB(16Gx2)_20,906원/1GB_669,000","_96GB(48Gx2)_22,813원/1GB_2,190,000|_32GB(16Gx2)_20,906원/1GB_669,000","_96GB(48Gx2)_22,813원/1GB_2,190,000|_32GB(16Gx2)_20,203원/1GB_646,500","_96GB(48Gx2)_22,813원/1GB_2,190,000|_32GB(16Gx2)_20,359원/1GB_651,500","_96GB(48Gx2)_22,900원/1GB_2,198,400|_32GB(16Gx2)_20,359원/1GB_651,500","_96GB(48Gx2)_23,854원/1GB_2,290,000|_32GB(16Gx2)_21,765원/1GB_696,490","_96GB(48Gx2)_23,854원/1GB_2,290,000|_32GB(16Gx2)_21,765원/1GB_696,490","_96GB(48Gx2)_23,854원/1GB_2,290,000|_32GB(16Gx2)_21,140원/1GB_676,490","_96GB(48Gx2)_23,854원/1GB_2,290,000|_32GB(16Gx2)_20,984원/1GB_671,490","_96GB(48Gx2)_23,542원/1GB_2,260,000|_32GB(16Gx2)_20,672원/1GB_661,490","_96GB(48Gx2)_23,542원/1GB_2,259,990|_32GB(16Gx2)_20,515원/1GB_656,490","_96GB(48Gx2)_23,542원/1GB_2,259,990|_32GB(16Gx2)_20,515원/1GB_656,490","_96GB(48Gx2)_23,542원/1GB_2,259,990|_32GB(16Gx2)_20,437원/1GB_653,990"
109682708,G.SKILL DDR5-5600 CL28 G5 ECC/REG 패키지,"128GB(32Gx4)_67,187원/1GB_8,599,990","128GB(32Gx4)_67,187원/1GB_8,599,990","128GB(32Gx4)_67,187원/1GB_8,599,990","128GB(32Gx4)_67,187원/1GB_8,599,990","128GB(32Gx4)_67,187원/1GB_8,599,990","128GB(32Gx4)_67,187원/1GB_8,599,990","128GB(32Gx4)_67,187원/1GB_8,599,990","128GB(32Gx4)_67,187원/1GB_8,599,990","128GB(32Gx4)_67,188원/1GB_8,600,000","128GB(32Gx4)_67,188원/1GB_8,600,000","128GB(32Gx4)_67,188원/1GB_8,600,000","128GB(32Gx4)_67,188원/1GB_8,600,000","128GB(32Gx4)_67,188원/1GB_8,600,000","128GB(32Gx4)_67,188원/1GB_8,600,000","128GB(32Gx4)_67,188원/1GB_8,600,000","128GB(32Gx4)_67,188원/1GB_8,600,000"
109682669,G.SKILL DDR5-5600 CL28 G5 NEO ECC/REG 패키지,"128GB(32Gx4)_60,156원/1GB_7,699,990","128GB(32Gx4)_60,156원/1GB_7,699,990","128GB(32Gx4)_60,156원/1GB_7,699,990","128GB(32Gx4)_60,156원/1GB_7,699,990","128GB(32Gx4)_60,156원/1GB_7,699,990","128GB(32Gx4)_60,156원/1GB_7,699,990","128GB(32Gx4)_60,156원/1GB_7,699,990","128GB(32Gx4)_60,156원/1GB_7,699,990","128GB(32Gx4)_60,156원/1GB_7,700,000","128GB(32Gx4)_60,156원/1GB_7,700,000","128GB(32Gx4)_60,156원/1GB_7,700,000","128GB(32Gx4)_60,156원/1GB_7,700,000","128GB(32Gx4)_60,156원/1GB_7,700,000","128GB(32Gx4)_60,156원/1GB_7,700,000","128GB(32Gx4)_60,156원/1GB_7,700,000","128GB(32Gx4)_60,156원/1GB_7,700,000"
75656471,G.SKILL DDR5-5600 CL36 AEGIS 5,"_32GB_24,656원/1GB_789,000|_16GB_20,425원/1GB_326,800","_32GB_24,656원/1GB_789,000|_16GB_20,425원/1GB_326,800","_32GB_24,656원/1GB_789,000|_16GB_20,425원/1GB_326,800","_32GB_24,656원/1GB_789,000|_16GB_20,425원/1GB_326,800","_32GB_24,656원/1GB_789,000|_16GB_20,425원/1GB_326,800","_32GB_24,656원/1GB_789,000|_16GB_20,425원/1GB_326,800","_32GB_24,656원/1GB_789,000|_16GB_20,210원/1GB_323,360","_32GB_24,656원/1GB_789,000|_16GB_20,210원/1GB_323,360","_32GB_25,593원/1GB_818,990|_16GB_20,873원/1GB_333,960","_32GB_25,593원/1GB_818,990|_16GB_20,873원/1GB_333,960","_32GB_25,593원/1GB_818,990|_16GB_20,873원/1GB_333,960","_32GB_25,593원/1GB_818,990|_16GB_20,873원/1GB_333,960","_32GB_24,656원/1GB_789,000|_16GB_20,339원/1GB_325,420","_32GB_24,656원/1GB_789,000|_16GB_20,425원/1GB_326,800",0,0
28241219,G.SKILL DDR5-5600 CL36 AEGIS 5,0,0,0,0,0,0,0,0,0,0,0,0,0,0,"_32GB_24,656원/1GB_789,000|_16GB_20,425원/1GB_326,800","_32GB_24,656원/1GB_789,000|_16GB_20,425원/1GB_326,800"
102553307,G.SKILL DDR5-5600 CL36 FLARE X5 AMD 블랙,"8GB_26,719원/1GB_213,750","8GB_26,719원/1GB_213,750","8GB_26,719원/1GB_213,750","8GB_26,719원/1GB_213,750","8GB_26,719원/1GB_213,750","8GB_26,719원/1GB_213,750","8GB_26,438원/1GB_211,500","8GB_26,438원/1GB_211,500","8GB_27,971원/1GB_223,770","8GB_27,971원/1GB_223,770","8GB_27,971원/1GB_223,770","8GB_27,971원/1GB_223,770","8GB_26,606원/1GB_212,850","8GB_26,719원/1GB_213,750","8GB_26,719원/1GB_213,750","8GB_26,719원/1GB_213,750"
56151749,G.SKILL DDR5-5600 CL40 RIPJAWS M5 RGB 블랙 패키지,"96GB(48Gx2)_26,979원/1GB_2,589,980","96GB(48Gx2)_26,979원/1GB_2,589,980","96GB(48Gx2)_26,979원/1GB_2,589,980","96GB(48Gx2)_26,979원/1GB_2,589,980","96GB(48Gx2)_26,979원/1GB_2,589,980","96GB(48Gx2)_26,979원/1GB_2,589,980","96GB(48Gx2)_26,979원/1GB_2,589,980","96GB(48Gx2)_26,979원/1GB_2,589,980","96GB(48Gx2)_26,979원/1GB_2,590,000","96GB(48Gx2)_27,005원/1GB_2,592,500","96GB(48Gx2)_27,005원/1GB_2,592,500","96GB(48Gx2)_27,005원/1GB_2,592,500","96GB(48Gx2)_27,005원/1GB_2,592,500","96GB(48Gx2)_27,005원/1GB_2,592,500","96GB(48Gx2)_27,005원/1GB_2,592,500","96GB(48Gx2)_27,005원/1GB_2,592,500"
56151770,G.SKILL DDR5-5600 CL40 RIPJAWS M5 RGB 화이트 패키지,"96GB(48Gx2)_26,979원/1GB_2,589,980","96GB(48Gx2)_26,979원/1GB_2,589,980","96GB(48Gx2)_26,979원/1GB_2,589,980","96GB(48Gx2)_26,979원/1GB_2,589,980","96GB(48Gx2)_26,979원/1GB_2,589,980","96GB(48Gx2)_26,979원/1GB_2,589,980","96GB(48Gx2)_26,979원/1GB_2,589,980","96GB(48Gx2)_26,979원/1GB_2,589,980","96GB(48Gx2)_26,979원/1GB_2,590,000","96GB(48Gx2)_25,365원/1GB_2,435,000","96GB(48Gx2)_25,620원/1GB_2,459,500","96GB(48Gx2)_25,620원/1GB_2,459,500","96GB(48Gx2)_25,620원/1GB_2,459,500","96GB(48Gx2)_25,620원/1GB_2,459,500","96GB(48Gx2)_25,620원/1GB_2,459,500","96GB(48Gx2)_25,620원/1GB_2,459,500"
40551086,G.SKILL DDR5-5600 CL40 RIPJAWS S5 J 블랙 패키지,0,0,0,0,0,0,0,0,"96GB(48Gx2)_25,938원/1GB_2,490,000","96GB(48Gx2)_24,896원/1GB_2,390,000","96GB(48Gx2)_24,896원/1GB_2,390,000","96GB(48Gx2)_24,896원/1GB_2,390,000","96GB(48Gx2)_24,896원/1GB_2,390,000","96GB(48Gx2)_24,896원/1GB_2,390,000","96GB(48Gx2)_24,896원/1GB_2,390,000","96GB(48Gx2)_24,896원/1GB_2,390,000"
122720444,G.SKILL DDR5-5600 CL46 G5 ECC/REG,"_32GB_286,249원/1GB_2,289,990||_64GB_485,713원/1GB_3,885,700","_32GB_286,249원/1GB_2,289,990||_64GB_485,713원/1GB_3,885,700","_32GB_286,249원/1GB_2,289,990||_64GB_485,713원/1GB_3,885,700","_32GB_286,249원/1GB_2,289,990||_64GB_485,713원/1GB_3,885,700","_32GB_286,249원/1GB_2,289,990||_64GB_485,713원/1GB_3,885,700","_32GB_286,249원/1GB_2,289,990||_64GB_485,713원/1GB_3,885,700","_32GB_286,249원/1GB_2,289,990|_48GB_291,249원/1GB_2,329,990|","_32GB_286,249원/1GB_2,289,990|_48GB_291,249원/1GB_2,329,990|","_32GB_286,250원/1GB_2,290,000|_48GB_291,250원/1GB_2,330,000","_32GB_286,250원/1GB_2,290,000|_48GB_291,250원/1GB_2,330,000","_32GB_286,250원/1GB_2,290,000|_48GB_291,250원/1GB_2,330,000","_32GB_286,250원/1GB_2,290,000|_48GB_291,250원/1GB_2,330,000","_32GB_286,250원/1GB_2,290,000|_48GB_291,250원/1GB_2,330,000","_32GB_286,250원/1GB_2,290,000|_48GB_291,250원/1GB_2,330,000","_32GB_286,250원/1GB_2,290,000|_48GB_291,250원/1GB_2,330,000","_32GB_286,250원/1GB_2,290,000|_48GB_291,250원/1GB_2,330,000"
122720491,G.SKILL DDR5-5600 CL46 G5 ECC/REG,"_32GB_286,249원/1GB_2,289,990||_64GB_485,713원/1GB_3,885,700","_32GB_286,249원/1GB_2,289,990||_64GB_485,713원/1GB_3,885,700","_32GB_286,249원/1GB_2,289,990||_64GB_485,713원/1GB_3,885,700","_32GB_286,249원/1GB_2,289,990||_64GB_485,713원/1GB_3,885,700","_32GB_286,249원/1GB_2,289,990||_64GB_485,713원/1GB_3,885,700","_32GB_286,249원/1GB_2,289,990||_64GB_485,713원/1GB_3,885,700",0,0,0,0,0,0,0,0,0,0
80151290,G.SKILL DDR5-6000 CL26 TRIDENT Z5 NEO RGB H 패키지,"32GB(16Gx2)_40,312원/1GB_1,289,990","32GB(16Gx2)_40,312원/1GB_1,289,990","32GB(16Gx2)_40,312원/1GB_1,289,990","32GB(16Gx2)_40,312원/1GB_1,289,990","32GB(16Gx2)_40,312원/1GB_1,289,990","32GB(16Gx2)_40,312원/1GB_1,289,990","32GB(16Gx2)_40,312원/1GB_1,289,990","32GB(16Gx2)_40,312원/1GB_1,289,990",0,0,0,0,0,0,0,0
80151371,G.SKILL DDR5-6000 CL26 TRIDENT Z5 NEO RGB H 화이트 패키지,"_64GB(32Gx2)_35,625원/1GB_2,280,000|_32GB(16Gx2)_40,292원/1GB_1,289,350","_64GB(32Gx2)_35,625원/1GB_2,280,000|_32GB(16Gx2)_40,291원/1GB_1,289,320","_64GB(32Gx2)_35,625원/1GB_2,280,000|_32GB(16Gx2)_40,288원/1GB_1,289,230","_64GB(32Gx2)_35,625원/1GB_2,280,000|_32GB(16Gx2)_40,288원/1GB_1,289,200","_64GB(32Gx2)_35,625원/1GB_2,280,000|_32GB(16Gx2)_40,285원/1GB_1,289,110","_64GB(32Gx2)_35,625원/1GB_2,280,000|_32GB(16Gx2)_40,285원/1GB_1,289,110","_64GB(32Gx2)_35,625원/1GB_2,280,000|_32GB(16Gx2)_40,295원/1GB_1,289,430","_64GB(32Gx2)_35,625원/1GB_2,280,000|_32GB(16Gx2)_40,295원/1GB_1,289,430","_64GB(32Gx2)_35,625원/1GB_2,280,000|_32GB(16Gx2)_40,312원/1GB_1,289,990","_64GB(32Gx2)_35,625원/1GB_2,280,000|_32GB(16Gx2)_40,312원/1GB_1,289,990","_64GB(32Gx2)_35,625원/1GB_2,280,000|_32GB(16Gx2)_40,312원/1GB_1,289,990","_64GB(32Gx2)_35,625원/1GB_2,280,000|_32GB(16Gx2)_40,312원/1GB_1,289,990","_64GB(32Gx2)_35,625원/1GB_2,280,000|_32GB(16Gx2)_39,969원/1GB_1,279,000","_64GB(32Gx2)_35,625원/1GB_2,280,000|_32GB(16Gx2)_39,968원/1GB_1,278,990","_64GB(32Gx2)_35,625원/1GB_2,280,000|_32GB(16Gx2)_39,968원/1GB_1,278,990","_64GB(32Gx2)_35,625원/1GB_2,280,000|_32GB(16Gx2)_39,968원/1GB_1,278,990"
122727537,G.SKILL DDR5-6000 CL26 TRIDENT Z5 NeoX RGB for AMD ULL 글로시블랙 패키지,"32GB(16Gx2)_68,437원/1GB_2,189,990","32GB(16Gx2)_68,437원/1GB_2,189,990","32GB(16Gx2)_68,437원/1GB_2,189,990","32GB(16Gx2)_68,437원/1GB_2,189,990","32GB(16Gx2)_68,437원/1GB_2,189,990","32GB(16Gx2)_68,437원/1GB_2,189,990","32GB(16Gx2)_68,437원/1GB_2,189,990","32GB(16Gx2)_68,437원/1GB_2,189,990","32GB(16Gx2)_68,438원/1GB_2,190,000","32GB(16Gx2)_68,438원/1GB_2,190,000","32GB(16Gx2)_68,438원/1GB_2,190,000","32GB(16Gx2)_68,438원/1GB_2,190,000","32GB(16Gx2)_68,146원/1GB_2,180,680","32GB(16Gx2)_68,146원/1GB_2,180,670","32GB(16Gx2)_68,146원/1GB_2,180,670","32GB(16Gx2)_68,146원/1GB_2,180,670"
122727539,G.SKILL DDR5-6000 CL26 TRIDENT Z5 NeoX RGB for AMD ULL 매트블랙 패키지,"32GB(16Gx2)_68,438원/1GB_2,190,000","32GB(16Gx2)_68,438원/1GB_2,190,000","32GB(16Gx2)_68,438원/1GB_2,190,000","32GB(16Gx2)_68,438원/1GB_2,190,000","32GB(16Gx2)_68,438원/1GB_2,190,000","32GB(16Gx2)_68,438원/1GB_2,190,000","32GB(16Gx2)_68,438원/1GB_2,190,000","32GB(16Gx2)_68,438원/1GB_2,190,000","32GB(16Gx2)_68,438원/1GB_2,190,000","32GB(16Gx2)_68,438원/1GB_2,190,000","32GB(16Gx2)_68,438원/1GB_2,190,000","32GB(16Gx2)_68,438원/1GB_2,190,000","32GB(16Gx2)_68,146원/1GB_2,180,680","32GB(16Gx2)_68,146원/1GB_2,180,670","32GB(16Gx2)_68,146원/1GB_2,180,670","32GB(16Gx2)_68,146원/1GB_2,180,670"
122727540,G.SKILL DDR5-6000 CL26 TRIDENT Z5 NeoX RGB for AMD ULL 매트화이트 패키지,"32GB(16Gx2)_68,437원/1GB_2,189,990","32GB(16Gx2)_68,437원/1GB_2,189,990","32GB(16Gx2)_68,437원/1GB_2,189,990","32GB(16Gx2)_68,437원/1GB_2,189,990","32GB(16Gx2)_68,437원/1GB_2,189,990","32GB(16Gx2)_68,437원/1GB_2,189,990","32GB(16Gx2)_68,437원/1GB_2,189,990","32GB(16Gx2)_68,437원/1GB_2,189,990","32GB(16Gx2)_68,438원/1GB_2,190,000","32GB(16Gx2)_68,438원/1GB_2,190,000","32GB(16Gx2)_68,438원/1GB_2,190,000","32GB(16Gx2)_68,438원/1GB_2,190,000","32GB(16Gx2)_68,146원/1GB_2,180,680","32GB(16Gx2)_68,146원/1GB_2,180,670","32GB(16Gx2)_68,146원/1GB_2,180,670","32GB(16Gx2)_68,146원/1GB_2,180,670"
72913436,G.SKILL DDR5-6000 CL28 FLARE X5 J 패키지,"32GB(16Gx2)_31,188원/1GB_998,010","32GB(16Gx2)_31,187원/1GB_997,990","32GB(16Gx2)_31,185원/1GB_997,910","32GB(16Gx2)_31,183원/1GB_997,870","32GB(16Gx2)_31,183원/1GB_997,870","32GB(16Gx2)_31,184원/1GB_997,880","32GB(16Gx2)_31,191원/1GB_998,100","32GB(16Gx2)_31,191원/1GB_998,100","32GB(16Gx2)_31,218원/1GB_998,990","32GB(16Gx2)_31,218원/1GB_998,990","32GB(16Gx2)_31,218원/1GB_998,990","32GB(16Gx2)_31,218원/1GB_998,990","32GB(16Gx2)_30,969원/1GB_991,000","32GB(16Gx2)_30,968원/1GB_990,990","32GB(16Gx2)_30,968원/1GB_990,990","32GB(16Gx2)_30,968원/1GB_990,990"
72913478,G.SKILL DDR5-6000 CL28 FLARE X5 J 화이트 패키지,"_64GB(32Gx2)_32,647원/1GB_2,089,410|_32GB(16Gx2)_31,188원/1GB_998,020","_64GB(32Gx2)_32,647원/1GB_2,089,400|_32GB(16Gx2)_31,187원/1GB_997,980","_64GB(32Gx2)_32,647원/1GB_2,089,400|_32GB(16Gx2)_31,187원/1GB_997,980","_64GB(32Gx2)_32,647원/1GB_2,089,400|_32GB(16Gx2)_31,187원/1GB_997,980","_64GB(32Gx2)_32,645원/1GB_2,089,310|_32GB(16Gx2)_31,184원/1GB_997,890","_64GB(32Gx2)_32,645원/1GB_2,089,290|_32GB(16Gx2)_31,183원/1GB_997,870","_64GB(32Gx2)_32,645원/1GB_2,089,290|_32GB(16Gx2)_31,183원/1GB_997,870","_64GB(32Gx2)_32,645원/1GB_2,089,290|_32GB(16Gx2)_31,183원/1GB_997,870","_64GB(32Gx2)_32,656원/1GB_2,089,990|_32GB(16Gx2)_31,218원/1GB_998,990","_64GB(32Gx2)_32,656원/1GB_2,089,990|_32GB(16Gx2)_31,218원/1GB_998,990","_64GB(32Gx2)_32,656원/1GB_2,090,000|_32GB(16Gx2)_31,218원/1GB_998,990","_64GB(32Gx2)_32,656원/1GB_2,090,000|_32GB(16Gx2)_31,218원/1GB_998,990","_64GB(32Gx2)_32,656원/1GB_2,090,000|_32GB(16Gx2)_30,969원/1GB_991,000","_64GB(32Gx2)_32,656원/1GB_2,090,000|_32GB(16Gx2)_30,968원/1GB_990,990","_64GB(32Gx2)_32,656원/1GB_2,090,000|_32GB(16Gx2)_30,968원/1GB_990,990","_64GB(32Gx2)_32,656원/1GB_2,090,000|_32GB(16Gx2)_30,968원/1GB_990,990"
72913520,G.SKILL DDR5-6000 CL28 RIPJAWS M5 NEO RGB 블랙 패키지,"_32GB(16Gx2)_33,125원/1GB_1,060,000|_64GB(32Gx2)_26,250원/1GB_1,680,000","_32GB(16Gx2)_33,125원/1GB_1,060,000|_64GB(32Gx2)_26,250원/1GB_1,680,000","_32GB(16Gx2)_33,125원/1GB_1,060,000|_64GB(32Gx2)_26,250원/1GB_1,680,000","_32GB(16Gx2)_33,125원/1GB_1,060,000|_64GB(32Gx2)_26,250원/1GB_1,680,000","_32GB(16Gx2)_33,125원/1GB_1,060,000|_64GB(32Gx2)_26,250원/1GB_1,680,000","_32GB(16Gx2)_33,125원/1GB_1,060,000|_64GB(32Gx2)_26,250원/1GB_1,680,000","_32GB(16Gx2)_33,125원/1GB_1,060,000|_64GB(32Gx2)_26,250원/1GB_1,680,000","_32GB(16Gx2)_33,125원/1GB_1,060,000|_64GB(32Gx2)_26,250원/1GB_1,680,000","_32GB(16Gx2)_34,062원/1GB_1,089,990|_64GB(32Gx2)_26,250원/1GB_1,680,000","_32GB(16Gx2)_34,062원/1GB_1,089,990|_64GB(32Gx2)_26,250원/1GB_1,680,000","_32GB(16Gx2)_34,062원/1GB_1,089,990|_64GB(32Gx2)_26,250원/1GB_1,680,000","_32GB(16Gx2)_34,062원/1GB_1,089,990|_64GB(32Gx2)_26,250원/1GB_1,680,000","_32GB(16Gx2)_33,906원/1GB_1,085,000|_64GB(32Gx2)_26,250원/1GB_1,680,000","_32GB(16Gx2)_33,906원/1GB_1,084,990|_64GB(32Gx2)_26,250원/1GB_1,680,000","_32GB(16Gx2)_33,906원/1GB_1,084,990|_64GB(32Gx2)_26,250원/1GB_1,680,000","_32GB(16Gx2)_33,906원/1GB_1,084,990|_64GB(32Gx2)_26,250원/1GB_1,680,000"
72913541,G.SKILL DDR5-6000 CL28 RIPJAWS M5 NEO RGB 화이트 패키지,"32GB(16Gx2)_24,656원/1GB_789,000","32GB(16Gx2)_24,656원/1GB_789,000","32GB(16Gx2)_24,656원/1GB_789,000","32GB(16Gx2)_24,656원/1GB_789,000","32GB(16Gx2)_24,656원/1GB_789,000","32GB(16Gx2)_24,656원/1GB_789,000","32GB(16Gx2)_24,656원/1GB_789,000","32GB(16Gx2)_24,656원/1GB_789,000","32GB(16Gx2)_24,656원/1GB_789,000","32GB(16Gx2)_24,656원/1GB_789,000","32GB(16Gx2)_24,656원/1GB_789,000","32GB(16Gx2)_24,656원/1GB_789,000","32GB(16Gx2)_24,656원/1GB_789,000","32GB(16Gx2)_24,656원/1GB_789,000","32GB(16Gx2)_24,656원/1GB_789,000","32GB(16Gx2)_24,656원/1GB_789,000"
93385487,G.SKILL DDR5-6000 CL28 TRIDENT Z5 NEO RGB J 패키지,"32GB(16Gx2)_37,187원/1GB_1,189,990","32GB(16Gx2)_37,187원/1GB_1,189,990","32GB(16Gx2)_37,187원/1GB_1,189,990","32GB(16Gx2)_37,187원/1GB_1,189,990","32GB(16Gx2)_37,187원/1GB_1,189,990","32GB(16Gx2)_37,187원/1GB_1,189,990","32GB(16Gx2)_37,187원/1GB_1,189,990","32GB(16Gx2)_37,187원/1GB_1,189,990","32GB(16Gx2)_37,188원/1GB_1,190,000","32GB(16Gx2)_37,188원/1GB_1,190,000","32GB(16Gx2)_37,188원/1GB_1,190,000","32GB(16Gx2)_37,188원/1GB_1,190,000","32GB(16Gx2)_37,188원/1GB_1,190,000","32GB(16Gx2)_37,188원/1GB_1,190,000","32GB(16Gx2)_37,188원/1GB_1,190,000","32GB(16Gx2)_37,188원/1GB_1,190,000"
67980524,G.SKILL DDR5-6000 CL28 TRIDENT Z5 NEO RGB J 화이트 패키지,"32GB(16Gx2)_26,844원/1GB_859,000","32GB(16Gx2)_26,844원/1GB_859,000","32GB(16Gx2)_26,844원/1GB_859,000","32GB(16Gx2)_26,844원/1GB_859,000","32GB(16Gx2)_26,844원/1GB_859,000","32GB(16Gx2)_26,844원/1GB_859,000","32GB(16Gx2)_26,844원/1GB_859,000","32GB(16Gx2)_26,844원/1GB_859,000","32GB(16Gx2)_26,844원/1GB_859,000","32GB(16Gx2)_26,844원/1GB_859,000","32GB(16Gx2)_26,844원/1GB_859,000","32GB(16Gx2)_26,844원/1GB_859,000","32GB(16Gx2)_26,844원/1GB_859,000","32GB(16Gx2)_26,844원/1GB_859,000","32GB(16Gx2)_26,844원/1GB_859,000","32GB(16Gx2)_26,844원/1GB_859,000"
122727531,G.SKILL DDR5-6000 CL28 TRIDENT Z5 NeoX RGB for AMD ULL 글로시블랙 패키지,"32GB(16Gx2)_62,187원/1GB_1,989,990","32GB(16Gx2)_62,187원/1GB_1,989,990","32GB(16Gx2)_62,187원/1GB_1,989,990","32GB(16Gx2)_62,187원/1GB_1,989,990","32GB(16Gx2)_62,187원/1GB_1,989,990","32GB(16Gx2)_62,187원/1GB_1,989,990","32GB(16Gx2)_62,187원/1GB_1,989,990","32GB(16Gx2)_62,187원/1GB_1,989,990","32GB(16Gx2)_62,188원/1GB_1,990,000","32GB(16Gx2)_62,188원/1GB_1,990,000","32GB(16Gx2)_62,188원/1GB_1,990,000","32GB(16Gx2)_62,188원/1GB_1,990,000","32GB(16Gx2)_61,924원/1GB_1,981,570","32GB(16Gx2)_61,924원/1GB_1,981,560","32GB(16Gx2)_61,924원/1GB_1,981,560","32GB(16Gx2)_61,924원/1GB_1,981,560"
122727533,G.SKILL DDR5-6000 CL28 TRIDENT Z5 NeoX RGB for AMD ULL 매트블랙 패키지,"32GB(16Gx2)_62,187원/1GB_1,989,990","32GB(16Gx2)_62,187원/1GB_1,989,990","32GB(16Gx2)_62,187원/1GB_1,989,990","32GB(16Gx2)_62,187원/1GB_1,989,990","32GB(16Gx2)_62,187원/1GB_1,989,990","32GB(16Gx2)_62,187원/1GB_1,989,990","32GB(16Gx2)_62,187원/1GB_1,989,990","32GB(16Gx2)_62,187원/1GB_1,989,990","32GB(16Gx2)_62,188원/1GB_1,990,000","32GB(16Gx2)_62,188원/1GB_1,990,000","32GB(16Gx2)_62,188원/1GB_1,990,000","32GB(16Gx2)_62,188원/1GB_1,990,000","32GB(16Gx2)_62,188원/1GB_1,990,000","32GB(16Gx2)_62,187원/1GB_1,989,990","32GB(16Gx2)_62,187원/1GB_1,989,990","32GB(16Gx2)_62,187원/1GB_1,989,990"
122727534,G.SKILL DDR5-6000 CL28 TRIDENT Z5 NeoX RGB for AMD ULL 매트화이트 패키지,"32GB(16Gx2)_62,187원/1GB_1,989,990","32GB(16Gx2)_62,187원/1GB_1,989,990","32GB(16Gx2)_62,187원/1GB_1,989,990","32GB(16Gx2)_62,187원/1GB_1,989,990","32GB(16Gx2)_62,187원/1GB_1,989,990","32GB(16Gx2)_62,187원/1GB_1,989,990","32GB(16Gx2)_62,187원/1GB_1,989,990","32GB(16Gx2)_62,187원/1GB_1,989,990","32GB(16Gx2)_62,188원/1GB_1,990,000","32GB(16Gx2)_62,188원/1GB_1,990,000","32GB(16Gx2)_62,188원/1GB_1,990,000","32GB(16Gx2)_62,188원/1GB_1,990,000","32GB(16Gx2)_61,924원/1GB_1,981,570","32GB(16Gx2)_61,924원/1GB_1,981,560","32GB(16Gx2)_61,924원/1GB_1,981,560","32GB(16Gx2)_61,924원/1GB_1,981,560"
102553352,G.SKILL DDR5-6000 CL30 FLARE X5 AMD 블랙,"8GB_27,906원/1GB_223,250","8GB_27,906원/1GB_223,250","8GB_27,906원/1GB_223,250","8GB_27,906원/1GB_223,250","8GB_27,906원/1GB_223,250","8GB_27,906원/1GB_223,250","8GB_27,613원/1GB_220,900","8GB_27,613원/1GB_220,900","8GB_29,123원/1GB_232,980","8GB_29,123원/1GB_232,980","8GB_29,123원/1GB_232,980","8GB_29,123원/1GB_232,980","8GB_27,789원/1GB_222,310","8GB_27,906원/1GB_223,250","8GB_27,906원/1GB_223,250","8GB_27,906원/1GB_223,250"
40022774,G.SKILL DDR5-6000 CL30 FLARE X5 J 패키지,"_64GB(32Gx2)_24,688원/1GB_1,580,000|_32GB(16Gx2)_32,891원/1GB_1,052,500","_64GB(32Gx2)_24,688원/1GB_1,580,000|_32GB(16Gx2)_32,891원/1GB_1,052,500","_64GB(32Gx2)_24,688원/1GB_1,580,000|_32GB(16Gx2)_32,891원/1GB_1,052,500","_64GB(32Gx2)_24,688원/1GB_1,580,000|_32GB(16Gx2)_32,891원/1GB_1,052,500","_64GB(32Gx2)_24,688원/1GB_1,580,000|_32GB(16Gx2)_32,891원/1GB_1,052,500","_64GB(32Gx2)_24,688원/1GB_1,580,000|_32GB(16Gx2)_32,891원/1GB_1,052,500","_64GB(32Gx2)_24,688원/1GB_1,580,000|_32GB(16Gx2)_32,891원/1GB_1,052,500","_64GB(32Gx2)_24,688원/1GB_1,580,000|_32GB(16Gx2)_32,891원/1GB_1,052,500",0,0,0,0,0,0,0,0
40022765,G.SKILL DDR5-6000 CL30 FLARE X5 J 패키지,0,0,0,0,0,0,0,0,"_64GB(32Gx2)_24,688원/1GB_1,580,000|_32GB(16Gx2)_32,813원/1GB_1,050,000","_64GB(32Gx2)_24,688원/1GB_1,580,000|_32GB(16Gx2)_29,656원/1GB_949,000","_64GB(32Gx2)_31,094원/1GB_1,989,990|_32GB(16Gx2)_29,656원/1GB_949,000","_64GB(32Gx2)_31,094원/1GB_1,989,990|_32GB(16Gx2)_29,656원/1GB_949,000","_64GB(32Gx2)_30,962원/1GB_1,981,570|_32GB(16Gx2)_29,656원/1GB_949,000","_64GB(32Gx2)_30,962원/1GB_1,981,560|_32GB(16Gx2)_29,656원/1GB_949,000","_64GB(32Gx2)_30,962원/1GB_1,981,560|_32GB(16Gx2)_29,656원/1GB_949,000","_64GB(32Gx2)_30,962원/1GB_1,981,560|_32GB(16Gx2)_29,656원/1GB_949,000"
75724463,G.SKILL DDR5-6000 CL30 RIPJAWS M5 NEO RGB 블랙 패키지,"32GB(16Gx2)_24,031원/1GB_769,000","32GB(16Gx2)_24,031원/1GB_769,000","32GB(16Gx2)_24,031원/1GB_769,000","32GB(16Gx2)_24,031원/1GB_769,000","32GB(16Gx2)_24,031원/1GB_769,000","32GB(16Gx2)_24,031원/1GB_769,000","32GB(16Gx2)_24,031원/1GB_769,000","32GB(16Gx2)_24,031원/1GB_769,000","_32GB(16Gx2)_33,438원/1GB_1,070,000|_64GB(32Gx2)_34,219원/1GB_2,190,000","_32GB(16Gx2)_30,281원/1GB_969,000|_64GB(32Gx2)_34,219원/1GB_2,190,000",0,0,0,0,0,0
75724439,G.SKILL DDR5-6000 CL30 RIPJAWS M5 NEO RGB 블랙 패키지,0,0,0,0,0,0,0,0,0,0,"_32GB(16Gx2)_30,281원/1GB_969,000|_64GB(32Gx2)_34,219원/1GB_2,190,000","_32GB(16Gx2)_30,281원/1GB_969,000|_64GB(32Gx2)_34,219원/1GB_2,190,000","_32GB(16Gx2)_30,281원/1GB_969,000|_64GB(32Gx2)_34,073원/1GB_2,180,680","_32GB(16Gx2)_30,281원/1GB_969,000|_64GB(32Gx2)_34,073원/1GB_2,180,670","_32GB(16Gx2)_30,281원/1GB_969,000|_64GB(32Gx2)_34,073원/1GB_2,180,670","_32GB(16Gx2)_30,281원/1GB_969,000|_64GB(32Gx2)_34,073원/1GB_2,180,670"
75724526,G.SKILL DDR5-6000 CL30 RIPJAWS M5 NEO RGB 화이트 패키지,"_32GB(16Gx2)_24,031원/1GB_769,000|_64GB(32Gx2)_34,206원/1GB_2,189,200","_32GB(16Gx2)_24,031원/1GB_769,000|_64GB(32Gx2)_34,206원/1GB_2,189,180","_32GB(16Gx2)_24,031원/1GB_769,000|_64GB(32Gx2)_34,205원/1GB_2,189,090","_32GB(16Gx2)_24,031원/1GB_769,000|_64GB(32Gx2)_34,204원/1GB_2,189,060","_32GB(16Gx2)_24,031원/1GB_769,000|_64GB(32Gx2)_34,203원/1GB_2,188,960","_32GB(16Gx2)_24,031원/1GB_769,000|_64GB(32Gx2)_34,202원/1GB_2,188,950","_32GB(16Gx2)_24,031원/1GB_769,000|_64GB(32Gx2)_34,208원/1GB_2,189,290","_32GB(16Gx2)_24,031원/1GB_769,000|_64GB(32Gx2)_34,208원/1GB_2,189,290","_32GB(16Gx2)_33,438원/1GB_1,070,000|_64GB(32Gx2)_34,219원/1GB_2,189,990","_32GB(16Gx2)_33,438원/1GB_1,070,000|_64GB(32Gx2)_34,219원/1GB_2,189,990","_32GB(16Gx2)_24,031원/1GB_769,000|_64GB(32Gx2)_34,219원/1GB_2,189,990","_32GB(16Gx2)_24,031원/1GB_769,000|_64GB(32Gx2)_34,219원/1GB_2,189,990","_32GB(16Gx2)_24,031원/1GB_769,000|_64GB(32Gx2)_34,073원/1GB_2,180,680","_32GB(16Gx2)_24,031원/1GB_769,000|_64GB(32Gx2)_34,073원/1GB_2,180,670","_32GB(16Gx2)_24,031원/1GB_769,000|_64GB(32Gx2)_34,073원/1GB_2,180,670","_32GB(16Gx2)_24,031원/1GB_769,000|_64GB(32Gx2)_34,073원/1GB_2,180,670"
56151878,G.SKILL DDR5-6000 CL30 RIPJAWS M5 RGB 블랙 패키지,"_64GB(32Gx2)_25,000원/1GB_1,600,000|_32GB(16Gx2)_33,736원/1GB_1,079,560","_64GB(32Gx2)_25,000원/1GB_1,600,000|_32GB(16Gx2)_33,735원/1GB_1,079,520","_64GB(32Gx2)_25,000원/1GB_1,600,000|_32GB(16Gx2)_33,735원/1GB_1,079,520","_64GB(32Gx2)_25,000원/1GB_1,600,000|_32GB(16Gx2)_33,735원/1GB_1,079,520","_64GB(32Gx2)_25,000원/1GB_1,600,000|_32GB(16Gx2)_33,732원/1GB_1,079,420","_64GB(32Gx2)_25,000원/1GB_1,600,000|_32GB(16Gx2)_33,732원/1GB_1,079,410","_64GB(32Gx2)_25,000원/1GB_1,600,000|_32GB(16Gx2)_33,739원/1GB_1,079,650","_64GB(32Gx2)_25,000원/1GB_1,600,000|_32GB(16Gx2)_33,739원/1GB_1,079,650","_64GB(32Gx2)_25,000원/1GB_1,600,000|_32GB(16Gx2)_33,750원/1GB_1,079,990","_64GB(32Gx2)_25,000원/1GB_1,600,000|_32GB(16Gx2)_33,438원/1GB_1,070,000","_64GB(32Gx2)_25,000원/1GB_1,600,000|_32GB(16Gx2)_33,438원/1GB_1,070,000","_64GB(32Gx2)_25,000원/1GB_1,600,000|_32GB(16Gx2)_33,438원/1GB_1,070,000","_64GB(32Gx2)_25,000원/1GB_1,600,000|_32GB(16Gx2)_33,438원/1GB_1,070,000","_64GB(32Gx2)_25,000원/1GB_1,600,000|_32GB(16Gx2)_33,437원/1GB_1,069,990","_64GB(32Gx2)_25,000원/1GB_1,600,000|_32GB(16Gx2)_33,437원/1GB_1,069,990","_64GB(32Gx2)_25,000원/1GB_1,600,000|_32GB(16Gx2)_33,437원/1GB_1,069,990"
56151980,G.SKILL DDR5-6000 CL30 RIPJAWS M5 RGB 화이트 패키지,"_64GB(32Gx2)_24,375원/1GB_1,560,000|_32GB(16Gx2)_33,569원/1GB_1,074,200","_64GB(32Gx2)_24,336원/1GB_1,557,500|_32GB(16Gx2)_33,569원/1GB_1,074,200","_64GB(32Gx2)_24,063원/1GB_1,540,000|_32GB(16Gx2)_33,569원/1GB_1,074,200","_64GB(32Gx2)_24,023원/1GB_1,537,500|_32GB(16Gx2)_33,569원/1GB_1,074,200","_64GB(32Gx2)_23,711원/1GB_1,517,500|_32GB(16Gx2)_33,569원/1GB_1,074,200","_64GB(32Gx2)_23,711원/1GB_1,517,500|_32GB(16Gx2)_33,569원/1GB_1,074,200","_64GB(32Gx2)_23,398원/1GB_1,497,500|_32GB(16Gx2)_33,569원/1GB_1,074,200","_64GB(32Gx2)_23,398원/1GB_1,497,500|_32GB(16Gx2)_33,569원/1GB_1,074,200","_64GB(32Gx2)_23,086원/1GB_1,477,500|_32GB(16Gx2)_33,750원/1GB_1,079,990","_64GB(32Gx2)_23,086원/1GB_1,477,500|_32GB(16Gx2)_33,750원/1GB_1,079,990",0,0,0,0,0,0
56151998,G.SKILL DDR5-6000 CL30 RIPJAWS M5 RGB 화이트 패키지,0,0,0,0,0,0,0,0,0,0,"_64GB(32Gx2)_22,773원/1GB_1,457,500|_32GB(16Gx2)_33,125원/1GB_1,060,000","_64GB(32Gx2)_24,645원/1GB_1,577,280|_32GB(16Gx2)_32,969원/1GB_1,055,000","_64GB(32Gx2)_24,645원/1GB_1,577,280|_32GB(16Gx2)_33,438원/1GB_1,070,000","_64GB(32Gx2)_24,645원/1GB_1,577,280|_32GB(16Gx2)_33,437원/1GB_1,069,990","_64GB(32Gx2)_24,645원/1GB_1,577,280|_32GB(16Gx2)_33,203원/1GB_1,062,500","_64GB(32Gx2)_24,645원/1GB_1,577,280|_32GB(16Gx2)_33,125원/1GB_1,060,000"
17000666,G.SKILL DDR5-6000 CL30 RIPJAWS S5 J 블랙 패키지,"_64GB(32Gx2)_23,125원/1GB_1,480,000|_32GB(16Gx2)_24,969원/1GB_799,000","_64GB(32Gx2)_23,125원/1GB_1,480,000|_32GB(16Gx2)_24,969원/1GB_799,000","_64GB(32Gx2)_23,125원/1GB_1,480,000|_32GB(16Gx2)_24,969원/1GB_799,000","_64GB(32Gx2)_23,125원/1GB_1,480,000|_32GB(16Gx2)_24,969원/1GB_799,000","_64GB(32Gx2)_23,125원/1GB_1,480,000|_32GB(16Gx2)_24,969원/1GB_799,000","_64GB(32Gx2)_23,125원/1GB_1,480,000|_32GB(16Gx2)_24,969원/1GB_799,000","_64GB(32Gx2)_23,125원/1GB_1,480,000|_32GB(16Gx2)_24,969원/1GB_799,000","_64GB(32Gx2)_23,125원/1GB_1,480,000|_32GB(16Gx2)_24,969원/1GB_799,000","_64GB(32Gx2)_23,125원/1GB_1,480,000|_32GB(16Gx2)_24,969원/1GB_799,000","_64GB(32Gx2)_23,125원/1GB_1,480,000|_32GB(16Gx2)_24,969원/1GB_799,000",0,0,0,0,0,0
16875872,G.SKILL DDR5-6000 CL30 RIPJAWS S5 J 블랙 패키지,0,0,0,0,0,0,0,0,0,0,"_64GB(32Gx2)_31,820원/1GB_2,036,460|_32GB(16Gx2)_24,969원/1GB_799,000","_64GB(32Gx2)_31,820원/1GB_2,036,460|_32GB(16Gx2)_24,969원/1GB_799,000","_64GB(32Gx2)_31,820원/1GB_2,036,460|_32GB(16Gx2)_24,969원/1GB_799,000","_64GB(32Gx2)_31,820원/1GB_2,036,450|_32GB(16Gx2)_24,969원/1GB_799,000","_64GB(32Gx2)_31,820원/1GB_2,036,450|_32GB(16Gx2)_24,969원/1GB_799,000","_64GB(32Gx2)_31,820원/1GB_2,036,450|_32GB(16Gx2)_24,969원/1GB_799,000"
17000741,G.SKILL DDR5-6000 CL30 RIPJAWS S5 J 화이트 패키지,"_64GB(32Gx2)_23,125원/1GB_1,480,000|_32GB(16Gx2)_24,969원/1GB_799,000","_64GB(32Gx2)_23,125원/1GB_1,480,000|_32GB(16Gx2)_24,969원/1GB_799,000","_64GB(32Gx2)_23,125원/1GB_1,480,000|_32GB(16Gx2)_24,969원/1GB_799,000","_64GB(32Gx2)_23,125원/1GB_1,480,000|_32GB(16Gx2)_24,969원/1GB_799,000","_64GB(32Gx2)_23,125원/1GB_1,480,000|_32GB(16Gx2)_24,969원/1GB_799,000","_64GB(32Gx2)_23,125원/1GB_1,480,000|_32GB(16Gx2)_24,969원/1GB_799,000","_64GB(32Gx2)_23,125원/1GB_1,480,000|_32GB(16Gx2)_24,969원/1GB_799,000","_64GB(32Gx2)_23,125원/1GB_1,480,000|_32GB(16Gx2)_24,969원/1GB_799,000","_64GB(32Gx2)_23,125원/1GB_1,480,000|_32GB(16Gx2)_24,969원/1GB_799,000","_64GB(32Gx2)_23,125원/1GB_1,480,000|_32GB(16Gx2)_24,969원/1GB_799,000",0,0,"_64GB(32Gx2)_32,518원/1GB_2,081,130|_32GB(16Gx2)_29,031원/1GB_929,000","_64GB(32Gx2)_32,518원/1GB_2,081,120|_32GB(16Gx2)_29,031원/1GB_929,000",0,0
16875908,G.SKILL DDR5-6000 CL30 RIPJAWS S5 J 화이트 패키지,0,0,0,0,0,0,0,0,0,0,"_64GB(32Gx2)_32,656원/1GB_2,090,000|_32GB(16Gx2)_29,969원/1GB_959,000","_64GB(32Gx2)_32,656원/1GB_2,090,000|_32GB(16Gx2)_29,969원/1GB_959,000",0,0,"_64GB(32Gx2)_32,518원/1GB_2,081,120|_32GB(16Gx2)_29,031원/1GB_929,000","_64GB(32Gx2)_32,518원/1GB_2,081,120|_32GB(16Gx2)_29,031원/1GB_929,000"
17139398,G.SKILL DDR5-6000 CL30 TRIDENT Z5 J 실버 패키지,"32GB(16Gx2)_27,156원/1GB_869,000","32GB(16Gx2)_27,156원/1GB_869,000","32GB(16Gx2)_27,156원/1GB_869,000","32GB(16Gx2)_27,156원/1GB_869,000","32GB(16Gx2)_27,156원/1GB_869,000","32GB(16Gx2)_27,156원/1GB_869,000","32GB(16Gx2)_27,156원/1GB_869,000","32GB(16Gx2)_27,156원/1GB_869,000","32GB(16Gx2)_27,156원/1GB_869,000","32GB(16Gx2)_27,156원/1GB_869,000","32GB(16Gx2)_30,281원/1GB_968,990","32GB(16Gx2)_30,281원/1GB_968,990","32GB(16Gx2)_30,094원/1GB_963,000","32GB(16Gx2)_30,093원/1GB_962,990","32GB(16Gx2)_30,093원/1GB_962,990","32GB(16Gx2)_30,093원/1GB_962,990"
17139356,G.SKILL DDR5-6000 CL30 TRIDENT Z5 J 패키지,"_64GB(32Gx2)_25,000원/1GB_1,600,000|_32GB(16Gx2)_27,156원/1GB_869,000","_64GB(32Gx2)_25,000원/1GB_1,600,000|_32GB(16Gx2)_27,156원/1GB_869,000","_64GB(32Gx2)_25,000원/1GB_1,600,000|_32GB(16Gx2)_27,156원/1GB_869,000","_64GB(32Gx2)_25,000원/1GB_1,600,000|_32GB(16Gx2)_27,156원/1GB_869,000","_64GB(32Gx2)_25,000원/1GB_1,600,000|_32GB(16Gx2)_27,156원/1GB_869,000","_64GB(32Gx2)_25,000원/1GB_1,600,000|_32GB(16Gx2)_27,156원/1GB_869,000","_64GB(32Gx2)_25,000원/1GB_1,600,000|_32GB(16Gx2)_27,156원/1GB_869,000","_64GB(32Gx2)_25,000원/1GB_1,600,000|_32GB(16Gx2)_27,156원/1GB_869,000","_64GB(32Gx2)_25,000원/1GB_1,600,000|_32GB(16Gx2)_27,156원/1GB_869,000","_64GB(32Gx2)_25,000원/1GB_1,600,000|_32GB(16Gx2)_27,156원/1GB_869,000","_64GB(32Gx2)_25,000원/1GB_1,600,000|_32GB(16Gx2)_30,281원/1GB_969,000","_64GB(32Gx2)_25,000원/1GB_1,600,000|_32GB(16Gx2)_30,281원/1GB_969,000","_64GB(32Gx2)_25,000원/1GB_1,600,000|_32GB(16Gx2)_30,281원/1GB_969,000","_64GB(32Gx2)_25,000원/1GB_1,600,000|_32GB(16Gx2)_30,281원/1GB_968,980",0,0
17139326,G.SKILL DDR5-6000 CL30 TRIDENT Z5 J 패키지,0,0,0,0,0,0,0,0,0,0,0,0,0,0,"_64GB(32Gx2)_25,000원/1GB_1,600,000|_32GB(16Gx2)_30,281원/1GB_968,980","_64GB(32Gx2)_25,000원/1GB_1,600,000|_32GB(16Gx2)_30,281원/1GB_968,980"
17932031,G.SKILL DDR5-6000 CL30 TRIDENT Z5 NEO J 패키지,"32GB(16Gx2)_32,188원/1GB_1,030,000","32GB(16Gx2)_32,188원/1GB_1,030,000","32GB(16Gx2)_32,188원/1GB_1,030,000","32GB(16Gx2)_32,188원/1GB_1,030,000","32GB(16Gx2)_32,188원/1GB_1,030,000","32GB(16Gx2)_32,188원/1GB_1,030,000","32GB(16Gx2)_32,188원/1GB_1,030,000","32GB(16Gx2)_32,188원/1GB_1,030,000","_64GB(32Gx2)_32,656원/1GB_2,090,000|_32GB(16Gx2)_33,125원/1GB_1,059,990","_64GB(32Gx2)_32,656원/1GB_2,090,000|_32GB(16Gx2)_33,125원/1GB_1,059,990","_64GB(32Gx2)_32,656원/1GB_2,090,000|_32GB(16Gx2)_33,125원/1GB_1,059,990","_64GB(32Gx2)_32,656원/1GB_2,090,000|_32GB(16Gx2)_33,125원/1GB_1,059,990","_64GB(32Gx2)_32,518원/1GB_2,081,130|_32GB(16Gx2)_32,188원/1GB_1,030,000","_64GB(32Gx2)_32,518원/1GB_2,081,120|_32GB(16Gx2)_32,188원/1GB_1,030,000","_64GB(32Gx2)_32,518원/1GB_2,081,120|_32GB(16Gx2)_32,188원/1GB_1,030,000","_64GB(32Gx2)_32,518원/1GB_2,081,120|_32GB(16Gx2)_32,188원/1GB_1,030,000"
17931836,G.SKILL DDR5-6000 CL30 TRIDENT Z5 NEO RGB J 패키지,"_64GB(32Gx2)_31,094원/1GB_1,990,000|_32GB(16Gx2)_31,066원/1GB_994,120","_64GB(32Gx2)_31,094원/1GB_1,990,000|_32GB(16Gx2)_31,066원/1GB_994,120","_64GB(32Gx2)_31,094원/1GB_1,990,000|_32GB(16Gx2)_31,066원/1GB_994,120","_64GB(32Gx2)_31,094원/1GB_1,990,000|_32GB(16Gx2)_31,066원/1GB_994,120","_64GB(32Gx2)_31,094원/1GB_1,990,000|_32GB(16Gx2)_31,066원/1GB_994,120","_64GB(32Gx2)_31,094원/1GB_1,990,000|_32GB(16Gx2)_31,066원/1GB_994,120","_64GB(32Gx2)_31,094원/1GB_1,990,000|_32GB(16Gx2)_31,066원/1GB_994,120","_64GB(32Gx2)_31,094원/1GB_1,990,000|_32GB(16Gx2)_31,066원/1GB_994,120","_64GB(32Gx2)_31,094원/1GB_1,990,000|_32GB(16Gx2)_31,066원/1GB_994,120","_64GB(32Gx2)_31,094원/1GB_1,990,000|_32GB(16Gx2)_31,066원/1GB_994,120",0,0,"_64GB(32Gx2)_31,094원/1GB_1,990,000|_32GB(16Gx2)_32,813원/1GB_1,050,000","_64GB(32Gx2)_31,094원/1GB_1,990,000|_32GB(16Gx2)_32,813원/1GB_1,050,000","_64GB(32Gx2)_31,094원/1GB_1,990,000|_32GB(16Gx2)_32,813원/1GB_1,050,000","_64GB(32Gx2)_33,733원/1GB_2,158,910|_32GB(16Gx2)_32,813원/1GB_1,050,000"
40572260,G.SKILL DDR5-6000 CL30 TRIDENT Z5 NEO RGB J 패키지,0,0,0,0,0,0,0,0,0,0,"_64GB(32Gx2)_31,094원/1GB_1,990,000|_32GB(16Gx2)_33,750원/1GB_1,080,000","_64GB(32Gx2)_31,094원/1GB_1,990,000|_32GB(16Gx2)_33,750원/1GB_1,080,000",0,0,0,0
40578827,G.SKILL DDR5-6000 CL30 TRIDENT Z5 NEO RGB J 화이트 패키지,"_64GB(32Gx2)_26,191원/1GB_1,676,200|_32GB(16Gx2)_34,039원/1GB_1,089,240","_64GB(32Gx2)_26,191원/1GB_1,676,200|_32GB(16Gx2)_34,035원/1GB_1,089,110","_64GB(32Gx2)_26,191원/1GB_1,676,200|_32GB(16Gx2)_34,035원/1GB_1,089,110","_64GB(32Gx2)_26,191원/1GB_1,676,200|_32GB(16Gx2)_34,039원/1GB_1,089,240","_64GB(32Gx2)_26,191원/1GB_1,676,200|_32GB(16Gx2)_34,032원/1GB_1,089,010","_64GB(32Gx2)_26,191원/1GB_1,676,200|_32GB(16Gx2)_34,031원/1GB_1,089,000","_64GB(32Gx2)_26,191원/1GB_1,676,200|_32GB(16Gx2)_34,039원/1GB_1,089,240","_64GB(32Gx2)_26,191원/1GB_1,676,200|_32GB(16Gx2)_34,039원/1GB_1,089,240",0,0,"_64GB(32Gx2)_26,191원/1GB_1,676,200|_32GB(16Gx2)_34,062원/1GB_1,089,990","_64GB(32Gx2)_26,924원/1GB_1,723,140|_32GB(16Gx2)_34,062원/1GB_1,089,990","_64GB(32Gx2)_26,924원/1GB_1,723,140|_32GB(16Gx2)_33,924원/1GB_1,085,580","_64GB(32Gx2)_26,924원/1GB_1,723,140|_32GB(16Gx2)_33,924원/1GB_1,085,570","_64GB(32Gx2)_26,924원/1GB_1,723,140|_32GB(16Gx2)_33,924원/1GB_1,085,570","_64GB(32Gx2)_26,924원/1GB_1,723,140|_32GB(16Gx2)_33,924원/1GB_1,085,570"
40579721,G.SKILL DDR5-6000 CL30 TRIDENT Z5 NEO RGB J 화이트 패키지,0,0,0,0,0,0,0,0,"_64GB(32Gx2)_26,191원/1GB_1,676,200|_32GB(16Gx2)_34,062원/1GB_1,089,990","_64GB(32Gx2)_26,191원/1GB_1,676,200|_32GB(16Gx2)_34,062원/1GB_1,089,990",0,0,0,0,0,0
122727495,G.SKILL DDR5-6000 CL30 TRIDENT Z5 NeoX RGB for AMD ULL 글로시블랙 패키지,"32GB(16Gx2)_37,187원/1GB_1,189,990","32GB(16Gx2)_37,187원/1GB_1,189,990","32GB(16Gx2)_37,187원/1GB_1,189,990","32GB(16Gx2)_37,187원/1GB_1,189,990","32GB(16Gx2)_37,187원/1GB_1,189,990","32GB(16Gx2)_37,187원/1GB_1,189,990","32GB(16Gx2)_37,187원/1GB_1,189,990","32GB(16Gx2)_37,187원/1GB_1,189,990","32GB(16Gx2)_37,188원/1GB_1,190,000","32GB(16Gx2)_37,188원/1GB_1,190,000","32GB(16Gx2)_37,188원/1GB_1,190,000","32GB(16Gx2)_37,188원/1GB_1,190,000","32GB(16Gx2)_36,938원/1GB_1,182,000","32GB(16Gx2)_36,937원/1GB_1,181,990","32GB(16Gx2)_36,937원/1GB_1,181,990","32GB(16Gx2)_36,937원/1GB_1,181,990"
122727504,G.SKILL DDR5-6000 CL30 TRIDENT Z5 NeoX RGB for AMD ULL 매트블랙 패키지,"32GB(16Gx2)_36,250원/1GB_1,159,990","32GB(16Gx2)_36,250원/1GB_1,159,990","32GB(16Gx2)_36,250원/1GB_1,159,990","32GB(16Gx2)_36,250원/1GB_1,159,990","32GB(16Gx2)_36,250원/1GB_1,159,990","32GB(16Gx2)_36,250원/1GB_1,159,990","32GB(16Gx2)_36,250원/1GB_1,159,990","32GB(16Gx2)_36,250원/1GB_1,159,990","32GB(16Gx2)_36,919원/1GB_1,181,400","32GB(16Gx2)_36,919원/1GB_1,181,400","32GB(16Gx2)_36,919원/1GB_1,181,400","32GB(16Gx2)_36,919원/1GB_1,181,400","32GB(16Gx2)_36,250원/1GB_1,160,000","32GB(16Gx2)_36,250원/1GB_1,159,990","32GB(16Gx2)_36,250원/1GB_1,159,990","32GB(16Gx2)_36,250원/1GB_1,159,990"
122727512,G.SKILL DDR5-6000 CL30 TRIDENT Z5 NeoX RGB for AMD ULL 매트화이트 패키지,"32GB(16Gx2)_36,250원/1GB_1,159,990","32GB(16Gx2)_36,250원/1GB_1,159,990","32GB(16Gx2)_36,250원/1GB_1,159,990","32GB(16Gx2)_36,250원/1GB_1,159,990","32GB(16Gx2)_36,250원/1GB_1,159,990","32GB(16Gx2)_36,250원/1GB_1,159,990","32GB(16Gx2)_36,250원/1GB_1,159,990","32GB(16Gx2)_36,250원/1GB_1,159,990","32GB(16Gx2)_36,250원/1GB_1,160,000","32GB(16Gx2)_36,250원/1GB_1,160,000","32GB(16Gx2)_36,250원/1GB_1,160,000","32GB(16Gx2)_36,250원/1GB_1,160,000","32GB(16Gx2)_36,250원/1GB_1,160,000","32GB(16Gx2)_36,250원/1GB_1,159,990","32GB(16Gx2)_36,250원/1GB_1,159,990","32GB(16Gx2)_36,250원/1GB_1,159,990"
17001209,G.SKILL DDR5-6000 CL30 TRIDENT Z5 RGB J 패키지,"_64GB(32Gx2)_25,313원/1GB_1,620,000|_32GB(16Gx2)_29,452원/1GB_942,470","_64GB(32Gx2)_25,313원/1GB_1,620,000|_32GB(16Gx2)_29,374원/1GB_939,970","_64GB(32Gx2)_25,313원/1GB_1,620,000|_32GB(16Gx2)_28,827원/1GB_922,470","_64GB(32Gx2)_25,313원/1GB_1,620,000|_32GB(16Gx2)_28,749원/1GB_919,970","_64GB(32Gx2)_25,313원/1GB_1,620,000|_32GB(16Gx2)_30,938원/1GB_990,000","_64GB(32Gx2)_25,313원/1GB_1,620,000|_32GB(16Gx2)_30,938원/1GB_990,000","_64GB(32Gx2)_25,313원/1GB_1,620,000|_32GB(16Gx2)_30,313원/1GB_970,000","_64GB(32Gx2)_25,313원/1GB_1,620,000|_32GB(16Gx2)_30,313원/1GB_970,000","_64GB(32Gx2)_25,313원/1GB_1,620,000|_32GB(16Gx2)_29,688원/1GB_950,000","_64GB(32Gx2)_25,313원/1GB_1,620,000|_32GB(16Gx2)_29,688원/1GB_950,000","_64GB(32Gx2)_33,373원/1GB_2,135,900|_32GB(16Gx2)_29,688원/1GB_950,000","_64GB(32Gx2)_33,373원/1GB_2,135,900|_32GB(16Gx2)_30,938원/1GB_990,000","_64GB(32Gx2)_33,373원/1GB_2,135,900|_32GB(16Gx2)_30,813원/1GB_986,000","_64GB(32Gx2)_33,373원/1GB_2,135,890|_32GB(16Gx2)_30,812원/1GB_985,980","_64GB(32Gx2)_33,373원/1GB_2,135,890|_32GB(16Gx2)_30,812원/1GB_985,980","_64GB(32Gx2)_33,373원/1GB_2,135,890|_32GB(16Gx2)_30,812원/1GB_985,980"
21639437,G.SKILL DDR5-6000 CL30 TRIDENT Z5 RGB 화이트 패키지,"64GB(32Gx2)_27,344원/1GB_1,750,000","64GB(32Gx2)_27,344원/1GB_1,750,000","64GB(32Gx2)_27,344원/1GB_1,750,000","64GB(32Gx2)_27,344원/1GB_1,750,000","64GB(32Gx2)_27,344원/1GB_1,750,000","64GB(32Gx2)_27,344원/1GB_1,750,000","64GB(32Gx2)_27,344원/1GB_1,750,000","64GB(32Gx2)_27,344원/1GB_1,750,000","64GB(32Gx2)_27,344원/1GB_1,750,000","64GB(32Gx2)_27,344원/1GB_1,750,000","64GB(32Gx2)_27,344원/1GB_1,750,000","64GB(32Gx2)_27,344원/1GB_1,750,000","64GB(32Gx2)_27,344원/1GB_1,750,000","64GB(32Gx2)_27,344원/1GB_1,750,000","64GB(32Gx2)_27,344원/1GB_1,750,000","64GB(32Gx2)_27,344원/1GB_1,750,000"
17931401,G.SKILL DDR5-6000 CL32 FLARE X5 J 패키지,"32GB(16Gx2)_31,219원/1GB_999,000","32GB(16Gx2)_31,219원/1GB_999,000","32GB(16Gx2)_31,219원/1GB_999,000","32GB(16Gx2)_31,219원/1GB_999,000","32GB(16Gx2)_31,219원/1GB_999,000","32GB(16Gx2)_31,219원/1GB_999,000","32GB(16Gx2)_31,219원/1GB_999,000","32GB(16Gx2)_31,219원/1GB_999,000","32GB(16Gx2)_31,219원/1GB_999,000","32GB(16Gx2)_31,219원/1GB_999,000","32GB(16Gx2)_31,219원/1GB_999,000","32GB(16Gx2)_31,219원/1GB_999,000","32GB(16Gx2)_31,219원/1GB_999,000","32GB(16Gx2)_31,219원/1GB_999,000","32GB(16Gx2)_31,219원/1GB_999,000","32GB(16Gx2)_31,219원/1GB_999,000"
18610958,G.SKILL DDR5-6000 CL32 TRIDENT Z5 NEO RGB J 패키지,"64GB(32Gx2)_26,844원/1GB_1,718,000","64GB(32Gx2)_26,844원/1GB_1,718,000","64GB(32Gx2)_26,844원/1GB_1,718,000","64GB(32Gx2)_26,844원/1GB_1,718,000","64GB(32Gx2)_26,844원/1GB_1,718,000","64GB(32Gx2)_26,844원/1GB_1,718,000","64GB(32Gx2)_26,844원/1GB_1,718,000","64GB(32Gx2)_26,844원/1GB_1,718,000","64GB(32Gx2)_26,844원/1GB_1,718,000","64GB(32Gx2)_26,844원/1GB_1,718,000","64GB(32Gx2)_26,844원/1GB_1,718,000","64GB(32Gx2)_26,844원/1GB_1,718,000","64GB(32Gx2)_26,844원/1GB_1,718,000","64GB(32Gx2)_26,844원/1GB_1,718,000","64GB(32Gx2)_26,844원/1GB_1,718,000","64GB(32Gx2)_26,844원/1GB_1,718,000"
93385544,G.SKILL DDR5-6000 CL32 TRIDENT Z5 NEO RGB J 화이트 패키지,"64GB(32Gx2)_30,156원/1GB_1,929,980","64GB(32Gx2)_30,062원/1GB_1,923,980","64GB(32Gx2)_29,781원/1GB_1,905,980","64GB(32Gx2)_29,734원/1GB_1,902,980","64GB(32Gx2)_29,359원/1GB_1,878,990","64GB(32Gx2)_29,359원/1GB_1,878,990","64GB(32Gx2)_28,984원/1GB_1,854,990","64GB(32Gx2)_28,984원/1GB_1,854,990","64GB(32Gx2)_28,609원/1GB_1,830,990","64GB(32Gx2)_28,609원/1GB_1,830,990","64GB(32Gx2)_31,094원/1GB_1,990,000","64GB(32Gx2)_31,000원/1GB_1,984,000","64GB(32Gx2)_30,625원/1GB_1,960,000","64GB(32Gx2)_30,578원/1GB_1,956,990","64GB(32Gx2)_30,578원/1GB_1,956,990","64GB(32Gx2)_30,531원/1GB_1,954,000"
51541061,G.SKILL DDR5-6000 CL32 TRIDENT Z5 RGB J 화이트 패키지,"32GB(16Gx2)_30,285원/1GB_969,110","32GB(16Gx2)_30,285원/1GB_969,110","32GB(16Gx2)_30,285원/1GB_969,110","32GB(16Gx2)_30,285원/1GB_969,110","32GB(16Gx2)_30,285원/1GB_969,110","32GB(16Gx2)_30,285원/1GB_969,110","32GB(16Gx2)_30,285원/1GB_969,110","32GB(16Gx2)_30,285원/1GB_969,110","32GB(16Gx2)_30,625원/1GB_979,990","32GB(16Gx2)_30,625원/1GB_979,990","32GB(16Gx2)_30,312원/1GB_969,990","32GB(16Gx2)_30,156원/1GB_964,990","32GB(16Gx2)_30,482원/1GB_975,430","32GB(16Gx2)_30,482원/1GB_975,420","32GB(16Gx2)_30,482원/1GB_975,420","32GB(16Gx2)_30,482원/1GB_975,420"
93803003,G.SKILL DDR5-6000 CL34 FLARE X5 J 패키지,"128GB(64Gx2)_46,094원/1GB_5,899,980","128GB(64Gx2)_46,094원/1GB_5,899,980","128GB(64Gx2)_46,094원/1GB_5,899,980","128GB(64Gx2)_46,094원/1GB_5,899,980","128GB(64Gx2)_46,094원/1GB_5,899,980","128GB(64Gx2)_46,094원/1GB_5,899,980","128GB(64Gx2)_46,094원/1GB_5,899,980","128GB(64Gx2)_46,094원/1GB_5,899,980","128GB(64Gx2)_46,094원/1GB_5,900,000","128GB(64Gx2)_46,094원/1GB_5,900,000","128GB(64Gx2)_46,094원/1GB_5,900,000","128GB(64Gx2)_46,094원/1GB_5,900,000","128GB(64Gx2)_45,889원/1GB_5,873,760","128GB(64Gx2)_45,889원/1GB_5,873,750","128GB(64Gx2)_45,889원/1GB_5,873,750","128GB(64Gx2)_45,889원/1GB_5,873,750"
93803096,G.SKILL DDR5-6000 CL34 RIPJAWS S5 J 블랙 패키지,"128GB(64Gx2)_45,312원/1GB_5,799,980","128GB(64Gx2)_45,312원/1GB_5,799,980","128GB(64Gx2)_45,312원/1GB_5,799,980","128GB(64Gx2)_45,312원/1GB_5,799,980","128GB(64Gx2)_45,312원/1GB_5,799,980","128GB(64Gx2)_45,312원/1GB_5,799,980","128GB(64Gx2)_45,312원/1GB_5,799,980","128GB(64Gx2)_45,312원/1GB_5,799,980","128GB(64Gx2)_45,313원/1GB_5,800,000","128GB(64Gx2)_45,313원/1GB_5,800,000","128GB(64Gx2)_45,313원/1GB_5,800,000","128GB(64Gx2)_45,313원/1GB_5,800,000","128GB(64Gx2)_45,111원/1GB_5,774,200","128GB(64Gx2)_45,111원/1GB_5,774,190","128GB(64Gx2)_45,111원/1GB_5,774,190","128GB(64Gx2)_45,111원/1GB_5,774,190"
93803243,G.SKILL DDR5-6000 CL34 TRIDENT Z5 NEO RGB J 패키지,"128GB(64Gx2)_46,482원/1GB_5,949,710","128GB(64Gx2)_46,482원/1GB_5,949,700","128GB(64Gx2)_46,481원/1GB_5,949,620","128GB(64Gx2)_46,481원/1GB_5,949,590","128GB(64Gx2)_46,480원/1GB_5,949,500","128GB(64Gx2)_46,480원/1GB_5,949,480","128GB(64Gx2)_46,480원/1GB_5,949,480","128GB(64Gx2)_46,480원/1GB_5,949,480","128GB(64Gx2)_46,484원/1GB_5,949,990","128GB(64Gx2)_46,484원/1GB_5,949,990","128GB(64Gx2)_46,484원/1GB_5,949,990","128GB(64Gx2)_46,484원/1GB_5,949,990","128GB(64Gx2)_46,278원/1GB_5,923,530","128GB(64Gx2)_46,278원/1GB_5,923,520","128GB(64Gx2)_46,278원/1GB_5,923,520","128GB(64Gx2)_46,278원/1GB_5,923,520"
93803210,G.SKILL DDR5-6000 CL34 TRIDENT Z5 RGB J 패키지,"128GB(64Gx2)_17,454원/1GB_2,234,070","128GB(64Gx2)_17,454원/1GB_2,234,070","128GB(64Gx2)_17,454원/1GB_2,234,070","128GB(64Gx2)_17,454원/1GB_2,234,070","128GB(64Gx2)_17,454원/1GB_2,234,070","128GB(64Gx2)_17,454원/1GB_2,234,070","128GB(64Gx2)_17,454원/1GB_2,234,070","128GB(64Gx2)_17,454원/1GB_2,234,070","128GB(64Gx2)_17,454원/1GB_2,234,070","128GB(64Gx2)_17,454원/1GB_2,234,070","128GB(64Gx2)_17,454원/1GB_2,234,070","128GB(64Gx2)_17,454원/1GB_2,234,070","128GB(64Gx2)_46,278원/1GB_5,923,530","128GB(64Gx2)_46,278원/1GB_5,923,520","128GB(64Gx2)_46,278원/1GB_5,923,520","128GB(64Gx2)_46,278원/1GB_5,923,520"
75656486,G.SKILL DDR5-6000 CL36 AEGIS 5,"_32GB_25,281원/1GB_809,000|_16GB_20,722원/1GB_331,550","_32GB_25,281원/1GB_809,000|_16GB_20,722원/1GB_331,550","_32GB_25,281원/1GB_809,000|_16GB_20,722원/1GB_331,550","_32GB_25,281원/1GB_809,000|_16GB_20,722원/1GB_331,550","_32GB_25,281원/1GB_809,000|_16GB_20,722원/1GB_331,550","_32GB_25,281원/1GB_809,000|_16GB_20,722원/1GB_331,550","_32GB_25,281원/1GB_809,000|_16GB_20,504원/1GB_328,060","_32GB_25,281원/1GB_809,000|_16GB_20,504원/1GB_328,060",0,0,0,0,0,0,0,0
72913406,G.SKILL DDR5-6000 CL36 AEGIS 5,0,0,0,0,0,0,0,0,"_32GB_26,218원/1GB_838,990|_16GB_21,812원/1GB_348,990","_32GB_26,218원/1GB_838,990|_16GB_21,812원/1GB_348,990","_32GB_26,218원/1GB_838,990|_16GB_21,812원/1GB_348,990","_32GB_26,218원/1GB_838,990|_16GB_21,812원/1GB_348,990","_32GB_25,281원/1GB_809,000|_16GB_20,634원/1GB_330,150","_32GB_25,281원/1GB_809,000|_16GB_20,722원/1GB_331,550","_32GB_25,281원/1GB_809,000|_16GB_20,722원/1GB_331,550","_32GB_25,281원/1GB_809,000|_16GB_20,722원/1GB_331,550"
17931533,G.SKILL DDR5-6000 CL36 FLARE X5 J 패키지,"_32GB(16Gx2)_25,281원/1GB_809,000|_256GB(64Gx4)_42,969원/1GB_10,999,990|64GB(32Gx2)_26,289원/1GB_1,682,500","_32GB(16Gx2)_25,281원/1GB_809,000|_256GB(64Gx4)_42,969원/1GB_10,999,990|64GB(32Gx2)_26,289원/1GB_1,682,500","_32GB(16Gx2)_25,281원/1GB_809,000|_256GB(64Gx4)_42,969원/1GB_10,999,990|64GB(32Gx2)_26,289원/1GB_1,682,500","_32GB(16Gx2)_25,281원/1GB_809,000|_256GB(64Gx4)_42,969원/1GB_10,999,990|64GB(32Gx2)_26,289원/1GB_1,682,500","_32GB(16Gx2)_25,281원/1GB_809,000|_256GB(64Gx4)_42,969원/1GB_10,999,990|64GB(32Gx2)_26,289원/1GB_1,682,500","_32GB(16Gx2)_25,281원/1GB_809,000|_256GB(64Gx4)_42,969원/1GB_10,999,990|64GB(32Gx2)_26,289원/1GB_1,682,500","_32GB(16Gx2)_25,281원/1GB_809,000|_256GB(64Gx4)_42,969원/1GB_10,999,990|64GB(32Gx2)_26,289원/1GB_1,682,500","_32GB(16Gx2)_25,281원/1GB_809,000|_256GB(64Gx4)_42,969원/1GB_10,999,990|64GB(32Gx2)_26,289원/1GB_1,682,500","_32GB(16Gx2)_25,960원/1GB_830,720|_256GB(64Gx4)_42,969원/1GB_11,000,000|64GB(32Gx2)_23,324원/1GB_1,492,730","_32GB(16Gx2)_25,960원/1GB_830,720|_256GB(64Gx4)_42,969원/1GB_11,000,000|64GB(32Gx2)_23,324원/1GB_1,492,730","_32GB(16Gx2)_25,960원/1GB_830,720|_256GB(64Gx4)_42,969원/1GB_11,000,000|64GB(32Gx2)_23,438원/1GB_1,500,000","_32GB(16Gx2)_25,960원/1GB_830,720|_256GB(64Gx4)_42,969원/1GB_11,000,000|64GB(32Gx2)_23,438원/1GB_1,500,000",0,0,0,0
93803030,G.SKILL DDR5-6000 CL36 FLARE X5 J 패키지,0,0,0,0,0,0,0,0,0,0,0,0,"32GB(16Gx2)_25,281원/1GB_809,000|_256GB(64Gx4)_42,778원/1GB_10,951,070|_64GB(32Gx2)_23,438원/1GB_1,500,000","32GB(16Gx2)_25,281원/1GB_809,000|_256GB(64Gx4)_42,778원/1GB_10,951,060|_64GB(32Gx2)_23,438원/1GB_1,500,000",0,0
72913559,G.SKILL DDR5-6000 CL36 FLARE X5 J 패키지,0,0,0,0,0,0,0,0,0,0,0,0,0,0,"32GB(16Gx2)_25,281원/1GB_809,000|_256GB(64Gx4)_42,778원/1GB_10,951,060|_64GB(32Gx2)_23,438원/1GB_1,500,000","32GB(16Gx2)_25,281원/1GB_809,000|_256GB(64Gx4)_42,778원/1GB_10,951,060|_64GB(32Gx2)_23,438원/1GB_1,500,000"
72913568,G.SKILL DDR5-6000 CL36 FLARE X5 J 화이트 패키지,"64GB(32Gx2)_26,250원/1GB_1,679,980","64GB(32Gx2)_26,250원/1GB_1,679,980","64GB(32Gx2)_26,250원/1GB_1,679,980","64GB(32Gx2)_26,250원/1GB_1,679,980","64GB(32Gx2)_26,250원/1GB_1,679,980","64GB(32Gx2)_26,250원/1GB_1,679,980","64GB(32Gx2)_26,250원/1GB_1,679,980","64GB(32Gx2)_26,250원/1GB_1,679,980","64GB(32Gx2)_26,250원/1GB_1,679,990","64GB(32Gx2)_26,250원/1GB_1,679,990","64GB(32Gx2)_26,250원/1GB_1,679,990","64GB(32Gx2)_26,250원/1GB_1,679,990","64GB(32Gx2)_26,130원/1GB_1,672,320","64GB(32Gx2)_26,130원/1GB_1,672,310","64GB(32Gx2)_26,130원/1GB_1,672,310","64GB(32Gx2)_26,130원/1GB_1,672,310"
78983834,G.SKILL DDR5-6000 CL36 RIPJAWS M5 NEO RGB 블랙 패키지,"_64GB(32Gx2)_25,937원/1GB_1,659,990|_32GB(16Gx2)_25,906원/1GB_829,000","_64GB(32Gx2)_25,937원/1GB_1,659,990|_32GB(16Gx2)_25,906원/1GB_829,000","_64GB(32Gx2)_25,937원/1GB_1,659,990|_32GB(16Gx2)_25,906원/1GB_829,000","_64GB(32Gx2)_25,937원/1GB_1,659,990|_32GB(16Gx2)_25,906원/1GB_829,000","_64GB(32Gx2)_25,937원/1GB_1,659,990|_32GB(16Gx2)_25,906원/1GB_829,000","_64GB(32Gx2)_25,937원/1GB_1,659,990|_32GB(16Gx2)_25,906원/1GB_829,000","_64GB(32Gx2)_25,937원/1GB_1,659,990|_32GB(16Gx2)_25,906원/1GB_829,000","_64GB(32Gx2)_25,937원/1GB_1,659,990|_32GB(16Gx2)_25,906원/1GB_829,000","_64GB(32Gx2)_26,406원/1GB_1,689,990|_32GB(16Gx2)_26,531원/1GB_849,000","_64GB(32Gx2)_26,406원/1GB_1,689,990|_32GB(16Gx2)_26,531원/1GB_849,000","_64GB(32Gx2)_26,406원/1GB_1,689,990|_32GB(16Gx2)_26,531원/1GB_849,000","_64GB(32Gx2)_26,406원/1GB_1,689,990|_32GB(16Gx2)_26,531원/1GB_849,000","_64GB(32Gx2)_25,938원/1GB_1,660,000|_32GB(16Gx2)_25,906원/1GB_829,000","_64GB(32Gx2)_25,937원/1GB_1,659,990|_32GB(16Gx2)_25,906원/1GB_829,000","_64GB(32Gx2)_25,937원/1GB_1,659,990|_32GB(16Gx2)_25,906원/1GB_829,000","_64GB(32Gx2)_25,937원/1GB_1,659,990|_32GB(16Gx2)_25,906원/1GB_829,000"
78983882,G.SKILL DDR5-6000 CL36 RIPJAWS M5 NEO RGB 화이트 패키지,"_64GB(32Gx2)_25,937원/1GB_1,659,990|_32GB(16Gx2)_26,844원/1GB_859,000","_64GB(32Gx2)_25,937원/1GB_1,659,990|_32GB(16Gx2)_26,844원/1GB_859,000","_64GB(32Gx2)_25,937원/1GB_1,659,990|_32GB(16Gx2)_26,844원/1GB_859,000","_64GB(32Gx2)_25,937원/1GB_1,659,990|_32GB(16Gx2)_26,844원/1GB_859,000","_64GB(32Gx2)_25,937원/1GB_1,659,990|_32GB(16Gx2)_26,844원/1GB_859,000","_64GB(32Gx2)_25,937원/1GB_1,659,990|_32GB(16Gx2)_26,844원/1GB_859,000","_64GB(32Gx2)_25,937원/1GB_1,659,990|_32GB(16Gx2)_26,844원/1GB_859,000","_64GB(32Gx2)_25,937원/1GB_1,659,990|_32GB(16Gx2)_26,844원/1GB_859,000","_64GB(32Gx2)_26,406원/1GB_1,689,990|_32GB(16Gx2)_27,719원/1GB_887,000","_64GB(32Gx2)_26,406원/1GB_1,689,990|_32GB(16Gx2)_27,719원/1GB_887,000","_64GB(32Gx2)_26,406원/1GB_1,689,990|_32GB(16Gx2)_27,719원/1GB_887,000","_64GB(32Gx2)_26,406원/1GB_1,689,990|_32GB(16Gx2)_27,719원/1GB_887,000","_64GB(32Gx2)_25,938원/1GB_1,660,000|_32GB(16Gx2)_26,844원/1GB_859,000","_64GB(32Gx2)_25,937원/1GB_1,659,990|_32GB(16Gx2)_26,844원/1GB_859,000","_64GB(32Gx2)_25,937원/1GB_1,659,990|_32GB(16Gx2)_26,844원/1GB_859,000","_64GB(32Gx2)_25,937원/1GB_1,659,990|_32GB(16Gx2)_26,844원/1GB_859,000"
71218634,G.SKILL DDR5-6000 CL36 RIPJAWS M5 RGB 블랙 패키지,"32GB(16Gx2)_25,594원/1GB_819,000","32GB(16Gx2)_25,594원/1GB_819,000","32GB(16Gx2)_25,594원/1GB_819,000","32GB(16Gx2)_25,594원/1GB_819,000","32GB(16Gx2)_25,594원/1GB_819,000","32GB(16Gx2)_25,594원/1GB_819,000","32GB(16Gx2)_25,594원/1GB_819,000","32GB(16Gx2)_25,594원/1GB_819,000","32GB(16Gx2)_26,500원/1GB_848,000","32GB(16Gx2)_26,500원/1GB_848,000","32GB(16Gx2)_26,500원/1GB_848,000","32GB(16Gx2)_26,500원/1GB_848,000","32GB(16Gx2)_25,594원/1GB_819,000","32GB(16Gx2)_25,594원/1GB_819,000","32GB(16Gx2)_25,594원/1GB_819,000","32GB(16Gx2)_25,594원/1GB_819,000"
71218667,G.SKILL DDR5-6000 CL36 RIPJAWS M5 RGB 화이트 패키지,"32GB(16Gx2)_25,594원/1GB_819,000","32GB(16Gx2)_25,594원/1GB_819,000","32GB(16Gx2)_25,594원/1GB_819,000","32GB(16Gx2)_25,594원/1GB_819,000","32GB(16Gx2)_25,594원/1GB_819,000","32GB(16Gx2)_25,594원/1GB_819,000","32GB(16Gx2)_25,594원/1GB_819,000","32GB(16Gx2)_25,594원/1GB_819,000","32GB(16Gx2)_26,469원/1GB_847,000","32GB(16Gx2)_26,469원/1GB_847,000","32GB(16Gx2)_26,469원/1GB_847,000","32GB(16Gx2)_26,469원/1GB_847,000","32GB(16Gx2)_25,594원/1GB_819,000","32GB(16Gx2)_25,594원/1GB_819,000","32GB(16Gx2)_25,594원/1GB_819,000","32GB(16Gx2)_25,594원/1GB_819,000"
102553379,G.SKILL DDR5-6000 CL36 RIPJAWS S5 블랙,"16GB_22,503원/1GB_360,050","16GB_22,503원/1GB_360,050","16GB_22,503원/1GB_360,050","16GB_22,503원/1GB_360,050","16GB_22,503원/1GB_360,050","16GB_22,503원/1GB_360,050","16GB_22,266원/1GB_356,260","16GB_22,266원/1GB_356,260","16GB_23,425원/1GB_374,800","16GB_23,425원/1GB_374,800","16GB_23,425원/1GB_374,800","16GB_23,425원/1GB_374,800","16GB_22,408원/1GB_358,530","16GB_22,503원/1GB_360,050","16GB_22,503원/1GB_360,050","16GB_22,503원/1GB_360,050"
16192574,G.SKILL DDR5-6000 CL36 TRIDENT Z5 J 실버 패키지,"32GB(16Gx2)_26,093원/1GB_834,990","32GB(16Gx2)_26,093원/1GB_834,990","32GB(16Gx2)_26,093원/1GB_834,990","32GB(16Gx2)_26,093원/1GB_834,990","32GB(16Gx2)_26,093원/1GB_834,990","32GB(16Gx2)_26,093원/1GB_834,990","32GB(16Gx2)_26,093원/1GB_834,990","32GB(16Gx2)_26,093원/1GB_834,990","32GB(16Gx2)_26,094원/1GB_835,000","32GB(16Gx2)_26,094원/1GB_835,000","32GB(16Gx2)_26,094원/1GB_835,000","32GB(16Gx2)_26,094원/1GB_835,000","32GB(16Gx2)_26,094원/1GB_835,000","32GB(16Gx2)_26,093원/1GB_834,980","32GB(16Gx2)_26,093원/1GB_834,980","32GB(16Gx2)_26,093원/1GB_834,980"
16192424,G.SKILL DDR5-6000 CL36 TRIDENT Z5 J 패키지,"32GB(16Gx2)_26,093원/1GB_834,990","32GB(16Gx2)_26,093원/1GB_834,990","32GB(16Gx2)_26,093원/1GB_834,990","32GB(16Gx2)_26,093원/1GB_834,990","32GB(16Gx2)_26,093원/1GB_834,990","32GB(16Gx2)_26,093원/1GB_834,990","32GB(16Gx2)_26,093원/1GB_834,990","32GB(16Gx2)_26,093원/1GB_834,990","32GB(16Gx2)_26,094원/1GB_835,000","32GB(16Gx2)_26,094원/1GB_835,000","32GB(16Gx2)_26,094원/1GB_835,000","32GB(16Gx2)_26,094원/1GB_835,000","32GB(16Gx2)_26,094원/1GB_835,000","32GB(16Gx2)_26,093원/1GB_834,980","32GB(16Gx2)_26,093원/1GB_834,980","32GB(16Gx2)_26,093원/1GB_834,980"
17932061,G.SKILL DDR5-6000 CL36 TRIDENT Z5 NEO J 패키지,"32GB(16Gx2)_25,047원/1GB_801,500","32GB(16Gx2)_24,969원/1GB_799,000","32GB(16Gx2)_24,422원/1GB_781,500","32GB(16Gx2)_24,344원/1GB_779,000","32GB(16Gx2)_25,079원/1GB_806,500","32GB(16Gx2)_25,203원/1GB_806,500","32GB(16Gx2)_24,767원/1GB_792,540","32GB(16Gx2)_25,594원/1GB_819,000","32GB(16Gx2)_26,219원/1GB_839,000","32GB(16Gx2)_26,219원/1GB_839,000","32GB(16Gx2)_25,594원/1GB_819,000","32GB(16Gx2)_25,438원/1GB_814,000","32GB(16Gx2)_25,125원/1GB_804,000","32GB(16Gx2)_24,969원/1GB_799,000","32GB(16Gx2)_24,969원/1GB_799,000","32GB(16Gx2)_24,891원/1GB_796,500"
17931893,G.SKILL DDR5-6000 CL36 TRIDENT Z5 NEO RGB J 패키지,"_256GB(64Gx4)_43,242원/1GB_11,070,000|64GB(32Gx2)_24,063원/1GB_1,540,000|_32GB(16Gx2)_27,156원/1GB_869,000","_256GB(64Gx4)_43,242원/1GB_11,070,000|64GB(32Gx2)_24,063원/1GB_1,540,000|_32GB(16Gx2)_27,156원/1GB_869,000","_256GB(64Gx4)_43,242원/1GB_11,070,000|64GB(32Gx2)_24,063원/1GB_1,540,000|_32GB(16Gx2)_27,156원/1GB_869,000","_256GB(64Gx4)_43,242원/1GB_11,070,000|64GB(32Gx2)_24,063원/1GB_1,540,000|_32GB(16Gx2)_27,156원/1GB_869,000","_256GB(64Gx4)_43,242원/1GB_11,070,000|64GB(32Gx2)_24,063원/1GB_1,540,000|_32GB(16Gx2)_27,156원/1GB_869,000","_256GB(64Gx4)_43,242원/1GB_11,070,000|64GB(32Gx2)_24,063원/1GB_1,540,000|_32GB(16Gx2)_27,156원/1GB_869,000","_256GB(64Gx4)_43,242원/1GB_11,070,000|64GB(32Gx2)_24,063원/1GB_1,540,000|_32GB(16Gx2)_26,689원/1GB_854,050","_256GB(64Gx4)_43,242원/1GB_11,070,000|64GB(32Gx2)_24,063원/1GB_1,540,000|_32GB(16Gx2)_26,689원/1GB_854,050","_256GB(64Gx4)_43,242원/1GB_11,070,000|64GB(32Gx2)_24,063원/1GB_1,540,000|_32GB(16Gx2)_27,390원/1GB_876,490","_256GB(64Gx4)_43,242원/1GB_11,070,000|64GB(32Gx2)_24,063원/1GB_1,540,000|_32GB(16Gx2)_27,390원/1GB_876,490","_256GB(64Gx4)_43,242원/1GB_11,070,000|64GB(32Gx2)_27,344원/1GB_1,750,000|_32GB(16Gx2)_27,390원/1GB_876,490","_256GB(64Gx4)_43,242원/1GB_11,070,000|64GB(32Gx2)_27,344원/1GB_1,750,000|_32GB(16Gx2)_27,390원/1GB_876,490","_256GB(64Gx4)_43,166원/1GB_11,050,620|64GB(32Gx2)_27,344원/1GB_1,750,000|_32GB(16Gx2)_27,156원/1GB_869,000","_256GB(64Gx4)_43,166원/1GB_11,050,610|64GB(32Gx2)_27,344원/1GB_1,749,990|_32GB(16Gx2)_27,156원/1GB_869,000","_256GB(64Gx4)_43,166원/1GB_11,050,610|64GB(32Gx2)_27,344원/1GB_1,749,990|_32GB(16Gx2)_27,156원/1GB_869,000","_256GB(64Gx4)_43,166원/1GB_11,050,610|64GB(32Gx2)_27,344원/1GB_1,749,990|_32GB(16Gx2)_27,156원/1GB_869,000"
93385616,G.SKILL DDR5-6000 CL36 TRIDENT Z5 NEO RGB J 화이트 패키지,"_64GB(32Gx2)_25,906원/1GB_1,658,000|_32GB(16Gx2)_27,156원/1GB_869,000","_64GB(32Gx2)_25,906원/1GB_1,658,000|_32GB(16Gx2)_27,156원/1GB_869,000","_64GB(32Gx2)_25,906원/1GB_1,658,000|_32GB(16Gx2)_27,156원/1GB_869,000","_64GB(32Gx2)_25,906원/1GB_1,658,000|_32GB(16Gx2)_27,156원/1GB_869,000","_64GB(32Gx2)_25,906원/1GB_1,658,000|_32GB(16Gx2)_27,156원/1GB_869,000","_64GB(32Gx2)_25,906원/1GB_1,658,000|_32GB(16Gx2)_27,156원/1GB_869,000","_64GB(32Gx2)_25,906원/1GB_1,658,000|_32GB(16Gx2)_27,156원/1GB_869,000","_64GB(32Gx2)_25,906원/1GB_1,658,000|_32GB(16Gx2)_27,156원/1GB_869,000","_64GB(32Gx2)_25,906원/1GB_1,658,000|_32GB(16Gx2)_28,094원/1GB_899,000","_64GB(32Gx2)_25,906원/1GB_1,658,000|_32GB(16Gx2)_28,094원/1GB_899,000","_64GB(32Gx2)_25,906원/1GB_1,658,000|_32GB(16Gx2)_28,094원/1GB_899,000","_64GB(32Gx2)_25,906원/1GB_1,658,000|_32GB(16Gx2)_28,094원/1GB_899,000",0,0,0,0
72913682,G.SKILL DDR5-6000 CL36 TRIDENT Z5 NEO RGB J 화이트 패키지,0,0,0,0,0,0,0,0,0,0,0,0,"_64GB(32Gx2)_25,906원/1GB_1,658,000|_32GB(16Gx2)_27,156원/1GB_869,000","_64GB(32Gx2)_25,906원/1GB_1,658,000|_32GB(16Gx2)_27,156원/1GB_869,000","_64GB(32Gx2)_25,906원/1GB_1,658,000|_32GB(16Gx2)_27,156원/1GB_869,000","_64GB(32Gx2)_25,906원/1GB_1,658,000|_32GB(16Gx2)_27,156원/1GB_869,000"
122727449,G.SKILL DDR5-6000 CL36 TRIDENT Z5 NeoX RGB for AMD ULL 글로시블랙 패키지,"32GB(16Gx2)_30,937원/1GB_989,990","32GB(16Gx2)_30,937원/1GB_989,990","32GB(16Gx2)_30,937원/1GB_989,990","32GB(16Gx2)_30,937원/1GB_989,990","32GB(16Gx2)_30,937원/1GB_989,990","32GB(16Gx2)_30,937원/1GB_989,990","32GB(16Gx2)_30,937원/1GB_989,990","32GB(16Gx2)_30,937원/1GB_989,990","32GB(16Gx2)_30,938원/1GB_990,000","32GB(16Gx2)_30,938원/1GB_990,000","32GB(16Gx2)_30,938원/1GB_990,000","32GB(16Gx2)_30,938원/1GB_990,000","32GB(16Gx2)_30,813원/1GB_986,000","32GB(16Gx2)_30,812원/1GB_985,990","32GB(16Gx2)_30,812원/1GB_985,990","32GB(16Gx2)_30,812원/1GB_985,990"
122727471,G.SKILL DDR5-6000 CL36 TRIDENT Z5 NeoX RGB for AMD ULL 매트블랙 패키지,"32GB(16Gx2)_30,937원/1GB_989,990","32GB(16Gx2)_30,937원/1GB_989,990","32GB(16Gx2)_30,937원/1GB_989,990","32GB(16Gx2)_30,937원/1GB_989,990","32GB(16Gx2)_30,937원/1GB_989,990","32GB(16Gx2)_30,937원/1GB_989,990","32GB(16Gx2)_30,937원/1GB_989,990","32GB(16Gx2)_30,937원/1GB_989,990","32GB(16Gx2)_30,938원/1GB_990,000","32GB(16Gx2)_30,938원/1GB_990,000","32GB(16Gx2)_30,938원/1GB_990,000","32GB(16Gx2)_30,938원/1GB_990,000","32GB(16Gx2)_30,813원/1GB_986,000","32GB(16Gx2)_30,812원/1GB_985,990","32GB(16Gx2)_30,812원/1GB_985,990","32GB(16Gx2)_30,812원/1GB_985,990"
122727477,G.SKILL DDR5-6000 CL36 TRIDENT Z5 NeoX RGB for AMD ULL 매트화이트 패키지,"32GB(16Gx2)_30,937원/1GB_989,990","32GB(16Gx2)_30,937원/1GB_989,990","32GB(16Gx2)_30,937원/1GB_989,990","32GB(16Gx2)_30,937원/1GB_989,990","32GB(16Gx2)_30,937원/1GB_989,990","32GB(16Gx2)_30,937원/1GB_989,990","32GB(16Gx2)_30,937원/1GB_989,990","32GB(16Gx2)_30,937원/1GB_989,990","32GB(16Gx2)_30,938원/1GB_990,000","32GB(16Gx2)_30,938원/1GB_990,000","32GB(16Gx2)_30,938원/1GB_990,000","32GB(16Gx2)_30,938원/1GB_990,000","32GB(16Gx2)_30,813원/1GB_986,000","32GB(16Gx2)_30,812원/1GB_985,990","32GB(16Gx2)_30,812원/1GB_985,990","32GB(16Gx2)_30,812원/1GB_985,990"
16193702,G.SKILL DDR5-6000 CL36 TRIDENT Z5 RGB J 실버 패키지,"32GB(16Gx2)_23,515원/1GB_752,490","32GB(16Gx2)_23,515원/1GB_752,490","32GB(16Gx2)_23,515원/1GB_752,490","32GB(16Gx2)_23,515원/1GB_752,490","32GB(16Gx2)_23,515원/1GB_752,490","32GB(16Gx2)_23,515원/1GB_752,490","32GB(16Gx2)_23,515원/1GB_752,490","32GB(16Gx2)_23,515원/1GB_752,490","32GB(16Gx2)_23,515원/1GB_752,490","32GB(16Gx2)_23,515원/1GB_752,490","32GB(16Gx2)_23,515원/1GB_752,490","32GB(16Gx2)_23,515원/1GB_752,490","32GB(16Gx2)_23,515원/1GB_752,490","32GB(16Gx2)_23,515원/1GB_752,490","32GB(16Gx2)_23,515원/1GB_752,490","32GB(16Gx2)_23,515원/1GB_752,490"
16193474,G.SKILL DDR5-6000 CL36 TRIDENT Z5 RGB J 패키지,"32GB(16Gx2)_25,906원/1GB_829,000","32GB(16Gx2)_25,906원/1GB_829,000","32GB(16Gx2)_25,906원/1GB_829,000","32GB(16Gx2)_25,906원/1GB_829,000","32GB(16Gx2)_25,906원/1GB_829,000","32GB(16Gx2)_25,906원/1GB_829,000","32GB(16Gx2)_25,906원/1GB_829,000","32GB(16Gx2)_25,906원/1GB_829,000","32GB(16Gx2)_26,575원/1GB_850,410","32GB(16Gx2)_26,575원/1GB_850,410","32GB(16Gx2)_26,575원/1GB_850,410","32GB(16Gx2)_26,575원/1GB_850,410","32GB(16Gx2)_25,906원/1GB_829,000","32GB(16Gx2)_25,906원/1GB_829,000","32GB(16Gx2)_25,906원/1GB_829,000","32GB(16Gx2)_25,906원/1GB_829,000"
15980393,G.SKILL DDR5-6000 CL36 TRIDENT Z5 RGB 패키지,"32GB(16Gx2)_26,844원/1GB_859,000","32GB(16Gx2)_26,844원/1GB_859,000","32GB(16Gx2)_26,844원/1GB_859,000","32GB(16Gx2)_26,844원/1GB_859,000","32GB(16Gx2)_26,844원/1GB_859,000","32GB(16Gx2)_26,844원/1GB_859,000","32GB(16Gx2)_26,844원/1GB_859,000","32GB(16Gx2)_26,844원/1GB_859,000","32GB(16Gx2)_26,844원/1GB_859,000","32GB(16Gx2)_26,844원/1GB_859,000","32GB(16Gx2)_26,844원/1GB_859,000","32GB(16Gx2)_26,844원/1GB_859,000","32GB(16Gx2)_26,844원/1GB_859,000","32GB(16Gx2)_26,844원/1GB_859,000","32GB(16Gx2)_26,844원/1GB_859,000","32GB(16Gx2)_26,844원/1GB_859,000"
21639443,G.SKILL DDR5-6000 CL36 TRIDENT Z5 RGB 화이트 패키지,"32GB(16Gx2)_23,406원/1GB_749,000","32GB(16Gx2)_23,406원/1GB_749,000","32GB(16Gx2)_23,406원/1GB_749,000","32GB(16Gx2)_23,406원/1GB_749,000","32GB(16Gx2)_23,406원/1GB_749,000","32GB(16Gx2)_23,406원/1GB_749,000","32GB(16Gx2)_23,406원/1GB_749,000","32GB(16Gx2)_23,406원/1GB_749,000","32GB(16Gx2)_23,406원/1GB_749,000","32GB(16Gx2)_23,406원/1GB_749,000","32GB(16Gx2)_26,684원/1GB_853,900","32GB(16Gx2)_26,684원/1GB_853,900","32GB(16Gx2)_25,906원/1GB_829,000","32GB(16Gx2)_25,906원/1GB_829,000","32GB(16Gx2)_25,672원/1GB_821,500","32GB(16Gx2)_25,594원/1GB_819,000"
67847120,G.SKILL DDR5-6400 CL30 TRIDENT Z5 NEO RGB J 패키지,"32GB(16Gx2)_28,906원/1GB_924,990","32GB(16Gx2)_28,906원/1GB_924,990","32GB(16Gx2)_28,906원/1GB_924,990","32GB(16Gx2)_28,906원/1GB_924,990","32GB(16Gx2)_28,906원/1GB_924,990","32GB(16Gx2)_28,906원/1GB_924,990","32GB(16Gx2)_28,906원/1GB_924,990","32GB(16Gx2)_28,906원/1GB_924,990","32GB(16Gx2)_28,906원/1GB_925,000","32GB(16Gx2)_28,906원/1GB_925,000","32GB(16Gx2)_28,906원/1GB_925,000","32GB(16Gx2)_28,906원/1GB_925,000","32GB(16Gx2)_28,906원/1GB_925,000","32GB(16Gx2)_28,906원/1GB_924,980","32GB(16Gx2)_28,906원/1GB_924,980","32GB(16Gx2)_28,906원/1GB_924,980"
67847150,G.SKILL DDR5-6400 CL30 TRIDENT Z5 NEO RGB J 화이트 패키지,"32GB(16Gx2)_28,906원/1GB_924,990","32GB(16Gx2)_28,906원/1GB_924,990","32GB(16Gx2)_28,906원/1GB_924,990","32GB(16Gx2)_28,906원/1GB_924,990","32GB(16Gx2)_28,906원/1GB_924,990","32GB(16Gx2)_28,906원/1GB_924,990","32GB(16Gx2)_28,906원/1GB_924,990","32GB(16Gx2)_28,906원/1GB_924,990","32GB(16Gx2)_28,906원/1GB_925,000","32GB(16Gx2)_28,906원/1GB_925,000","32GB(16Gx2)_28,906원/1GB_925,000","32GB(16Gx2)_28,906원/1GB_925,000","32GB(16Gx2)_28,906원/1GB_925,000","32GB(16Gx2)_28,906원/1GB_924,980","32GB(16Gx2)_28,906원/1GB_924,980","32GB(16Gx2)_28,906원/1GB_924,980"
67847408,G.SKILL DDR5-6400 CL30 TRIDENT Z5 ROYAL NEO 실버 패키지,"32GB(16Gx2)_31,219원/1GB_999,000","32GB(16Gx2)_31,219원/1GB_999,000","32GB(16Gx2)_31,219원/1GB_999,000","32GB(16Gx2)_31,219원/1GB_999,000","32GB(16Gx2)_31,219원/1GB_999,000","32GB(16Gx2)_31,219원/1GB_999,000","32GB(16Gx2)_31,219원/1GB_999,000","32GB(16Gx2)_31,219원/1GB_999,000","32GB(16Gx2)_31,219원/1GB_999,000","32GB(16Gx2)_31,219원/1GB_999,000","32GB(16Gx2)_31,219원/1GB_999,000","32GB(16Gx2)_31,219원/1GB_999,000","32GB(16Gx2)_31,219원/1GB_999,000","32GB(16Gx2)_31,219원/1GB_999,000","32GB(16Gx2)_31,219원/1GB_999,000","32GB(16Gx2)_31,219원/1GB_999,000"
98576942,G.SKILL DDR5-6400 CL32 G5 ECC/REG 패키지,"_192GB(48Gx4)_54,167원/1GB_10,399,990|_128GB(32Gx4)_68,750원/1GB_8,799,980","_192GB(48Gx4)_54,167원/1GB_10,399,990|_128GB(32Gx4)_68,750원/1GB_8,799,980","_192GB(48Gx4)_54,167원/1GB_10,399,990|_128GB(32Gx4)_68,750원/1GB_8,799,980","_192GB(48Gx4)_54,167원/1GB_10,399,990|_128GB(32Gx4)_68,750원/1GB_8,799,980","_192GB(48Gx4)_54,167원/1GB_10,399,990|_128GB(32Gx4)_68,750원/1GB_8,799,980","_192GB(48Gx4)_54,167원/1GB_10,399,990|_128GB(32Gx4)_68,750원/1GB_8,799,980","_192GB(48Gx4)_54,167원/1GB_10,399,990|_128GB(32Gx4)_68,750원/1GB_8,799,980","_192GB(48Gx4)_54,167원/1GB_10,399,990|_128GB(32Gx4)_68,750원/1GB_8,799,980","_192GB(48Gx4)_54,167원/1GB_10,400,000|_128GB(32Gx4)_68,750원/1GB_8,800,000","_192GB(48Gx4)_54,167원/1GB_10,400,000|_128GB(32Gx4)_68,750원/1GB_8,800,000","_192GB(48Gx4)_54,167원/1GB_10,400,000|_128GB(32Gx4)_68,750원/1GB_8,800,000","_192GB(48Gx4)_54,167원/1GB_10,400,000|_128GB(32Gx4)_68,750원/1GB_8,800,000","_192GB(48Gx4)_53,926원/1GB_10,353,740|_128GB(32Gx4)_68,444원/1GB_8,760,860","_192GB(48Gx4)_53,926원/1GB_10,353,730|_128GB(32Gx4)_68,444원/1GB_8,760,850","_192GB(48Gx4)_53,926원/1GB_10,353,730|_128GB(32Gx4)_68,444원/1GB_8,760,850","_192GB(48Gx4)_53,926원/1GB_10,353,730|_128GB(32Gx4)_68,444원/1GB_8,760,850"
56152055,G.SKILL DDR5-6400 CL32 RIPJAWS M5 RGB 블랙 패키지,"96GB(48Gx2)_28,021원/1GB_2,689,990|_64GB(32Gx2)_27,656원/1GB_1,770,000|_32GB(16Gx2)_27,469원/1GB_879,000","96GB(48Gx2)_28,021원/1GB_2,689,990|_64GB(32Gx2)_27,656원/1GB_1,770,000|_32GB(16Gx2)_27,469원/1GB_879,000","96GB(48Gx2)_28,021원/1GB_2,689,990|_64GB(32Gx2)_27,656원/1GB_1,770,000|_32GB(16Gx2)_27,469원/1GB_879,000","96GB(48Gx2)_28,021원/1GB_2,689,990|_64GB(32Gx2)_27,656원/1GB_1,770,000|_32GB(16Gx2)_27,469원/1GB_879,000","96GB(48Gx2)_28,021원/1GB_2,689,990|_64GB(32Gx2)_27,656원/1GB_1,770,000|_32GB(16Gx2)_27,469원/1GB_879,000","96GB(48Gx2)_28,021원/1GB_2,689,990|_64GB(32Gx2)_27,656원/1GB_1,770,000|_32GB(16Gx2)_27,469원/1GB_879,000","96GB(48Gx2)_28,021원/1GB_2,689,990|_64GB(32Gx2)_27,656원/1GB_1,770,000|_32GB(16Gx2)_27,469원/1GB_879,000","96GB(48Gx2)_28,021원/1GB_2,689,990|_64GB(32Gx2)_34,219원/1GB_2,189,990|_32GB(16Gx2)_31,218원/1GB_998,990","96GB(48Gx2)_28,021원/1GB_2,690,000|_64GB(32Gx2)_34,219원/1GB_2,190,000|_32GB(16Gx2)_31,218원/1GB_998,990","96GB(48Gx2)_28,021원/1GB_2,690,000|_64GB(32Gx2)_34,219원/1GB_2,190,000|_32GB(16Gx2)_31,218원/1GB_998,990","96GB(48Gx2)_28,021원/1GB_2,690,000|_64GB(32Gx2)_34,219원/1GB_2,190,000|_32GB(16Gx2)_31,218원/1GB_998,990","96GB(48Gx2)_28,021원/1GB_2,690,000|_64GB(32Gx2)_34,219원/1GB_2,190,000|_32GB(16Gx2)_31,218원/1GB_998,990","96GB(48Gx2)_28,021원/1GB_2,690,000|_64GB(32Gx2)_34,073원/1GB_2,180,680|_32GB(16Gx2)_30,969원/1GB_991,000","96GB(48Gx2)_28,021원/1GB_2,690,000|_64GB(32Gx2)_34,073원/1GB_2,180,670|_32GB(16Gx2)_30,968원/1GB_990,990","96GB(48Gx2)_28,021원/1GB_2,690,000|_64GB(32Gx2)_34,073원/1GB_2,180,670|_32GB(16Gx2)_30,968원/1GB_990,990","96GB(48Gx2)_28,021원/1GB_2,690,000|_64GB(32Gx2)_34,073원/1GB_2,180,670|_32GB(16Gx2)_30,968원/1GB_990,990"
56152154,G.SKILL DDR5-6400 CL32 RIPJAWS M5 RGB 화이트 패키지,"_96GB(48Gx2)_28,021원/1GB_2,689,990|64GB(32Gx2)_27,656원/1GB_1,770,000|_32GB(16Gx2)_27,469원/1GB_879,000","_96GB(48Gx2)_28,021원/1GB_2,689,990|64GB(32Gx2)_27,656원/1GB_1,770,000|_32GB(16Gx2)_27,469원/1GB_879,000","_96GB(48Gx2)_28,021원/1GB_2,689,990|64GB(32Gx2)_27,656원/1GB_1,770,000|_32GB(16Gx2)_27,469원/1GB_879,000","_96GB(48Gx2)_28,021원/1GB_2,689,990|64GB(32Gx2)_27,656원/1GB_1,770,000|_32GB(16Gx2)_27,469원/1GB_879,000","_96GB(48Gx2)_28,021원/1GB_2,689,990|64GB(32Gx2)_27,656원/1GB_1,770,000|_32GB(16Gx2)_27,469원/1GB_879,000","_96GB(48Gx2)_28,021원/1GB_2,689,990|64GB(32Gx2)_27,656원/1GB_1,770,000|_32GB(16Gx2)_27,469원/1GB_879,000","96GB(48Gx2)_28,021원/1GB_2,689,990|_64GB(32Gx2)_27,656원/1GB_1,770,000|_32GB(16Gx2)_27,469원/1GB_879,000","96GB(48Gx2)_28,021원/1GB_2,689,990|_64GB(32Gx2)_33,594원/1GB_2,149,990|_32GB(16Gx2)_31,218원/1GB_998,990","96GB(48Gx2)_28,021원/1GB_2,690,000|_64GB(32Gx2)_33,594원/1GB_2,150,000|_32GB(16Gx2)_31,218원/1GB_998,990","96GB(48Gx2)_28,021원/1GB_2,690,000|_64GB(32Gx2)_33,594원/1GB_2,150,000|_32GB(16Gx2)_31,218원/1GB_998,990","96GB(48Gx2)_28,021원/1GB_2,690,000|_64GB(32Gx2)_33,594원/1GB_2,150,000|_32GB(16Gx2)_31,218원/1GB_998,990","96GB(48Gx2)_28,021원/1GB_2,690,000|_64GB(32Gx2)_33,594원/1GB_2,150,000|_32GB(16Gx2)_31,218원/1GB_998,990","96GB(48Gx2)_28,021원/1GB_2,690,000|_64GB(32Gx2)_33,444원/1GB_2,140,440|_32GB(16Gx2)_30,969원/1GB_991,000","96GB(48Gx2)_28,019원/1GB_2,689,800|_64GB(32Gx2)_33,444원/1GB_2,140,430|_32GB(16Gx2)_30,968원/1GB_990,990","96GB(48Gx2)_28,019원/1GB_2,689,800|_64GB(32Gx2)_33,444원/1GB_2,140,430|_32GB(16Gx2)_30,968원/1GB_990,990","96GB(48Gx2)_28,019원/1GB_2,689,800|_64GB(32Gx2)_33,444원/1GB_2,140,430|_32GB(16Gx2)_30,968원/1GB_990,990"
98613491,G.SKILL DDR5-6400 CL32 T5 NEO ECC/REG 패키지,"_192GB(48Gx4)_54,167원/1GB_10,399,990|_128GB(32Gx4)_77,344원/1GB_9,899,980","_192GB(48Gx4)_54,167원/1GB_10,399,990|_128GB(32Gx4)_77,344원/1GB_9,899,980","_192GB(48Gx4)_54,167원/1GB_10,399,990|_128GB(32Gx4)_77,344원/1GB_9,899,980","_192GB(48Gx4)_54,167원/1GB_10,399,990|_128GB(32Gx4)_77,344원/1GB_9,899,980","_192GB(48Gx4)_54,167원/1GB_10,399,990|_128GB(32Gx4)_77,344원/1GB_9,899,980","_192GB(48Gx4)_54,167원/1GB_10,399,990|_128GB(32Gx4)_77,344원/1GB_9,899,980","_192GB(48Gx4)_54,167원/1GB_10,399,990|_128GB(32Gx4)_77,344원/1GB_9,899,980","_192GB(48Gx4)_54,167원/1GB_10,399,990|_128GB(32Gx4)_77,344원/1GB_9,899,980","_192GB(48Gx4)_54,167원/1GB_10,400,000|_128GB(32Gx4)_77,344원/1GB_9,899,990","_192GB(48Gx4)_54,167원/1GB_10,400,000|_128GB(32Gx4)_77,344원/1GB_9,899,990","_192GB(48Gx4)_54,167원/1GB_10,400,000|_128GB(32Gx4)_77,344원/1GB_9,899,990","_192GB(48Gx4)_54,167원/1GB_10,400,000|_128GB(32Gx4)_77,344원/1GB_9,899,990","_192GB(48Gx4)_53,926원/1GB_10,353,740|_128GB(32Gx4)_77,033원/1GB_9,860,200","_192GB(48Gx4)_53,926원/1GB_10,353,730|_128GB(32Gx4)_77,033원/1GB_9,860,190","_192GB(48Gx4)_53,926원/1GB_10,353,730|_128GB(32Gx4)_77,033원/1GB_9,860,190","_192GB(48Gx4)_53,926원/1GB_10,353,730|_128GB(32Gx4)_77,033원/1GB_9,860,190"
18036602,G.SKILL DDR5-6400 CL32 TRIDENT Z5 RGB J 패키지,"_64GB(32Gx2)_27,969원/1GB_1,790,000|_32GB(16Gx2)_27,784원/1GB_889,100","_64GB(32Gx2)_27,969원/1GB_1,790,000|_32GB(16Gx2)_27,784원/1GB_889,100","_64GB(32Gx2)_27,969원/1GB_1,790,000|_32GB(16Gx2)_27,784원/1GB_889,100","_64GB(32Gx2)_27,969원/1GB_1,790,000|_32GB(16Gx2)_27,784원/1GB_889,100","_64GB(32Gx2)_27,969원/1GB_1,790,000|_32GB(16Gx2)_27,784원/1GB_889,100","_64GB(32Gx2)_27,969원/1GB_1,790,000|_32GB(16Gx2)_27,784원/1GB_889,100","_64GB(32Gx2)_27,969원/1GB_1,790,000|_32GB(16Gx2)_27,784원/1GB_889,100","_64GB(32Gx2)_27,969원/1GB_1,790,000|_32GB(16Gx2)_27,784원/1GB_889,100","_64GB(32Gx2)_27,969원/1GB_1,790,000|_32GB(16Gx2)_28,094원/1GB_899,000","_64GB(32Gx2)_27,969원/1GB_1,790,000|_32GB(16Gx2)_28,094원/1GB_899,000","_64GB(32Gx2)_28,094원/1GB_1,798,000|_32GB(16Gx2)_28,094원/1GB_899,000","_64GB(32Gx2)_28,094원/1GB_1,798,000|_32GB(16Gx2)_28,094원/1GB_899,000","_64GB(32Gx2)_28,094원/1GB_1,798,000|_32GB(16Gx2)_27,969원/1GB_895,000","_64GB(32Gx2)_28,094원/1GB_1,798,000|_32GB(16Gx2)_27,968원/1GB_894,990","_64GB(32Gx2)_28,094원/1GB_1,798,000|_32GB(16Gx2)_27,968원/1GB_894,990","_64GB(32Gx2)_28,094원/1GB_1,798,000|_32GB(16Gx2)_27,968원/1GB_894,990"
21639455,G.SKILL DDR5-6400 CL32 TRIDENT Z5 RGB 화이트 패키지,"_64GB(32Gx2)_27,969원/1GB_1,790,000|_32GB(16Gx2)_28,094원/1GB_899,000","_64GB(32Gx2)_27,969원/1GB_1,790,000|_32GB(16Gx2)_28,094원/1GB_899,000","_64GB(32Gx2)_27,969원/1GB_1,790,000|_32GB(16Gx2)_28,094원/1GB_899,000","_64GB(32Gx2)_27,969원/1GB_1,790,000|_32GB(16Gx2)_28,094원/1GB_899,000","_64GB(32Gx2)_27,969원/1GB_1,790,000|_32GB(16Gx2)_28,094원/1GB_899,000","_64GB(32Gx2)_27,969원/1GB_1,790,000|_32GB(16Gx2)_28,094원/1GB_899,000","_64GB(32Gx2)_27,969원/1GB_1,790,000|_32GB(16Gx2)_28,094원/1GB_899,000","_64GB(32Gx2)_27,969원/1GB_1,790,000|_32GB(16Gx2)_28,094원/1GB_899,000","_64GB(32Gx2)_27,969원/1GB_1,790,000|_32GB(16Gx2)_28,094원/1GB_899,000","_64GB(32Gx2)_27,969원/1GB_1,790,000|_32GB(16Gx2)_28,094원/1GB_899,000","_64GB(32Gx2)_27,969원/1GB_1,790,000|_32GB(16Gx2)_28,094원/1GB_899,000","_64GB(32Gx2)_27,969원/1GB_1,790,000|_32GB(16Gx2)_28,094원/1GB_899,000","_64GB(32Gx2)_27,969원/1GB_1,790,000|_32GB(16Gx2)_28,094원/1GB_899,000","_64GB(32Gx2)_27,969원/1GB_1,790,000|_32GB(16Gx2)_28,094원/1GB_899,000","_64GB(32Gx2)_27,969원/1GB_1,790,000|_32GB(16Gx2)_28,094원/1GB_899,000","_64GB(32Gx2)_27,969원/1GB_1,790,000|_32GB(16Gx2)_28,094원/1GB_899,000"
98613434,G.SKILL DDR5-6400 CL36 T5 NEO ECC/REG 패키지,"256GB(64Gx4)_62,109원/1GB_15,899,990","256GB(64Gx4)_62,109원/1GB_15,899,990","256GB(64Gx4)_62,109원/1GB_15,899,990","256GB(64Gx4)_62,109원/1GB_15,899,990","256GB(64Gx4)_62,109원/1GB_15,899,990","256GB(64Gx4)_62,109원/1GB_15,899,990","256GB(64Gx4)_62,109원/1GB_15,899,990","256GB(64Gx4)_62,109원/1GB_15,899,990","256GB(64Gx4)_62,109원/1GB_15,900,000","256GB(64Gx4)_62,109원/1GB_15,900,000","256GB(64Gx4)_62,109원/1GB_15,900,000","256GB(64Gx4)_62,109원/1GB_15,900,000","256GB(64Gx4)_61,850원/1GB_15,833,510","256GB(64Gx4)_61,850원/1GB_15,833,500","256GB(64Gx4)_61,850원/1GB_15,833,500","256GB(64Gx4)_61,850원/1GB_15,833,500"
122720502,G.SKILL DDR5-6400 CL52 G5 ECC/REG,"_32GB_308,938원/1GB_2,471,500||_64GB_537,499원/1GB_4,299,990","_32GB_308,938원/1GB_2,471,500||_64GB_537,499원/1GB_4,299,990","_32GB_308,938원/1GB_2,471,500||_64GB_537,499원/1GB_4,299,990","_32GB_308,938원/1GB_2,471,500||_64GB_537,499원/1GB_4,299,990","_32GB_308,938원/1GB_2,471,500||_64GB_537,499원/1GB_4,299,990","_32GB_308,938원/1GB_2,471,500||_64GB_537,499원/1GB_4,299,990","_32GB_308,938원/1GB_2,471,500||_64GB_537,499원/1GB_4,299,990","_32GB_308,938원/1GB_2,471,500||_64GB_537,499원/1GB_4,299,990","_32GB_309,939원/1GB_2,479,510|_48GB_317,500원/1GB_2,540,000|","_32GB_309,939원/1GB_2,479,510|_48GB_317,500원/1GB_2,540,000|","_32GB_309,939원/1GB_2,479,510||_64GB_537,500원/1GB_4,300,000","_32GB_309,939원/1GB_2,479,510||_64GB_537,500원/1GB_4,300,000","_32GB_309,939원/1GB_2,479,510|_48GB_317,500원/1GB_2,540,000|","_32GB_309,938원/1GB_2,479,500|_48GB_317,500원/1GB_2,540,000|","_32GB_309,938원/1GB_2,479,500||_64GB_537,475원/1GB_4,299,800","_32GB_309,938원/1GB_2,479,500||_64GB_537,475원/1GB_4,299,800"
18036605,G.SKILL DDR5-6800 CL34 TRIDENT Z5 RGB J 실버 패키지,"32GB(16Gx2)_28,092원/1GB_898,950","32GB(16Gx2)_28,092원/1GB_898,950","32GB(16Gx2)_28,090원/1GB_898,870","32GB(16Gx2)_28,089원/1GB_898,840","32GB(16Gx2)_28,089원/1GB_898,840","32GB(16Gx2)_28,089원/1GB_898,840","32GB(16Gx2)_28,089원/1GB_898,840","32GB(16Gx2)_28,089원/1GB_898,840","32GB(16Gx2)_28,093원/1GB_898,990","32GB(16Gx2)_28,093원/1GB_898,990","32GB(16Gx2)_28,093원/1GB_898,990","32GB(16Gx2)_28,093원/1GB_898,990","32GB(16Gx2)_27,969원/1GB_895,000","32GB(16Gx2)_27,968원/1GB_894,980","32GB(16Gx2)_27,968원/1GB_894,980","32GB(16Gx2)_27,968원/1GB_894,980"
18036608,G.SKILL DDR5-6800 CL34 TRIDENT Z5 RGB J 패키지,"32GB(16Gx2)_28,093원/1GB_898,990","32GB(16Gx2)_28,093원/1GB_898,990","32GB(16Gx2)_28,093원/1GB_898,990","32GB(16Gx2)_28,093원/1GB_898,990","32GB(16Gx2)_28,093원/1GB_898,990","32GB(16Gx2)_28,093원/1GB_898,990","32GB(16Gx2)_28,093원/1GB_898,990","32GB(16Gx2)_28,093원/1GB_898,990","32GB(16Gx2)_28,094원/1GB_899,000","32GB(16Gx2)_28,094원/1GB_899,000","32GB(16Gx2)_28,094원/1GB_899,000","32GB(16Gx2)_28,094원/1GB_899,000","32GB(16Gx2)_28,094원/1GB_899,000","32GB(16Gx2)_28,094원/1GB_899,000","32GB(16Gx2)_28,094원/1GB_899,000","32GB(16Gx2)_28,094원/1GB_899,000"
18036644,G.SKILL DDR5-7200 CL34 TRIDENT Z5 RGB J 실버 패키지,"32GB(16Gx2)_28,718원/1GB_918,990","32GB(16Gx2)_28,718원/1GB_918,990","32GB(16Gx2)_28,718원/1GB_918,990","32GB(16Gx2)_28,718원/1GB_918,990","32GB(16Gx2)_28,718원/1GB_918,990","32GB(16Gx2)_28,718원/1GB_918,990","32GB(16Gx2)_28,718원/1GB_918,990","32GB(16Gx2)_28,718원/1GB_918,990","32GB(16Gx2)_28,718원/1GB_918,990","32GB(16Gx2)_28,718원/1GB_918,990","32GB(16Gx2)_28,718원/1GB_918,990","32GB(16Gx2)_28,718원/1GB_918,990","32GB(16Gx2)_28,718원/1GB_918,990",0,0,0
20019989,G.SKILL DDR5-7200 CL36 TRIDENT Z5 RGB J 실버 패키지,"48GB(24Gx2)_23,958원/1GB_1,149,990","48GB(24Gx2)_23,958원/1GB_1,149,990","48GB(24Gx2)_23,958원/1GB_1,149,990","48GB(24Gx2)_23,958원/1GB_1,149,990","48GB(24Gx2)_23,958원/1GB_1,149,990","48GB(24Gx2)_23,958원/1GB_1,149,990","48GB(24Gx2)_23,958원/1GB_1,149,990","48GB(24Gx2)_23,958원/1GB_1,149,990","48GB(24Gx2)_23,958원/1GB_1,150,000","48GB(24Gx2)_23,958원/1GB_1,150,000","48GB(24Gx2)_23,958원/1GB_1,150,000","48GB(24Gx2)_23,958원/1GB_1,150,000","48GB(24Gx2)_23,958원/1GB_1,150,000","48GB(24Gx2)_23,958원/1GB_1,149,980","48GB(24Gx2)_23,958원/1GB_1,149,980","48GB(24Gx2)_23,958원/1GB_1,149,980"
18036659,G.SKILL DDR5-7600 CL36 TRIDENT Z5 RGB J 실버 패키지,"32GB(16Gx2)_29,183원/1GB_933,860","32GB(16Gx2)_29,183원/1GB_933,850","32GB(16Gx2)_29,183원/1GB_933,850","32GB(16Gx2)_29,183원/1GB_933,840","32GB(16Gx2)_29,183원/1GB_933,840","32GB(16Gx2)_29,183원/1GB_933,830","32GB(16Gx2)_29,183원/1GB_933,860","32GB(16Gx2)_29,183원/1GB_933,860","32GB(16Gx2)_29,184원/1GB_933,880","32GB(16Gx2)_29,184원/1GB_933,880","32GB(16Gx2)_29,184원/1GB_933,880","32GB(16Gx2)_29,184원/1GB_933,880","32GB(16Gx2)_29,141원/1GB_932,500","32GB(16Gx2)_29,140원/1GB_932,490","32GB(16Gx2)_29,140원/1GB_932,490","32GB(16Gx2)_29,140원/1GB_932,490"
18036662,G.SKILL DDR5-7600 CL36 TRIDENT Z5 RGB J 패키지,"32GB(16Gx2)_29,142원/1GB_932,550","32GB(16Gx2)_29,142원/1GB_932,540","32GB(16Gx2)_29,142원/1GB_932,540","32GB(16Gx2)_29,142원/1GB_932,530","32GB(16Gx2)_29,142원/1GB_932,530","32GB(16Gx2)_29,142원/1GB_932,530","32GB(16Gx2)_29,142원/1GB_932,550","32GB(16Gx2)_29,142원/1GB_932,550","32GB(16Gx2)_29,143원/1GB_932,560","32GB(16Gx2)_29,143원/1GB_932,560","32GB(16Gx2)_29,143원/1GB_932,560","32GB(16Gx2)_29,143원/1GB_932,560","32GB(16Gx2)_29,141원/1GB_932,500","32GB(16Gx2)_29,140원/1GB_932,490","32GB(16Gx2)_29,140원/1GB_932,490","32GB(16Gx2)_29,140원/1GB_932,490"
7954927,G.SKILL 노트북 DDR4-2666 CL19 RIPJAWS,"_16GB_10,628원/1GB_170,050|_8GB_8,094원/1GB_64,750","_16GB_10,628원/1GB_170,050|_8GB_8,094원/1GB_64,750",0,0,0,0,0,0,0,0,0,0,0,0,0,0
7954897,G.SKILL 노트북 DDR4-2666 CL19 RIPJAWS,0,0,"_16GB_10,628원/1GB_170,050|_8GB_8,094원/1GB_64,750","_16GB_10,628원/1GB_170,050|_8GB_10,688원/1GB_85,500","_16GB_10,628원/1GB_170,050|_8GB_10,688원/1GB_85,500","_16GB_10,628원/1GB_170,050|_8GB_10,688원/1GB_85,500","_16GB_10,516원/1GB_168,260|_8GB_10,575원/1GB_84,600","_16GB_10,516원/1GB_168,260|_8GB_10,575원/1GB_84,600","_16GB_11,188원/1GB_179,000|_8GB_11,250원/1GB_90,000","_16GB_11,188원/1GB_179,000|_8GB_11,250원/1GB_90,000","_16GB_11,188원/1GB_179,000|_8GB_11,250원/1GB_90,000","_16GB_11,188원/1GB_179,000|_8GB_11,250원/1GB_90,000","_16GB_10,583원/1GB_169,330|_8GB_10,643원/1GB_85,140","_16GB_10,628원/1GB_170,050|_8GB_8,094원/1GB_64,750","_16GB_10,628원/1GB_170,050|_8GB_8,094원/1GB_64,750","_16GB_10,628원/1GB_170,050|_8GB_8,094원/1GB_64,750"
12247271,G.SKILL 노트북 DDR4-3200 CL22 RIPJAWS,"_16GB_11,186원/1GB_178,980|_8GB_11,874원/1GB_94,990","_16GB_11,186원/1GB_178,980|_8GB_11,874원/1GB_94,990","_16GB_11,186원/1GB_178,980|_8GB_11,874원/1GB_94,990","_16GB_11,186원/1GB_178,980|_8GB_11,874원/1GB_94,990","_16GB_11,186원/1GB_178,980|_8GB_11,874원/1GB_94,990","_16GB_11,186원/1GB_178,980|_8GB_11,874원/1GB_94,990","_16GB_11,186원/1GB_178,980|_8GB_11,874원/1GB_94,990","_16GB_11,186원/1GB_178,980|_8GB_11,874원/1GB_94,990","_16GB_11,188원/1GB_179,000|_8GB_11,875원/1GB_95,000","_16GB_11,188원/1GB_179,000|_8GB_11,875원/1GB_95,000","_16GB_11,188원/1GB_179,000|_8GB_11,875원/1GB_95,000","_16GB_11,188원/1GB_179,000|_8GB_11,875원/1GB_95,000","_16GB_11,188원/1GB_179,000|_8GB_11,875원/1GB_95,000","_16GB_11,188원/1GB_179,000|_8GB_11,871원/1GB_94,970","_16GB_11,188원/1GB_179,000|_8GB_11,871원/1GB_94,970","_16GB_11,188원/1GB_179,000|_8GB_11,871원/1GB_94,970"
31050695,G.SKILL 노트북 DDR5-4800 CL40 RIPJAWS,"_32GB_21,219원/1GB_679,000|_16GB_21,500원/1GB_344,000","_32GB_21,219원/1GB_679,000|_16GB_21,500원/1GB_344,000","_32GB_21,219원/1GB_679,000|_16GB_21,500원/1GB_344,000","_32GB_21,219원/1GB_679,000|_16GB_21,500원/1GB_344,000",0,0,0,0,0,0,"_32GB_21,219원/1GB_679,000|_16GB_23,606원/1GB_377,700","_32GB_21,219원/1GB_679,000|_16GB_23,606원/1GB_377,700","_32GB_20,281원/1GB_649,000|_16GB_23,688원/1GB_379,000","_32GB_20,281원/1GB_649,000|_16GB_22,503원/1GB_360,050","_32GB_20,281원/1GB_649,000|_16GB_22,503원/1GB_360,050","_32GB_20,281원/1GB_649,000|_16GB_22,503원/1GB_360,050"
31050617,G.SKILL 노트북 DDR5-4800 CL40 RIPJAWS,0,0,0,0,"_32GB_21,219원/1GB_679,000|_16GB_21,500원/1GB_344,000","_32GB_21,219원/1GB_679,000|_16GB_21,500원/1GB_344,000","_32GB_21,219원/1GB_679,000|_16GB_21,500원/1GB_344,000","_32GB_21,219원/1GB_679,000|_16GB_21,500원/1GB_344,000","_32GB_21,219원/1GB_679,000|_16GB_21,500원/1GB_344,000","_32GB_21,219원/1GB_679,000|_16GB_21,500원/1GB_344,000",0,0,0,0,0,0
7076107,GLOWAY DDR4-3000 TYPE-B 패키지,0,0,0,0,0,0,0,0,0,0,"16GB(8Gx2)_9,503원/1GB_152,040","16GB(8Gx2)_9,503원/1GB_152,040","16GB(8Gx2)_9,503원/1GB_152,040","16GB(8Gx2)_9,503원/1GB_152,040","16GB(8Gx2)_9,498원/1GB_151,970","16GB(8Gx2)_9,496원/1GB_151,930"
105182120,GUDGA DDR4-3200 CL22,"_16GB_9,865원/1GB_157,840|_32GB_13,906원/1GB_445,000","_16GB_9,865원/1GB_157,840|_32GB_13,906원/1GB_445,000","_16GB_9,865원/1GB_157,840|_32GB_13,906원/1GB_445,000","_16GB_9,865원/1GB_157,840|_32GB_13,906원/1GB_445,000","_16GB_9,865원/1GB_157,840|_32GB_13,906원/1GB_445,000","_16GB_9,865원/1GB_157,840|_32GB_13,906원/1GB_445,000","_16GB_9,865원/1GB_157,840|_32GB_13,906원/1GB_445,000","_16GB_9,865원/1GB_157,840|_32GB_13,906원/1GB_445,000","_16GB_9,865원/1GB_157,840|_32GB_13,906원/1GB_445,000","_16GB_9,865원/1GB_157,840|_32GB_13,906원/1GB_445,000","_16GB_9,865원/1GB_157,840|_32GB_13,906원/1GB_445,000","_16GB_9,865원/1GB_157,840|_32GB_13,906원/1GB_445,000","_16GB_9,865원/1GB_157,840|_32GB_13,906원/1GB_445,000","_16GB_9,865원/1GB_157,840|_32GB_13,906원/1GB_445,000","_16GB_9,865원/1GB_157,840|_32GB_13,906원/1GB_445,000","_16GB_9,865원/1GB_157,840|_32GB_13,906원/1GB_445,000"
104949188,GUDGA DDR5-5600 CL46,"_16GB_19,562원/1GB_312,990|_8GB_18,500원/1GB_148,000","_16GB_19,562원/1GB_312,990|_8GB_18,500원/1GB_148,000","_16GB_19,562원/1GB_312,990|_8GB_18,500원/1GB_148,000","_16GB_19,562원/1GB_312,990|_8GB_18,500원/1GB_148,000","_16GB_19,562원/1GB_312,990|_8GB_18,500원/1GB_148,000","_16GB_19,562원/1GB_312,990|_8GB_18,500원/1GB_148,000","_16GB_19,562원/1GB_312,990|_8GB_18,500원/1GB_148,000","_16GB_19,562원/1GB_312,990|_8GB_18,500원/1GB_148,000","_16GB_19,562원/1GB_312,990|_8GB_18,500원/1GB_148,000","_16GB_19,562원/1GB_312,990|_8GB_18,500원/1GB_148,000","_16GB_19,562원/1GB_312,990|_8GB_18,500원/1GB_148,000","_16GB_19,562원/1GB_312,990|_8GB_18,500원/1GB_148,000","_16GB_19,562원/1GB_312,990|_8GB_18,500원/1GB_148,000","_16GB_19,562원/1GB_312,990|_8GB_18,500원/1GB_148,000","_16GB_19,562원/1GB_312,990|_8GB_18,500원/1GB_148,000","_16GB_19,562원/1GB_312,990|_8GB_18,500원/1GB_148,000"
106045574,GUDGA DDR5-5600 CL46,"_16GB_19,562원/1GB_312,990|_8GB_18,500원/1GB_148,000","_16GB_19,562원/1GB_312,990|_8GB_18,500원/1GB_148,000","_16GB_19,562원/1GB_312,990|_8GB_18,500원/1GB_148,000","_16GB_19,562원/1GB_312,990|_8GB_18,500원/1GB_148,000","_16GB_19,562원/1GB_312,990|_8GB_18,500원/1GB_148,000","_16GB_19,562원/1GB_312,990|_8GB_18,500원/1GB_148,000","_16GB_19,562원/1GB_312,990|_8GB_18,500원/1GB_148,000","_16GB_19,562원/1GB_312,990|_8GB_18,500원/1GB_148,000","_16GB_19,562원/1GB_312,990|_8GB_18,500원/1GB_148,000","_16GB_19,562원/1GB_312,990|_8GB_18,500원/1GB_148,000","_16GB_19,562원/1GB_312,990|_8GB_18,500원/1GB_148,000","_16GB_19,562원/1GB_312,990|_8GB_18,500원/1GB_148,000","_16GB_19,562원/1GB_312,990|_8GB_18,500원/1GB_148,000","_16GB_19,562원/1GB_312,990|_8GB_18,500원/1GB_148,000","_16GB_19,562원/1GB_312,990|_8GB_18,500원/1GB_148,000","_16GB_19,562원/1GB_312,990|_8GB_18,500원/1GB_148,000"
5528834,GeIL DDR4-2400 CL17 PRISTINE,"8GB_10,569원/1GB_84,550","8GB_10,569원/1GB_84,550","8GB_10,569원/1GB_84,550","8GB_10,569원/1GB_84,550","8GB_10,569원/1GB_84,550","8GB_10,569원/1GB_84,550","8GB_10,458원/1GB_83,660","8GB_10,458원/1GB_83,660","8GB_11,125원/1GB_89,000","8GB_11,125원/1GB_89,000","8GB_11,125원/1GB_89,000","8GB_11,125원/1GB_89,000","8GB_10,524원/1GB_84,190","8GB_10,569원/1GB_84,550","8GB_10,569원/1GB_84,550","8GB_10,569원/1GB_84,550"
6168338,GeIL DDR4-2666 CL19 PRISTINE,"_16GB_9,438원/1GB_151,010|_8GB_10,499원/1GB_83,990|4GB_10,625원/1GB_42,500","_16GB_9,438원/1GB_151,010|_8GB_10,499원/1GB_83,990|4GB_10,625원/1GB_42,500","_16GB_9,438원/1GB_151,010|_8GB_10,499원/1GB_83,990|4GB_10,625원/1GB_42,500","_16GB_9,438원/1GB_151,010|_8GB_10,499원/1GB_83,990|4GB_10,625원/1GB_42,500","_16GB_9,438원/1GB_151,010|_8GB_10,499원/1GB_83,990|4GB_10,625원/1GB_42,500","_16GB_9,438원/1GB_151,010|_8GB_10,499원/1GB_83,990|4GB_10,625원/1GB_42,500",0,0,0,0,"_16GB_9,439원/1GB_151,020|_8GB_10,500원/1GB_84,000|4GB_10,625원/1GB_42,500","_16GB_9,439원/1GB_151,020|_8GB_10,500원/1GB_84,000|4GB_10,625원/1GB_42,500","_16GB_9,439원/1GB_151,020|_8GB_10,500원/1GB_84,000|4GB_10,625원/1GB_42,500","_16GB_9,439원/1GB_151,020|_8GB_10,500원/1GB_84,000|4GB_10,625원/1GB_42,500","_16GB_9,439원/1GB_151,020|_8GB_10,500원/1GB_84,000|4GB_10,625원/1GB_42,500","_16GB_9,439원/1GB_151,020|_8GB_10,500원/1GB_84,000|4GB_10,625원/1GB_42,500"
6168351,GeIL DDR4-2666 CL19 PRISTINE,0,0,0,0,0,0,"_16GB_9,438원/1GB_151,010|_8GB_10,499원/1GB_83,990|4GB_10,625원/1GB_42,500","_16GB_9,438원/1GB_151,010|_8GB_10,499원/1GB_83,990|4GB_10,625원/1GB_42,500","_16GB_9,439원/1GB_151,020|_8GB_10,500원/1GB_84,000|4GB_10,625원/1GB_42,500","_16GB_9,439원/1GB_151,020|_8GB_10,500원/1GB_84,000|4GB_10,625원/1GB_42,500",0,0,0,0,0,0
6171958,GeIL DDR4-2666 CL19 SUPER LUCE RGB Sync 블랙,"8GB_10,500원/1GB_84,000","8GB_10,500원/1GB_84,000","8GB_10,500원/1GB_84,000","8GB_10,500원/1GB_84,000","8GB_10,500원/1GB_84,000","8GB_10,500원/1GB_84,000","8GB_10,500원/1GB_84,000","8GB_10,500원/1GB_84,000","8GB_10,500원/1GB_84,000","8GB_10,500원/1GB_84,000","8GB_10,500원/1GB_84,000","8GB_10,500원/1GB_84,000","8GB_10,500원/1GB_84,000","8GB_10,500원/1GB_84,000","8GB_10,500원/1GB_84,000","8GB_10,500원/1GB_84,000"
10859073,GeIL DDR4-3200 CL22 PRISTINE,"_16GB_11,875원/1GB_190,000|_8GB_13,300원/1GB_106,400","_16GB_11,875원/1GB_190,000|_8GB_13,300원/1GB_106,400","_16GB_11,875원/1GB_190,000|_8GB_13,300원/1GB_106,400","_16GB_11,875원/1GB_190,000|_8GB_13,300원/1GB_106,400","_16GB_11,875원/1GB_190,000|_8GB_13,300원/1GB_106,400","_16GB_11,875원/1GB_190,000|_8GB_13,300원/1GB_106,400","_16GB_11,750원/1GB_188,000|_8GB_13,160원/1GB_105,280","_16GB_11,750원/1GB_188,000|_8GB_13,160원/1GB_105,280","_16GB_12,499원/1GB_199,990|_8GB_13,688원/1GB_109,500","_16GB_12,499원/1GB_199,990|_8GB_13,688원/1GB_109,500","_16GB_12,499원/1GB_199,990|_8GB_13,688원/1GB_109,500","_16GB_12,499원/1GB_199,990|_8GB_13,688원/1GB_109,500","_16GB_11,825원/1GB_189,200|_8GB_13,244원/1GB_105,950","_16GB_11,875원/1GB_190,000|_8GB_13,300원/1GB_106,400","_16GB_11,875원/1GB_190,000|_8GB_13,300원/1GB_106,400","_16GB_11,875원/1GB_190,000|_8GB_13,300원/1GB_106,400"
14613242,GeIL DDR4-3600 CL18-22-22 SUPER LUCE RGB Sync 블랙 패키지,"16GB(8Gx2)_15,493원/1GB_247,880","16GB(8Gx2)_15,493원/1GB_247,880","16GB(8Gx2)_15,493원/1GB_247,880","16GB(8Gx2)_15,493원/1GB_247,880","16GB(8Gx2)_15,493원/1GB_247,880","16GB(8Gx2)_15,493원/1GB_247,880","16GB(8Gx2)_15,493원/1GB_247,880","16GB(8Gx2)_15,493원/1GB_247,880","16GB(8Gx2)_15,493원/1GB_247,880","16GB(8Gx2)_15,493원/1GB_247,880","16GB(8Gx2)_15,493원/1GB_247,880","16GB(8Gx2)_15,493원/1GB_247,880","16GB(8Gx2)_15,493원/1GB_247,880","16GB(8Gx2)_15,493원/1GB_247,880","16GB(8Gx2)_15,493원/1GB_247,880","16GB(8Gx2)_15,493원/1GB_247,880"
21695018,GeIL DDR5-4800 CL40 PRISTINE V,"16GB_19,772원/1GB_316,350","16GB_19,772원/1GB_316,350","16GB_19,772원/1GB_316,350","16GB_19,772원/1GB_316,350","16GB_19,772원/1GB_316,350","16GB_19,772원/1GB_316,350","16GB_19,564원/1GB_313,020","16GB_19,564원/1GB_313,020","16GB_20,306원/1GB_324,900","16GB_20,306원/1GB_324,900","16GB_20,306원/1GB_324,900","16GB_20,306원/1GB_324,900","16GB_20,306원/1GB_324,900","16GB_18,872원/1GB_301,950","16GB_18,872원/1GB_301,950","16GB_18,872원/1GB_301,950"
21695117,GeIL DDR5-5200 CL42 PRISTINE V,"16GB_333,640","16GB_333,640","16GB_333,640","16GB_333,640","16GB_333,640","16GB_333,640","16GB_333,640","16GB_333,640","16GB_333,640","16GB_333,640","16GB_333,640","16GB_333,640","16GB_333,640","16GB_333,640","16GB_333,640","16GB_333,640"
22169387,GeIL DDR5-5600 CL38 ORION V RGB 패키지,"32GB(16Gx2)_20,000원/1GB_640,000","32GB(16Gx2)_20,000원/1GB_640,000","32GB(16Gx2)_20,000원/1GB_640,000","32GB(16Gx2)_20,000원/1GB_640,000","32GB(16Gx2)_20,000원/1GB_640,000","32GB(16Gx2)_20,000원/1GB_640,000","32GB(16Gx2)_20,000원/1GB_640,000","32GB(16Gx2)_20,000원/1GB_640,000","32GB(16Gx2)_20,000원/1GB_640,000","32GB(16Gx2)_20,000원/1GB_640,000","32GB(16Gx2)_20,000원/1GB_640,000","32GB(16Gx2)_20,000원/1GB_640,000","32GB(16Gx2)_20,000원/1GB_640,000","32GB(16Gx2)_20,000원/1GB_640,000","32GB(16Gx2)_20,000원/1GB_640,000","32GB(16Gx2)_20,000원/1GB_640,000"
21695174,GeIL DDR5-5600 CL46 PRISTINE V,"16GB_19,000원/1GB_304,000","16GB_19,000원/1GB_304,000","16GB_19,000원/1GB_304,000","16GB_19,000원/1GB_304,000","16GB_19,000원/1GB_304,000","16GB_19,000원/1GB_304,000","16GB_18,800원/1GB_300,800","16GB_18,800원/1GB_300,800","16GB_19,357원/1GB_309,710","16GB_19,357원/1GB_309,710","16GB_19,388원/1GB_310,210","16GB_19,388원/1GB_310,210","16GB_19,388원/1GB_310,210","16GB_19,388원/1GB_310,210","16GB_19,388원/1GB_310,210","16GB_19,388원/1GB_310,210"
93446816,GeIL DDR5-6000 CL30 GEMINI RGB Gray 패키지,"32GB(16Gx2)_21,641원/1GB_692,500","32GB(16Gx2)_21,641원/1GB_692,500","32GB(16Gx2)_21,641원/1GB_692,500","32GB(16Gx2)_21,641원/1GB_692,500","32GB(16Gx2)_21,641원/1GB_692,500","32GB(16Gx2)_21,641원/1GB_692,500","32GB(16Gx2)_21,641원/1GB_692,500","32GB(16Gx2)_21,641원/1GB_692,500","32GB(16Gx2)_21,641원/1GB_692,500","32GB(16Gx2)_21,641원/1GB_692,500","32GB(16Gx2)_21,641원/1GB_692,500","32GB(16Gx2)_21,641원/1GB_692,500","32GB(16Gx2)_21,641원/1GB_692,500","32GB(16Gx2)_21,641원/1GB_692,500","32GB(16Gx2)_21,641원/1GB_692,500","32GB(16Gx2)_21,641원/1GB_692,500"
122725556,GeIL DDR5-6000 CL36 GEMINI RGB Gray 패키지,"32GB(16Gx2)_20,938원/1GB_670,000","32GB(16Gx2)_20,938원/1GB_670,000","32GB(16Gx2)_20,938원/1GB_670,000","32GB(16Gx2)_20,938원/1GB_670,000","32GB(16Gx2)_20,938원/1GB_670,000","32GB(16Gx2)_20,938원/1GB_670,000","32GB(16Gx2)_20,938원/1GB_670,000","32GB(16Gx2)_20,938원/1GB_670,000","32GB(16Gx2)_21,875원/1GB_700,000","32GB(16Gx2)_21,875원/1GB_700,000","32GB(16Gx2)_21,875원/1GB_700,000","32GB(16Gx2)_21,875원/1GB_700,000","32GB(16Gx2)_20,938원/1GB_670,000","32GB(16Gx2)_20,938원/1GB_670,000","32GB(16Gx2)_20,938원/1GB_670,000","32GB(16Gx2)_20,938원/1GB_670,000"
122725544,GeIL DDR5-6000 CL36 GEMINI RGB White 패키지,"32GB(16Gx2)_20,938원/1GB_670,000","32GB(16Gx2)_20,938원/1GB_670,000","32GB(16Gx2)_20,938원/1GB_670,000","32GB(16Gx2)_20,938원/1GB_670,000","32GB(16Gx2)_20,938원/1GB_670,000","32GB(16Gx2)_20,938원/1GB_670,000","32GB(16Gx2)_20,781원/1GB_665,000","32GB(16Gx2)_20,781원/1GB_665,000","32GB(16Gx2)_21,875원/1GB_700,000","32GB(16Gx2)_21,875원/1GB_700,000","32GB(16Gx2)_21,875원/1GB_700,000","32GB(16Gx2)_21,875원/1GB_700,000","32GB(16Gx2)_20,938원/1GB_670,000","32GB(16Gx2)_20,938원/1GB_670,000","32GB(16Gx2)_20,938원/1GB_670,000","32GB(16Gx2)_20,938원/1GB_670,000"
103599704,GeIL DDR5-6000 CL36 ORION V RGB WHITE 패키지,"32GB(16Gx2)_20,313원/1GB_650,000","32GB(16Gx2)_20,313원/1GB_650,000","32GB(16Gx2)_20,313원/1GB_650,000","32GB(16Gx2)_20,313원/1GB_650,000","32GB(16Gx2)_20,313원/1GB_650,000","32GB(16Gx2)_20,313원/1GB_650,000","32GB(16Gx2)_20,313원/1GB_650,000","32GB(16Gx2)_20,313원/1GB_650,000","32GB(16Gx2)_20,781원/1GB_665,000","32GB(16Gx2)_20,781원/1GB_665,000","32GB(16Gx2)_20,781원/1GB_665,000","32GB(16Gx2)_20,781원/1GB_665,000","32GB(16Gx2)_20,313원/1GB_650,000","32GB(16Gx2)_20,313원/1GB_650,000","32GB(16Gx2)_20,313원/1GB_650,000","32GB(16Gx2)_20,313원/1GB_650,000"
103416014,GeIL DDR5-6000 CL36 ORION V RGB 패키지,"32GB(16Gx2)_19,766원/1GB_632,500","32GB(16Gx2)_19,688원/1GB_630,000","32GB(16Gx2)_19,688원/1GB_630,000","32GB(16Gx2)_19,609원/1GB_627,500","32GB(16Gx2)_19,609원/1GB_627,500","32GB(16Gx2)_19,609원/1GB_627,500","32GB(16Gx2)_20,078원/1GB_642,500","32GB(16Gx2)_20,078원/1GB_642,500","32GB(16Gx2)_19,453원/1GB_622,500","32GB(16Gx2)_19,453원/1GB_622,500","32GB(16Gx2)_20,000원/1GB_640,000","32GB(16Gx2)_19,844원/1GB_635,000","32GB(16Gx2)_19,531원/1GB_625,000","32GB(16Gx2)_19,375원/1GB_620,000","32GB(16Gx2)_19,375원/1GB_620,000","32GB(16Gx2)_20,313원/1GB_650,000"
97124186,GeIL DDR5-6000 CL38 GEMINI RGB White 패키지,"32GB(16Gx2)_21,641원/1GB_692,500","32GB(16Gx2)_21,641원/1GB_692,500","32GB(16Gx2)_21,641원/1GB_692,500","32GB(16Gx2)_21,641원/1GB_692,500","32GB(16Gx2)_21,641원/1GB_692,500",0,0,0,0,0,0,0,0,0,0,0
11682743,GeIL 노트북 DDR4-3200 CL22,"_16GB_10,628원/1GB_170,050|_8GB_9,738원/1GB_77,900","_16GB_10,628원/1GB_170,050|_8GB_9,738원/1GB_77,900","_16GB_10,628원/1GB_170,050|_8GB_9,738원/1GB_77,900","_16GB_10,628원/1GB_170,050|_8GB_9,738원/1GB_77,900",0,0,0,0,0,0,0,0,0,0,0,0
11682767,GeIL 노트북 DDR4-3200 CL22,0,0,0,0,"_16GB_10,628원/1GB_170,050|_8GB_9,738원/1GB_77,900","_16GB_10,628원/1GB_170,050|_8GB_9,738원/1GB_77,900","_16GB_10,516원/1GB_168,260|_8GB_9,635원/1GB_77,080","_16GB_10,516원/1GB_168,260|_8GB_9,635원/1GB_77,080","_16GB_11,188원/1GB_179,000|_8GB_10,173원/1GB_81,380","_16GB_11,188원/1GB_179,000|_8GB_10,171원/1GB_81,370","_16GB_11,188원/1GB_179,000|_8GB_10,163원/1GB_81,300","_16GB_11,188원/1GB_179,000|_8GB_10,161원/1GB_81,290","_16GB_10,583원/1GB_169,330|_8GB_9,696원/1GB_77,570","_16GB_10,628원/1GB_170,050|_8GB_9,738원/1GB_77,900","_16GB_10,628원/1GB_170,050|_8GB_9,738원/1GB_77,900","_16GB_10,628원/1GB_170,050|_8GB_9,738원/1GB_77,900"
97365275,GeIL 노트북 DDR5-5600 CL46,"16GB_20,188원/1GB_323,000","16GB_20,188원/1GB_323,000","16GB_20,188원/1GB_323,000","16GB_20,188원/1GB_323,000","16GB_20,188원/1GB_323,000","16GB_20,188원/1GB_323,000","16GB_19,975원/1GB_319,600","16GB_19,975원/1GB_319,600","16GB_21,188원/1GB_339,000","16GB_21,188원/1GB_339,000","16GB_21,188원/1GB_339,000","16GB_21,188원/1GB_339,000","16GB_21,188원/1GB_339,000","16GB_20,188원/1GB_323,000","16GB_20,188원/1GB_323,000","16GB_20,188원/1GB_323,000"
28775711,HIKSEMI DDR4-3200 CL18 HIKER,"_8GB_9,250원/1GB_74,000|_16GB_8,563원/1GB_137,000","_8GB_9,250원/1GB_74,000|_16GB_8,563원/1GB_137,000","_8GB_9,250원/1GB_74,000|_16GB_8,563원/1GB_137,000","_8GB_9,250원/1GB_74,000|_16GB_8,563원/1GB_137,000","_8GB_9,250원/1GB_74,000|_16GB_8,562원/1GB_136,990","_8GB_9,250원/1GB_74,000|_16GB_8,563원/1GB_137,000","_8GB_9,250원/1GB_74,000|_16GB_8,563원/1GB_137,000","_8GB_9,250원/1GB_74,000|_16GB_8,563원/1GB_137,000","_8GB_9,249원/1GB_73,990|_16GB_8,718원/1GB_139,490","_8GB_9,249원/1GB_73,990|_16GB_8,718원/1GB_139,490","_8GB_9,249원/1GB_73,990|_16GB_8,718원/1GB_139,490","_8GB_9,249원/1GB_73,990|_16GB_8,718원/1GB_139,490","_8GB_9,249원/1GB_73,990|_16GB_8,718원/1GB_139,490","_8GB_9,249원/1GB_73,990|_16GB_8,625원/1GB_138,000","_8GB_9,249원/1GB_73,990|_16GB_8,625원/1GB_138,000","_8GB_9,249원/1GB_73,990|_16GB_8,625원/1GB_138,000"
97841867,HIKSEMI DDR4-3200 CL18 HIKER 중고,"16GB_8,125원/1GB_130,000","16GB_8,125원/1GB_130,000","16GB_8,125원/1GB_130,000","16GB_8,125원/1GB_130,000","16GB_8,125원/1GB_130,000","16GB_8,125원/1GB_130,000","16GB_8,125원/1GB_130,000","16GB_8,125원/1GB_130,000","16GB_8,125원/1GB_130,000","16GB_8,125원/1GB_130,000","16GB_8,125원/1GB_130,000","16GB_8,125원/1GB_130,000","16GB_8,125원/1GB_130,000","16GB_8,125원/1GB_130,000","16GB_8,125원/1GB_130,000","16GB_8,125원/1GB_130,000"
96426677,HIKSEMI DDR5-5600 CL46 HIKER,"16GB_23,063원/1GB_369,000","16GB_23,063원/1GB_369,000","16GB_23,063원/1GB_369,000","16GB_23,063원/1GB_369,000","16GB_23,063원/1GB_369,000","16GB_23,063원/1GB_369,000","16GB_23,063원/1GB_369,000","16GB_23,063원/1GB_369,000","16GB_23,063원/1GB_369,000","16GB_23,063원/1GB_369,000","16GB_23,063원/1GB_369,000","16GB_23,063원/1GB_369,000","16GB_23,063원/1GB_369,000","16GB_23,063원/1GB_369,000","16GB_23,063원/1GB_369,000","16GB_23,063원/1GB_369,000"
100691795,HIKSEMI DDR5-6000 CL38 FUTURE RGB BLACK 패키지,"32GB(16Gx2)_23,925원/1GB_765,600","32GB(16Gx2)_23,925원/1GB_765,600","32GB(16Gx2)_23,925원/1GB_765,600","32GB(16Gx2)_23,925원/1GB_765,600","32GB(16Gx2)_23,925원/1GB_765,600","32GB(16Gx2)_23,925원/1GB_765,600","32GB(16Gx2)_23,925원/1GB_765,600","32GB(16Gx2)_23,925원/1GB_765,600","32GB(16Gx2)_23,925원/1GB_765,600","32GB(16Gx2)_23,925원/1GB_765,600","32GB(16Gx2)_25,000원/1GB_800,000","32GB(16Gx2)_25,000원/1GB_800,000","32GB(16Gx2)_25,000원/1GB_800,000","32GB(16Gx2)_25,000원/1GB_800,000","32GB(16Gx2)_25,000원/1GB_800,000","32GB(16Gx2)_25,000원/1GB_800,000"
100691819,HIKSEMI DDR5-6000 CL38 FUTURE RGB WHITE 패키지,"32GB(16Gx2)_24,453원/1GB_782,500","32GB(16Gx2)_24,453원/1GB_782,500","32GB(16Gx2)_24,453원/1GB_782,500","32GB(16Gx2)_24,453원/1GB_782,500","32GB(16Gx2)_24,453원/1GB_782,500","32GB(16Gx2)_24,453원/1GB_782,500","32GB(16Gx2)_24,453원/1GB_782,500","32GB(16Gx2)_24,453원/1GB_782,500","32GB(16Gx2)_24,453원/1GB_782,500","32GB(16Gx2)_24,453원/1GB_782,500","32GB(16Gx2)_25,000원/1GB_800,000","32GB(16Gx2)_25,000원/1GB_800,000","32GB(16Gx2)_25,000원/1GB_800,000","32GB(16Gx2)_25,000원/1GB_800,000","32GB(16Gx2)_25,000원/1GB_800,000","32GB(16Gx2)_25,000원/1GB_800,000"
13254080,HP DDR3-1333 중고,"4GB_3,450원/1GB_13,800","4GB_3,450원/1GB_13,800","4GB_3,450원/1GB_13,800","4GB_3,450원/1GB_13,800","4GB_3,450원/1GB_13,800","4GB_3,450원/1GB_13,800","4GB_3,450원/1GB_13,800","4GB_3,450원/1GB_13,800","4GB_3,450원/1GB_13,800","4GB_3,450원/1GB_13,800","4GB_3,450원/1GB_13,800","4GB_3,450원/1GB_13,800","4GB_3,450원/1GB_13,800","4GB_3,450원/1GB_13,800","4GB_3,450원/1GB_13,800","4GB_3,450원/1GB_13,800"
67679339,KingSpec 노트북 DDR5-5600 CL40,"16GB_18,938원/1GB_303,000","16GB_18,938원/1GB_303,000","16GB_18,938원/1GB_303,000","16GB_18,938원/1GB_303,000","16GB_18,938원/1GB_303,000","16GB_18,938원/1GB_303,000","16GB_18,938원/1GB_303,000","16GB_18,938원/1GB_303,000",0,0,0,0,0,0,0,0
13723196,OLOy DDR4-3600 CL18 BLADE RGB Black 패키지,"32GB(16Gx2)_12,625원/1GB_404,000","32GB(16Gx2)_12,625원/1GB_404,000","32GB(16Gx2)_12,625원/1GB_404,000","32GB(16Gx2)_12,625원/1GB_404,000","32GB(16Gx2)_12,625원/1GB_404,000","32GB(16Gx2)_12,625원/1GB_404,000","32GB(16Gx2)_12,625원/1GB_404,000","32GB(16Gx2)_12,625원/1GB_404,000","32GB(16Gx2)_12,625원/1GB_404,000","32GB(16Gx2)_12,625원/1GB_404,000","32GB(16Gx2)_12,625원/1GB_404,000","32GB(16Gx2)_12,625원/1GB_404,000","32GB(16Gx2)_12,625원/1GB_404,000","32GB(16Gx2)_12,625원/1GB_404,000","32GB(16Gx2)_12,625원/1GB_404,000","32GB(16Gx2)_12,625원/1GB_404,000"
100700609,OLOy DDR5-5200 CL36 BLADE RGB BLACK 패키지 올로코리아,"32GB(16Gx2)_21,875원/1GB_700,000","32GB(16Gx2)_21,875원/1GB_700,000","32GB(16Gx2)_21,875원/1GB_700,000","32GB(16Gx2)_21,875원/1GB_700,000","32GB(16Gx2)_21,875원/1GB_700,000","32GB(16Gx2)_21,875원/1GB_700,000","32GB(16Gx2)_21,875원/1GB_700,000","32GB(16Gx2)_21,875원/1GB_700,000","32GB(16Gx2)_21,875원/1GB_700,000","32GB(16Gx2)_21,875원/1GB_700,000","32GB(16Gx2)_21,875원/1GB_700,000","32GB(16Gx2)_21,875원/1GB_700,000","32GB(16Gx2)_21,875원/1GB_700,000","32GB(16Gx2)_21,875원/1GB_700,000","32GB(16Gx2)_21,875원/1GB_700,000","32GB(16Gx2)_21,875원/1GB_700,000"
122637031,OLOy DDR5-5600 CL36 BLADE RGB MIRROR 패키지 올로코리아,"32GB(16Gx2)_40,773원/1GB_652,360","32GB(16Gx2)_40,773원/1GB_652,360","32GB(16Gx2)_40,773원/1GB_652,360","32GB(16Gx2)_40,773원/1GB_652,360","32GB(16Gx2)_40,773원/1GB_652,360","32GB(16Gx2)_40,773원/1GB_652,360","32GB(16Gx2)_40,773원/1GB_652,360","32GB(16Gx2)_40,773원/1GB_652,360","32GB(16Gx2)_41,212원/1GB_659,390","32GB(16Gx2)_41,212원/1GB_659,390","32GB(16Gx2)_41,212원/1GB_659,390","32GB(16Gx2)_41,212원/1GB_659,390","32GB(16Gx2)_41,212원/1GB_659,390","32GB(16Gx2)_41,212원/1GB_659,390","32GB(16Gx2)_41,212원/1GB_659,390","32GB(16Gx2)_41,212원/1GB_659,390"
100700621,OLOy DDR5-5600 CL40 BLADE RGB BLACK 패키지 올로코리아,"32GB(16Gx2)_21,255원/1GB_680,170","32GB(16Gx2)_21,255원/1GB_680,170","32GB(16Gx2)_21,255원/1GB_680,170","32GB(16Gx2)_21,255원/1GB_680,170","32GB(16Gx2)_21,255원/1GB_680,170","32GB(16Gx2)_21,255원/1GB_680,170","32GB(16Gx2)_21,255원/1GB_680,170","32GB(16Gx2)_21,255원/1GB_680,170","32GB(16Gx2)_21,255원/1GB_680,170","32GB(16Gx2)_21,255원/1GB_680,170","32GB(16Gx2)_21,255원/1GB_680,170","32GB(16Gx2)_21,255원/1GB_680,170","32GB(16Gx2)_21,255원/1GB_680,170","32GB(16Gx2)_21,255원/1GB_680,170","32GB(16Gx2)_21,255원/1GB_680,170","32GB(16Gx2)_21,255원/1GB_680,170"
106694813,OLOy DDR5-6000 CL32 BLADE Black 패키지 올로코리아,"32GB(16Gx2)_21,966원/1GB_702,900","32GB(16Gx2)_21,966원/1GB_702,900","32GB(16Gx2)_21,966원/1GB_702,900","32GB(16Gx2)_21,966원/1GB_702,900","32GB(16Gx2)_21,966원/1GB_702,900","32GB(16Gx2)_21,966원/1GB_702,900","32GB(16Gx2)_21,966원/1GB_702,900","32GB(16Gx2)_21,966원/1GB_702,900","32GB(16Gx2)_21,966원/1GB_702,900","32GB(16Gx2)_21,966원/1GB_702,900","32GB(16Gx2)_21,966원/1GB_702,900","32GB(16Gx2)_21,966원/1GB_702,900","32GB(16Gx2)_21,966원/1GB_702,900","32GB(16Gx2)_21,966원/1GB_702,900","32GB(16Gx2)_21,966원/1GB_702,900","32GB(16Gx2)_21,966원/1GB_702,900"
17770829,OLOy DDR5-6000 CL32 BLADE RGB MIRROR 패키지 올로코리아,"32GB(16Gx2)_22,098원/1GB_707,150","32GB(16Gx2)_22,098원/1GB_707,150","32GB(16Gx2)_22,098원/1GB_707,150","32GB(16Gx2)_22,098원/1GB_707,150","32GB(16Gx2)_22,098원/1GB_707,150","32GB(16Gx2)_22,098원/1GB_707,150","32GB(16Gx2)_22,098원/1GB_707,150","32GB(16Gx2)_22,098원/1GB_707,150","32GB(16Gx2)_22,098원/1GB_707,150","32GB(16Gx2)_22,098원/1GB_707,150","32GB(16Gx2)_22,098원/1GB_707,150","32GB(16Gx2)_22,098원/1GB_707,150","32GB(16Gx2)_22,098원/1GB_707,150","32GB(16Gx2)_22,098원/1GB_707,150","32GB(16Gx2)_22,098원/1GB_707,150","32GB(16Gx2)_22,098원/1GB_707,150"
104938637,OLOy DDR5-6000 CL36 BLADE BLACK 패키지 올로코리아,"32GB(16Gx2)_20,282원/1GB_649,010","32GB(16Gx2)_20,282원/1GB_649,010","32GB(16Gx2)_20,282원/1GB_649,010","32GB(16Gx2)_20,282원/1GB_649,010","32GB(16Gx2)_20,282원/1GB_649,010","32GB(16Gx2)_20,282원/1GB_649,010","32GB(16Gx2)_20,282원/1GB_649,010","32GB(16Gx2)_20,282원/1GB_649,010","32GB(16Gx2)_20,282원/1GB_649,010","32GB(16Gx2)_20,282원/1GB_649,010","32GB(16Gx2)_20,282원/1GB_649,010","32GB(16Gx2)_20,282원/1GB_649,010","32GB(16Gx2)_20,282원/1GB_649,010","32GB(16Gx2)_20,282원/1GB_649,010","32GB(16Gx2)_20,282원/1GB_649,010","32GB(16Gx2)_20,282원/1GB_649,010"
104938703,OLOy DDR5-6800 CL32 BLADE BLACK 패키지 올로코리아,"32GB(16Gx2)_21,031원/1GB_672,980","32GB(16Gx2)_21,031원/1GB_672,980","32GB(16Gx2)_21,031원/1GB_672,980","32GB(16Gx2)_21,031원/1GB_672,980","32GB(16Gx2)_21,031원/1GB_672,980","32GB(16Gx2)_21,031원/1GB_672,980","32GB(16Gx2)_21,031원/1GB_672,980","32GB(16Gx2)_21,031원/1GB_672,980","32GB(16Gx2)_21,031원/1GB_672,980","32GB(16Gx2)_21,031원/1GB_672,980","32GB(16Gx2)_21,031원/1GB_672,980","32GB(16Gx2)_21,031원/1GB_672,980","32GB(16Gx2)_21,031원/1GB_672,980","32GB(16Gx2)_21,031원/1GB_672,980","32GB(16Gx2)_21,031원/1GB_672,980","32GB(16Gx2)_21,031원/1GB_672,980"
18920459,OLOy DDR5-7600 CL36 BLADE RGB MIRROR 패키지 올로코리아,"32GB(16Gx2)_27,253원/1GB_872,100","32GB(16Gx2)_27,253원/1GB_872,100","32GB(16Gx2)_27,253원/1GB_872,080","32GB(16Gx2)_27,253원/1GB_872,080","32GB(16Gx2)_27,253원/1GB_872,080","32GB(16Gx2)_27,253원/1GB_872,080","32GB(16Gx2)_27,253원/1GB_872,080","32GB(16Gx2)_27,253원/1GB_872,080","32GB(16Gx2)_27,252원/1GB_872,060","32GB(16Gx2)_27,252원/1GB_872,060","32GB(16Gx2)_27,251원/1GB_872,040","32GB(16Gx2)_27,251원/1GB_872,040","32GB(16Gx2)_27,251원/1GB_872,020","32GB(16Gx2)_27,251원/1GB_872,020","32GB(16Gx2)_27,251원/1GB_872,020","32GB(16Gx2)_27,251원/1GB_872,020"
107983655,OSCOO DDR5-5600 CL46 아스크텍,"_16GB_18,588원/1GB_297,410|_8GB_19,429원/1GB_155,430","_16GB_18,586원/1GB_297,370|_8GB_19,424원/1GB_155,390","_16GB_18,586원/1GB_297,370|_8GB_19,414원/1GB_155,310","_16GB_18,586원/1GB_297,370|_8GB_19,410원/1GB_155,280","_16GB_18,579원/1GB_297,270|_8GB_19,398원/1GB_155,170","_16GB_18,579원/1GB_297,260|_8GB_19,396원/1GB_155,170","_16GB_18,594원/1GB_297,500|_8GB_19,439원/1GB_155,510","_16GB_18,594원/1GB_297,500|_8GB_19,439원/1GB_155,510","_16GB_18,594원/1GB_297,500|_8GB_19,439원/1GB_155,510","_16GB_18,594원/1GB_297,500|_8GB_19,439원/1GB_155,510","_16GB_19,050원/1GB_304,800|_8GB_19,439원/1GB_155,510","_16GB_19,375원/1GB_310,000|_8GB_19,439원/1GB_155,510","_16GB_19,375원/1GB_310,000|_8GB_19,439원/1GB_155,510","_16GB_19,375원/1GB_310,000|_8GB_19,439원/1GB_155,510","_16GB_19,375원/1GB_310,000|_8GB_19,439원/1GB_155,510","_16GB_19,375원/1GB_310,000|_8GB_19,439원/1GB_155,510"
107983472,OSCOO DDR5-5600 CL46 아스크텍,"_16GB_18,588원/1GB_297,410|_8GB_19,429원/1GB_155,430","_16GB_18,586원/1GB_297,370|_8GB_19,424원/1GB_155,390","_16GB_18,586원/1GB_297,370|_8GB_19,414원/1GB_155,310","_16GB_18,586원/1GB_297,370|_8GB_19,410원/1GB_155,280","_16GB_18,579원/1GB_297,270|_8GB_19,398원/1GB_155,170","_16GB_18,579원/1GB_297,260|_8GB_19,396원/1GB_155,170","_16GB_18,594원/1GB_297,500|_8GB_19,439원/1GB_155,510","_16GB_18,594원/1GB_297,500|_8GB_19,439원/1GB_155,510","_16GB_18,594원/1GB_297,500|_8GB_19,439원/1GB_155,510","_16GB_18,594원/1GB_297,500|_8GB_19,439원/1GB_155,510",0,0,"_16GB_19,375원/1GB_310,000|_8GB_19,439원/1GB_155,510","_16GB_19,375원/1GB_310,000|_8GB_19,439원/1GB_155,510","_16GB_19,375원/1GB_310,000|_8GB_19,439원/1GB_155,510","_16GB_19,375원/1GB_310,000|_8GB_19,439원/1GB_155,510"
18452165,PATRIOT DDR3-1600 CL11 SIGNATURE,"4GB_2,750원/1GB_11,000","4GB_2,750원/1GB_11,000","4GB_2,750원/1GB_11,000","4GB_2,750원/1GB_11,000","4GB_2,750원/1GB_11,000","4GB_2,750원/1GB_11,000","4GB_2,750원/1GB_11,000","4GB_2,750원/1GB_11,000","4GB_2,750원/1GB_11,000",0,0,0,0,0,0,0
8607236,PATRIOT DDR4-2666 CL19 SIGNATURE,0,0,0,0,0,0,0,0,"_16GB_11,250원/1GB_180,000|_4GB_11,000원/1GB_44,000","_16GB_11,250원/1GB_180,000|_4GB_11,000원/1GB_44,000","_16GB_11,250원/1GB_180,000|_4GB_11,000원/1GB_44,000","_16GB_11,250원/1GB_180,000|_4GB_11,000원/1GB_44,000","_16GB_11,250원/1GB_180,000|_4GB_11,000원/1GB_44,000","_16GB_11,250원/1GB_180,000|_4GB_11,000원/1GB_44,000",0,0
8607056,PATRIOT DDR4-2666 CL19 SIGNATURE,0,0,0,0,0,0,0,0,0,0,0,0,0,0,"_16GB_11,250원/1GB_180,000|_4GB_11,000원/1GB_44,000","_16GB_11,250원/1GB_180,000|_4GB_11,000원/1GB_44,000"
11445216,PATRIOT DDR4-3200 CL22 SIGNATURE,"32GB_13,250원/1GB_424,000|_16GB_10,430원/1GB_166,880|_8GB_10,685원/1GB_85,480","32GB_13,250원/1GB_424,000|_16GB_10,429원/1GB_166,870|_8GB_10,685원/1GB_85,480","32GB_13,250원/1GB_424,000|_16GB_10,429원/1GB_166,870|_8GB_10,685원/1GB_85,480","32GB_13,250원/1GB_424,000|_16GB_10,429원/1GB_166,870|_8GB_10,685원/1GB_85,480","32GB_13,250원/1GB_424,000|_16GB_10,426원/1GB_166,820|_8GB_10,685원/1GB_85,480","32GB_13,250원/1GB_424,000|_16GB_10,426원/1GB_166,820|_8GB_10,685원/1GB_85,480","32GB_13,250원/1GB_424,000|_16GB_10,426원/1GB_166,810|_8GB_10,685원/1GB_85,480","32GB_13,250원/1GB_424,000|_16GB_10,426원/1GB_166,810|_8GB_10,685원/1GB_85,480","32GB_13,250원/1GB_424,000|_16GB_10,426원/1GB_166,810|_8GB_10,685원/1GB_85,480","32GB_13,250원/1GB_424,000|_16GB_10,426원/1GB_166,810|_8GB_10,685원/1GB_85,480","32GB_13,250원/1GB_424,000|_16GB_10,426원/1GB_166,810|_8GB_10,685원/1GB_85,480","32GB_13,250원/1GB_424,000|_16GB_10,426원/1GB_166,810|_8GB_10,685원/1GB_85,480","32GB_13,250원/1GB_424,000|_16GB_10,426원/1GB_166,810|_8GB_10,685원/1GB_85,480","32GB_13,250원/1GB_424,000|_16GB_10,426원/1GB_166,810|_8GB_10,685원/1GB_85,480",0,0
11445204,PATRIOT DDR4-3200 CL22 SIGNATURE,0,0,0,0,0,0,0,0,0,0,0,0,0,0,"32GB_13,250원/1GB_424,000|_16GB_10,426원/1GB_166,810|_8GB_10,685원/1GB_85,480","32GB_13,250원/1GB_424,000|_16GB_10,426원/1GB_166,810|_8GB_10,685원/1GB_85,480"
32041928,PATRIOT DDR5-4800 CL40 SIGNATURE,"32GB_14,415원/1GB_461,290","32GB_14,415원/1GB_461,290","32GB_14,415원/1GB_461,290","32GB_14,415원/1GB_461,290","32GB_14,415원/1GB_461,290","32GB_14,415원/1GB_461,290","32GB_14,415원/1GB_461,290","32GB_14,415원/1GB_461,290","32GB_14,415원/1GB_461,290","32GB_14,415원/1GB_461,290","32GB_14,415원/1GB_461,290","32GB_14,415원/1GB_461,290","32GB_14,415원/1GB_461,290","32GB_14,415원/1GB_461,290","32GB_14,415원/1GB_461,290","32GB_14,415원/1GB_461,290"
71501129,PATRIOT DDR5-5600 CL36 VIPER Elite 5 RGB,"32GB_21,091원/1GB_674,910","32GB_21,091원/1GB_674,910","32GB_21,091원/1GB_674,910","32GB_21,091원/1GB_674,910","32GB_21,091원/1GB_674,910","32GB_21,091원/1GB_674,910","32GB_21,091원/1GB_674,910","32GB_21,091원/1GB_674,910","32GB_21,091원/1GB_674,910","32GB_21,091원/1GB_674,910","32GB_21,091원/1GB_674,910","32GB_21,091원/1GB_674,910","32GB_21,091원/1GB_674,910","32GB_21,091원/1GB_674,910","32GB_21,091원/1GB_674,910","32GB_21,091원/1GB_674,910"
57709760,PATRIOT DDR5-5600 CL46 EVO,"8GB_21,095원/1GB_168,760","8GB_21,094원/1GB_168,750","8GB_21,094원/1GB_168,750","8GB_21,094원/1GB_168,750","8GB_21,089원/1GB_168,710","8GB_21,088원/1GB_168,700","8GB_21,089원/1GB_168,710","8GB_21,089원/1GB_168,710","8GB_21,089원/1GB_168,710","8GB_21,089원/1GB_168,710","_16GB_일시품절|_8GB_21,089원/1GB_168,710","8GB_21,089원/1GB_168,710","8GB_21,089원/1GB_168,710","8GB_21,089원/1GB_168,710","8GB_21,089원/1GB_168,710","8GB_21,089원/1GB_168,710"
19390859,PATRIOT DDR5-5600 CL46 SIGNATURE,"16GB_19,593원/1GB_313,480","16GB_19,593원/1GB_313,480","16GB_19,593원/1GB_313,480","16GB_19,593원/1GB_313,480","16GB_19,593원/1GB_313,480","16GB_19,593원/1GB_313,480","16GB_19,593원/1GB_313,480","16GB_19,593원/1GB_313,480","16GB_20,124원/1GB_321,980","16GB_20,000원/1GB_320,000","16GB_20,000원/1GB_320,000","16GB_20,000원/1GB_320,000","16GB_20,000원/1GB_320,000","16GB_20,000원/1GB_320,000","16GB_20,000원/1GB_320,000","16GB_20,000원/1GB_320,000"
98783168,PATRIOT DDR5-5600 CL46 SIGNATURE CORE,"64GB_21,875원/1GB_1,399,980","64GB_21,875원/1GB_1,399,980","64GB_21,875원/1GB_1,399,980","64GB_21,875원/1GB_1,399,980","64GB_21,875원/1GB_1,399,980","64GB_21,875원/1GB_1,399,980","64GB_21,875원/1GB_1,399,980","64GB_21,875원/1GB_1,399,980","64GB_21,875원/1GB_1,399,980","64GB_21,875원/1GB_1,399,980",0,0,0,0,0,0
99946529,PATRIOT DDR5-5600 CL46 SIGNATURE PREMIUM 블랙,"8GB_22,365원/1GB_178,920","8GB_22,364원/1GB_178,910","8GB_22,364원/1GB_178,910","8GB_22,365원/1GB_178,920","8GB_22,353원/1GB_178,820","8GB_22,350원/1GB_178,800","8GB_22,349원/1GB_178,790","8GB_22,349원/1GB_178,790","8GB_22,348원/1GB_178,780","8GB_22,348원/1GB_178,780","8GB_22,348원/1GB_178,780","8GB_22,348원/1GB_178,780","8GB_22,348원/1GB_178,780","8GB_22,724원/1GB_181,790","8GB_22,724원/1GB_181,790","8GB_22,724원/1GB_181,790"
95056655,PATRIOT DDR5-6000 CL28 VIPER Elite 5 ULTRA RGB 패키지,"32GB(16Gx2)_24,706원/1GB_790,600","32GB(16Gx2)_24,706원/1GB_790,600","32GB(16Gx2)_24,706원/1GB_790,600","32GB(16Gx2)_24,706원/1GB_790,600","32GB(16Gx2)_24,706원/1GB_790,600","32GB(16Gx2)_24,706원/1GB_790,600","32GB(16Gx2)_24,706원/1GB_790,600","32GB(16Gx2)_24,706원/1GB_790,600","32GB(16Gx2)_24,706원/1GB_790,600","32GB(16Gx2)_24,706원/1GB_790,600","32GB(16Gx2)_24,706원/1GB_790,600","32GB(16Gx2)_24,706원/1GB_790,600","32GB(16Gx2)_24,706원/1GB_790,600","32GB(16Gx2)_24,706원/1GB_790,600","32GB(16Gx2)_24,706원/1GB_790,600","32GB(16Gx2)_24,706원/1GB_790,600"
95057237,PATRIOT DDR5-6000 CL28 VIPER Elite 5 ULTRA 패키지,"32GB(16Gx2)_24,066원/1GB_770,100","32GB(16Gx2)_24,066원/1GB_770,100","32GB(16Gx2)_24,066원/1GB_770,100","32GB(16Gx2)_24,066원/1GB_770,100","32GB(16Gx2)_24,066원/1GB_770,100","32GB(16Gx2)_24,066원/1GB_770,100","32GB(16Gx2)_24,066원/1GB_770,100","32GB(16Gx2)_24,066원/1GB_770,100","32GB(16Gx2)_24,066원/1GB_770,100","32GB(16Gx2)_24,066원/1GB_770,100","32GB(16Gx2)_24,066원/1GB_770,100","32GB(16Gx2)_24,066원/1GB_770,100","32GB(16Gx2)_24,066원/1GB_770,100","32GB(16Gx2)_24,066원/1GB_770,100","32GB(16Gx2)_24,066원/1GB_770,100","32GB(16Gx2)_24,066원/1GB_770,100"
99946718,PATRIOT DDR5-6000 CL30 SIGNATURE PREMIUM EVO 블랙,"16GB_19,396원/1GB_310,330","16GB_19,396원/1GB_310,330","16GB_19,396원/1GB_310,330","16GB_19,396원/1GB_310,330","16GB_19,396원/1GB_310,330","16GB_19,396원/1GB_310,330","16GB_19,396원/1GB_310,330","16GB_19,396원/1GB_310,330","16GB_19,396원/1GB_310,330","16GB_19,396원/1GB_310,330","16GB_19,906원/1GB_318,500","16GB_19,906원/1GB_318,500","16GB_19,906원/1GB_318,500","16GB_19,906원/1GB_318,500","16GB_19,906원/1GB_318,500","16GB_19,906원/1GB_318,500"
99946733,PATRIOT DDR5-6000 CL30 SIGNATURE PREMIUM EVO 화이트,"16GB_19,414원/1GB_310,620","16GB_19,411원/1GB_310,570","16GB_19,405원/1GB_310,480","16GB_19,403원/1GB_310,450","16GB_19,401원/1GB_310,420","16GB_19,399원/1GB_310,380","16GB_19,398원/1GB_310,370","16GB_19,398원/1GB_310,360","16GB_19,396원/1GB_310,330","16GB_19,394원/1GB_310,310","16GB_19,394원/1GB_310,310","16GB_19,394원/1GB_310,310","16GB_19,392원/1GB_310,270","16GB_19,391원/1GB_310,250","16GB_19,391원/1GB_310,250","16GB_19,391원/1GB_310,250"
75465935,PATRIOT DDR5-6000 CL30 VIPER Elite 5,"16GB_21,063원/1GB_337,000","16GB_21,063원/1GB_337,000","16GB_21,063원/1GB_337,000","16GB_21,063원/1GB_337,000","16GB_21,063원/1GB_337,000","16GB_21,063원/1GB_337,000","16GB_21,063원/1GB_337,000","16GB_21,063원/1GB_337,000","16GB_21,063원/1GB_337,000","16GB_21,063원/1GB_337,000","16GB_21,063원/1GB_337,000","16GB_21,063원/1GB_337,000","16GB_21,063원/1GB_337,000","16GB_21,063원/1GB_337,000","16GB_21,063원/1GB_337,000","16GB_21,063원/1GB_337,000"
71501804,PATRIOT DDR5-6000 CL30 VIPER Elite 5 RGB,"16GB_28,061원/1GB_448,980","16GB_28,061원/1GB_448,980","16GB_28,061원/1GB_448,980","16GB_28,061원/1GB_448,980","16GB_28,061원/1GB_448,980","16GB_28,061원/1GB_448,980","16GB_28,061원/1GB_448,980","16GB_28,061원/1GB_448,980","16GB_28,061원/1GB_448,980","16GB_28,061원/1GB_448,980","16GB_28,061원/1GB_448,980","16GB_28,061원/1GB_448,980","16GB_28,061원/1GB_448,980","16GB_28,061원/1GB_448,980","16GB_28,061원/1GB_448,980","16GB_28,061원/1GB_448,980"
77785742,PATRIOT DDR5-6000 CL30 VIPER Elite 5 RGB 패키지,"32GB(16Gx2)_21,704원/1GB_694,520","32GB(16Gx2)_21,701원/1GB_694,420","32GB(16Gx2)_21,701원/1GB_694,420","32GB(16Gx2)_21,704원/1GB_694,520","32GB(16Gx2)_21,699원/1GB_694,370","32GB(16Gx2)_21,699원/1GB_694,370","32GB(16Gx2)_21,699원/1GB_694,370","32GB(16Gx2)_21,699원/1GB_694,370","32GB(16Gx2)_21,699원/1GB_694,370","32GB(16Gx2)_21,699원/1GB_694,370","32GB(16Gx2)_21,699원/1GB_694,370","32GB(16Gx2)_21,699원/1GB_694,370","32GB(16Gx2)_21,699원/1GB_694,370","32GB(16Gx2)_21,699원/1GB_694,370","32GB(16Gx2)_21,699원/1GB_694,370","32GB(16Gx2)_21,699원/1GB_694,370"
75466037,PATRIOT DDR5-6000 CL30 VIPER Elite 5 패키지,"32GB(16Gx2)_20,313원/1GB_650,000","32GB(16Gx2)_20,313원/1GB_650,000","32GB(16Gx2)_20,313원/1GB_650,000","32GB(16Gx2)_20,313원/1GB_650,000","32GB(16Gx2)_20,313원/1GB_650,000","32GB(16Gx2)_20,313원/1GB_650,000","32GB(16Gx2)_20,313원/1GB_650,000","32GB(16Gx2)_20,313원/1GB_650,000","32GB(16Gx2)_20,313원/1GB_650,000","32GB(16Gx2)_20,313원/1GB_650,000","32GB(16Gx2)_20,313원/1GB_650,000","32GB(16Gx2)_20,313원/1GB_650,000","32GB(16Gx2)_20,313원/1GB_650,000","32GB(16Gx2)_20,313원/1GB_650,000","32GB(16Gx2)_20,313원/1GB_650,000","32GB(16Gx2)_20,313원/1GB_650,000"
56144432,PATRIOT DDR5-6000 CL30 VIPER VENOM RGB 패키지,"32GB(16Gx2)_21,758원/1GB_696,270","32GB(16Gx2)_21,758원/1GB_696,270","32GB(16Gx2)_21,758원/1GB_696,270","32GB(16Gx2)_21,758원/1GB_696,270","32GB(16Gx2)_21,758원/1GB_696,270","32GB(16Gx2)_21,758원/1GB_696,270","32GB(16Gx2)_21,758원/1GB_696,270","32GB(16Gx2)_21,758원/1GB_696,270","32GB(16Gx2)_21,758원/1GB_696,270","32GB(16Gx2)_21,758원/1GB_696,270","32GB(16Gx2)_21,758원/1GB_696,270","32GB(16Gx2)_21,758원/1GB_696,270","32GB(16Gx2)_21,758원/1GB_696,270","32GB(16Gx2)_21,758원/1GB_696,270","32GB(16Gx2)_21,758원/1GB_696,270","32GB(16Gx2)_21,758원/1GB_696,270"
56144513,PATRIOT DDR5-6000 CL30 VIPER VENOM 패키지,"32GB(16Gx2)_19,375원/1GB_620,000","32GB(16Gx2)_19,375원/1GB_620,000","32GB(16Gx2)_19,375원/1GB_620,000","32GB(16Gx2)_19,375원/1GB_620,000","32GB(16Gx2)_19,375원/1GB_620,000","32GB(16Gx2)_19,375원/1GB_620,000","32GB(16Gx2)_19,375원/1GB_620,000","32GB(16Gx2)_19,375원/1GB_620,000","32GB(16Gx2)_19,375원/1GB_620,000","32GB(16Gx2)_19,375원/1GB_620,000","32GB(16Gx2)_19,375원/1GB_620,000","32GB(16Gx2)_19,375원/1GB_620,000","32GB(16Gx2)_19,375원/1GB_620,000","32GB(16Gx2)_19,375원/1GB_620,000","32GB(16Gx2)_19,375원/1GB_620,000","32GB(16Gx2)_19,375원/1GB_620,000"
123721481,PATRIOT DDR5-6000 CL36 SIGNATURE PREMIUM EVO 블랙,0,0,0,0,16GB_가격비교예정,16GB_가격비교예정,16GB_가격비교예정,16GB_가격비교예정,16GB_가격비교예정,16GB_가격비교예정,16GB_가격비교예정,16GB_가격비교예정,"16GB_19,486원/1GB_311,770","16GB_19,486원/1GB_311,770","16GB_19,486원/1GB_311,770","16GB_19,486원/1GB_311,770"
123721482,PATRIOT DDR5-6000 CL36 SIGNATURE PREMIUM EVO 화이트,0,0,0,0,16GB_가격비교예정,16GB_가격비교예정,16GB_가격비교예정,16GB_가격비교예정,16GB_가격비교예정,16GB_가격비교예정,16GB_가격비교예정,16GB_가격비교예정,"16GB_19,486원/1GB_311,770","16GB_19,486원/1GB_311,770","16GB_19,486원/1GB_311,770","16GB_19,486원/1GB_311,770"
30350996,PATRIOT DDR5-6000 CL36 VIPER VENOM RGB 패키지,"32GB(16Gx2)_22,096원/1GB_707,060","32GB(16Gx2)_22,094원/1GB_707,020","32GB(16Gx2)_22,094원/1GB_707,020","32GB(16Gx2)_22,094원/1GB_707,020","32GB(16Gx2)_22,091원/1GB_706,920","32GB(16Gx2)_22,091원/1GB_706,900","32GB(16Gx2)_22,088원/1GB_706,800","32GB(16Gx2)_22,087원/1GB_706,780","32GB(16Gx2)_22,084원/1GB_706,680","32GB(16Gx2)_22,083원/1GB_706,660","32GB(16Gx2)_22,080원/1GB_706,560","32GB(16Gx2)_22,079원/1GB_706,540","32GB(16Gx2)_22,079원/1GB_706,540","32GB(16Gx2)_22,079원/1GB_706,540","32GB(16Gx2)_22,077원/1GB_706,460","32GB(16Gx2)_22,076원/1GB_706,420"
30341372,PATRIOT DDR5-6000 CL36 VIPER VENOM 패키지,"32GB(16Gx2)_21,563원/1GB_690,000","32GB(16Gx2)_21,563원/1GB_690,000","32GB(16Gx2)_21,563원/1GB_690,000","32GB(16Gx2)_21,563원/1GB_690,000","32GB(16Gx2)_21,563원/1GB_690,000","32GB(16Gx2)_21,563원/1GB_690,000","32GB(16Gx2)_21,563원/1GB_690,000","32GB(16Gx2)_21,563원/1GB_690,000","32GB(16Gx2)_21,563원/1GB_690,000","32GB(16Gx2)_21,563원/1GB_690,000","32GB(16Gx2)_21,563원/1GB_690,000","32GB(16Gx2)_21,563원/1GB_690,000","32GB(16Gx2)_21,563원/1GB_690,000","32GB(16Gx2)_21,563원/1GB_690,000","32GB(16Gx2)_21,563원/1GB_690,000","32GB(16Gx2)_21,563원/1GB_690,000"
30499826,PATRIOT DDR5-6000 CL42 VIPER Elite 5 RGB,"32GB_21,247원/1GB_679,910","32GB_21,247원/1GB_679,910","32GB_21,247원/1GB_679,910","32GB_21,247원/1GB_679,910","32GB_21,247원/1GB_679,910","32GB_21,247원/1GB_679,910","32GB_21,247원/1GB_679,910","32GB_21,247원/1GB_679,910","32GB_21,247원/1GB_679,910","32GB_21,247원/1GB_679,910","32GB_21,247원/1GB_679,910","32GB_21,247원/1GB_679,910","32GB_21,247원/1GB_679,910","32GB_21,247원/1GB_679,910","32GB_21,247원/1GB_679,910","32GB_21,247원/1GB_679,910"
30351029,PATRIOT DDR5-6200 CL40 VIPER VENOM RGB 패키지,"32GB(16Gx2)_22,032원/1GB_705,020","32GB(16Gx2)_22,032원/1GB_705,010","32GB(16Gx2)_22,032원/1GB_705,010","32GB(16Gx2)_22,032원/1GB_705,010","32GB(16Gx2)_22,030원/1GB_704,960","32GB(16Gx2)_22,030원/1GB_704,960","32GB(16Gx2)_22,030원/1GB_704,950","32GB(16Gx2)_22,030원/1GB_704,950","32GB(16Gx2)_22,030원/1GB_704,950","32GB(16Gx2)_22,030원/1GB_704,950","32GB(16Gx2)_22,030원/1GB_704,950","32GB(16Gx2)_22,030원/1GB_704,950","32GB(16Gx2)_22,030원/1GB_704,950","32GB(16Gx2)_22,030원/1GB_704,950","32GB(16Gx2)_22,030원/1GB_704,950","32GB(16Gx2)_22,030원/1GB_704,950"
30341402,PATRIOT DDR5-6200 CL40 VIPER VENOM 패키지,"32GB(16Gx2)_21,419원/1GB_685,400","32GB(16Gx2)_21,418원/1GB_685,390","32GB(16Gx2)_21,418원/1GB_685,390","32GB(16Gx2)_21,418원/1GB_685,390","32GB(16Gx2)_21,417원/1GB_685,340","32GB(16Gx2)_21,417원/1GB_685,340","32GB(16Gx2)_21,417원/1GB_685,330","32GB(16Gx2)_21,417원/1GB_685,330","32GB(16Gx2)_21,417원/1GB_685,330","32GB(16Gx2)_21,417원/1GB_685,330","32GB(16Gx2)_21,417원/1GB_685,330","32GB(16Gx2)_21,417원/1GB_685,330","32GB(16Gx2)_21,417원/1GB_685,330","32GB(16Gx2)_21,417원/1GB_685,330","32GB(16Gx2)_21,417원/1GB_685,330","32GB(16Gx2)_21,417원/1GB_685,330"
30500108,PATRIOT DDR5-6200 CL42 VIPER Elite 5 RGB 패키지,"_64GB(32Gx2)_21,038원/1GB_1,346,430|_32GB(16Gx2)_21,497원/1GB_687,910","_64GB(32Gx2)_21,038원/1GB_1,346,430|_32GB(16Gx2)_21,497원/1GB_687,910","_64GB(32Gx2)_21,038원/1GB_1,346,430|_32GB(16Gx2)_21,497원/1GB_687,910","_64GB(32Gx2)_21,038원/1GB_1,346,430|_32GB(16Gx2)_21,497원/1GB_687,910","_64GB(32Gx2)_21,038원/1GB_1,346,430|_32GB(16Gx2)_21,497원/1GB_687,910","_64GB(32Gx2)_21,038원/1GB_1,346,430|_32GB(16Gx2)_21,497원/1GB_687,910","_64GB(32Gx2)_21,038원/1GB_1,346,430|_32GB(16Gx2)_21,497원/1GB_687,910","_64GB(32Gx2)_21,038원/1GB_1,346,430|_32GB(16Gx2)_21,497원/1GB_687,910","_64GB(32Gx2)_21,038원/1GB_1,346,430|_32GB(16Gx2)_21,497원/1GB_687,910","_64GB(32Gx2)_21,038원/1GB_1,346,430|_32GB(16Gx2)_21,497원/1GB_687,910","_64GB(32Gx2)_21,038원/1GB_1,346,430|_32GB(16Gx2)_21,497원/1GB_687,910","_64GB(32Gx2)_21,038원/1GB_1,346,430|_32GB(16Gx2)_21,497원/1GB_687,910","_64GB(32Gx2)_21,038원/1GB_1,346,430|_32GB(16Gx2)_21,497원/1GB_687,910","_64GB(32Gx2)_21,038원/1GB_1,346,430|_32GB(16Gx2)_21,497원/1GB_687,910","_64GB(32Gx2)_21,038원/1GB_1,346,430|_32GB(16Gx2)_21,497원/1GB_687,910","_64GB(32Gx2)_21,038원/1GB_1,346,430|_32GB(16Gx2)_21,497원/1GB_687,910"
75466202,PATRIOT DDR5-6400 CL32 VIPER Elite 5 패키지,"32GB(16Gx2)_21,392원/1GB_684,550","32GB(16Gx2)_21,392원/1GB_684,550","32GB(16Gx2)_21,392원/1GB_684,550","32GB(16Gx2)_21,392원/1GB_684,550","32GB(16Gx2)_21,392원/1GB_684,550","32GB(16Gx2)_21,392원/1GB_684,550","32GB(16Gx2)_21,392원/1GB_684,550","32GB(16Gx2)_21,392원/1GB_684,550","32GB(16Gx2)_21,392원/1GB_684,550","32GB(16Gx2)_21,392원/1GB_684,550","32GB(16Gx2)_21,392원/1GB_684,550","32GB(16Gx2)_21,392원/1GB_684,550","32GB(16Gx2)_21,392원/1GB_684,550","32GB(16Gx2)_21,392원/1GB_684,550","32GB(16Gx2)_21,392원/1GB_684,550","32GB(16Gx2)_21,392원/1GB_684,550"
30351056,PATRIOT DDR5-6400 CL32 VIPER VENOM RGB 패키지,"32GB(16Gx2)_22,327원/1GB_714,470","32GB(16Gx2)_22,327원/1GB_714,460","32GB(16Gx2)_22,324원/1GB_714,380","32GB(16Gx2)_22,323원/1GB_714,350","32GB(16Gx2)_22,323원/1GB_714,340","32GB(16Gx2)_22,323원/1GB_714,340","32GB(16Gx2)_22,323원/1GB_714,340","32GB(16Gx2)_22,323원/1GB_714,340","32GB(16Gx2)_22,323원/1GB_714,340","32GB(16Gx2)_22,323원/1GB_714,340","32GB(16Gx2)_22,323원/1GB_714,340","32GB(16Gx2)_22,323원/1GB_714,340","32GB(16Gx2)_22,323원/1GB_714,340","32GB(16Gx2)_22,323원/1GB_714,340","32GB(16Gx2)_22,323원/1GB_714,340","32GB(16Gx2)_22,323원/1GB_714,340"
30341450,PATRIOT DDR5-6400 CL32 VIPER VENOM 패키지,"_64GB(32Gx2)_20,313원/1GB_1,300,000|_32GB(16Gx2)_21,392원/1GB_684,550","_64GB(32Gx2)_20,313원/1GB_1,300,000|_32GB(16Gx2)_21,392원/1GB_684,550","_64GB(32Gx2)_20,313원/1GB_1,300,000|_32GB(16Gx2)_21,392원/1GB_684,550","_64GB(32Gx2)_20,313원/1GB_1,300,000|_32GB(16Gx2)_21,392원/1GB_684,550","_64GB(32Gx2)_20,313원/1GB_1,300,000|_32GB(16Gx2)_21,392원/1GB_684,550","_64GB(32Gx2)_20,313원/1GB_1,300,000|_32GB(16Gx2)_21,392원/1GB_684,550","_64GB(32Gx2)_20,313원/1GB_1,300,000|_32GB(16Gx2)_21,392원/1GB_684,550","_64GB(32Gx2)_20,313원/1GB_1,300,000|_32GB(16Gx2)_21,392원/1GB_684,550","_64GB(32Gx2)_20,313원/1GB_1,300,000|_32GB(16Gx2)_21,392원/1GB_684,550","_64GB(32Gx2)_20,313원/1GB_1,300,000|_32GB(16Gx2)_21,392원/1GB_684,550","_64GB(32Gx2)_20,313원/1GB_1,300,000|_32GB(16Gx2)_21,392원/1GB_684,550","_64GB(32Gx2)_20,313원/1GB_1,300,000|_32GB(16Gx2)_21,392원/1GB_684,550","_64GB(32Gx2)_20,313원/1GB_1,300,000|_32GB(16Gx2)_21,392원/1GB_684,550","_64GB(32Gx2)_20,313원/1GB_1,300,000|_32GB(16Gx2)_21,392원/1GB_684,550","_64GB(32Gx2)_20,313원/1GB_1,300,000|_32GB(16Gx2)_21,392원/1GB_684,550","_64GB(32Gx2)_20,313원/1GB_1,300,000|_32GB(16Gx2)_21,392원/1GB_684,550"
93501587,PATRIOT DDR5-6400 CL52 SIGNATURE CUDIMM,"16GB_19,320원/1GB_309,120","16GB_19,320원/1GB_309,120","16GB_19,320원/1GB_309,120","16GB_19,320원/1GB_309,120","16GB_19,320원/1GB_309,120","16GB_19,320원/1GB_309,120","16GB_19,320원/1GB_309,120","16GB_19,320원/1GB_309,120","16GB_19,320원/1GB_309,120","16GB_19,320원/1GB_309,120","16GB_19,320원/1GB_309,120","16GB_19,320원/1GB_309,120","16GB_19,320원/1GB_309,120","16GB_19,320원/1GB_309,120","16GB_19,320원/1GB_309,120","16GB_19,320원/1GB_309,120"
30351077,PATRIOT DDR5-6600 CL34 VIPER VENOM RGB 패키지,"32GB(16Gx2)_26,213원/1GB_838,810","32GB(16Gx2)_26,213원/1GB_838,810","32GB(16Gx2)_26,213원/1GB_838,810","32GB(16Gx2)_26,213원/1GB_838,810","32GB(16Gx2)_26,213원/1GB_838,810","32GB(16Gx2)_26,213원/1GB_838,810","32GB(16Gx2)_26,213원/1GB_838,810","32GB(16Gx2)_26,213원/1GB_838,810","32GB(16Gx2)_26,213원/1GB_838,810","32GB(16Gx2)_26,213원/1GB_838,810","32GB(16Gx2)_26,213원/1GB_838,810","32GB(16Gx2)_26,213원/1GB_838,810","32GB(16Gx2)_26,213원/1GB_838,810","32GB(16Gx2)_26,213원/1GB_838,810","32GB(16Gx2)_26,213원/1GB_838,810","32GB(16Gx2)_26,213원/1GB_838,810"
30341480,PATRIOT DDR5-6600 CL34 VIPER VENOM 패키지,"32GB(16Gx2)_26,247원/1GB_839,910","32GB(16Gx2)_26,247원/1GB_839,910","32GB(16Gx2)_26,247원/1GB_839,910","32GB(16Gx2)_26,247원/1GB_839,910","32GB(16Gx2)_26,247원/1GB_839,910","32GB(16Gx2)_26,247원/1GB_839,910","32GB(16Gx2)_26,247원/1GB_839,910","32GB(16Gx2)_26,247원/1GB_839,910","32GB(16Gx2)_26,247원/1GB_839,910","32GB(16Gx2)_26,247원/1GB_839,910","32GB(16Gx2)_26,247원/1GB_839,910","32GB(16Gx2)_26,247원/1GB_839,910","32GB(16Gx2)_26,247원/1GB_839,910","32GB(16Gx2)_26,247원/1GB_839,910","32GB(16Gx2)_26,247원/1GB_839,910","32GB(16Gx2)_26,247원/1GB_839,910"
30612317,PATRIOT DDR5-6600 CL36 VIPER Elite 5 RGB 패키지,"32GB(16Gx2)_26,976원/1GB_863,240","32GB(16Gx2)_26,976원/1GB_863,240","32GB(16Gx2)_26,976원/1GB_863,240","32GB(16Gx2)_26,976원/1GB_863,240","32GB(16Gx2)_26,976원/1GB_863,240","32GB(16Gx2)_26,976원/1GB_863,240","32GB(16Gx2)_26,976원/1GB_863,240","32GB(16Gx2)_26,976원/1GB_863,240","32GB(16Gx2)_26,976원/1GB_863,240","32GB(16Gx2)_26,976원/1GB_863,240","32GB(16Gx2)_26,976원/1GB_863,240","32GB(16Gx2)_26,976원/1GB_863,240","32GB(16Gx2)_26,976원/1GB_863,240","32GB(16Gx2)_26,976원/1GB_863,240","32GB(16Gx2)_26,976원/1GB_863,240","32GB(16Gx2)_26,976원/1GB_863,240"
30351110,PATRIOT DDR5-6800 CL34 VIPER VENOM RGB 패키지,"32GB(16Gx2)_26,816원/1GB_858,100","32GB(16Gx2)_26,816원/1GB_858,100","32GB(16Gx2)_26,816원/1GB_858,100","32GB(16Gx2)_26,816원/1GB_858,100","32GB(16Gx2)_26,816원/1GB_858,100","32GB(16Gx2)_26,816원/1GB_858,100","32GB(16Gx2)_26,816원/1GB_858,100","32GB(16Gx2)_26,816원/1GB_858,100","32GB(16Gx2)_26,816원/1GB_858,100","32GB(16Gx2)_26,816원/1GB_858,100","32GB(16Gx2)_26,816원/1GB_858,100","32GB(16Gx2)_26,816원/1GB_858,100","32GB(16Gx2)_26,816원/1GB_858,100","32GB(16Gx2)_26,816원/1GB_858,100","32GB(16Gx2)_26,816원/1GB_858,100","32GB(16Gx2)_26,816원/1GB_858,100"
30341495,PATRIOT DDR5-6800 CL34 VIPER VENOM 패키지,"32GB(16Gx2)_26,300원/1GB_841,610","32GB(16Gx2)_26,300원/1GB_841,600","32GB(16Gx2)_26,300원/1GB_841,600","32GB(16Gx2)_26,300원/1GB_841,600","32GB(16Gx2)_26,298원/1GB_841,550","32GB(16Gx2)_26,298원/1GB_841,550","32GB(16Gx2)_26,298원/1GB_841,540","32GB(16Gx2)_26,298원/1GB_841,540","32GB(16Gx2)_26,298원/1GB_841,540","32GB(16Gx2)_26,298원/1GB_841,540","32GB(16Gx2)_26,298원/1GB_841,540","32GB(16Gx2)_26,298원/1GB_841,540","32GB(16Gx2)_26,298원/1GB_841,540","32GB(16Gx2)_26,298원/1GB_841,540","32GB(16Gx2)_26,298원/1GB_841,540","32GB(16Gx2)_26,298원/1GB_841,540"
71501885,PATRIOT DDR5-7000 CL32 VIPER Elite 5 RGB 패키지,"32GB(16Gx2)_30,599원/1GB_979,180","32GB(16Gx2)_30,599원/1GB_979,180","32GB(16Gx2)_30,599원/1GB_979,180","32GB(16Gx2)_30,599원/1GB_979,180","32GB(16Gx2)_30,599원/1GB_979,180","32GB(16Gx2)_30,599원/1GB_979,180","32GB(16Gx2)_30,599원/1GB_979,180","32GB(16Gx2)_30,599원/1GB_979,180","32GB(16Gx2)_30,599원/1GB_979,180","32GB(16Gx2)_30,599원/1GB_979,180","32GB(16Gx2)_30,599원/1GB_979,180","32GB(16Gx2)_30,599원/1GB_979,180","32GB(16Gx2)_30,599원/1GB_979,180","32GB(16Gx2)_30,599원/1GB_979,180","32GB(16Gx2)_30,599원/1GB_979,180","32GB(16Gx2)_30,599원/1GB_979,180"
30351131,PATRIOT DDR5-7000 CL32 VIPER VENOM RGB 패키지,"32GB(16Gx2)_30,129원/1GB_964,140","32GB(16Gx2)_30,129원/1GB_964,140","32GB(16Gx2)_30,129원/1GB_964,140","32GB(16Gx2)_30,129원/1GB_964,140","32GB(16Gx2)_30,129원/1GB_964,140","32GB(16Gx2)_30,129원/1GB_964,140","32GB(16Gx2)_30,129원/1GB_964,140","32GB(16Gx2)_30,129원/1GB_964,140","32GB(16Gx2)_30,129원/1GB_964,140","32GB(16Gx2)_30,129원/1GB_964,140","32GB(16Gx2)_30,129원/1GB_964,140","32GB(16Gx2)_30,129원/1GB_964,140","32GB(16Gx2)_30,129원/1GB_964,140","32GB(16Gx2)_30,129원/1GB_964,140","32GB(16Gx2)_30,129원/1GB_964,140","32GB(16Gx2)_30,129원/1GB_964,140"
30341504,PATRIOT DDR5-7000 CL32 VIPER VENOM 패키지,"32GB(16Gx2)_29,527원/1GB_944,870","32GB(16Gx2)_29,527원/1GB_944,870","32GB(16Gx2)_29,527원/1GB_944,870","32GB(16Gx2)_29,527원/1GB_944,870","32GB(16Gx2)_29,527원/1GB_944,870","32GB(16Gx2)_29,527원/1GB_944,870","32GB(16Gx2)_29,527원/1GB_944,870","32GB(16Gx2)_29,527원/1GB_944,870","32GB(16Gx2)_29,527원/1GB_944,870","32GB(16Gx2)_29,527원/1GB_944,870","32GB(16Gx2)_29,527원/1GB_944,870","32GB(16Gx2)_29,527원/1GB_944,870","32GB(16Gx2)_29,527원/1GB_944,870","32GB(16Gx2)_29,527원/1GB_944,870","32GB(16Gx2)_29,527원/1GB_944,870","32GB(16Gx2)_29,527원/1GB_944,870"
30500216,PATRIOT DDR5-7000 CL38 VIPER Elite 5 RGB 패키지,"32GB(16Gx2)_31,174원/1GB_997,570","32GB(16Gx2)_31,174원/1GB_997,560","32GB(16Gx2)_31,171원/1GB_997,480","32GB(16Gx2)_31,170원/1GB_997,450","32GB(16Gx2)_31,170원/1GB_997,450","32GB(16Gx2)_31,170원/1GB_997,450","32GB(16Gx2)_31,167원/1GB_997,350","32GB(16Gx2)_31,167원/1GB_997,330","32GB(16Gx2)_31,163원/1GB_997,230","32GB(16Gx2)_31,163원/1GB_997,210","32GB(16Gx2)_31,243원/1GB_999,760","32GB(16Gx2)_31,243원/1GB_999,760","32GB(16Gx2)_31,243원/1GB_999,760","32GB(16Gx2)_31,243원/1GB_999,760","32GB(16Gx2)_31,243원/1GB_999,760","32GB(16Gx2)_31,243원/1GB_999,760"
30351218,PATRIOT DDR5-7200 CL34 VIPER VENOM RGB 패키지,"32GB(16Gx2)_30,431원/1GB_973,790","32GB(16Gx2)_30,431원/1GB_973,790","32GB(16Gx2)_30,431원/1GB_973,790","32GB(16Gx2)_30,431원/1GB_973,790","32GB(16Gx2)_30,431원/1GB_973,790","32GB(16Gx2)_30,431원/1GB_973,790","32GB(16Gx2)_30,431원/1GB_973,790","32GB(16Gx2)_30,431원/1GB_973,790","32GB(16Gx2)_30,431원/1GB_973,790","32GB(16Gx2)_30,431원/1GB_973,790","32GB(16Gx2)_30,431원/1GB_973,790","32GB(16Gx2)_30,431원/1GB_973,790","32GB(16Gx2)_30,431원/1GB_973,790","32GB(16Gx2)_30,431원/1GB_973,790","32GB(16Gx2)_30,431원/1GB_973,790","32GB(16Gx2)_30,431원/1GB_973,790"
30341510,PATRIOT DDR5-7200 CL34 VIPER VENOM 패키지,"32GB(16Gx2)_29,828원/1GB_954,510","32GB(16Gx2)_29,828원/1GB_954,510","32GB(16Gx2)_29,828원/1GB_954,510","32GB(16Gx2)_29,828원/1GB_954,510","32GB(16Gx2)_29,828원/1GB_954,510","32GB(16Gx2)_29,828원/1GB_954,510","32GB(16Gx2)_29,828원/1GB_954,510","32GB(16Gx2)_29,828원/1GB_954,510","32GB(16Gx2)_29,828원/1GB_954,510","32GB(16Gx2)_29,828원/1GB_954,510","32GB(16Gx2)_29,828원/1GB_954,510","32GB(16Gx2)_29,828원/1GB_954,510","32GB(16Gx2)_29,828원/1GB_954,510","32GB(16Gx2)_29,828원/1GB_954,510","32GB(16Gx2)_29,828원/1GB_954,510","32GB(16Gx2)_29,828원/1GB_954,510"
30351236,PATRIOT DDR5-7400 CL36 VIPER VENOM RGB 패키지,"32GB(16Gx2)_30,733원/1GB_983,440","32GB(16Gx2)_30,733원/1GB_983,440","32GB(16Gx2)_30,733원/1GB_983,440","32GB(16Gx2)_30,733원/1GB_983,440","32GB(16Gx2)_30,733원/1GB_983,440","32GB(16Gx2)_30,733원/1GB_983,440","32GB(16Gx2)_30,733원/1GB_983,440","32GB(16Gx2)_30,733원/1GB_983,440","32GB(16Gx2)_30,733원/1GB_983,440","32GB(16Gx2)_30,733원/1GB_983,440","32GB(16Gx2)_30,733원/1GB_983,440","32GB(16Gx2)_30,733원/1GB_983,440","32GB(16Gx2)_30,733원/1GB_983,440","32GB(16Gx2)_30,733원/1GB_983,440","32GB(16Gx2)_30,733원/1GB_983,440","32GB(16Gx2)_30,733원/1GB_983,440"
30341525,PATRIOT DDR5-7400 CL36 VIPER VENOM 패키지,"32GB(16Gx2)_30,130원/1GB_964,150","32GB(16Gx2)_30,130원/1GB_964,150","32GB(16Gx2)_30,130원/1GB_964,150","32GB(16Gx2)_30,130원/1GB_964,150","32GB(16Gx2)_30,130원/1GB_964,150","32GB(16Gx2)_30,130원/1GB_964,150","32GB(16Gx2)_30,130원/1GB_964,150","32GB(16Gx2)_30,130원/1GB_964,150","32GB(16Gx2)_30,130원/1GB_964,150","32GB(16Gx2)_30,130원/1GB_964,150","32GB(16Gx2)_30,130원/1GB_964,150","32GB(16Gx2)_30,130원/1GB_964,150","32GB(16Gx2)_30,130원/1GB_964,150","32GB(16Gx2)_30,130원/1GB_964,150","32GB(16Gx2)_30,130원/1GB_964,150","32GB(16Gx2)_30,130원/1GB_964,150"
95057837,PATRIOT DDR5-8000 CL38 VIPER Xtreme5 RGB 패키지,"32GB(16Gx2)_25,523원/1GB_816,750","32GB(16Gx2)_25,523원/1GB_816,750","32GB(16Gx2)_25,523원/1GB_816,750","32GB(16Gx2)_25,523원/1GB_816,750","32GB(16Gx2)_25,523원/1GB_816,750","32GB(16Gx2)_25,523원/1GB_816,750","32GB(16Gx2)_25,523원/1GB_816,750","32GB(16Gx2)_25,523원/1GB_816,750","32GB(16Gx2)_25,523원/1GB_816,750","32GB(16Gx2)_25,523원/1GB_816,750","32GB(16Gx2)_25,523원/1GB_816,750","32GB(16Gx2)_25,523원/1GB_816,750","32GB(16Gx2)_25,523원/1GB_816,750","32GB(16Gx2)_25,523원/1GB_816,750","32GB(16Gx2)_25,523원/1GB_816,750","32GB(16Gx2)_25,523원/1GB_816,750"
8160427,PATRIOT 노트북 DDR4-2666 CL19 SIGNATURE,"_16GB_10,000원/1GB_160,000|_4GB_11,000원/1GB_44,000","_16GB_10,000원/1GB_160,000|_4GB_11,000원/1GB_44,000","_16GB_10,000원/1GB_160,000|_4GB_11,000원/1GB_44,000","_16GB_10,000원/1GB_160,000|_4GB_11,000원/1GB_44,000","_16GB_10,000원/1GB_160,000|_4GB_11,000원/1GB_44,000","_16GB_10,000원/1GB_160,000|_4GB_11,000원/1GB_44,000","_16GB_10,000원/1GB_160,000|_4GB_11,000원/1GB_44,000","_16GB_10,000원/1GB_160,000|_4GB_11,000원/1GB_44,000","_16GB_10,000원/1GB_160,000|_4GB_11,000원/1GB_44,000","_16GB_10,000원/1GB_160,000|_4GB_11,000원/1GB_44,000","_16GB_10,000원/1GB_160,000|_4GB_11,000원/1GB_44,000","_16GB_10,000원/1GB_160,000|_4GB_11,000원/1GB_44,000","_16GB_10,000원/1GB_160,000|_4GB_11,000원/1GB_44,000","_16GB_10,000원/1GB_160,000|_4GB_11,000원/1GB_44,000","_16GB_10,000원/1GB_160,000|_4GB_11,000원/1GB_44,000","_16GB_10,000원/1GB_160,000|_4GB_11,000원/1GB_44,000"
11445393,PATRIOT 노트북 DDR4-3200 CL22 SIGNATURE,"_16GB_9,444원/1GB_151,100|_8GB_11,465원/1GB_91,720|4GB_14,748원/1GB_58,990","_16GB_9,444원/1GB_151,100|_8GB_11,464원/1GB_91,710|4GB_14,748원/1GB_58,990","_16GB_9,444원/1GB_151,100|_8GB_11,464원/1GB_91,710|4GB_14,748원/1GB_58,990","_16GB_9,444원/1GB_151,100|_8GB_11,464원/1GB_91,710|4GB_14,748원/1GB_58,990","_16GB_9,444원/1GB_151,100|_8GB_11,458원/1GB_91,660|4GB_14,748원/1GB_58,990","_16GB_9,444원/1GB_151,100|_8GB_11,458원/1GB_91,660|4GB_14,748원/1GB_58,990","_16GB_9,444원/1GB_151,100|_8GB_11,456원/1GB_91,650|4GB_14,748원/1GB_58,990","_16GB_9,444원/1GB_151,100|_8GB_11,456원/1GB_91,650|4GB_14,748원/1GB_58,990","_16GB_9,444원/1GB_151,100|_8GB_11,456원/1GB_91,650|4GB_14,748원/1GB_58,990","_16GB_9,444원/1GB_151,100|_8GB_11,456원/1GB_91,650|4GB_14,748원/1GB_58,990","_16GB_9,444원/1GB_151,100|_8GB_11,456원/1GB_91,650|4GB_14,748원/1GB_58,990","_16GB_9,444원/1GB_151,100|_8GB_11,456원/1GB_91,650|4GB_14,748원/1GB_58,990","_16GB_9,444원/1GB_151,100|_8GB_11,456원/1GB_91,650|4GB_14,748원/1GB_58,990","_16GB_9,444원/1GB_151,100|_8GB_11,456원/1GB_91,650|4GB_14,748원/1GB_58,990","_16GB_9,444원/1GB_151,100|_8GB_11,456원/1GB_91,650|4GB_14,748원/1GB_58,990","_16GB_9,444원/1GB_151,100|_8GB_11,456원/1GB_91,650|4GB_14,748원/1GB_58,990"
71425070,PATRIOT 노트북 DDR5-5600 CL46 SIGNATURE,"8GB_19,998원/1GB_159,980","8GB_19,998원/1GB_159,980","8GB_19,998원/1GB_159,980","8GB_19,998원/1GB_159,980","8GB_19,998원/1GB_159,980","8GB_19,998원/1GB_159,980","8GB_19,998원/1GB_159,980","8GB_19,998원/1GB_159,980","8GB_20,000원/1GB_160,000","8GB_20,000원/1GB_160,000","8GB_20,000원/1GB_160,000","8GB_20,000원/1GB_160,000","8GB_20,000원/1GB_160,000","8GB_20,000원/1GB_160,000","8GB_20,000원/1GB_160,000","8GB_20,000원/1GB_160,000"
92510588,PATRIOT 노트북 DDR5-6400 CL52 SIGNATURE,"16GB_18,671원/1GB_298,730","16GB_18,671원/1GB_298,730","16GB_18,671원/1GB_298,730","16GB_18,671원/1GB_298,730","16GB_18,671원/1GB_298,730","16GB_18,671원/1GB_298,730","16GB_18,671원/1GB_298,730","16GB_18,671원/1GB_298,730",0,0,0,0,0,0,0,0
11627192,PNY DDR4-2666 Performance,"16GB_9,750원/1GB_156,000","16GB_9,750원/1GB_156,000","16GB_9,750원/1GB_156,000","16GB_9,750원/1GB_156,000","16GB_9,750원/1GB_156,000","16GB_9,750원/1GB_156,000","16GB_9,750원/1GB_156,000","16GB_9,750원/1GB_156,000","16GB_9,750원/1GB_156,000","16GB_9,750원/1GB_156,000","16GB_9,750원/1GB_156,000","16GB_9,750원/1GB_156,000","16GB_9,750원/1GB_156,000","16GB_9,750원/1GB_156,000","16GB_9,750원/1GB_156,000","16GB_9,750원/1GB_156,000"
105817916,PNY DDR4-3200 CL16 Performance,"8GB_11,875원/1GB_95,000","8GB_11,875원/1GB_95,000","8GB_11,875원/1GB_95,000","8GB_11,875원/1GB_95,000","8GB_11,875원/1GB_95,000","8GB_11,875원/1GB_95,000","8GB_11,875원/1GB_95,000","8GB_11,875원/1GB_95,000","8GB_11,875원/1GB_95,000","8GB_11,875원/1GB_95,000","8GB_11,875원/1GB_95,000","8GB_11,875원/1GB_95,000","8GB_11,875원/1GB_95,000","8GB_11,875원/1GB_95,000","8GB_11,875원/1GB_95,000","8GB_11,875원/1GB_95,000"
105817907,PNY DDR5-5600 CL40 Performance,"16GB_21,813원/1GB_349,000","16GB_21,813원/1GB_349,000","16GB_21,813원/1GB_349,000","16GB_21,813원/1GB_349,000","16GB_21,813원/1GB_349,000","16GB_21,813원/1GB_349,000","16GB_21,813원/1GB_349,000","16GB_21,813원/1GB_349,000","16GB_21,813원/1GB_349,000","16GB_21,813원/1GB_349,000","16GB_21,813원/1GB_349,000","16GB_21,813원/1GB_349,000","16GB_21,813원/1GB_349,000","16GB_21,813원/1GB_349,000","16GB_21,813원/1GB_349,000","16GB_21,813원/1GB_349,000"
16344323,PNY XLR8 DDR5-6000 CL36 MAKO,"16GB_18,688원/1GB_299,000","16GB_18,688원/1GB_299,000","16GB_18,688원/1GB_299,000","16GB_18,688원/1GB_299,000","16GB_18,688원/1GB_299,000","16GB_18,688원/1GB_299,000","16GB_18,688원/1GB_299,000","16GB_18,688원/1GB_299,000",0,0,0,0,0,0,0,0
16839320,PNY XLR8 DDR5-6000 CL38 MAKO RGB 패키지 제이씨현,"32GB(16Gx2)_20,281원/1GB_649,000","32GB(16Gx2)_20,281원/1GB_649,000","32GB(16Gx2)_20,281원/1GB_649,000","32GB(16Gx2)_20,281원/1GB_649,000","32GB(16Gx2)_20,281원/1GB_649,000","32GB(16Gx2)_20,281원/1GB_649,000","32GB(16Gx2)_20,281원/1GB_649,000","32GB(16Gx2)_20,281원/1GB_649,000","32GB(16Gx2)_20,281원/1GB_649,000","32GB(16Gx2)_20,281원/1GB_649,000","32GB(16Gx2)_20,281원/1GB_649,000","32GB(16Gx2)_20,281원/1GB_649,000","32GB(16Gx2)_20,281원/1GB_649,000","32GB(16Gx2)_20,281원/1GB_649,000","32GB(16Gx2)_20,281원/1GB_649,000","32GB(16Gx2)_20,281원/1GB_649,000"
16344395,PNY XLR8 DDR5-6200 CL42 MAKO,"16GB_18,688원/1GB_299,000","16GB_18,688원/1GB_299,000","16GB_18,688원/1GB_299,000","16GB_18,688원/1GB_299,000","16GB_18,688원/1GB_299,000","16GB_18,688원/1GB_299,000","16GB_18,688원/1GB_299,000","16GB_18,688원/1GB_299,000","16GB_18,688원/1GB_299,000","16GB_18,688원/1GB_299,000","16GB_18,688원/1GB_299,000","16GB_18,688원/1GB_299,000","16GB_18,688원/1GB_299,000","16GB_18,688원/1GB_299,000","16GB_18,688원/1GB_299,000","16GB_18,688원/1GB_299,000"
100447838,Ramaxel 노트북 DDR5-4800 중고,"12GB_13,750원/1GB_165,000","12GB_13,750원/1GB_165,000","12GB_13,750원/1GB_165,000","12GB_13,750원/1GB_165,000","12GB_13,750원/1GB_165,000","12GB_13,750원/1GB_165,000","12GB_16,667원/1GB_200,000","12GB_16,667원/1GB_200,000","12GB_16,667원/1GB_200,000","12GB_16,667원/1GB_200,000","12GB_16,667원/1GB_200,000","12GB_16,667원/1GB_200,000","12GB_16,667원/1GB_200,000","12GB_16,667원/1GB_200,000","12GB_16,667원/1GB_200,000","12GB_16,667원/1GB_200,000"
17241983,SK하이닉스 DDR2-800 중고,"4GB_25,250원/1GB_101,000","4GB_25,250원/1GB_101,000","4GB_25,250원/1GB_101,000","4GB_25,250원/1GB_101,000","4GB_25,250원/1GB_101,000","4GB_25,250원/1GB_101,000","4GB_25,250원/1GB_101,000","4GB_25,250원/1GB_101,000","4GB_25,250원/1GB_101,000","4GB_25,250원/1GB_101,000","4GB_25,250원/1GB_101,000","4GB_25,250원/1GB_101,000","4GB_25,250원/1GB_101,000","4GB_25,250원/1GB_101,000","4GB_25,250원/1GB_101,000","4GB_25,250원/1GB_101,000"
5728455,SK하이닉스 DDR3-1333 중고,"4GB_1,975원/1GB_7,900","4GB_1,975원/1GB_7,900","4GB_1,975원/1GB_7,900","4GB_1,975원/1GB_7,900","4GB_1,975원/1GB_7,900","4GB_1,975원/1GB_7,900","4GB_1,975원/1GB_7,900","4GB_1,975원/1GB_7,900","4GB_1,975원/1GB_7,900","4GB_1,975원/1GB_7,900","4GB_1,975원/1GB_7,900","4GB_1,975원/1GB_7,900","4GB_1,975원/1GB_7,900","4GB_1,975원/1GB_7,900","4GB_1,975원/1GB_7,900","4GB_1,975원/1GB_7,900"
5547675,SK하이닉스 DDR3-1600 중고,"_8GB_6,243원/1GB_49,940|_4GB_2,250원/1GB_9,000","_8GB_6,243원/1GB_49,940|_4GB_2,250원/1GB_9,000","_8GB_6,243원/1GB_49,940|_4GB_2,250원/1GB_9,000","_8GB_6,243원/1GB_49,940|_4GB_2,250원/1GB_9,000","_8GB_6,243원/1GB_49,940|_4GB_2,250원/1GB_9,000","_8GB_6,243원/1GB_49,940|_4GB_2,250원/1GB_9,000","_8GB_6,243원/1GB_49,940|_4GB_2,250원/1GB_9,000","_8GB_6,243원/1GB_49,940|_4GB_2,250원/1GB_9,000","_8GB_6,243원/1GB_49,940|_4GB_2,250원/1GB_9,000","_8GB_6,243원/1GB_49,940|_4GB_2,250원/1GB_9,000","_8GB_6,243원/1GB_49,940|_4GB_2,250원/1GB_9,000","_8GB_6,243원/1GB_49,940|_4GB_2,250원/1GB_9,000","_8GB_3,250원/1GB_26,000|_4GB_2,250원/1GB_9,000","_8GB_3,250원/1GB_26,000|_4GB_2,250원/1GB_9,000","_8GB_3,250원/1GB_26,000|_4GB_2,250원/1GB_9,000","_8GB_3,250원/1GB_26,000|_4GB_2,250원/1GB_9,000"
4340385,SK하이닉스 DDR4-2133,"4GB_9,000원/1GB_36,000","4GB_9,000원/1GB_36,000","4GB_9,000원/1GB_36,000","4GB_9,000원/1GB_36,000","4GB_9,000원/1GB_36,000","4GB_9,000원/1GB_36,000","4GB_9,000원/1GB_36,000","4GB_9,000원/1GB_36,000","4GB_9,000원/1GB_36,000","4GB_9,000원/1GB_36,000","4GB_9,000원/1GB_36,000","4GB_9,000원/1GB_36,000","4GB_9,000원/1GB_36,000","4GB_9,000원/1GB_36,000","4GB_9,000원/1GB_36,000","4GB_9,000원/1GB_36,000"
5718625,SK하이닉스 DDR4-2400,"4GB_9,000원/1GB_36,000","4GB_9,000원/1GB_36,000","4GB_9,000원/1GB_36,000","4GB_9,000원/1GB_36,000","4GB_9,000원/1GB_36,000","4GB_9,000원/1GB_36,000","4GB_9,000원/1GB_36,000","4GB_9,000원/1GB_36,000","4GB_9,000원/1GB_36,000","4GB_9,000원/1GB_36,000","4GB_9,000원/1GB_36,000","4GB_9,000원/1GB_36,000","4GB_9,000원/1GB_36,000","4GB_9,000원/1GB_36,000","4GB_9,000원/1GB_36,000","4GB_9,000원/1GB_36,000"
19266986,SK하이닉스 DDR4-2400 중고,"4GB_6,000원/1GB_24,000","4GB_6,000원/1GB_24,000","4GB_6,000원/1GB_24,000","4GB_6,000원/1GB_24,000","4GB_6,000원/1GB_24,000","4GB_6,000원/1GB_24,000","4GB_6,000원/1GB_24,000","4GB_6,000원/1GB_24,000","4GB_6,000원/1GB_24,000","4GB_6,000원/1GB_24,000","4GB_6,000원/1GB_24,000","4GB_6,000원/1GB_24,000","4GB_6,000원/1GB_24,000","4GB_6,000원/1GB_24,000","4GB_6,000원/1GB_24,000","4GB_6,000원/1GB_24,000"
10376604,SK하이닉스 DDR4-2666 중고,"_16GB_11,868원/1GB_189,890|_8GB_10,000원/1GB_80,000","_16GB_11,681원/1GB_186,890|_8GB_10,000원/1GB_80,000","_16GB_11,493원/1GB_183,890|_8GB_10,000원/1GB_80,000","_16GB_11,306원/1GB_180,890|_8GB_10,000원/1GB_80,000","_16GB_11,306원/1GB_180,890|_8GB_10,000원/1GB_80,000","_16GB_11,118원/1GB_177,890|_8GB_10,000원/1GB_80,000","_16GB_11,118원/1GB_177,890|_8GB_10,000원/1GB_80,000","_16GB_11,118원/1GB_177,890|_8GB_10,000원/1GB_80,000","_16GB_10,931원/1GB_174,890|_8GB_10,000원/1GB_80,000","_16GB_10,931원/1GB_174,890|_8GB_10,000원/1GB_80,000","_16GB_11,306원/1GB_180,890|_8GB_10,000원/1GB_80,000","_16GB_11,306원/1GB_180,890|_8GB_10,000원/1GB_80,000","_16GB_11,868원/1GB_189,890|_8GB_10,000원/1GB_80,000","_16GB_11,681원/1GB_186,890|_8GB_10,000원/1GB_80,000","_16GB_11,493원/1GB_183,890|_8GB_10,000원/1GB_80,000","_16GB_11,306원/1GB_180,890|_8GB_10,000원/1GB_80,000"
99639581,SK하이닉스 DDR4-3200,"16GB_13,674원/1GB_218,790","16GB_13,672원/1GB_218,750","16GB_13,672원/1GB_218,750","16GB_13,672원/1GB_218,750","16GB_13,666원/1GB_218,660","16GB_13,666원/1GB_218,660","16GB_13,815원/1GB_221,040","16GB_13,815원/1GB_221,040","16GB_13,813원/1GB_221,010","16GB_13,812원/1GB_220,990","16GB_13,808원/1GB_220,920","16GB_13,808원/1GB_220,920","16GB_13,808원/1GB_220,920","16GB_13,808원/1GB_220,920","16GB_13,808원/1GB_220,920","16GB_13,808원/1GB_220,920"
112969488,SK하이닉스 DDR4-3200,"8GB_52,800원/1GB_422,400","8GB_52,800원/1GB_422,400","8GB_52,800원/1GB_422,400","8GB_52,800원/1GB_422,400","8GB_52,800원/1GB_422,400","8GB_52,800원/1GB_422,400","8GB_52,800원/1GB_422,400","8GB_52,800원/1GB_422,400","8GB_52,800원/1GB_422,400","8GB_52,800원/1GB_422,400","8GB_53,900원/1GB_431,200","8GB_53,900원/1GB_431,200","8GB_53,900원/1GB_431,200","8GB_53,900원/1GB_431,200","8GB_53,900원/1GB_431,200","8GB_53,900원/1GB_431,200"
104989391,SK하이닉스 DDR4-3200 병행수입,"16GB_13,603원/1GB_217,640","16GB_13,603원/1GB_217,640","16GB_13,603원/1GB_217,640","16GB_13,603원/1GB_217,640","16GB_13,603원/1GB_217,640","16GB_13,603원/1GB_217,640","16GB_13,603원/1GB_217,640","16GB_13,603원/1GB_217,640","16GB_13,905원/1GB_222,480","16GB_13,905원/1GB_222,480","16GB_13,905원/1GB_222,480","16GB_14,056원/1GB_224,900","16GB_14,056원/1GB_224,900","16GB_14,056원/1GB_224,900","16GB_14,056원/1GB_224,900","16GB_14,056원/1GB_224,900"
15577976,SK하이닉스 DDR4-3200 중고,"_16GB_12,369원/1GB_197,900|_8GB_7,740원/1GB_61,920|4GB_8,750원/1GB_35,000","_16GB_12,369원/1GB_197,900|_8GB_7,740원/1GB_61,920|4GB_8,750원/1GB_35,000","_16GB_12,369원/1GB_197,900|_8GB_7,740원/1GB_61,920|4GB_8,750원/1GB_35,000","_16GB_12,369원/1GB_197,900|_8GB_7,740원/1GB_61,920|4GB_8,750원/1GB_35,000","_16GB_12,369원/1GB_197,900|_8GB_7,740원/1GB_61,920|4GB_8,750원/1GB_35,000","_16GB_12,369원/1GB_197,900|_8GB_7,740원/1GB_61,920|4GB_8,750원/1GB_35,000","_16GB_12,369원/1GB_197,900|_8GB_7,740원/1GB_61,920|4GB_8,750원/1GB_35,000","_16GB_12,369원/1GB_197,900|_8GB_7,740원/1GB_61,920|4GB_8,750원/1GB_35,000","_16GB_12,369원/1GB_197,900|_8GB_7,740원/1GB_61,920|4GB_8,750원/1GB_35,000","_16GB_12,369원/1GB_197,900|_8GB_8,599원/1GB_68,790|4GB_8,750원/1GB_35,000","_16GB_12,369원/1GB_197,900|_8GB_8,599원/1GB_68,790|4GB_8,750원/1GB_35,000","_16GB_12,369원/1GB_197,900|_8GB_8,599원/1GB_68,790|4GB_8,750원/1GB_35,000","_16GB_12,369원/1GB_197,900|_8GB_8,599원/1GB_68,790|4GB_8,750원/1GB_35,000","_16GB_12,369원/1GB_197,900|_8GB_8,599원/1GB_68,790|4GB_8,750원/1GB_35,000","_16GB_12,369원/1GB_197,900|_8GB_8,599원/1GB_68,790|4GB_8,750원/1GB_35,000","_16GB_12,369원/1GB_197,900|_8GB_8,599원/1GB_68,790|4GB_8,750원/1GB_35,000"
16507634,SK하이닉스 DDR5-4800,"_16GB_21,563원/1GB_345,000|_8GB_22,875원/1GB_183,000","_16GB_21,563원/1GB_345,000|_8GB_23,750원/1GB_190,000","_16GB_21,563원/1GB_345,000|_8GB_23,750원/1GB_190,000","_16GB_21,563원/1GB_345,000|_8GB_23,750원/1GB_190,000","32GB_21,094원/1GB_675,000|_16GB_21,563원/1GB_345,000|_8GB_23,750원/1GB_190,000","32GB_21,094원/1GB_675,000|_16GB_21,563원/1GB_345,000|_8GB_23,750원/1GB_190,000","32GB_21,094원/1GB_675,000|_16GB_21,563원/1GB_345,000|_8GB_23,750원/1GB_190,000","32GB_21,094원/1GB_675,000|_16GB_21,563원/1GB_345,000|_8GB_23,750원/1GB_190,000","32GB_21,094원/1GB_675,000|_16GB_21,563원/1GB_345,000|_8GB_23,750원/1GB_190,000","32GB_21,094원/1GB_675,000|_16GB_21,563원/1GB_345,000|_8GB_23,750원/1GB_190,000","32GB_21,094원/1GB_675,000|_16GB_21,563원/1GB_345,000|_8GB_23,750원/1GB_190,000","32GB_21,094원/1GB_675,000|_16GB_21,563원/1GB_345,000|_8GB_23,750원/1GB_190,000","_32GB_21,094원/1GB_675,000|_16GB_21,563원/1GB_345,000|8GB_23,750원/1GB_190,000","_32GB_21,094원/1GB_675,000|_16GB_21,563원/1GB_345,000|8GB_23,750원/1GB_190,000","_32GB_21,094원/1GB_675,000|_16GB_21,563원/1GB_345,000|8GB_23,750원/1GB_190,000","_32GB_21,094원/1GB_675,000|_16GB_21,563원/1GB_345,000|8GB_23,750원/1GB_190,000"
18700841,SK하이닉스 DDR5-5600,"_32GB_24,656원/1GB_789,000|_16GB_22,375원/1GB_358,000|8GB_21,238원/1GB_169,900","_32GB_24,656원/1GB_789,000|_16GB_22,375원/1GB_358,000|8GB_21,238원/1GB_169,900","_32GB_24,656원/1GB_789,000|_16GB_22,375원/1GB_358,000|8GB_21,238원/1GB_169,900","_32GB_24,656원/1GB_789,000|_16GB_22,375원/1GB_358,000|8GB_21,238원/1GB_169,900","_32GB_24,656원/1GB_789,000|_16GB_22,375원/1GB_358,000|8GB_21,863원/1GB_174,900","_32GB_24,656원/1GB_789,000|_16GB_22,375원/1GB_358,000|8GB_21,863원/1GB_174,900",0,0,0,0,0,0,0,0,0,0
18883523,SK하이닉스 DDR5-5600,0,0,0,0,0,0,"_32GB_24,656원/1GB_789,000|_16GB_22,375원/1GB_358,000|8GB_21,863원/1GB_174,900","_32GB_24,656원/1GB_789,000|_16GB_22,375원/1GB_358,000|8GB_21,863원/1GB_174,900","_32GB_25,912원/1GB_829,170|_16GB_22,438원/1GB_359,000|8GB_21,863원/1GB_174,900","_32GB_25,912원/1GB_829,170|_16GB_22,438원/1GB_359,000|8GB_21,863원/1GB_174,900","_32GB_25,912원/1GB_829,170|_16GB_22,438원/1GB_359,000|8GB_21,863원/1GB_174,900","_32GB_25,912원/1GB_829,170|_16GB_22,438원/1GB_359,000|8GB_21,863원/1GB_174,900","_32GB_25,912원/1GB_829,170|_16GB_22,438원/1GB_359,000|8GB_21,863원/1GB_174,900","_32GB_25,721원/1GB_823,080|_16GB_22,438원/1GB_359,000|8GB_21,863원/1GB_174,900","_32GB_25,721원/1GB_823,080|_16GB_22,438원/1GB_359,000|8GB_21,863원/1GB_174,900","_32GB_25,912원/1GB_829,170|_16GB_22,438원/1GB_359,000|8GB_21,863원/1GB_174,900"
18698351,SK하이닉스 DDR5-5600 병행수입,"16GB_25,453원/1GB_407,240","16GB_25,453원/1GB_407,240","16GB_25,453원/1GB_407,240","16GB_25,453원/1GB_407,240","16GB_25,453원/1GB_407,240","16GB_25,453원/1GB_407,240","16GB_25,423원/1GB_406,770","16GB_25,423원/1GB_406,770","16GB_25,423원/1GB_406,770","16GB_25,423원/1GB_406,770","16GB_25,619원/1GB_409,910","16GB_25,619원/1GB_409,910","16GB_25,619원/1GB_409,910","16GB_25,619원/1GB_409,910","16GB_25,644원/1GB_410,300","16GB_25,644원/1GB_410,300"
5800721,SK하이닉스 노트북 DDR2-533 중고,"512MB_21,000","512MB_21,000","512MB_21,000","512MB_21,000","512MB_21,000","512MB_21,000","512MB_21,000","512MB_21,000","512MB_21,000","512MB_21,000","512MB_21,000","512MB_21,000","512MB_21,000","512MB_21,000","512MB_21,000","512MB_21,000"
5800144,SK하이닉스 노트북 DDR2-667 중고,"_1GB_26,000원/1GB_26,000|_512MB_21,000","_1GB_26,000원/1GB_26,000|_512MB_21,000","_1GB_26,000원/1GB_26,000|_512MB_21,000","_1GB_26,000원/1GB_26,000|_512MB_21,000","_1GB_26,000원/1GB_26,000|_512MB_21,000","_1GB_26,000원/1GB_26,000|_512MB_21,000","_1GB_26,000원/1GB_26,000|_512MB_21,000","_1GB_26,000원/1GB_26,000|_512MB_21,000","_1GB_26,000원/1GB_26,000|_512MB_21,000","_1GB_26,000원/1GB_26,000|_512MB_21,000","_1GB_26,000원/1GB_26,000|_512MB_21,000","_1GB_26,000원/1GB_26,000|_512MB_21,000","_1GB_26,000원/1GB_26,000|_512MB_21,000","_1GB_26,000원/1GB_26,000|_512MB_21,000","_1GB_26,000원/1GB_26,000|_512MB_21,000","_1GB_26,000원/1GB_26,000|_512MB_21,000"
929569,SK하이닉스 노트북 DDR2-800 중고,"_2GB_15,500원/1GB_31,000|_1GB_21,000원/1GB_21,000","_2GB_15,500원/1GB_31,000|_1GB_21,000원/1GB_21,000","_2GB_15,500원/1GB_31,000|_1GB_21,000원/1GB_21,000","_2GB_15,500원/1GB_31,000|_1GB_21,000원/1GB_21,000","_2GB_15,500원/1GB_31,000|_1GB_21,000원/1GB_21,000","_2GB_15,500원/1GB_31,000|_1GB_21,000원/1GB_21,000","_2GB_15,500원/1GB_31,000|_1GB_21,000원/1GB_21,000","_2GB_15,500원/1GB_31,000|_1GB_21,000원/1GB_21,000","_2GB_15,500원/1GB_31,000|_1GB_21,000원/1GB_21,000","_2GB_15,500원/1GB_31,000|_1GB_21,000원/1GB_21,000","_2GB_15,500원/1GB_31,000|_1GB_21,000원/1GB_21,000","_2GB_15,500원/1GB_31,000|_1GB_21,000원/1GB_21,000","_2GB_15,500원/1GB_31,000|_1GB_21,000원/1GB_21,000","_2GB_15,500원/1GB_31,000|_1GB_21,000원/1GB_21,000","_2GB_15,500원/1GB_31,000|_1GB_21,000원/1GB_21,000","_2GB_15,500원/1GB_31,000|_1GB_21,000원/1GB_21,000"
1678154,SK하이닉스 노트북 DDR3-1066,"_4GB_12,500원/1GB_50,000|_2GB_8,450원/1GB_16,900","_4GB_12,500원/1GB_50,000|_2GB_8,450원/1GB_16,900","_4GB_12,500원/1GB_50,000|_2GB_8,450원/1GB_16,900","_4GB_12,500원/1GB_50,000|_2GB_8,450원/1GB_16,900","_4GB_12,500원/1GB_50,000|_2GB_8,450원/1GB_16,900","_4GB_12,500원/1GB_50,000|_2GB_8,450원/1GB_16,900","_4GB_12,500원/1GB_50,000|_2GB_8,450원/1GB_16,900","_4GB_12,500원/1GB_50,000|_2GB_8,450원/1GB_16,900","_4GB_12,500원/1GB_50,000|_2GB_8,450원/1GB_16,900","_4GB_12,500원/1GB_50,000|_2GB_8,450원/1GB_16,900","_4GB_12,500원/1GB_50,000|_2GB_8,450원/1GB_16,900","_4GB_12,500원/1GB_50,000|_2GB_8,450원/1GB_16,900","_4GB_12,500원/1GB_50,000|_2GB_8,450원/1GB_16,900","_4GB_12,500원/1GB_50,000|_2GB_8,450원/1GB_16,900","_4GB_12,500원/1GB_50,000|_2GB_8,450원/1GB_16,900","_4GB_12,500원/1GB_50,000|_2GB_8,450원/1GB_16,900"
5728635,SK하이닉스 노트북 DDR3-1066 중고,"_4GB_14,875원/1GB_59,500|_2GB_1,210원/1GB_2,420","_4GB_14,875원/1GB_59,500|_2GB_1,210원/1GB_2,420","_4GB_14,875원/1GB_59,500|_2GB_1,210원/1GB_2,420","_4GB_14,875원/1GB_59,500|_2GB_1,210원/1GB_2,420","_4GB_14,875원/1GB_59,500|_2GB_1,210원/1GB_2,420","_4GB_14,875원/1GB_59,500|_2GB_1,210원/1GB_2,420","_4GB_14,875원/1GB_59,500|_2GB_1,210원/1GB_2,420","_4GB_14,875원/1GB_59,500|_2GB_1,210원/1GB_2,420","_4GB_14,875원/1GB_59,500|_2GB_1,240원/1GB_2,480","_4GB_14,875원/1GB_59,500|_2GB_1,240원/1GB_2,480","_4GB_14,875원/1GB_59,500|_2GB_1,240원/1GB_2,480","_4GB_14,875원/1GB_59,500|_2GB_1,255원/1GB_2,510","_4GB_14,875원/1GB_59,500|_2GB_1,255원/1GB_2,510","_4GB_14,875원/1GB_59,500|_2GB_1,255원/1GB_2,510","_4GB_14,875원/1GB_59,500|_2GB_1,255원/1GB_2,510","_4GB_14,875원/1GB_59,500|_2GB_1,255원/1GB_2,510"
1331603,SK하이닉스 노트북 DDR3-1333,"4GB_6,250원/1GB_25,000","4GB_6,250원/1GB_25,000","4GB_6,250원/1GB_25,000","4GB_6,250원/1GB_25,000","4GB_6,250원/1GB_25,000","4GB_6,250원/1GB_25,000","4GB_6,250원/1GB_25,000","4GB_6,250원/1GB_25,000","4GB_6,250원/1GB_25,000","4GB_6,250원/1GB_25,000","4GB_6,250원/1GB_25,000","4GB_6,250원/1GB_25,000","4GB_6,250원/1GB_25,000","4GB_6,250원/1GB_25,000","4GB_6,250원/1GB_25,000","4GB_6,250원/1GB_25,000"
1745206,SK하이닉스 노트북 DDR3-1333 병행수입,"4GB_7,375원/1GB_29,500","4GB_7,375원/1GB_29,500","4GB_7,375원/1GB_29,500","4GB_7,375원/1GB_29,500","4GB_7,375원/1GB_29,500","4GB_7,375원/1GB_29,500","4GB_7,375원/1GB_29,500","4GB_7,375원/1GB_29,500","4GB_7,375원/1GB_29,500","4GB_7,375원/1GB_29,500","4GB_7,375원/1GB_29,500","4GB_7,375원/1GB_29,500","4GB_7,375원/1GB_29,500","4GB_7,375원/1GB_29,500","4GB_7,375원/1GB_29,500","4GB_7,375원/1GB_29,500"
5728592,SK하이닉스 노트북 DDR3-1333 중고,"_8GB_9,625원/1GB_77,000|_4GB_2,250원/1GB_9,000|2GB_3,645원/1GB_7,290","_8GB_9,625원/1GB_77,000|_4GB_2,250원/1GB_9,000|2GB_3,645원/1GB_7,290","_8GB_9,625원/1GB_77,000|_4GB_2,250원/1GB_9,000|2GB_3,645원/1GB_7,290","_8GB_9,625원/1GB_77,000|_4GB_2,250원/1GB_9,000|2GB_3,645원/1GB_7,290","_8GB_9,625원/1GB_77,000|_4GB_2,250원/1GB_9,000|2GB_3,645원/1GB_7,290","_8GB_9,625원/1GB_77,000|_4GB_2,250원/1GB_9,000|2GB_3,645원/1GB_7,290","_8GB_9,625원/1GB_77,000|_4GB_2,250원/1GB_9,000|2GB_3,645원/1GB_7,290","_8GB_9,625원/1GB_77,000|_4GB_2,250원/1GB_9,000|2GB_3,645원/1GB_7,290","_8GB_9,625원/1GB_77,000|_4GB_2,250원/1GB_9,000|2GB_3,645원/1GB_7,290","_8GB_9,625원/1GB_77,000|_4GB_2,250원/1GB_9,000|2GB_3,645원/1GB_7,290","_8GB_9,625원/1GB_77,000|_4GB_2,250원/1GB_9,000|2GB_3,645원/1GB_7,290","_8GB_9,625원/1GB_77,000|_4GB_2,250원/1GB_9,000|2GB_3,645원/1GB_7,290","_8GB_9,625원/1GB_77,000|_4GB_2,250원/1GB_9,000|2GB_3,645원/1GB_7,290","_8GB_9,625원/1GB_77,000|_4GB_2,250원/1GB_9,000|2GB_3,645원/1GB_7,290","_8GB_9,625원/1GB_77,000|_4GB_2,250원/1GB_9,000|2GB_3,645원/1GB_7,290","_8GB_9,625원/1GB_77,000|_4GB_2,250원/1GB_9,000|2GB_3,645원/1GB_7,290"
3380679,SK하이닉스 노트북 DDR3-1600 1.35V 병행수입,"4GB_6,975원/1GB_27,900","4GB_6,975원/1GB_27,900","4GB_6,975원/1GB_27,900","4GB_6,975원/1GB_27,900","4GB_6,975원/1GB_27,900","4GB_6,975원/1GB_27,900","4GB_6,975원/1GB_27,900","4GB_6,975원/1GB_27,900","4GB_6,975원/1GB_27,900","4GB_6,975원/1GB_27,900","4GB_6,975원/1GB_27,900","4GB_6,975원/1GB_27,900","4GB_6,975원/1GB_27,900","4GB_6,975원/1GB_27,900","4GB_6,975원/1GB_27,900","4GB_6,975원/1GB_27,900"
17811926,SK하이닉스 노트북 DDR3-1600 1.35V 중고,"4GB_2,500원/1GB_10,000","4GB_2,500원/1GB_10,000","4GB_2,500원/1GB_10,000","4GB_2,500원/1GB_10,000","4GB_2,500원/1GB_10,000","4GB_2,500원/1GB_10,000","4GB_2,500원/1GB_10,000","4GB_2,500원/1GB_10,000","4GB_2,500원/1GB_10,000","4GB_2,500원/1GB_10,000","4GB_2,500원/1GB_10,000","4GB_2,500원/1GB_10,000","4GB_2,400원/1GB_9,600","4GB_2,400원/1GB_9,600","4GB_2,400원/1GB_9,600","4GB_2,400원/1GB_9,600"
1883084,SK하이닉스 노트북 DDR3-1600 병행수입,"8GB_7,250원/1GB_58,000","8GB_7,250원/1GB_58,000","8GB_7,250원/1GB_58,000","8GB_7,250원/1GB_58,000","8GB_7,250원/1GB_58,000","8GB_7,250원/1GB_58,000","8GB_7,250원/1GB_58,000","8GB_7,250원/1GB_58,000","8GB_7,250원/1GB_58,000","8GB_7,250원/1GB_58,000","8GB_7,250원/1GB_58,000","8GB_7,250원/1GB_58,000","8GB_7,250원/1GB_58,000","8GB_7,250원/1GB_58,000","8GB_7,250원/1GB_58,000","8GB_7,250원/1GB_58,000"
5547576,SK하이닉스 노트북 DDR3-1600 중고,"_8GB_3,100원/1GB_24,800|_4GB_2,003원/1GB_8,010|2GB_1,485원/1GB_2,970","_8GB_3,100원/1GB_24,800|_4GB_2,003원/1GB_8,010|2GB_1,485원/1GB_2,970","_8GB_2,938원/1GB_23,500|_4GB_1,995원/1GB_7,980|2GB_1,485원/1GB_2,970","_8GB_2,938원/1GB_23,500|_4GB_1,995원/1GB_7,980|2GB_1,485원/1GB_2,970","_8GB_2,938원/1GB_23,500|_4GB_1,995원/1GB_7,980|2GB_1,485원/1GB_2,970","_8GB_3,100원/1GB_24,800|_4GB_1,995원/1GB_7,980|2GB_1,485원/1GB_2,970","_8GB_3,038원/1GB_24,300|_4GB_1,995원/1GB_7,980|2GB_1,485원/1GB_2,970","_8GB_3,038원/1GB_24,300|_4GB_1,995원/1GB_7,980|2GB_1,485원/1GB_2,970","_8GB_3,038원/1GB_24,300|_4GB_1,995원/1GB_7,980|2GB_1,485원/1GB_2,970","_8GB_3,100원/1GB_24,800|_4GB_1,995원/1GB_7,980|2GB_1,485원/1GB_2,970",0,0,0,0,0,0
5547968,SK하이닉스 노트북 DDR3-1600 중고,0,0,0,0,0,0,0,0,0,0,"_8GB_3,038원/1GB_24,300|_4GB_1,995원/1GB_7,980|2GB_1,540원/1GB_3,080","_8GB_3,100원/1GB_24,800|_4GB_1,995원/1GB_7,980|2GB_1,540원/1GB_3,080","_8GB_3,038원/1GB_24,300|_4GB_1,995원/1GB_7,980|2GB_1,540원/1GB_3,080","_8GB_3,038원/1GB_24,300|_4GB_1,995원/1GB_7,980|2GB_1,540원/1GB_3,080","_8GB_2,938원/1GB_23,500|_4GB_1,995원/1GB_7,980|2GB_1,540원/1GB_3,080","_8GB_2,938원/1GB_23,500|_4GB_1,995원/1GB_7,980|2GB_1,540원/1GB_3,080"
5706778,SK하이닉스 노트북 DDR4-2133,"8GB_12,125원/1GB_97,000","8GB_12,125원/1GB_97,000","8GB_12,125원/1GB_97,000","8GB_12,125원/1GB_97,000","8GB_12,125원/1GB_97,000","8GB_12,125원/1GB_97,000","8GB_12,125원/1GB_97,000","8GB_12,125원/1GB_97,000","8GB_12,125원/1GB_97,000","8GB_12,125원/1GB_97,000","8GB_12,125원/1GB_97,000","8GB_12,125원/1GB_97,000","8GB_12,125원/1GB_97,000","8GB_12,125원/1GB_97,000","8GB_12,125원/1GB_97,000","8GB_12,125원/1GB_97,000"
15778361,SK하이닉스 노트북 DDR4-2133 중고,"_8GB_8,601원/1GB_68,810|_4GB_13,000원/1GB_52,000","_8GB_8,601원/1GB_68,810|_4GB_13,000원/1GB_52,000","_8GB_8,601원/1GB_68,810|_4GB_13,000원/1GB_52,000","_8GB_8,601원/1GB_68,810|_4GB_13,000원/1GB_52,000","_8GB_8,601원/1GB_68,810|_4GB_13,000원/1GB_52,000","_8GB_8,601원/1GB_68,810|_4GB_13,000원/1GB_52,000","_8GB_8,601원/1GB_68,810|_4GB_13,000원/1GB_52,000","_8GB_8,601원/1GB_68,810|_4GB_13,000원/1GB_52,000","_8GB_8,601원/1GB_68,810|_4GB_13,000원/1GB_52,000","_8GB_8,601원/1GB_68,810|_4GB_13,000원/1GB_52,000","_8GB_8,601원/1GB_68,810|_4GB_13,000원/1GB_52,000","_8GB_8,601원/1GB_68,810|_4GB_13,000원/1GB_52,000","_8GB_8,601원/1GB_68,810|_4GB_13,000원/1GB_52,000","_8GB_8,601원/1GB_68,810|_4GB_13,000원/1GB_52,000","_8GB_8,601원/1GB_68,810|_4GB_13,000원/1GB_52,000","_8GB_8,601원/1GB_68,810|_4GB_13,000원/1GB_52,000"
16946420,SK하이닉스 노트북 DDR4-2400 중고,"_8GB_6,999원/1GB_55,990|_4GB_7,248원/1GB_28,990|2GB_8,000원/1GB_16,000","_8GB_6,999원/1GB_55,990|_4GB_7,248원/1GB_28,990|2GB_8,000원/1GB_16,000","_8GB_6,999원/1GB_55,990|_4GB_7,248원/1GB_28,990|2GB_8,000원/1GB_16,000","_8GB_6,999원/1GB_55,990|_4GB_7,248원/1GB_28,990|2GB_8,000원/1GB_16,000","_8GB_6,999원/1GB_55,990|_4GB_7,248원/1GB_28,990|2GB_8,000원/1GB_16,000","_8GB_6,999원/1GB_55,990|_4GB_7,248원/1GB_28,990|2GB_8,000원/1GB_16,000","_8GB_6,999원/1GB_55,990|_4GB_7,248원/1GB_28,990|2GB_8,000원/1GB_16,000","_8GB_6,999원/1GB_55,990|_4GB_7,248원/1GB_28,990|2GB_8,000원/1GB_16,000","_8GB_6,999원/1GB_55,990|_4GB_7,248원/1GB_28,990|2GB_8,000원/1GB_16,000","_8GB_6,999원/1GB_55,990|_4GB_7,248원/1GB_28,990|2GB_8,000원/1GB_16,000","_8GB_6,999원/1GB_55,990|_4GB_7,248원/1GB_28,990|2GB_8,000원/1GB_16,000","_8GB_6,999원/1GB_55,990|_4GB_7,248원/1GB_28,990|2GB_8,000원/1GB_16,000",0,0,0,0
16946459,SK하이닉스 노트북 DDR4-2400 중고,0,0,0,0,0,0,0,0,0,0,0,0,"_8GB_6,999원/1GB_55,990|_4GB_7,248원/1GB_28,990|2GB_8,000원/1GB_16,000","_8GB_6,999원/1GB_55,990|_4GB_7,248원/1GB_28,990|2GB_8,000원/1GB_16,000","_8GB_6,999원/1GB_55,990|_4GB_7,248원/1GB_28,990|2GB_8,000원/1GB_16,000","_8GB_6,999원/1GB_55,990|_4GB_7,248원/1GB_28,990|2GB_8,000원/1GB_16,000"
13057079,SK하이닉스 노트북 DDR4-2666 중고,"_4GB_6,498원/1GB_25,990|_16GB_7,499원/1GB_119,990|8GB_8,500원/1GB_68,000","_4GB_6,498원/1GB_25,990|_16GB_7,499원/1GB_119,990|8GB_8,500원/1GB_68,000","_4GB_6,498원/1GB_25,990|_16GB_7,499원/1GB_119,990|8GB_8,500원/1GB_68,000","_4GB_6,498원/1GB_25,990|_16GB_7,499원/1GB_119,990|8GB_8,500원/1GB_68,000","_4GB_6,498원/1GB_25,990|_16GB_7,499원/1GB_119,990|8GB_8,500원/1GB_68,000","_4GB_6,498원/1GB_25,990|_16GB_7,499원/1GB_119,990|8GB_8,500원/1GB_68,000","_4GB_6,498원/1GB_25,990|_16GB_7,499원/1GB_119,990|8GB_8,500원/1GB_68,000","_4GB_6,498원/1GB_25,990|_16GB_7,499원/1GB_119,990|8GB_8,500원/1GB_68,000","_4GB_6,498원/1GB_25,990|_16GB_8,124원/1GB_129,990|8GB_9,979원/1GB_79,830","_4GB_6,498원/1GB_25,990|_16GB_8,124원/1GB_129,990|8GB_9,979원/1GB_79,830","_4GB_6,498원/1GB_25,990|_16GB_8,124원/1GB_129,990|8GB_9,979원/1GB_79,830","_4GB_6,498원/1GB_25,990|_16GB_8,124원/1GB_129,990|8GB_9,979원/1GB_79,830","_4GB_6,498원/1GB_25,990|_16GB_8,124원/1GB_129,990|8GB_9,979원/1GB_79,830","_4GB_6,498원/1GB_25,990|_16GB_8,124원/1GB_129,990|8GB_8,500원/1GB_68,000","_4GB_6,498원/1GB_25,990|_16GB_8,124원/1GB_129,990|8GB_8,500원/1GB_68,000","_4GB_6,498원/1GB_25,990|_16GB_8,124원/1GB_129,990|8GB_8,500원/1GB_68,000"
16121639,SK하이닉스 노트북 DDR4-3200 중고,"_8GB_7,175원/1GB_57,400|_4GB_7,750원/1GB_31,000","_8GB_7,175원/1GB_57,400|_4GB_7,750원/1GB_31,000","_8GB_7,175원/1GB_57,400|_4GB_7,750원/1GB_31,000","_8GB_7,175원/1GB_57,400|_4GB_7,750원/1GB_31,000","_8GB_7,175원/1GB_57,400|_4GB_7,750원/1GB_31,000","_8GB_7,175원/1GB_57,400|_4GB_7,750원/1GB_31,000","_8GB_7,350원/1GB_58,800|_4GB_7,750원/1GB_31,000","_8GB_7,350원/1GB_58,800|_4GB_7,750원/1GB_31,000","_8GB_7,350원/1GB_58,800|_4GB_7,750원/1GB_31,000","_8GB_7,350원/1GB_58,800|_4GB_7,750원/1GB_31,000","_8GB_7,350원/1GB_58,800|_4GB_7,750원/1GB_31,000","_8GB_7,350원/1GB_58,800|_4GB_7,750원/1GB_31,000","_8GB_7,350원/1GB_58,800|_4GB_7,750원/1GB_31,000","_8GB_7,350원/1GB_58,800|_4GB_7,750원/1GB_31,000","_8GB_7,350원/1GB_58,800|_4GB_7,750원/1GB_31,000","_8GB_7,350원/1GB_58,800|_4GB_7,750원/1GB_31,000"
17390087,SK하이닉스 노트북 DDR5-4800 중고,"8GB_18,401원/1GB_147,210","8GB_18,401원/1GB_147,210","8GB_18,401원/1GB_147,210","8GB_18,401원/1GB_147,210","8GB_18,401원/1GB_147,210","8GB_18,401원/1GB_147,210","8GB_18,401원/1GB_147,210","8GB_18,401원/1GB_147,210","8GB_18,401원/1GB_147,210","8GB_18,401원/1GB_147,210","8GB_18,401원/1GB_147,210","8GB_18,401원/1GB_147,210","8GB_18,401원/1GB_147,210","8GB_18,401원/1GB_147,210","8GB_18,401원/1GB_147,210","8GB_18,401원/1GB_147,210"
122617578,SK하이닉스 노트북 DDR5-5600,"24GB_30,000원/1GB_480,000","24GB_30,000원/1GB_480,000","24GB_30,000원/1GB_480,000","24GB_30,000원/1GB_480,000","24GB_33,014원/1GB_528,220","24GB_33,014원/1GB_528,220","24GB_33,014원/1GB_528,220","24GB_33,014원/1GB_528,220","24GB_33,014원/1GB_528,220","24GB_33,014원/1GB_528,220","24GB_33,014원/1GB_528,220","24GB_33,014원/1GB_528,220","24GB_33,014원/1GB_528,220","24GB_33,014원/1GB_528,220","24GB_33,014원/1GB_528,220","24GB_33,014원/1GB_528,220"
53780300,SK하이닉스 노트북 DDR5-5600 중고,"_16GB_18,063원/1GB_289,000|_8GB_18,204원/1GB_145,630","_16GB_18,063원/1GB_289,000|_8GB_18,204원/1GB_145,630","_16GB_18,063원/1GB_289,000|_8GB_18,204원/1GB_145,630","_16GB_18,063원/1GB_289,000|_8GB_18,204원/1GB_145,630","_16GB_19,047원/1GB_304,750|_8GB_18,204원/1GB_145,630","_16GB_19,046원/1GB_304,740|_8GB_18,204원/1GB_145,630",0,0,0,0,0,0,0,0,0,0
20199452,SK하이닉스 노트북 DDR5-5600 중고,0,0,0,0,0,0,"_16GB_19,072원/1GB_305,150|_8GB_18,204원/1GB_145,630","_16GB_19,072원/1GB_305,150|_8GB_18,204원/1GB_145,630","_16GB_19,072원/1GB_305,150|_8GB_18,204원/1GB_145,630","_16GB_19,072원/1GB_305,150|_8GB_18,204원/1GB_145,630","_16GB_19,072원/1GB_305,150|_8GB_18,204원/1GB_145,630","_16GB_19,072원/1GB_305,150|_8GB_18,204원/1GB_145,630","_16GB_19,072원/1GB_305,150|_8GB_18,204원/1GB_145,630","_16GB_19,072원/1GB_305,150|_8GB_18,204원/1GB_145,630","_16GB_19,072원/1GB_305,150|_8GB_18,204원/1GB_145,630","_16GB_19,072원/1GB_305,150|_8GB_18,204원/1GB_145,630"
13603805,SOUTH BRIDGE DDR3-1600,"8GB_2,686원/1GB_21,490","8GB_2,686원/1GB_21,490","8GB_2,686원/1GB_21,490","8GB_2,686원/1GB_21,490","8GB_2,686원/1GB_21,490","8GB_2,686원/1GB_21,490","8GB_2,686원/1GB_21,490","8GB_2,686원/1GB_21,490","8GB_2,686원/1GB_21,490","8GB_2,686원/1GB_21,490","8GB_2,686원/1GB_21,490","8GB_2,686원/1GB_21,490","8GB_2,686원/1GB_21,490","8GB_2,686원/1GB_21,490","8GB_2,686원/1GB_21,490","8GB_2,686원/1GB_21,490"
14205473,SOUTH BRIDGE 노트북용 DDR3L-1600 1.35V,"8GB_3,288원/1GB_26,300","8GB_3,288원/1GB_26,300","8GB_3,288원/1GB_26,300","8GB_3,288원/1GB_26,300","8GB_3,288원/1GB_26,300","8GB_3,288원/1GB_26,300","8GB_3,288원/1GB_26,300","8GB_3,288원/1GB_26,300","8GB_3,288원/1GB_26,300","8GB_3,288원/1GB_26,300","8GB_3,288원/1GB_26,300","8GB_3,288원/1GB_26,300","8GB_3,288원/1GB_26,300","8GB_3,288원/1GB_26,300","8GB_3,288원/1GB_26,300","8GB_3,288원/1GB_26,300"
5680228,TeamGroup DDR4-2666 Elite,"8GB_10,750원/1GB_86,000","8GB_10,750원/1GB_86,000","8GB_10,750원/1GB_86,000","8GB_10,750원/1GB_86,000","8GB_10,750원/1GB_86,000","8GB_10,750원/1GB_86,000","8GB_10,750원/1GB_86,000","8GB_10,750원/1GB_86,000","8GB_10,750원/1GB_86,000","8GB_10,750원/1GB_86,000","8GB_10,750원/1GB_86,000","8GB_10,750원/1GB_86,000","8GB_10,750원/1GB_86,000","8GB_10,750원/1GB_86,000","8GB_10,750원/1GB_86,000","8GB_10,750원/1GB_86,000"
10188141,TeamGroup DDR4-3200 Elite,"_16GB_12,113원/1GB_193,800|_8GB_10,425원/1GB_83,400","_16GB_12,113원/1GB_193,800|_8GB_10,425원/1GB_83,400","_16GB_12,113원/1GB_193,800|_8GB_10,425원/1GB_83,400","_16GB_12,113원/1GB_193,800|_8GB_10,425원/1GB_83,400","_16GB_12,113원/1GB_193,800|_8GB_10,425원/1GB_83,400","_16GB_12,113원/1GB_193,800|_8GB_10,425원/1GB_83,400","_16GB_12,113원/1GB_193,800|_8GB_10,425원/1GB_83,400","_16GB_12,113원/1GB_193,800|_8GB_10,425원/1GB_83,400","_16GB_12,113원/1GB_193,800|_8GB_10,425원/1GB_83,400","_16GB_12,113원/1GB_193,800|_8GB_10,425원/1GB_83,400","_16GB_12,113원/1GB_193,800|_8GB_10,425원/1GB_83,400","_16GB_12,113원/1GB_193,800|_8GB_10,425원/1GB_83,400","_16GB_12,113원/1GB_193,800|_8GB_10,425원/1GB_83,400","_16GB_12,113원/1GB_193,800|_8GB_10,425원/1GB_83,400","_16GB_12,113원/1GB_193,800|_8GB_10,425원/1GB_83,400","_16GB_12,113원/1GB_193,800|_8GB_10,425원/1GB_83,400"
14907443,TeamGroup DDR4-3200 Elite 서린,"32GB_13,047원/1GB_417,500|_16GB_11,875원/1GB_190,000|_8GB_12,706원/1GB_101,650","32GB_13,047원/1GB_417,500|_16GB_11,875원/1GB_190,000|_8GB_12,706원/1GB_101,650","32GB_13,047원/1GB_417,500|_16GB_11,875원/1GB_190,000|_8GB_12,706원/1GB_101,650","32GB_13,047원/1GB_417,500|_16GB_11,875원/1GB_190,000|_8GB_12,706원/1GB_101,650","32GB_13,047원/1GB_417,500|_16GB_11,875원/1GB_190,000|_8GB_12,706원/1GB_101,650","32GB_13,047원/1GB_417,500|_16GB_11,875원/1GB_190,000|_8GB_12,706원/1GB_101,650","32GB_13,047원/1GB_417,500|_16GB_11,750원/1GB_188,000|_8GB_12,573원/1GB_100,580","32GB_13,047원/1GB_417,500|_16GB_11,750원/1GB_188,000|_8GB_12,573원/1GB_100,580","32GB_13,047원/1GB_417,500|_16GB_12,261원/1GB_196,170|_8GB_13,375원/1GB_107,000","32GB_13,047원/1GB_417,500|_16GB_12,260원/1GB_196,160|_8GB_13,375원/1GB_107,000","32GB_13,047원/1GB_417,500|_16GB_12,260원/1GB_196,160|_8GB_13,375원/1GB_107,000","32GB_13,047원/1GB_417,500|_16GB_12,261원/1GB_196,170|_8GB_13,373원/1GB_106,980","32GB_13,047원/1GB_417,500|_16GB_11,825원/1GB_189,200|_8GB_12,653원/1GB_101,220","32GB_13,047원/1GB_417,500|_16GB_11,875원/1GB_190,000|_8GB_12,706원/1GB_101,650","32GB_13,047원/1GB_417,500|_16GB_11,875원/1GB_190,000|_8GB_12,706원/1GB_101,650","32GB_13,047원/1GB_417,500|_16GB_11,875원/1GB_190,000|_8GB_12,706원/1GB_101,650"
123133860,TeamGroup DDR4-3200 Elite 중고,"32GB_9,219원/1GB_295,000","32GB_9,219원/1GB_295,000","32GB_9,219원/1GB_295,000","32GB_9,219원/1GB_295,000","32GB_9,219원/1GB_295,000","32GB_9,219원/1GB_295,000","32GB_9,219원/1GB_295,000","32GB_9,219원/1GB_295,000","32GB_9,219원/1GB_295,000","32GB_9,219원/1GB_295,000","32GB_9,219원/1GB_295,000","32GB_9,219원/1GB_295,000","32GB_9,219원/1GB_295,000","32GB_9,219원/1GB_295,000","32GB_9,219원/1GB_295,000","32GB_9,219원/1GB_295,000"
17535233,TeamGroup DDR5-4800 CL40 Elite 서린,"_32GB_18,394원/1GB_588,600|_16GB_19,999원/1GB_319,980","_32GB_18,394원/1GB_588,600|_16GB_19,999원/1GB_319,980","_32GB_18,394원/1GB_588,600|_16GB_19,999원/1GB_319,980","_32GB_18,394원/1GB_588,600|_16GB_19,999원/1GB_319,980","_32GB_18,394원/1GB_588,600|_16GB_19,999원/1GB_319,980","_32GB_18,394원/1GB_588,600|_16GB_19,999원/1GB_319,980","_32GB_18,394원/1GB_588,600|_16GB_19,999원/1GB_319,980","_32GB_18,394원/1GB_588,600|_16GB_19,999원/1GB_319,980","_32GB_18,394원/1GB_588,600|_16GB_19,999원/1GB_319,990","_32GB_18,394원/1GB_588,600|_16GB_19,999원/1GB_319,980","_32GB_18,394원/1GB_588,600|_16GB_19,999원/1GB_319,980","_32GB_18,394원/1GB_588,600|_16GB_19,999원/1GB_319,990","_32GB_18,394원/1GB_588,600|_16GB_19,999원/1GB_319,990","_32GB_18,394원/1GB_588,600|_16GB_19,999원/1GB_319,980","_32GB_18,394원/1GB_588,600|_16GB_19,999원/1GB_319,980","_32GB_18,394원/1GB_588,600|_16GB_19,999원/1GB_319,980"
18767360,TeamGroup DDR5-5200 CL42 Elite 서린,"16GB_22,716원/1GB_363,450","16GB_22,716원/1GB_363,450","16GB_22,716원/1GB_363,450","16GB_22,716원/1GB_363,450","16GB_21,656원/1GB_346,500","16GB_21,656원/1GB_346,500","16GB_22,716원/1GB_363,450","16GB_22,716원/1GB_363,450","16GB_22,716원/1GB_363,450","16GB_22,716원/1GB_363,450","16GB_21,656원/1GB_346,500","16GB_21,344원/1GB_341,500","16GB_22,716원/1GB_363,450","16GB_22,716원/1GB_363,450","16GB_22,716원/1GB_363,450","16GB_22,716원/1GB_363,450"
23563973,TeamGroup DDR5-5600 CL46 Elite,"32GB_21,328원/1GB_682,500|_16GB_20,156원/1GB_322,490|_8GB_24,375원/1GB_195,000","32GB_21,328원/1GB_682,500|_16GB_20,156원/1GB_322,490|_8GB_24,375원/1GB_195,000","32GB_21,328원/1GB_682,500|_16GB_20,156원/1GB_322,490|_8GB_24,375원/1GB_195,000","32GB_21,328원/1GB_682,500|_16GB_20,156원/1GB_322,490|_8GB_24,375원/1GB_195,000","32GB_21,328원/1GB_682,500|_16GB_20,156원/1GB_322,490|_8GB_24,375원/1GB_195,000","32GB_21,328원/1GB_682,500|_16GB_20,156원/1GB_322,490|_8GB_24,375원/1GB_195,000","32GB_21,328원/1GB_682,500|_16GB_20,156원/1GB_322,490|_8GB_24,375원/1GB_195,000","32GB_21,328원/1GB_682,500|_16GB_20,156원/1GB_322,490|_8GB_24,375원/1GB_195,000","32GB_21,328원/1GB_682,500|_16GB_20,156원/1GB_322,490|_8GB_24,375원/1GB_195,000","32GB_21,328원/1GB_682,500|_16GB_20,156원/1GB_322,490|_8GB_24,375원/1GB_195,000","32GB_21,328원/1GB_682,500|_16GB_21,218원/1GB_339,490|_8GB_24,375원/1GB_195,000","32GB_21,328원/1GB_682,500|_16GB_21,218원/1GB_339,480|_8GB_24,375원/1GB_195,000",0,0,0,0
30333851,TeamGroup DDR5-5600 CL46 Elite,0,0,0,0,0,0,0,0,0,0,0,0,"_32GB_21,328원/1GB_682,500|_16GB_21,218원/1GB_339,480|8GB_22,231원/1GB_177,850","_32GB_21,328원/1GB_682,500|_16GB_21,218원/1GB_339,480|8GB_21,450원/1GB_171,600","_32GB_21,328원/1GB_682,500|_16GB_21,218원/1GB_339,480|8GB_21,450원/1GB_171,600","_32GB_21,328원/1GB_682,500|_16GB_21,218원/1GB_339,480|8GB_21,450원/1GB_171,600"
74421821,TeamGroup DDR5-5600 CL46 Elite Plus 블랙,"32GB_19,688원/1GB_630,000","32GB_19,688원/1GB_630,000","32GB_19,688원/1GB_630,000","32GB_19,688원/1GB_630,000","32GB_19,688원/1GB_630,000","32GB_19,688원/1GB_630,000","32GB_19,688원/1GB_630,000","32GB_19,688원/1GB_630,000","32GB_20,625원/1GB_660,000","32GB_20,625원/1GB_660,000","32GB_20,625원/1GB_660,000","32GB_21,250원/1GB_680,000","32GB_20,313원/1GB_650,000","32GB_20,313원/1GB_650,000","32GB_20,313원/1GB_650,000","32GB_20,313원/1GB_650,000"
27545675,TeamGroup DDR5-5600 CL46 Elite Plus 블랙 서린,"_16GB_42,076원/1GB_673,210|_32GB_20,624원/1GB_659,980","_16GB_42,076원/1GB_673,210|_32GB_20,624원/1GB_659,980","_16GB_42,076원/1GB_673,210|_32GB_20,624원/1GB_659,980","_16GB_42,076원/1GB_673,210|_32GB_20,624원/1GB_659,980","_16GB_42,076원/1GB_673,210|_32GB_20,624원/1GB_659,980","_16GB_51,563원/1GB_825,000|_32GB_20,624원/1GB_659,980","_16GB_51,563원/1GB_825,000|_32GB_20,624원/1GB_659,980","_16GB_51,563원/1GB_825,000|_32GB_20,624원/1GB_659,980","_16GB_18,097원/1GB_289,550|_32GB_20,625원/1GB_659,990","_16GB_18,097원/1GB_289,550|_32GB_20,624원/1GB_659,980","32GB_20,625원/1GB_660,000","32GB_20,634원/1GB_660,290","32GB_20,634원/1GB_660,290","32GB_20,634원/1GB_660,290","32GB_20,634원/1GB_660,290","32GB_20,634원/1GB_660,290"
17535839,TeamGroup DDR5-5600 CL46 Elite 서린,"32GB_20,313원/1GB_650,000|_16GB_21,734원/1GB_347,750|_8GB_20,544원/1GB_164,350","32GB_20,313원/1GB_650,000|_16GB_21,734원/1GB_347,750|_8GB_20,544원/1GB_164,350","_32GB_20,313원/1GB_650,000|_16GB_21,734원/1GB_347,750|8GB_20,544원/1GB_164,350","_32GB_20,313원/1GB_650,000|_16GB_21,734원/1GB_347,750|8GB_20,544원/1GB_164,350","_32GB_20,313원/1GB_650,000|_16GB_21,734원/1GB_347,750|8GB_20,544원/1GB_164,350","_32GB_20,313원/1GB_650,000|_16GB_21,734원/1GB_347,750|8GB_20,544원/1GB_164,350","_32GB_20,313원/1GB_650,000|_16GB_21,734원/1GB_347,750|8GB_20,328원/1GB_162,620","_32GB_20,313원/1GB_650,000|_16GB_21,734원/1GB_347,750|8GB_20,328원/1GB_162,620","_32GB_20,703원/1GB_662,500|_16GB_21,734원/1GB_347,750|8GB_20,811원/1GB_166,490","_32GB_20,703원/1GB_662,490|_16GB_21,734원/1GB_347,750|8GB_20,811원/1GB_166,490","_32GB_20,703원/1GB_662,490|_16GB_21,734원/1GB_347,750|8GB_20,811원/1GB_166,490","_32GB_21,250원/1GB_679,990|_16GB_21,734원/1GB_347,750|8GB_20,811원/1GB_166,490","_32GB_20,313원/1GB_650,000|_16GB_21,734원/1GB_347,750|8GB_20,811원/1GB_166,490","_32GB_20,313원/1GB_650,000|_16GB_21,734원/1GB_347,750|8GB_20,544원/1GB_164,350","_32GB_20,313원/1GB_650,000|_16GB_21,734원/1GB_347,750|8GB_20,544원/1GB_164,350","_32GB_20,313원/1GB_650,000|_16GB_21,734원/1GB_347,750|8GB_20,544원/1GB_164,350"
13981076,TeamGroup T-CREATE DDR4-3600 CL18 EXPERT OC10L 패키지 서린,"_32GB(16Gx2)_13,063원/1GB_418,000|_16GB(8Gx2)_13,181원/1GB_210,900","_32GB(16Gx2)_7,016원/1GB_224,500|_16GB(8Gx2)_13,181원/1GB_210,900","_32GB(16Gx2)_13,063원/1GB_418,000|_16GB(8Gx2)_13,181원/1GB_210,900","_32GB(16Gx2)_13,063원/1GB_418,000|_16GB(8Gx2)_13,181원/1GB_210,900","_32GB(16Gx2)_13,063원/1GB_418,000|_16GB(8Gx2)_13,181원/1GB_210,900","_32GB(16Gx2)_13,063원/1GB_418,000|_16GB(8Gx2)_13,181원/1GB_210,900",0,0,0,0,0,0,0,0,0,0
13981106,TeamGroup T-CREATE DDR4-3600 CL18 EXPERT OC10L 패키지 서린,0,0,0,0,0,0,"_32GB(16Gx2)_12,925원/1GB_413,600|_16GB(8Gx2)_13,043원/1GB_208,680","_32GB(16Gx2)_12,925원/1GB_413,600|_16GB(8Gx2)_13,043원/1GB_208,680","_32GB(16Gx2)_13,406원/1GB_429,000|_16GB(8Gx2)_13,760원/1GB_220,160","_32GB(16Gx2)_13,406원/1GB_428,980|_16GB(8Gx2)_13,760원/1GB_220,160","_32GB(16Gx2)_13,406원/1GB_428,980|_16GB(8Gx2)_13,760원/1GB_220,160","_32GB(16Gx2)_13,406원/1GB_429,000|_16GB(8Gx2)_13,760원/1GB_220,160","_32GB(16Gx2)_13,008원/1GB_416,240|_16GB(8Gx2)_13,126원/1GB_210,010","_32GB(16Gx2)_13,063원/1GB_418,000|_16GB(8Gx2)_13,181원/1GB_210,900","_32GB(16Gx2)_13,063원/1GB_418,000|_16GB(8Gx2)_13,181원/1GB_210,900","_32GB(16Gx2)_13,063원/1GB_418,000|_16GB(8Gx2)_13,181원/1GB_210,900"
19566122,TeamGroup T-CREATE DDR5-5600 CL46 CLASSIC 패키지 서린,"_64GB(32Gx2)_21,101원/1GB_1,350,480|_32GB(16Gx2)_23,000원/1GB_736,000","_64GB(32Gx2)_21,101원/1GB_1,350,480|_32GB(16Gx2)_23,000원/1GB_736,000","_64GB(32Gx2)_21,101원/1GB_1,350,480|_32GB(16Gx2)_23,000원/1GB_736,000","_64GB(32Gx2)_21,133원/1GB_1,352,500|_32GB(16Gx2)_23,000원/1GB_736,000","_64GB(32Gx2)_21,133원/1GB_1,352,500|_32GB(16Gx2)_23,000원/1GB_736,000","_64GB(32Gx2)_21,133원/1GB_1,352,500|_32GB(16Gx2)_23,000원/1GB_736,000","_64GB(32Gx2)_21,101원/1GB_1,350,480|_32GB(16Gx2)_23,000원/1GB_736,000","_64GB(32Gx2)_21,133원/1GB_1,352,500|_32GB(16Gx2)_23,000원/1GB_736,000","_64GB(32Gx2)_21,133원/1GB_1,352,500|_32GB(16Gx2)_23,312원/1GB_745,990","_64GB(32Gx2)_21,133원/1GB_1,352,500|_32GB(16Gx2)_23,312원/1GB_745,990","_64GB(32Gx2)_20,961원/1GB_1,341,490|_32GB(16Gx2)_23,312원/1GB_745,990","_64GB(32Gx2)_21,133원/1GB_1,352,500|_32GB(16Gx2)_23,312원/1GB_745,990","_64GB(32Gx2)_21,133원/1GB_1,352,500|_32GB(16Gx2)_23,000원/1GB_736,000","_64GB(32Gx2)_21,085원/1GB_1,349,470|_32GB(16Gx2)_23,000원/1GB_736,000","_64GB(32Gx2)_21,085원/1GB_1,349,470|_32GB(16Gx2)_23,000원/1GB_736,000","_64GB(32Gx2)_21,085원/1GB_1,349,470|_32GB(16Gx2)_23,000원/1GB_736,000"
20546438,TeamGroup T-CREATE DDR5-6000 CL30 EXPERT 패키지 서린,"32GB(16Gx2)_24,823원/1GB_794,350","32GB(16Gx2)_24,823원/1GB_794,350","32GB(16Gx2)_24,823원/1GB_794,350","32GB(16Gx2)_24,823원/1GB_794,350","32GB(16Gx2)_24,823원/1GB_794,350","32GB(16Gx2)_24,823원/1GB_794,350","32GB(16Gx2)_24,823원/1GB_794,350","32GB(16Gx2)_24,823원/1GB_794,350","32GB(16Gx2)_24,824원/1GB_794,360","32GB(16Gx2)_24,823원/1GB_794,350","32GB(16Gx2)_24,823원/1GB_794,350","32GB(16Gx2)_24,824원/1GB_794,360","32GB(16Gx2)_24,824원/1GB_794,360","32GB(16Gx2)_24,823원/1GB_794,350","32GB(16Gx2)_24,823원/1GB_794,350","32GB(16Gx2)_24,823원/1GB_794,350"
110699500,TeamGroup T-CREATE DDR5-6000 CL30 EXPERT 패키지 서린,"32GB(16GX2)_24,031원/1GB_769,000","32GB(16GX2)_24,031원/1GB_769,000","32GB(16GX2)_24,031원/1GB_769,000","32GB(16GX2)_24,031원/1GB_769,000","32GB(16GX2)_24,031원/1GB_769,000","32GB(16GX2)_24,031원/1GB_769,000","32GB(16GX2)_24,031원/1GB_769,000","32GB(16GX2)_24,031원/1GB_769,000","32GB(16GX2)_24,500원/1GB_784,000","32GB(16GX2)_24,500원/1GB_784,000","32GB(16GX2)_24,500원/1GB_784,000","32GB(16GX2)_24,500원/1GB_784,000","32GB(16GX2)_24,031원/1GB_769,000","32GB(16GX2)_24,031원/1GB_769,000","32GB(16GX2)_24,031원/1GB_769,000","32GB(16GX2)_24,031원/1GB_769,000"
20546684,TeamGroup T-CREATE DDR5-6000 CL30 EXPERT 화이트 패키지 서린,"32GB(16Gx2)_24,297원/1GB_777,490","32GB(16Gx2)_24,297원/1GB_777,490","32GB(16Gx2)_24,297원/1GB_777,490","32GB(16Gx2)_24,297원/1GB_777,490","32GB(16Gx2)_24,297원/1GB_777,490","32GB(16Gx2)_24,297원/1GB_777,490","32GB(16Gx2)_24,297원/1GB_777,490","32GB(16Gx2)_24,297원/1GB_777,490","32GB(16Gx2)_23,094원/1GB_739,000","32GB(16Gx2)_23,094원/1GB_739,000","32GB(16Gx2)_23,094원/1GB_739,000","32GB(16Gx2)_23,094원/1GB_739,000","32GB(16Gx2)_23,094원/1GB_739,000","32GB(16Gx2)_23,094원/1GB_739,000","32GB(16Gx2)_23,094원/1GB_739,000","32GB(16Gx2)_23,094원/1GB_739,000"
117552082,TeamGroup T-CREATE DDR5-6000 CL30 EXPERT 화이트 패키지 서린,"32GB(16GX2)_23,094원/1GB_739,000","32GB(16GX2)_23,094원/1GB_739,000","32GB(16GX2)_23,094원/1GB_739,000","32GB(16GX2)_23,094원/1GB_739,000","32GB(16GX2)_23,094원/1GB_739,000","32GB(16GX2)_23,094원/1GB_739,000","32GB(16GX2)_23,094원/1GB_739,000","32GB(16GX2)_23,094원/1GB_739,000",0,0,0,0,0,0,0,0
19566788,TeamGroup T-CREATE DDR5-6000 CL34 EXPERT 패키지 서린,"64GB(32Gx2)_22,656원/1GB_1,449,990","64GB(32Gx2)_22,656원/1GB_1,449,990","64GB(32Gx2)_22,656원/1GB_1,449,990","64GB(32Gx2)_22,656원/1GB_1,449,990","64GB(32Gx2)_22,656원/1GB_1,449,990","64GB(32Gx2)_22,656원/1GB_1,449,990","64GB(32Gx2)_22,656원/1GB_1,449,990","64GB(32Gx2)_22,656원/1GB_1,449,990","64GB(32Gx2)_23,125원/1GB_1,480,000","64GB(32Gx2)_23,125원/1GB_1,480,000","64GB(32Gx2)_23,125원/1GB_1,480,000","64GB(32Gx2)_23,125원/1GB_1,480,000","64GB(32Gx2)_23,125원/1GB_1,480,000","64GB(32Gx2)_22,656원/1GB_1,449,990","64GB(32Gx2)_22,656원/1GB_1,449,990","64GB(32Gx2)_22,656원/1GB_1,449,990"
20546735,TeamGroup T-CREATE DDR5-6000 CL34 EXPERT 화이트 패키지 서린,"64GB(32Gx2)_22,656원/1GB_1,449,990","64GB(32Gx2)_22,656원/1GB_1,449,990","64GB(32Gx2)_22,656원/1GB_1,449,990","64GB(32Gx2)_22,656원/1GB_1,449,990","64GB(32Gx2)_22,656원/1GB_1,449,990","64GB(32Gx2)_22,656원/1GB_1,449,990","64GB(32Gx2)_22,656원/1GB_1,449,990","64GB(32Gx2)_22,656원/1GB_1,449,990","64GB(32Gx2)_23,125원/1GB_1,480,000","64GB(32Gx2)_23,125원/1GB_1,480,000","64GB(32Gx2)_23,125원/1GB_1,480,000","64GB(32Gx2)_23,125원/1GB_1,480,000","64GB(32Gx2)_23,125원/1GB_1,480,000","64GB(32Gx2)_22,656원/1GB_1,450,000","64GB(32Gx2)_22,656원/1GB_1,450,000","64GB(32Gx2)_22,656원/1GB_1,450,000"
105969299,TeamGroup T-CREATE DDR5-6000 CL40 EXPERT 패키지 서린,"128GB(64Gx2)_26,562원/1GB_3,399,990","128GB(64Gx2)_26,562원/1GB_3,399,990","128GB(64Gx2)_26,562원/1GB_3,399,990","128GB(64Gx2)_26,562원/1GB_3,399,990","128GB(64Gx2)_26,562원/1GB_3,399,990","128GB(64Gx2)_26,562원/1GB_3,399,990","128GB(64Gx2)_26,562원/1GB_3,399,990","128GB(64Gx2)_26,562원/1GB_3,399,990","128GB(64Gx2)_26,563원/1GB_3,400,000","128GB(64Gx2)_26,563원/1GB_3,400,000","128GB(64Gx2)_26,563원/1GB_3,400,000","128GB(64Gx2)_26,563원/1GB_3,400,000","128GB(64Gx2)_26,563원/1GB_3,400,000","128GB(64Gx2)_26,563원/1GB_3,400,000","128GB(64Gx2)_26,563원/1GB_3,400,000","128GB(64Gx2)_26,563원/1GB_3,400,000"
105969302,TeamGroup T-CREATE DDR5-6000 CL40 EXPERT 화이트 패키지 서린,"128GB(64Gx2)_26,562원/1GB_3,399,990","128GB(64Gx2)_26,562원/1GB_3,399,990","128GB(64Gx2)_26,562원/1GB_3,399,990","128GB(64Gx2)_26,562원/1GB_3,399,990","128GB(64Gx2)_26,562원/1GB_3,399,990","128GB(64Gx2)_26,562원/1GB_3,399,990","128GB(64Gx2)_26,562원/1GB_3,399,990","128GB(64Gx2)_26,562원/1GB_3,399,990","128GB(64Gx2)_26,563원/1GB_3,400,000","128GB(64Gx2)_26,563원/1GB_3,400,000","128GB(64Gx2)_26,563원/1GB_3,400,000","128GB(64Gx2)_26,563원/1GB_3,400,000","128GB(64Gx2)_26,563원/1GB_3,400,000","128GB(64Gx2)_27,173원/1GB_3,478,200","128GB(64Gx2)_27,173원/1GB_3,478,200","128GB(64Gx2)_27,173원/1GB_3,478,200"
19567433,TeamGroup T-CREATE DDR5-6000 CL48 CLASSIC 패키지 서린,"_64GB(32Gx2)_22,852원/1GB_1,462,500|_32GB(16Gx2)_22,656원/1GB_725,000","_64GB(32Gx2)_22,852원/1GB_1,462,500|_32GB(16Gx2)_22,656원/1GB_725,000","_64GB(32Gx2)_22,852원/1GB_1,462,500|_32GB(16Gx2)_22,656원/1GB_725,000","_64GB(32Gx2)_22,852원/1GB_1,462,500|_32GB(16Gx2)_22,656원/1GB_725,000","_64GB(32Gx2)_22,852원/1GB_1,462,500|_32GB(16Gx2)_22,656원/1GB_725,000","_64GB(32Gx2)_22,852원/1GB_1,462,500|_32GB(16Gx2)_22,656원/1GB_725,000","_64GB(32Gx2)_22,852원/1GB_1,462,500|_32GB(16Gx2)_22,656원/1GB_725,000","_64GB(32Gx2)_22,852원/1GB_1,462,500|_32GB(16Gx2)_22,656원/1GB_725,000","_64GB(32Gx2)_22,852원/1GB_1,462,500|_32GB(16Gx2)_22,790원/1GB_729,280","_64GB(32Gx2)_22,852원/1GB_1,462,500|_32GB(16Gx2)_22,790원/1GB_729,280",0,0,0,0,"_64GB(32Gx2)_22,852원/1GB_1,462,500|_32GB(16Gx2)_22,656원/1GB_725,000","_64GB(32Gx2)_22,852원/1GB_1,462,500|_32GB(16Gx2)_22,656원/1GB_725,000"
19567628,TeamGroup T-CREATE DDR5-6000 CL48 CLASSIC 패키지 서린,0,0,0,0,0,0,0,0,0,0,"_64GB(32Gx2)_22,852원/1GB_1,462,500|_32GB(16Gx2)_22,790원/1GB_729,280","_64GB(32Gx2)_22,852원/1GB_1,462,500|_32GB(16Gx2)_22,790원/1GB_729,280","_64GB(32Gx2)_22,852원/1GB_1,462,500|_32GB(16Gx2)_22,656원/1GB_725,000","_64GB(32Gx2)_22,852원/1GB_1,462,500|_32GB(16Gx2)_22,656원/1GB_725,000",0,0
19567934,TeamGroup T-CREATE DDR5-6400 CL34 EXPERT 패키지 서린,"64GB(32Gx2)_25,260원/1GB_1,616,630","64GB(32Gx2)_25,260원/1GB_1,616,630","64GB(32Gx2)_25,260원/1GB_1,616,630","64GB(32Gx2)_25,260원/1GB_1,616,630","64GB(32Gx2)_25,260원/1GB_1,616,630","64GB(32Gx2)_25,260원/1GB_1,616,630","64GB(32Gx2)_25,260원/1GB_1,616,630","64GB(32Gx2)_25,260원/1GB_1,616,630","64GB(32Gx2)_25,260원/1GB_1,616,630","64GB(32Gx2)_25,260원/1GB_1,616,630","64GB(32Gx2)_25,260원/1GB_1,616,630","64GB(32Gx2)_25,260원/1GB_1,616,630","64GB(32Gx2)_25,260원/1GB_1,616,630","64GB(32Gx2)_25,260원/1GB_1,616,630","64GB(32Gx2)_25,260원/1GB_1,616,630","64GB(32Gx2)_25,260원/1GB_1,616,630"
20547080,TeamGroup T-CREATE DDR5-6400 CL34 EXPERT 화이트 패키지 서린,"64GB(32Gx2)_24,687원/1GB_1,579,980","64GB(32Gx2)_24,687원/1GB_1,579,980","64GB(32Gx2)_24,687원/1GB_1,579,980","64GB(32Gx2)_24,687원/1GB_1,579,980","64GB(32Gx2)_24,687원/1GB_1,579,980","64GB(32Gx2)_24,687원/1GB_1,579,980","64GB(32Gx2)_24,687원/1GB_1,579,980","64GB(32Gx2)_24,687원/1GB_1,579,980","64GB(32Gx2)_24,688원/1GB_1,580,000","64GB(32Gx2)_24,688원/1GB_1,580,000","64GB(32Gx2)_24,688원/1GB_1,580,000","64GB(32Gx2)_24,688원/1GB_1,580,000","64GB(32Gx2)_24,688원/1GB_1,580,000","64GB(32Gx2)_24,688원/1GB_1,580,000","64GB(32Gx2)_24,688원/1GB_1,580,000","64GB(32Gx2)_24,688원/1GB_1,580,000"
96773624,TeamGroup T-CREATE DDR5-6400 CL42 EXPERT 패키지 서린,"128GB(64Gx2)_26,694원/1GB_3,416,820","128GB(64Gx2)_26,694원/1GB_3,416,820","128GB(64Gx2)_26,694원/1GB_3,416,820","128GB(64Gx2)_26,694원/1GB_3,416,820","128GB(64Gx2)_26,694원/1GB_3,416,820","128GB(64Gx2)_26,694원/1GB_3,416,820","128GB(64Gx2)_26,694원/1GB_3,416,820","128GB(64Gx2)_26,694원/1GB_3,416,820","128GB(64Gx2)_26,953원/1GB_3,449,990","128GB(64Gx2)_26,953원/1GB_3,449,980","128GB(64Gx2)_26,953원/1GB_3,449,990","128GB(64Gx2)_26,953원/1GB_3,449,980","128GB(64Gx2)_26,953원/1GB_3,449,980","128GB(64Gx2)_26,953원/1GB_3,449,980","128GB(64Gx2)_26,953원/1GB_3,449,980","128GB(64Gx2)_26,953원/1GB_3,449,980"
96773702,TeamGroup T-CREATE DDR5-6400 CL42 EXPERT 화이트 패키지 서린,"128GB(64Gx2)_26,694원/1GB_3,416,820","128GB(64Gx2)_26,694원/1GB_3,416,820","128GB(64Gx2)_26,694원/1GB_3,416,820","128GB(64Gx2)_26,694원/1GB_3,416,820","128GB(64Gx2)_26,694원/1GB_3,416,820","128GB(64Gx2)_26,694원/1GB_3,416,820","128GB(64Gx2)_26,694원/1GB_3,416,820","128GB(64Gx2)_26,694원/1GB_3,416,820","128GB(64Gx2)_26,953원/1GB_3,449,990","128GB(64Gx2)_26,953원/1GB_3,449,980","128GB(64Gx2)_26,953원/1GB_3,449,990","128GB(64Gx2)_26,953원/1GB_3,449,980","128GB(64Gx2)_26,953원/1GB_3,449,980","128GB(64Gx2)_26,953원/1GB_3,449,980","128GB(64Gx2)_26,953원/1GB_3,449,980","128GB(64Gx2)_26,953원/1GB_3,449,980"
20547176,TeamGroup T-CREATE DDR5-7200 CL34 EXPERT 패키지 서린,"32GB(16Gx2)_25,501원/1GB_816,020","32GB(16Gx2)_25,501원/1GB_816,020","32GB(16Gx2)_25,501원/1GB_816,020","32GB(16Gx2)_25,501원/1GB_816,020","32GB(16Gx2)_25,501원/1GB_816,020","32GB(16Gx2)_25,501원/1GB_816,020","32GB(16Gx2)_25,501원/1GB_816,020","32GB(16Gx2)_25,501원/1GB_816,020","32GB(16Gx2)_25,501원/1GB_816,020","32GB(16Gx2)_25,501원/1GB_816,020","32GB(16Gx2)_25,501원/1GB_816,020","32GB(16Gx2)_25,501원/1GB_816,020","32GB(16Gx2)_25,501원/1GB_816,020","32GB(16Gx2)_25,501원/1GB_816,020","32GB(16Gx2)_25,501원/1GB_816,020","32GB(16Gx2)_25,501원/1GB_816,020"
20547212,TeamGroup T-CREATE DDR5-7200 CL34 EXPERT 화이트 패키지 서린,"32GB(16Gx2)_25,000원/1GB_799,990","32GB(16Gx2)_25,000원/1GB_799,990","32GB(16Gx2)_25,000원/1GB_799,990","32GB(16Gx2)_25,000원/1GB_799,990","32GB(16Gx2)_25,000원/1GB_799,990","32GB(16Gx2)_25,000원/1GB_799,990","32GB(16Gx2)_25,000원/1GB_799,990","32GB(16Gx2)_25,000원/1GB_799,990","32GB(16Gx2)_25,000원/1GB_800,000","32GB(16Gx2)_25,000원/1GB_800,000","32GB(16Gx2)_25,000원/1GB_800,000","32GB(16Gx2)_24,968원/1GB_798,980","32GB(16Gx2)_24,968원/1GB_798,980","32GB(16Gx2)_24,968원/1GB_798,980","32GB(16Gx2)_25,000원/1GB_800,000","32GB(16Gx2)_25,000원/1GB_800,000"
28806848,TeamGroup T-CREATE 노트북 DDR5-5600 CL46-45-45 CLASSIC 서린,"_32GB_19,375원/1GB_620,000|_16GB_20,781원/1GB_332,500","_32GB_19,375원/1GB_620,000|_16GB_20,781원/1GB_332,500","_32GB_19,375원/1GB_620,000|_16GB_20,781원/1GB_332,500","_32GB_19,375원/1GB_620,000|_16GB_20,781원/1GB_332,500","_32GB_19,375원/1GB_620,000|_16GB_20,781원/1GB_332,500","_32GB_19,375원/1GB_620,000|_16GB_20,781원/1GB_332,500","_32GB_19,375원/1GB_620,000|_16GB_20,563원/1GB_329,000","_32GB_19,375원/1GB_620,000|_16GB_20,563원/1GB_329,000","_32GB_20,312원/1GB_649,990|_16GB_21,525원/1GB_344,400","_32GB_20,312원/1GB_649,980|_16GB_21,525원/1GB_344,400","_32GB_20,313원/1GB_650,000|_16GB_21,525원/1GB_344,400","_32GB_21,563원/1GB_690,000|_16GB_21,525원/1GB_344,400","_32GB_21,563원/1GB_690,000|_16GB_20,694원/1GB_331,100","_32GB_21,563원/1GB_690,000|_16GB_20,781원/1GB_332,500","_32GB_21,563원/1GB_690,000|_16GB_20,781원/1GB_332,500","_32GB_21,563원/1GB_690,000|_16GB_20,781원/1GB_332,500"
8714552,TeamGroup T-Force DDR4-2666 CL18 T1 GAMING,"4GB_9,000원/1GB_36,000","4GB_9,000원/1GB_36,000","4GB_9,000원/1GB_36,000","4GB_9,000원/1GB_36,000","4GB_9,000원/1GB_36,000","4GB_9,000원/1GB_36,000","4GB_9,000원/1GB_36,000","4GB_9,000원/1GB_36,000","4GB_9,000원/1GB_36,000","4GB_9,000원/1GB_36,000","4GB_9,000원/1GB_36,000","4GB_9,000원/1GB_36,000","4GB_9,000원/1GB_36,000","4GB_9,000원/1GB_36,000","4GB_9,000원/1GB_36,000","4GB_9,000원/1GB_36,000"
9268803,TeamGroup T-Force DDR4-3000 CL16 Vulcan Z Gray,"4GB_9,000원/1GB_36,000","4GB_9,000원/1GB_36,000","4GB_9,000원/1GB_36,000","4GB_9,000원/1GB_36,000","4GB_9,000원/1GB_36,000","4GB_9,000원/1GB_36,000","4GB_9,000원/1GB_36,000","4GB_9,000원/1GB_36,000","4GB_9,000원/1GB_36,000","4GB_9,000원/1GB_36,000","4GB_9,000원/1GB_36,000","4GB_9,000원/1GB_36,000","4GB_9,000원/1GB_36,000","4GB_9,000원/1GB_36,000","4GB_9,000원/1GB_36,000","4GB_9,000원/1GB_36,000"
10389006,TeamGroup T-Force DDR4-3200 CL16 DARK Z RED 패키지,0,0,0,0,0,0,0,0,0,0,"16GB(8Gx2)_13,441원/1GB_215,060","16GB(8Gx2)_13,441원/1GB_215,060","16GB(8Gx2)_13,441원/1GB_215,060","16GB(8Gx2)_13,441원/1GB_215,060","16GB(8Gx2)_13,441원/1GB_215,060","16GB(8Gx2)_13,441원/1GB_215,060"
6935872,TeamGroup T-Force DDR4-3200 CL16 Delta RGB 패키지,"32GB(16Gx2)_12,940원/1GB_414,070","32GB(16Gx2)_12,940원/1GB_414,070","32GB(16Gx2)_12,940원/1GB_414,070","32GB(16Gx2)_12,940원/1GB_414,070","32GB(16Gx2)_12,940원/1GB_414,070","32GB(16Gx2)_12,940원/1GB_414,070","32GB(16Gx2)_12,925원/1GB_413,600","32GB(16Gx2)_12,925원/1GB_413,600","32GB(16Gx2)_12,940원/1GB_414,070","32GB(16Gx2)_12,940원/1GB_414,070","32GB(16Gx2)_12,940원/1GB_414,070","32GB(16Gx2)_12,940원/1GB_414,070","32GB(16Gx2)_12,940원/1GB_414,070","32GB(16Gx2)_12,940원/1GB_414,070","32GB(16Gx2)_12,940원/1GB_414,070","32GB(16Gx2)_12,940원/1GB_414,070"
7320400,TeamGroup T-Force DDR4-3200 CL16 Delta RGB 패키지 서린,"16GB(8Gx2)_13,656원/1GB_218,500","16GB(8Gx2)_13,656원/1GB_218,500","16GB(8Gx2)_13,656원/1GB_218,500","16GB(8Gx2)_13,656원/1GB_218,500","16GB(8Gx2)_13,656원/1GB_218,500","16GB(8Gx2)_13,656원/1GB_218,500","16GB(8Gx2)_13,513원/1GB_216,200","16GB(8Gx2)_13,513원/1GB_216,200","16GB(8Gx2)_13,906원/1GB_222,490","16GB(8Gx2)_13,906원/1GB_222,490","_32GB(16Gx2)_13,750원/1GB_440,000|_16GB(8Gx2)_14,000원/1GB_224,000","_32GB(16Gx2)_13,750원/1GB_440,000|_16GB(8Gx2)_13,994원/1GB_223,900","_32GB(16Gx2)_13,750원/1GB_440,000|_16GB(8Gx2)_13,594원/1GB_217,500","_32GB(16Gx2)_13,750원/1GB_440,000|_16GB(8Gx2)_13,656원/1GB_218,500","_32GB(16Gx2)_13,750원/1GB_440,000|_16GB(8Gx2)_13,656원/1GB_218,500","_32GB(16Gx2)_13,750원/1GB_440,000|_16GB(8Gx2)_13,656원/1GB_218,500"
7320475,TeamGroup T-Force DDR4-3200 CL16 Delta RGB 화이트 패키지 서린,"_32GB(16Gx2)_13,063원/1GB_418,000|_16GB(8Gx2)_13,656원/1GB_218,500","_32GB(16Gx2)_13,063원/1GB_418,000|_16GB(8Gx2)_13,656원/1GB_218,500","_32GB(16Gx2)_13,063원/1GB_418,000|_16GB(8Gx2)_13,656원/1GB_218,500","_32GB(16Gx2)_13,063원/1GB_418,000|_16GB(8Gx2)_13,656원/1GB_218,500","_32GB(16Gx2)_13,063원/1GB_418,000|_16GB(8Gx2)_13,656원/1GB_218,500","_32GB(16Gx2)_13,063원/1GB_418,000|_16GB(8Gx2)_13,656원/1GB_218,500","_32GB(16Gx2)_12,925원/1GB_413,600|_16GB(8Gx2)_13,513원/1GB_216,200","_32GB(16Gx2)_12,925원/1GB_413,600|_16GB(8Gx2)_13,513원/1GB_216,200","_32GB(16Gx2)_13,750원/1GB_440,000|_16GB(8Gx2)_14,169원/1GB_226,710","_32GB(16Gx2)_13,750원/1GB_440,000|_16GB(8Gx2)_14,169원/1GB_226,710","_32GB(16Gx2)_13,750원/1GB_440,000|_16GB(8Gx2)_14,169원/1GB_226,710","_32GB(16Gx2)_13,750원/1GB_440,000|_16GB(8Gx2)_14,169원/1GB_226,710","_32GB(16Gx2)_13,008원/1GB_416,240|_16GB(8Gx2)_13,599원/1GB_217,580","_32GB(16Gx2)_13,063원/1GB_418,000|_16GB(8Gx2)_13,656원/1GB_218,500","_32GB(16Gx2)_13,063원/1GB_418,000|_16GB(8Gx2)_13,656원/1GB_218,500","_32GB(16Gx2)_13,063원/1GB_418,000|_16GB(8Gx2)_13,656원/1GB_218,500"
11462262,TeamGroup T-Force DDR4-3200 CL16 XTREEM ARGB 패키지,"16GB(8Gx2)_13,187원/1GB_210,990","16GB(8Gx2)_13,187원/1GB_210,990","16GB(8Gx2)_13,187원/1GB_210,990","16GB(8Gx2)_13,187원/1GB_210,990","16GB(8Gx2)_13,187원/1GB_210,990","16GB(8Gx2)_13,187원/1GB_210,990","16GB(8Gx2)_13,187원/1GB_210,990","16GB(8Gx2)_13,187원/1GB_210,990","16GB(8Gx2)_13,187원/1GB_210,990","16GB(8Gx2)_13,187원/1GB_210,990","16GB(8Gx2)_13,187원/1GB_210,990","16GB(8Gx2)_13,187원/1GB_210,990","16GB(8Gx2)_13,187원/1GB_210,990","16GB(8Gx2)_13,187원/1GB_210,990","16GB(8Gx2)_13,187원/1GB_210,990","16GB(8Gx2)_13,187원/1GB_210,990"
12958028,TeamGroup T-Force DDR4-3200 CL16-20-20 Delta RGB 패키지,"32GB(16Gx2)_13,791원/1GB_441,300","32GB(16Gx2)_13,791원/1GB_441,300","32GB(16Gx2)_13,791원/1GB_441,300","32GB(16Gx2)_13,791원/1GB_441,300","32GB(16Gx2)_13,791원/1GB_441,300","32GB(16Gx2)_13,791원/1GB_441,300","32GB(16Gx2)_13,791원/1GB_441,300","32GB(16Gx2)_13,791원/1GB_441,300","32GB(16Gx2)_13,845원/1GB_443,030","32GB(16Gx2)_13,845원/1GB_443,030","32GB(16Gx2)_13,845원/1GB_443,030","32GB(16Gx2)_13,845원/1GB_443,030","32GB(16Gx2)_13,845원/1GB_443,030","32GB(16Gx2)_13,845원/1GB_443,030","32GB(16Gx2)_13,845원/1GB_443,030","32GB(16Gx2)_13,845원/1GB_443,030"
12876455,TeamGroup T-Force DDR4-3200 CL16-20-20 Delta RGB 패키지 서린,"32GB(16Gx2)_13,465원/1GB_430,890","32GB(16Gx2)_13,465원/1GB_430,890","32GB(16Gx2)_13,465원/1GB_430,890","32GB(16Gx2)_13,465원/1GB_430,890","32GB(16Gx2)_13,465원/1GB_430,890","32GB(16Gx2)_13,465원/1GB_430,890","32GB(16Gx2)_13,465원/1GB_430,890","32GB(16Gx2)_13,465원/1GB_430,890","32GB(16Gx2)_13,465원/1GB_430,890","32GB(16Gx2)_13,465원/1GB_430,880","32GB(16Gx2)_13,465원/1GB_430,880","32GB(16Gx2)_13,465원/1GB_430,880","32GB(16Gx2)_13,465원/1GB_430,880","32GB(16Gx2)_13,465원/1GB_430,880","32GB(16Gx2)_13,465원/1GB_430,880","32GB(16Gx2)_13,465원/1GB_430,880"
12876503,TeamGroup T-Force DDR4-3200 CL16-20-20 Delta RGB 화이트 패키지 서린,"32GB(16Gx2)_13,549원/1GB_433,560","32GB(16Gx2)_13,549원/1GB_433,560","32GB(16Gx2)_13,549원/1GB_433,560","32GB(16Gx2)_13,549원/1GB_433,560","32GB(16Gx2)_13,549원/1GB_433,560","32GB(16Gx2)_13,549원/1GB_433,560","32GB(16Gx2)_13,549원/1GB_433,560","32GB(16Gx2)_13,549원/1GB_433,560","32GB(16Gx2)_13,549원/1GB_433,560","32GB(16Gx2)_13,549원/1GB_433,560","32GB(16Gx2)_13,549원/1GB_433,560","32GB(16Gx2)_13,549원/1GB_433,560","32GB(16Gx2)_13,549원/1GB_433,560","32GB(16Gx2)_13,549원/1GB_433,560","32GB(16Gx2)_13,549원/1GB_433,560","32GB(16Gx2)_13,549원/1GB_433,560"
11858860,TeamGroup T-Force DDR4-3600 CL18 Delta RGB 패키지,"32GB(16Gx2)_12,469원/1GB_399,020","32GB(16Gx2)_12,468원/1GB_398,990","32GB(16Gx2)_12,468원/1GB_398,990","32GB(16Gx2)_12,468원/1GB_398,980","32GB(16Gx2)_12,468원/1GB_398,980","32GB(16Gx2)_12,468원/1GB_398,980","32GB(16Gx2)_12,465원/1GB_398,880","32GB(16Gx2)_12,464원/1GB_398,860","32GB(16Gx2)_12,464원/1GB_398,860","32GB(16Gx2)_12,464원/1GB_398,860","32GB(16Gx2)_12,846원/1GB_411,080","32GB(16Gx2)_12,846원/1GB_411,080","32GB(16Gx2)_12,846원/1GB_411,080","32GB(16Gx2)_12,846원/1GB_411,080","32GB(16Gx2)_12,846원/1GB_411,080","32GB(16Gx2)_12,846원/1GB_411,080"
11380332,TeamGroup T-Force DDR4-3600 CL18 Delta RGB 패키지 서린,"_32GB(16Gx2)_13,211원/1GB_422,750|_16GB(8Gx2)_13,834원/1GB_221,350","_32GB(16Gx2)_13,211원/1GB_422,750|_16GB(8Gx2)_13,834원/1GB_221,350","_32GB(16Gx2)_13,211원/1GB_422,750|_16GB(8Gx2)_13,834원/1GB_221,350","_32GB(16Gx2)_13,211원/1GB_422,750|_16GB(8Gx2)_13,834원/1GB_221,350","_32GB(16Gx2)_13,211원/1GB_422,750|_16GB(8Gx2)_13,834원/1GB_221,350","_32GB(16Gx2)_13,211원/1GB_422,750|_16GB(8Gx2)_13,834원/1GB_221,350","_32GB(16Gx2)_13,072원/1GB_418,300|_16GB(8Gx2)_13,689원/1GB_219,020","_32GB(16Gx2)_13,072원/1GB_418,300|_16GB(8Gx2)_13,689원/1GB_219,020","_32GB(16Gx2)_13,906원/1GB_445,000|_16GB(8Gx2)_14,187원/1GB_226,990","_32GB(16Gx2)_13,906원/1GB_445,000|_16GB(8Gx2)_14,187원/1GB_226,990","_32GB(16Gx2)_13,906원/1GB_445,000|_16GB(8Gx2)_14,187원/1GB_226,990","_32GB(16Gx2)_13,906원/1GB_445,000|_16GB(8Gx2)_14,187원/1GB_226,990","_32GB(16Gx2)_13,155원/1GB_420,970|_16GB(8Gx2)_13,776원/1GB_220,410","_32GB(16Gx2)_13,211원/1GB_422,750|_16GB(8Gx2)_13,834원/1GB_221,350","_32GB(16Gx2)_13,211원/1GB_422,750|_16GB(8Gx2)_13,834원/1GB_221,350","_32GB(16Gx2)_13,211원/1GB_422,750|_16GB(8Gx2)_13,834원/1GB_221,350"
11858869,TeamGroup T-Force DDR4-3600 CL18 Delta RGB 화이트 패키지,"_32GB(16Gx2)_13,906원/1GB_445,000|_16GB(8Gx2)_14,563원/1GB_233,000","_32GB(16Gx2)_13,906원/1GB_445,000|_16GB(8Gx2)_14,563원/1GB_233,000","_32GB(16Gx2)_13,906원/1GB_445,000|_16GB(8Gx2)_14,563원/1GB_233,000","_32GB(16Gx2)_13,906원/1GB_445,000|_16GB(8Gx2)_14,563원/1GB_233,000","_32GB(16Gx2)_13,906원/1GB_445,000|_16GB(8Gx2)_14,563원/1GB_233,000","_32GB(16Gx2)_13,906원/1GB_445,000|_16GB(8Gx2)_14,563원/1GB_233,000","_32GB(16Gx2)_13,906원/1GB_445,000|_16GB(8Gx2)_14,563원/1GB_233,000","_32GB(16Gx2)_13,906원/1GB_445,000|_16GB(8Gx2)_14,563원/1GB_233,000","_32GB(16Gx2)_13,906원/1GB_445,000|_16GB(8Gx2)_14,563원/1GB_233,000","_32GB(16Gx2)_13,906원/1GB_445,000|_16GB(8Gx2)_14,563원/1GB_233,000","_32GB(16Gx2)_13,906원/1GB_445,000|_16GB(8Gx2)_14,563원/1GB_233,000","_32GB(16Gx2)_13,906원/1GB_445,000|_16GB(8Gx2)_14,563원/1GB_233,000","_32GB(16Gx2)_13,906원/1GB_445,000|_16GB(8Gx2)_14,563원/1GB_233,000","_32GB(16Gx2)_13,906원/1GB_445,000|_16GB(8Gx2)_14,563원/1GB_233,000","_32GB(16Gx2)_13,906원/1GB_445,000|_16GB(8Gx2)_14,563원/1GB_233,000","_32GB(16Gx2)_13,906원/1GB_445,000|_16GB(8Gx2)_14,563원/1GB_233,000"
11380437,TeamGroup T-Force DDR4-3600 CL18 Delta RGB 화이트 패키지 서린,"_32GB(16Gx2)_13,211원/1GB_422,750|_16GB(8Gx2)_13,834원/1GB_221,350","_32GB(16Gx2)_13,211원/1GB_422,750|_16GB(8Gx2)_13,834원/1GB_221,350","_32GB(16Gx2)_13,211원/1GB_422,750|_16GB(8Gx2)_13,834원/1GB_221,350","_32GB(16Gx2)_13,211원/1GB_422,750|_16GB(8Gx2)_13,834원/1GB_221,350","_32GB(16Gx2)_13,211원/1GB_422,750|_16GB(8Gx2)_13,834원/1GB_221,350","_32GB(16Gx2)_13,211원/1GB_422,750|_16GB(8Gx2)_13,834원/1GB_221,350","_32GB(16Gx2)_13,072원/1GB_418,300|_16GB(8Gx2)_13,689원/1GB_219,020","_32GB(16Gx2)_13,072원/1GB_418,300|_16GB(8Gx2)_13,689원/1GB_219,020","_32GB(16Gx2)_13,906원/1GB_445,000|_16GB(8Gx2)_14,375원/1GB_230,000","_32GB(16Gx2)_13,906원/1GB_445,000|_16GB(8Gx2)_14,375원/1GB_230,000","_32GB(16Gx2)_13,906원/1GB_445,000|_16GB(8Gx2)_14,375원/1GB_230,000","_32GB(16Gx2)_13,906원/1GB_445,000|_16GB(8Gx2)_14,375원/1GB_230,000","_32GB(16Gx2)_13,155원/1GB_420,970|_16GB(8Gx2)_13,776원/1GB_220,410","_32GB(16Gx2)_13,211원/1GB_422,750|_16GB(8Gx2)_13,834원/1GB_221,340","_32GB(16Gx2)_13,211원/1GB_422,750|_16GB(8Gx2)_13,834원/1GB_221,340","_32GB(16Gx2)_13,211원/1GB_422,750|_16GB(8Gx2)_13,834원/1GB_221,340"
106747745,TeamGroup T-Force DDR4-3600 CL18 Vulcan Z Gray 패키지 서린,"16GB(8Gx2)_13,597원/1GB_217,550","16GB(8Gx2)_13,597원/1GB_217,550","16GB(8Gx2)_13,597원/1GB_217,550","16GB(8Gx2)_13,597원/1GB_217,550","16GB(8Gx2)_13,597원/1GB_217,550","16GB(8Gx2)_13,597원/1GB_217,550","16GB(8Gx2)_13,454원/1GB_215,260","16GB(8Gx2)_13,454원/1GB_215,260","16GB(8Gx2)_13,946원/1GB_223,140","16GB(8Gx2)_13,946원/1GB_223,130","16GB(8Gx2)_13,946원/1GB_223,130","16GB(8Gx2)_13,946원/1GB_223,140","16GB(8Gx2)_13,539원/1GB_216,630","16GB(8Gx2)_13,597원/1GB_217,550","16GB(8Gx2)_13,597원/1GB_217,550","16GB(8Gx2)_13,597원/1GB_217,550"
13460960,TeamGroup T-Force DDR4-3600 CL18 XTREEM ARGB 화이트 패키지 서린,"32GB(16Gx2)_14,016원/1GB_448,500","32GB(16Gx2)_14,016원/1GB_448,500","32GB(16Gx2)_14,016원/1GB_448,500","32GB(16Gx2)_14,016원/1GB_448,500","32GB(16Gx2)_14,016원/1GB_448,500","32GB(16Gx2)_14,016원/1GB_448,500","32GB(16Gx2)_14,016원/1GB_448,500","32GB(16Gx2)_14,016원/1GB_448,500","32GB(16Gx2)_14,016원/1GB_448,500","32GB(16Gx2)_14,016원/1GB_448,500",0,0,0,0,0,0
13461056,TeamGroup T-Force DDR4-4000 CL18 XTREEM ARGB 화이트 패키지 서린,"16GB(8Gx2)_12,575원/1GB_201,200","16GB(8Gx2)_12,575원/1GB_201,200","16GB(8Gx2)_12,575원/1GB_201,200","16GB(8Gx2)_12,575원/1GB_201,200","16GB(8Gx2)_12,575원/1GB_201,200","16GB(8Gx2)_12,575원/1GB_201,200","16GB(8Gx2)_12,575원/1GB_201,200","16GB(8Gx2)_12,575원/1GB_201,200","16GB(8Gx2)_12,575원/1GB_201,200","16GB(8Gx2)_12,575원/1GB_201,200","16GB(8Gx2)_12,575원/1GB_201,200","16GB(8Gx2)_12,575원/1GB_201,200","16GB(8Gx2)_12,575원/1GB_201,200","16GB(8Gx2)_12,575원/1GB_201,200","16GB(8Gx2)_12,575원/1GB_201,200","16GB(8Gx2)_12,575원/1GB_201,200"
18497117,TeamGroup T-Force DDR5-5600 CL36 Delta RGB 패키지,"32GB(16Gx2)_20,107원/1GB_643,410","32GB(16Gx2)_20,107원/1GB_643,410","32GB(16Gx2)_20,107원/1GB_643,410","32GB(16Gx2)_20,107원/1GB_643,410","32GB(16Gx2)_20,107원/1GB_643,410","32GB(16Gx2)_20,107원/1GB_643,410","32GB(16Gx2)_20,107원/1GB_643,410","32GB(16Gx2)_20,107원/1GB_643,410","32GB(16Gx2)_20,107원/1GB_643,410","32GB(16Gx2)_20,107원/1GB_643,410","32GB(16Gx2)_20,107원/1GB_643,410","32GB(16Gx2)_20,107원/1GB_643,410","32GB(16Gx2)_20,107원/1GB_643,410","32GB(16Gx2)_20,107원/1GB_643,410","32GB(16Gx2)_20,107원/1GB_643,410","32GB(16Gx2)_20,107원/1GB_643,410"
19552202,TeamGroup T-Force DDR5-5600 CL36 Delta RGB 패키지 서린,"64GB(32Gx2)_21,133원/1GB_1,352,500","64GB(32Gx2)_21,133원/1GB_1,352,500","64GB(32Gx2)_21,133원/1GB_1,352,500","64GB(32Gx2)_21,133원/1GB_1,352,500","64GB(32Gx2)_21,133원/1GB_1,352,500","64GB(32Gx2)_21,133원/1GB_1,352,500","64GB(32Gx2)_21,133원/1GB_1,352,500","64GB(32Gx2)_21,133원/1GB_1,352,500","64GB(32Gx2)_21,133원/1GB_1,352,500","64GB(32Gx2)_21,133원/1GB_1,352,500","64GB(32Gx2)_21,133원/1GB_1,352,500","64GB(32Gx2)_21,133원/1GB_1,352,500","_64GB(32Gx2)_22,813원/1GB_1,460,000|_32GB(16Gx2)_23,750원/1GB_760,000","_64GB(32Gx2)_22,813원/1GB_1,460,000|_32GB(16Gx2)_23,750원/1GB_760,000","_64GB(32Gx2)_22,813원/1GB_1,460,000|_32GB(16Gx2)_23,750원/1GB_760,000","_64GB(32Gx2)_22,813원/1GB_1,460,000|_32GB(16Gx2)_23,750원/1GB_760,000"
18497126,TeamGroup T-Force DDR5-5600 CL36 Delta RGB 화이트 패키지,"32GB(16Gx2)_21,800원/1GB_697,610","32GB(16Gx2)_21,800원/1GB_697,590","32GB(16Gx2)_21,797원/1GB_697,510","32GB(16Gx2)_21,796원/1GB_697,480","32GB(16Gx2)_21,796원/1GB_697,480","32GB(16Gx2)_21,796원/1GB_697,480","32GB(16Gx2)_21,796원/1GB_697,480","32GB(16Gx2)_21,796원/1GB_697,480","32GB(16Gx2)_22,045원/1GB_705,430","32GB(16Gx2)_21,967원/1GB_702,930","32GB(16Gx2)_21,810원/1GB_697,930","32GB(16Gx2)_21,654원/1GB_692,930","32GB(16Gx2)_21,736원/1GB_695,560","32GB(16Gx2)_21,658원/1GB_693,060","32GB(16Gx2)_21,658원/1GB_693,060","32GB(16Gx2)_21,893원/1GB_700,560"
19552541,TeamGroup T-Force DDR5-5600 CL36 Delta RGB 화이트 패키지 서린,"64GB(32Gx2)_21,133원/1GB_1,352,500","64GB(32Gx2)_21,133원/1GB_1,352,500","64GB(32Gx2)_21,133원/1GB_1,352,500","64GB(32Gx2)_21,133원/1GB_1,352,500","64GB(32Gx2)_21,133원/1GB_1,352,500","64GB(32Gx2)_21,133원/1GB_1,352,500","64GB(32Gx2)_21,133원/1GB_1,352,500","64GB(32Gx2)_21,133원/1GB_1,352,500","64GB(32Gx2)_21,133원/1GB_1,352,500","64GB(32Gx2)_21,133원/1GB_1,352,500","64GB(32Gx2)_21,133원/1GB_1,352,500","64GB(32Gx2)_21,133원/1GB_1,352,500","_64GB(32Gx2)_22,813원/1GB_1,460,000|_32GB(16Gx2)_23,750원/1GB_760,000","_64GB(32Gx2)_22,813원/1GB_1,460,000|_32GB(16Gx2)_23,750원/1GB_760,000","_64GB(32Gx2)_22,813원/1GB_1,460,000|_32GB(16Gx2)_23,750원/1GB_760,000","_64GB(32Gx2)_22,813원/1GB_1,460,000|_32GB(16Gx2)_23,750원/1GB_760,000"
74341889,TeamGroup T-Force DDR5-6000 CL28 Delta RGB 블랙 패키지 서린,"32GB(16Gx2)_28,687원/1GB_917,990","32GB(16Gx2)_28,687원/1GB_917,990","32GB(16Gx2)_28,687원/1GB_917,990","32GB(16Gx2)_28,687원/1GB_917,990","32GB(16Gx2)_28,687원/1GB_917,990","32GB(16Gx2)_28,687원/1GB_917,990","32GB(16Gx2)_28,687원/1GB_917,990","32GB(16Gx2)_28,687원/1GB_917,990","32GB(16Gx2)_28,688원/1GB_918,000","32GB(16Gx2)_28,687원/1GB_917,980","32GB(16Gx2)_28,687원/1GB_917,980","32GB(16Gx2)_28,688원/1GB_918,000","32GB(16Gx2)_28,688원/1GB_918,000","32GB(16Gx2)_28,687원/1GB_917,990","32GB(16Gx2)_28,687원/1GB_917,990","32GB(16Gx2)_28,687원/1GB_917,990"
74341892,TeamGroup T-Force DDR5-6000 CL28 Delta RGB 화이트 패키지 서린,"32GB(16Gx2)_28,687원/1GB_917,990","32GB(16Gx2)_28,687원/1GB_917,990","32GB(16Gx2)_28,687원/1GB_917,990","32GB(16Gx2)_28,687원/1GB_917,990","32GB(16Gx2)_28,687원/1GB_917,990","32GB(16Gx2)_28,687원/1GB_917,990","32GB(16Gx2)_28,687원/1GB_917,990","32GB(16Gx2)_28,687원/1GB_917,990","32GB(16Gx2)_28,688원/1GB_918,000","32GB(16Gx2)_28,687원/1GB_917,980","32GB(16Gx2)_28,687원/1GB_917,980","32GB(16Gx2)_28,688원/1GB_918,000","32GB(16Gx2)_28,688원/1GB_918,000","32GB(16Gx2)_28,687원/1GB_917,990","32GB(16Gx2)_28,687원/1GB_917,990","32GB(16Gx2)_28,687원/1GB_917,990"
18134999,TeamGroup T-Force DDR5-6000 CL30 Delta RGB 패키지,"32GB(16Gx2)_21,582원/1GB_690,620","32GB(16Gx2)_21,582원/1GB_690,620","32GB(16Gx2)_21,582원/1GB_690,620","32GB(16Gx2)_24,300원/1GB_777,600","32GB(16Gx2)_24,375원/1GB_780,000","32GB(16Gx2)_24,375원/1GB_780,000","32GB(16Gx2)_24,375원/1GB_780,000","32GB(16Gx2)_24,375원/1GB_780,000","32GB(16Gx2)_25,312원/1GB_809,990","32GB(16Gx2)_25,312원/1GB_809,980","32GB(16Gx2)_25,047원/1GB_801,490","32GB(16Gx2)_25,312원/1GB_809,990","32GB(16Gx2)_24,375원/1GB_780,000","32GB(16Gx2)_21,582원/1GB_690,620","32GB(16Gx2)_21,582원/1GB_690,620","32GB(16Gx2)_21,582원/1GB_690,620"
18135029,TeamGroup T-Force DDR5-6000 CL30 Delta RGB 화이트 패키지,"32GB(16Gx2)_23,906원/1GB_765,000","32GB(16Gx2)_23,828원/1GB_762,500","32GB(16Gx2)_23,828원/1GB_762,500","32GB(16Gx2)_23,750원/1GB_760,000","32GB(16Gx2)_23,750원/1GB_760,000","32GB(16Gx2)_23,750원/1GB_760,000","32GB(16Gx2)_23,281원/1GB_745,000","32GB(16Gx2)_23,203원/1GB_742,500","32GB(16Gx2)_23,203원/1GB_742,500","32GB(16Gx2)_23,125원/1GB_740,000","32GB(16Gx2)_23,125원/1GB_740,000","32GB(16Gx2)_23,047원/1GB_737,500","32GB(16Gx2)_24,375원/1GB_780,000","32GB(16Gx2)_24,297원/1GB_777,500","32GB(16Gx2)_24,297원/1GB_777,500","32GB(16Gx2)_24,375원/1GB_780,000"
67693613,TeamGroup T-Force DDR5-6000 CL30 XTREEM ARGB 패키지 서린,"32GB(16Gx2)_27,732원/1GB_887,420","32GB(16Gx2)_27,732원/1GB_887,420","32GB(16Gx2)_27,732원/1GB_887,420","32GB(16Gx2)_27,732원/1GB_887,420","32GB(16Gx2)_27,732원/1GB_887,420","32GB(16Gx2)_27,732원/1GB_887,420","32GB(16Gx2)_27,732원/1GB_887,420","32GB(16Gx2)_27,732원/1GB_887,420","32GB(16Gx2)_27,732원/1GB_887,420","32GB(16Gx2)_27,732원/1GB_887,420","32GB(16Gx2)_27,732원/1GB_887,420","32GB(16Gx2)_27,732원/1GB_887,420","32GB(16Gx2)_27,732원/1GB_887,420","32GB(16Gx2)_27,732원/1GB_887,420","32GB(16Gx2)_27,732원/1GB_887,420","32GB(16Gx2)_27,732원/1GB_887,420"
19552994,TeamGroup T-Force DDR5-6000 CL38 Delta RGB 패키지 서린,"_64GB(32Gx2)_22,969원/1GB_1,470,000|_32GB(16Gx2)_23,563원/1GB_754,000","_64GB(32Gx2)_22,969원/1GB_1,470,000|_32GB(16Gx2)_23,563원/1GB_754,000","_64GB(32Gx2)_22,969원/1GB_1,470,000|_32GB(16Gx2)_23,563원/1GB_754,000","_64GB(32Gx2)_22,969원/1GB_1,470,000|_32GB(16Gx2)_23,563원/1GB_754,000","_64GB(32Gx2)_22,969원/1GB_1,470,000|_32GB(16Gx2)_23,563원/1GB_754,000","_64GB(32Gx2)_22,969원/1GB_1,470,000|_32GB(16Gx2)_23,563원/1GB_754,000","_64GB(32Gx2)_22,969원/1GB_1,470,000|_32GB(16Gx2)_23,563원/1GB_754,000","_64GB(32Gx2)_22,969원/1GB_1,470,000|_32GB(16Gx2)_23,563원/1GB_754,000","_64GB(32Gx2)_23,438원/1GB_1,500,000|_32GB(16Gx2)_24,500원/1GB_783,990","_64GB(32Gx2)_23,434원/1GB_1,499,800|_32GB(16Gx2)_24,499원/1GB_783,980",0,0,0,0,0,0
16034945,TeamGroup T-Force DDR5-6000 CL38 Delta RGB 패키지 서린,0,0,0,0,0,0,0,0,0,0,"_64GB(32Gx2)_23,434원/1GB_1,499,800|_32GB(16Gx2)_24,499원/1GB_783,980","_64GB(32Gx2)_23,438원/1GB_1,500,000|_32GB(16Gx2)_24,500원/1GB_783,990","_64GB(32Gx2)_22,969원/1GB_1,470,000|_32GB(16Gx2)_23,563원/1GB_754,000","_64GB(32Gx2)_22,967원/1GB_1,469,900|_32GB(16Gx2)_23,563원/1GB_754,000","_64GB(32Gx2)_22,967원/1GB_1,469,900|_32GB(16Gx2)_23,563원/1GB_754,000","_64GB(32Gx2)_22,967원/1GB_1,469,900|_32GB(16Gx2)_23,563원/1GB_754,000"
29483009,TeamGroup T-Force DDR5-6000 CL38 Delta RGB 화이트 패키지,"32GB(16Gx2)_21,250원/1GB_680,000","32GB(16Gx2)_21,250원/1GB_680,000","32GB(16Gx2)_21,250원/1GB_680,000","32GB(16Gx2)_24,500원/1GB_784,000","32GB(16Gx2)_24,500원/1GB_784,000","32GB(16Gx2)_24,500원/1GB_784,000","32GB(16Gx2)_24,500원/1GB_784,000","32GB(16Gx2)_24,500원/1GB_784,000","32GB(16Gx2)_24,500원/1GB_784,000","32GB(16Gx2)_24,500원/1GB_784,000","32GB(16Gx2)_24,500원/1GB_784,000","32GB(16Gx2)_24,500원/1GB_784,000","32GB(16Gx2)_24,500원/1GB_784,000","32GB(16Gx2)_24,500원/1GB_784,000","32GB(16Gx2)_24,500원/1GB_784,000","32GB(16Gx2)_24,500원/1GB_784,000"
19553282,TeamGroup T-Force DDR5-6000 CL38 Delta RGB 화이트 패키지 서린,"_64GB(32Gx2)_22,968원/1GB_1,469,920|_32GB(16Gx2)_23,563원/1GB_754,000","_64GB(32Gx2)_22,967원/1GB_1,469,890|_32GB(16Gx2)_23,563원/1GB_754,000","_64GB(32Gx2)_22,967원/1GB_1,469,890|_32GB(16Gx2)_23,563원/1GB_754,000","_64GB(32Gx2)_22,967원/1GB_1,469,890|_32GB(16Gx2)_23,563원/1GB_754,000","_64GB(32Gx2)_22,969원/1GB_1,469,990|_32GB(16Gx2)_23,563원/1GB_754,000","_64GB(32Gx2)_22,969원/1GB_1,469,990|_32GB(16Gx2)_23,563원/1GB_754,000","_64GB(32Gx2)_22,969원/1GB_1,469,990|_32GB(16Gx2)_23,563원/1GB_754,000","_64GB(32Gx2)_22,969원/1GB_1,469,990|_32GB(16Gx2)_23,563원/1GB_754,000","_64GB(32Gx2)_22,969원/1GB_1,469,990|_32GB(16Gx2)_23,871원/1GB_763,860","_64GB(32Gx2)_22,968원/1GB_1,469,980|_32GB(16Gx2)_23,870원/1GB_763,850","_64GB(32Gx2)_22,968원/1GB_1,469,980|_32GB(16Gx2)_23,870원/1GB_763,850","_64GB(32Gx2)_22,969원/1GB_1,470,000|_32GB(16Gx2)_23,871원/1GB_763,860","_64GB(32Gx2)_22,969원/1GB_1,470,000|_32GB(16Gx2)_23,563원/1GB_754,000","_64GB(32Gx2)_22,969원/1GB_1,469,990|_32GB(16Gx2)_23,563원/1GB_754,000",0,0
16443341,TeamGroup T-Force DDR5-6000 CL38 Delta RGB 화이트 패키지 서린,0,0,0,0,0,0,0,0,0,0,0,0,0,0,"_64GB(32Gx2)_22,969원/1GB_1,469,990|_32GB(16Gx2)_23,563원/1GB_754,000","_64GB(32Gx2)_22,969원/1GB_1,469,990|_32GB(16Gx2)_23,563원/1GB_754,000"
67693646,TeamGroup T-Force DDR5-6400 CL32 XTREEM ARGB 패키지 서린,"32GB(16Gx2)_27,188원/1GB_870,000","32GB(16Gx2)_27,188원/1GB_870,000","32GB(16Gx2)_27,188원/1GB_870,000","32GB(16Gx2)_27,188원/1GB_870,000","32GB(16Gx2)_27,188원/1GB_870,000","32GB(16Gx2)_27,188원/1GB_870,000","32GB(16Gx2)_27,188원/1GB_870,000","32GB(16Gx2)_27,188원/1GB_870,000","32GB(16Gx2)_27,188원/1GB_870,000","32GB(16Gx2)_27,188원/1GB_870,000","32GB(16Gx2)_27,188원/1GB_870,000","32GB(16Gx2)_27,188원/1GB_870,000","32GB(16Gx2)_27,188원/1GB_870,000","32GB(16Gx2)_27,188원/1GB_870,000","32GB(16Gx2)_27,188원/1GB_870,000","32GB(16Gx2)_27,188원/1GB_870,000"
16035029,TeamGroup T-Force DDR5-6400 CL40 Delta RGB 패키지 서린,"32GB(16Gx2)_23,125원/1GB_739,990","32GB(16Gx2)_23,125원/1GB_739,990","32GB(16Gx2)_23,125원/1GB_739,990","32GB(16Gx2)_23,125원/1GB_739,990","32GB(16Gx2)_23,125원/1GB_739,990","32GB(16Gx2)_23,125원/1GB_740,000","32GB(16Gx2)_23,125원/1GB_740,000","32GB(16Gx2)_23,125원/1GB_740,000","32GB(16Gx2)_23,125원/1GB_740,000","32GB(16Gx2)_23,125원/1GB_740,000","32GB(16Gx2)_23,125원/1GB_740,000","32GB(16Gx2)_23,125원/1GB_740,000","32GB(16Gx2)_23,125원/1GB_740,000","32GB(16Gx2)_23,125원/1GB_740,000","32GB(16Gx2)_23,125원/1GB_740,000","32GB(16Gx2)_23,125원/1GB_740,000"
18135167,TeamGroup T-Force DDR5-7200 CL34 Delta RGB 패키지,"32GB(16Gx2)_24,033원/1GB_769,070","32GB(16Gx2)_24,033원/1GB_769,060","32GB(16Gx2)_24,033원/1GB_769,060","32GB(16Gx2)_24,033원/1GB_769,060","32GB(16Gx2)_24,030원/1GB_768,960","32GB(16Gx2)_24,030원/1GB_768,950","32GB(16Gx2)_24,033원/1GB_769,070","32GB(16Gx2)_24,033원/1GB_769,070","32GB(16Gx2)_24,063원/1GB_770,000","32GB(16Gx2)_22,619원/1GB_723,800","32GB(16Gx2)_22,844원/1GB_731,000","32GB(16Gx2)_22,844원/1GB_731,000","32GB(16Gx2)_22,844원/1GB_731,000","32GB(16Gx2)_22,844원/1GB_731,000","32GB(16Gx2)_22,844원/1GB_731,000","32GB(16Gx2)_22,844원/1GB_731,000"
18135173,TeamGroup T-Force DDR5-7200 CL34 Delta RGB 화이트 패키지,"32GB(16Gx2)_24,063원/1GB_770,000","32GB(16Gx2)_24,063원/1GB_770,000","32GB(16Gx2)_24,063원/1GB_770,000","32GB(16Gx2)_24,063원/1GB_770,000","32GB(16Gx2)_24,063원/1GB_770,000","32GB(16Gx2)_24,063원/1GB_770,000","32GB(16Gx2)_24,063원/1GB_770,000","32GB(16Gx2)_24,063원/1GB_770,000","32GB(16Gx2)_24,063원/1GB_770,000","32GB(16Gx2)_24,063원/1GB_770,000","32GB(16Gx2)_24,063원/1GB_770,000","32GB(16Gx2)_24,063원/1GB_770,000","32GB(16Gx2)_24,063원/1GB_770,000","32GB(16Gx2)_24,063원/1GB_770,000","32GB(16Gx2)_24,063원/1GB_770,000","32GB(16Gx2)_24,063원/1GB_770,000"
18207182,TeamGroup T-Force DDR5-7600 CL36 Delta RGB 패키지,"32GB(16Gx2)_22,000원/1GB_703,990","32GB(16Gx2)_22,000원/1GB_703,990","32GB(16Gx2)_22,000원/1GB_703,990","32GB(16Gx2)_22,000원/1GB_703,990","32GB(16Gx2)_22,000원/1GB_703,990","32GB(16Gx2)_22,000원/1GB_703,990","32GB(16Gx2)_22,000원/1GB_703,990","32GB(16Gx2)_22,000원/1GB_703,990","32GB(16Gx2)_22,000원/1GB_703,990","32GB(16Gx2)_22,000원/1GB_703,990","32GB(16Gx2)_22,000원/1GB_703,990","32GB(16Gx2)_22,000원/1GB_703,990","32GB(16Gx2)_22,000원/1GB_704,000","32GB(16Gx2)_21,800원/1GB_697,600","32GB(16Gx2)_21,800원/1GB_697,600","32GB(16Gx2)_21,800원/1GB_697,600"
74052965,TeamGroup T-Force DDR5-8400 CL42 XTREEM CKD 패키지 서린,"48GB(24Gx2)_18,212원/1GB_874,180","48GB(24Gx2)_18,212원/1GB_874,180","48GB(24Gx2)_18,212원/1GB_874,180","48GB(24Gx2)_18,212원/1GB_874,180","48GB(24Gx2)_18,212원/1GB_874,180","48GB(24Gx2)_18,212원/1GB_874,180","48GB(24Gx2)_18,212원/1GB_874,180","48GB(24Gx2)_18,212원/1GB_874,180","48GB(24Gx2)_18,212원/1GB_874,180","48GB(24Gx2)_18,212원/1GB_874,180","48GB(24Gx2)_18,212원/1GB_874,180","48GB(24Gx2)_18,212원/1GB_874,180","48GB(24Gx2)_18,212원/1GB_874,180","48GB(24Gx2)_18,212원/1GB_874,180","48GB(24Gx2)_18,212원/1GB_874,180","48GB(24Gx2)_18,212원/1GB_874,180"
118838632,TeamGroup T-Force T-Force DDR4-3600 CL18 Delta RGB 화이트 패키지,"16GB(8Gx2)_17,114원/1GB_273,830","16GB(8Gx2)_17,114원/1GB_273,830","16GB(8Gx2)_17,114원/1GB_273,830","16GB(8Gx2)_17,114원/1GB_273,830","16GB(8Gx2)_17,114원/1GB_273,830","16GB(8Gx2)_17,114원/1GB_273,830","16GB(8Gx2)_17,114원/1GB_273,830","16GB(8Gx2)_17,114원/1GB_273,830","16GB(8Gx2)_17,114원/1GB_273,830","16GB(8Gx2)_17,114원/1GB_273,830","16GB(8Gx2)_17,478원/1GB_279,650","16GB(8Gx2)_17,478원/1GB_279,650","16GB(8Gx2)_17,478원/1GB_279,650","16GB(8Gx2)_17,478원/1GB_279,650","16GB(8Gx2)_17,478원/1GB_279,650","16GB(8Gx2)_17,478원/1GB_279,650"
106695755,TeamGroup 노트북 DDR4-3200 CL22 Elite,"16GB_10,688원/1GB_171,000|_32GB_11,816원/1GB_378,100|_8GB_10,688원/1GB_85,500","16GB_10,688원/1GB_171,000|_32GB_11,816원/1GB_378,100|_8GB_10,688원/1GB_85,500","16GB_10,688원/1GB_171,000|_32GB_11,816원/1GB_378,100|_8GB_10,688원/1GB_85,500","16GB_10,688원/1GB_171,000|_32GB_11,816원/1GB_378,100|_8GB_10,688원/1GB_85,500","16GB_10,688원/1GB_171,000|_32GB_11,816원/1GB_378,100|_8GB_10,688원/1GB_85,500","16GB_10,688원/1GB_171,000|_32GB_11,816원/1GB_378,100|_8GB_10,688원/1GB_85,500","16GB_10,575원/1GB_169,200|_32GB_11,691원/1GB_374,120|_8GB_10,575원/1GB_84,600","16GB_10,575원/1GB_169,200|_32GB_11,691원/1GB_374,120|_8GB_10,575원/1GB_84,600","_16GB_10,961원/1GB_175,380|32GB_12,118원/1GB_387,780|_8GB_10,811원/1GB_86,490","_16GB_10,961원/1GB_175,370|32GB_12,118원/1GB_387,780|_8GB_10,811원/1GB_86,490","_16GB_10,961원/1GB_175,370|_32GB_12,118원/1GB_387,780|8GB_10,961원/1GB_87,690","_16GB_10,961원/1GB_175,380|_32GB_12,118원/1GB_387,780|8GB_10,950원/1GB_87,600","_16GB_10,643원/1GB_170,280|_32GB_11,766원/1GB_376,500|8GB_10,643원/1GB_85,140","_16GB_10,688원/1GB_171,000|_32GB_11,816원/1GB_378,100|8GB_10,688원/1GB_85,500","_16GB_10,688원/1GB_171,000|_32GB_11,816원/1GB_378,100|8GB_10,688원/1GB_85,500","_16GB_10,688원/1GB_171,000|_32GB_11,816원/1GB_378,100|8GB_10,688원/1GB_85,500"
106695737,TeamGroup 노트북 DDR4-3200 CL22 Elite,"16GB_10,688원/1GB_171,000|_32GB_11,816원/1GB_378,100|_8GB_10,688원/1GB_85,500","16GB_10,688원/1GB_171,000|_32GB_11,816원/1GB_378,100|_8GB_10,688원/1GB_85,500","16GB_10,688원/1GB_171,000|_32GB_11,816원/1GB_378,100|_8GB_10,688원/1GB_85,500","16GB_10,688원/1GB_171,000|_32GB_11,816원/1GB_378,100|_8GB_10,688원/1GB_85,500","16GB_10,688원/1GB_171,000|_32GB_11,816원/1GB_378,100|_8GB_10,688원/1GB_85,500","16GB_10,688원/1GB_171,000|_32GB_11,816원/1GB_378,100|_8GB_10,688원/1GB_85,500","16GB_10,575원/1GB_169,200|_32GB_11,691원/1GB_374,120|_8GB_10,575원/1GB_84,600","16GB_10,575원/1GB_169,200|_32GB_11,691원/1GB_374,120|_8GB_10,575원/1GB_84,600","_16GB_10,961원/1GB_175,380|32GB_12,118원/1GB_387,780|_8GB_10,811원/1GB_86,490","_16GB_10,961원/1GB_175,370|32GB_12,118원/1GB_387,780|_8GB_10,811원/1GB_86,490",0,0,0,0,0,0
123721493,TeamGroup 노트북 DDR5-5600 CL46 Elite 서린,0,0,0,0,16GB_가격비교예정,16GB_가격비교예정,16GB_가격비교예정,16GB_가격비교예정,16GB_가격비교예정,16GB_가격비교예정,"16GB_20,584원/1GB_329,350","16GB_20,584원/1GB_329,350","16GB_20,584원/1GB_329,350","16GB_20,584원/1GB_329,340","16GB_20,584원/1GB_329,340","16GB_20,584원/1GB_329,340"
18274025,Terabyte Ramonster DDR4-2666 CL19,"16GB_10,594원/1GB_169,500","16GB_10,594원/1GB_169,500","16GB_10,594원/1GB_169,500","16GB_10,594원/1GB_169,500","16GB_10,594원/1GB_169,500","16GB_10,594원/1GB_169,500","16GB_10,594원/1GB_169,500","16GB_10,594원/1GB_169,500","16GB_10,594원/1GB_169,500","16GB_10,594원/1GB_169,500","16GB_10,594원/1GB_169,500","16GB_10,594원/1GB_169,500","16GB_10,594원/1GB_169,500","16GB_10,594원/1GB_169,500","16GB_10,594원/1GB_169,500","16GB_10,594원/1GB_169,500"
6502718,Terabyte Ramonster DDR4-2666 CL19 BLACK,"8GB_10,725원/1GB_85,800","8GB_10,725원/1GB_85,800","8GB_10,725원/1GB_85,800","8GB_10,725원/1GB_85,800","8GB_10,725원/1GB_85,800","8GB_10,725원/1GB_85,800","8GB_10,725원/1GB_85,800","8GB_10,725원/1GB_85,800","8GB_10,725원/1GB_85,800","8GB_10,725원/1GB_85,800","8GB_10,725원/1GB_85,800","8GB_10,725원/1GB_85,800","8GB_10,725원/1GB_85,800","8GB_10,725원/1GB_85,800","8GB_10,725원/1GB_85,800","8GB_10,725원/1GB_85,800"
18274718,Terabyte Ramonster DDR4-3200 CL22,"_16GB_9,375원/1GB_150,000|_8GB_10,404원/1GB_83,230","_16GB_9,375원/1GB_150,000|_8GB_10,404원/1GB_83,230","_16GB_9,375원/1GB_150,000|_8GB_10,404원/1GB_83,230","_16GB_9,375원/1GB_150,000|_8GB_10,404원/1GB_83,230","_16GB_9,375원/1GB_150,000|_8GB_10,404원/1GB_83,230","_16GB_9,375원/1GB_150,000|_8GB_10,404원/1GB_83,230","_16GB_9,375원/1GB_150,000|_8GB_10,404원/1GB_83,230","_16GB_9,375원/1GB_150,000|_8GB_10,404원/1GB_83,230","_16GB_9,375원/1GB_150,000|_8GB_10,404원/1GB_83,230","_16GB_9,375원/1GB_150,000|_8GB_11,188원/1GB_89,500","_16GB_8,604원/1GB_137,670|_8GB_11,188원/1GB_89,500","_16GB_8,604원/1GB_137,670|_8GB_11,188원/1GB_89,500","_16GB_8,604원/1GB_137,670|_8GB_11,188원/1GB_89,500","_16GB_8,604원/1GB_137,670|_8GB_11,188원/1GB_89,500","_16GB_8,604원/1GB_137,670|_8GB_11,188원/1GB_89,500","_16GB_8,604원/1GB_137,670|_8GB_11,188원/1GB_89,500"
10558731,Terabyte Ramonster DDR4-3200 CL22 BLACK,"8GB_11,550원/1GB_92,400","8GB_11,550원/1GB_92,400","8GB_11,550원/1GB_92,400","8GB_11,550원/1GB_92,400","8GB_11,550원/1GB_92,400","8GB_11,550원/1GB_92,400","8GB_11,550원/1GB_92,400","8GB_11,550원/1GB_92,400","8GB_11,550원/1GB_92,400","8GB_11,550원/1GB_92,400","8GB_11,550원/1GB_92,400","8GB_11,550원/1GB_92,400","8GB_11,550원/1GB_92,400","8GB_11,550원/1GB_92,400","8GB_11,550원/1GB_92,400","8GB_11,550원/1GB_92,400"
108390497,Terabyte Ramonster DDR5-4800,"16GB_20,867원/1GB_333,870","16GB_20,867원/1GB_333,870","16GB_20,867원/1GB_333,870","16GB_20,867원/1GB_333,870","16GB_20,867원/1GB_333,870","16GB_20,867원/1GB_333,870","16GB_20,867원/1GB_333,870","16GB_20,867원/1GB_333,870","16GB_20,867원/1GB_333,870","16GB_22,438원/1GB_359,000","16GB_22,438원/1GB_359,000","16GB_22,438원/1GB_359,000","16GB_22,438원/1GB_359,000","16GB_22,438원/1GB_359,000","16GB_22,438원/1GB_359,000","16GB_22,438원/1GB_359,000"
18273281,Terabyte Ramonster 노트북 DDR4-3200 CL22,"_16GB_9,223원/1GB_147,570|_4GB_8,500원/1GB_34,000","_16GB_9,223원/1GB_147,570|_4GB_8,500원/1GB_34,000","_16GB_9,223원/1GB_147,570|_4GB_8,500원/1GB_34,000","_16GB_9,223원/1GB_147,570|_4GB_8,500원/1GB_34,000","_16GB_9,223원/1GB_147,570|_4GB_8,500원/1GB_34,000","_16GB_9,223원/1GB_147,570|_4GB_8,500원/1GB_34,000","_16GB_9,223원/1GB_147,570|_4GB_8,500원/1GB_34,000","_16GB_9,223원/1GB_147,570|_4GB_8,500원/1GB_34,000","_16GB_9,223원/1GB_147,570|_4GB_8,500원/1GB_34,000","_16GB_9,223원/1GB_147,570|_4GB_8,500원/1GB_34,000","_16GB_9,223원/1GB_147,570|_4GB_8,500원/1GB_34,000","_16GB_9,223원/1GB_147,570|_4GB_8,500원/1GB_34,000","_16GB_9,223원/1GB_147,570|_4GB_8,500원/1GB_34,000","_16GB_9,223원/1GB_147,570|_4GB_8,500원/1GB_34,000","_16GB_9,223원/1GB_147,570|_4GB_8,500원/1GB_34,000","_16GB_9,223원/1GB_147,570|_4GB_8,500원/1GB_34,000"
15072377,V-Color BLACK DDR4-3200,"16GB_12,375원/1GB_198,000","16GB_12,375원/1GB_198,000","16GB_12,375원/1GB_198,000","16GB_12,375원/1GB_198,000","16GB_12,375원/1GB_198,000","16GB_12,375원/1GB_198,000","16GB_12,375원/1GB_198,000","16GB_12,375원/1GB_198,000","16GB_12,375원/1GB_198,000","16GB_12,375원/1GB_198,000","16GB_12,375원/1GB_198,000","16GB_12,375원/1GB_198,000","16GB_12,375원/1GB_198,000","16GB_12,375원/1GB_198,000","16GB_12,375원/1GB_198,000","16GB_12,375원/1GB_198,000"
16664129,V-Color BLACK DDR4-3200 벌크,"8GB_13,625원/1GB_109,000","8GB_13,625원/1GB_109,000","8GB_13,625원/1GB_109,000","8GB_13,625원/1GB_109,000","8GB_13,625원/1GB_109,000","8GB_13,625원/1GB_109,000","8GB_13,625원/1GB_109,000","8GB_13,625원/1GB_109,000","8GB_13,625원/1GB_109,000","8GB_13,625원/1GB_109,000","8GB_13,625원/1GB_109,000","8GB_13,625원/1GB_109,000","8GB_13,625원/1GB_109,000","8GB_13,625원/1GB_109,000","8GB_13,625원/1GB_109,000","8GB_13,625원/1GB_109,000"
27953468,V-Color BLACK DDR5-5600 CL46 STANDARD 벌크,"16GB_23,688원/1GB_379,000","16GB_23,688원/1GB_379,000","16GB_23,688원/1GB_379,000","16GB_23,688원/1GB_379,000","16GB_23,688원/1GB_379,000","16GB_23,688원/1GB_379,000","16GB_23,688원/1GB_379,000","16GB_23,688원/1GB_379,000","16GB_23,456원/1GB_375,300","16GB_23,456원/1GB_375,300","16GB_23,456원/1GB_375,300","16GB_23,456원/1GB_375,300","16GB_23,456원/1GB_375,300","16GB_23,456원/1GB_375,300","16GB_23,456원/1GB_375,300","16GB_23,456원/1GB_375,300"
11587076,V-Color DDR4-4000 CL19 PRISM PRO RGB SILVER 패키지,"16GB(8Gx2)_17,500원/1GB_280,000","16GB(8Gx2)_17,500원/1GB_280,000","16GB(8Gx2)_17,500원/1GB_280,000","16GB(8Gx2)_17,500원/1GB_280,000","16GB(8Gx2)_17,500원/1GB_280,000","16GB(8Gx2)_17,500원/1GB_280,000","16GB(8Gx2)_17,500원/1GB_280,000","16GB(8Gx2)_17,500원/1GB_280,000","16GB(8Gx2)_17,500원/1GB_280,000","16GB(8Gx2)_17,500원/1GB_280,000","16GB(8Gx2)_17,500원/1GB_280,000","16GB(8Gx2)_17,500원/1GB_280,000","16GB(8Gx2)_17,500원/1GB_280,000","16GB(8Gx2)_17,500원/1GB_280,000","16GB(8Gx2)_17,500원/1GB_280,000","16GB(8Gx2)_17,500원/1GB_280,000"
123723079,V-Color DDR5-5600 CL46 STANDARD ECC/REG 패키지,0,0,0,0,_512GB(128Gx4)_가격비교예정|_128GB(32Gx4)_가격비교예정,_512GB(128Gx4)_가격비교예정|_128GB(32Gx4)_가격비교예정,_512GB(128Gx4)_가격비교예정|256GB(64Gx4)_가격비교예정|_128GB(32Gx4)_가격비교예정,_512GB(128Gx4)_가격비교예정|256GB(64Gx4)_가격비교예정|_128GB(32Gx4)_가격비교예정,_512GB(128Gx4)_가격비교예정|256GB(64Gx4)_가격비교예정|_128GB(32Gx4)_가격비교예정,_512GB(128Gx4)_가격비교예정|256GB(64Gx4)_가격비교예정|_128GB(32Gx4)_가격비교예정,_512GB(128Gx4)_가격비교예정|256GB(64Gx4)_가격비교예정|_128GB(32Gx4)_가격비교예정,_512GB(128Gx4)_가격비교예정|256GB(64Gx4)_가격비교예정|_128GB(32Gx4)_가격비교예정,_512GB(128Gx4)_가격비교예정|256GB(64Gx4)_가격비교예정|_128GB(32Gx4)_가격비교예정,_512GB(128Gx4)_가격비교예정|256GB(64Gx4)_가격비교예정|_128GB(32Gx4)_가격비교예정,_512GB(128Gx4)_가격비교예정|256GB(64Gx4)_가격비교예정|_128GB(32Gx4)_가격비교예정,_512GB(128Gx4)_가격비교예정|256GB(64Gx4)_가격비교예정|_128GB(32Gx4)_가격비교예정
123723120,V-Color DDR5-5600 CL46 STANDARD ECC/REG 패키지,0,0,0,0,_512GB(128Gx4)_가격비교예정|_128GB(32Gx4)_가격비교예정,_512GB(128Gx4)_가격비교예정|_128GB(32Gx4)_가격비교예정,0,0,0,0,0,0,0,0,0,0
93862913,V-Color DDR5-6400 CL32 ECC/REG 패키지,"128GB(32Gx4)_66,406원/1GB_8,500,000","128GB(32Gx4)_66,406원/1GB_8,500,000","128GB(32Gx4)_66,406원/1GB_8,500,000","128GB(32Gx4)_66,406원/1GB_8,500,000","128GB(32Gx4)_66,406원/1GB_8,500,000","128GB(32Gx4)_66,406원/1GB_8,500,000","128GB(32Gx4)_66,406원/1GB_8,500,000","128GB(32Gx4)_66,406원/1GB_8,500,000","128GB(32Gx4)_66,406원/1GB_8,500,000","128GB(32Gx4)_66,406원/1GB_8,500,000","128GB(32Gx4)_66,406원/1GB_8,500,000","128GB(32Gx4)_66,406원/1GB_8,500,000","128GB(32Gx4)_66,406원/1GB_8,500,000","128GB(32Gx4)_66,406원/1GB_8,500,000","128GB(32Gx4)_66,406원/1GB_8,500,000","128GB(32Gx4)_66,406원/1GB_8,500,000"
16025600,V-Color Manta DDR5-6200 CL40 RGB 골든아미스 패키지,0,0,0,0,0,0,0,0,0,0,"32GB(16Gx2)_21,500원/1GB_688,000","32GB(16Gx2)_21,500원/1GB_688,000","32GB(16Gx2)_21,500원/1GB_688,000","32GB(16Gx2)_21,500원/1GB_688,000","32GB(16Gx2)_21,500원/1GB_688,000","32GB(16Gx2)_21,500원/1GB_688,000"
104751800,V-Color Manta XSKY DDR5-6000 CL30 RGB EXPO 패키지,"32GB(16Gx2)_19,856원/1GB_635,390","32GB(16Gx2)_19,856원/1GB_635,390","32GB(16Gx2)_19,856원/1GB_635,390","32GB(16Gx2)_19,856원/1GB_635,390","32GB(16Gx2)_19,856원/1GB_635,390","32GB(16Gx2)_19,856원/1GB_635,390","32GB(16Gx2)_19,856원/1GB_635,390","32GB(16Gx2)_19,856원/1GB_635,390","32GB(16Gx2)_19,856원/1GB_635,390","32GB(16Gx2)_19,856원/1GB_635,390","32GB(16Gx2)_19,856원/1GB_635,390","32GB(16Gx2)_19,856원/1GB_635,390","32GB(16Gx2)_19,856원/1GB_635,390","32GB(16Gx2)_19,856원/1GB_635,390","32GB(16Gx2)_19,856원/1GB_635,390","32GB(16Gx2)_19,856원/1GB_635,390"
5514214,V-Color 컬러풀 DDR3-1600,"8GB_3,500원/1GB_28,000","8GB_3,500원/1GB_28,000","8GB_3,500원/1GB_28,000","8GB_3,500원/1GB_28,000","8GB_3,500원/1GB_28,000","8GB_3,500원/1GB_28,000","8GB_3,500원/1GB_28,000","8GB_3,500원/1GB_28,000","8GB_3,500원/1GB_28,000","8GB_3,500원/1GB_28,000","8GB_3,500원/1GB_28,000","8GB_3,500원/1GB_28,000","8GB_3,500원/1GB_28,000","8GB_3,500원/1GB_28,000","8GB_3,500원/1GB_28,000","8GB_3,500원/1GB_28,000"
15176300,골든메모리 DDR3-1600,"8GB_2,739원/1GB_21,910","8GB_2,739원/1GB_21,910","8GB_2,739원/1GB_21,910","8GB_2,739원/1GB_21,910","8GB_2,739원/1GB_21,910","8GB_2,739원/1GB_21,910","8GB_2,739원/1GB_21,910","8GB_2,739원/1GB_21,910","8GB_2,739원/1GB_21,910","8GB_2,813원/1GB_22,500","8GB_2,813원/1GB_22,500","8GB_2,813원/1GB_22,500","8GB_2,813원/1GB_22,500","8GB_2,813원/1GB_22,500","8GB_2,813원/1GB_22,500","8GB_2,813원/1GB_22,500"
108445535,디오테라 ROIPLE DDR4-3200,"16GB_11,749원/1GB_187,990","16GB_11,749원/1GB_187,990","16GB_11,749원/1GB_187,990","16GB_11,749원/1GB_187,990","16GB_11,749원/1GB_187,990","16GB_11,749원/1GB_187,990","16GB_11,749원/1GB_187,990","16GB_11,749원/1GB_187,990","16GB_11,749원/1GB_187,990","16GB_11,749원/1GB_187,990","16GB_11,749원/1GB_187,990","16GB_11,749원/1GB_187,990","16GB_11,749원/1GB_187,990","16GB_11,749원/1GB_187,990","16GB_11,749원/1GB_187,990","16GB_11,749원/1GB_187,990"
123730821,디오테라 ROIPLE DDR5-5600 CL46 RGB,0,0,0,0,0,0,32GB_가격비교예정,32GB_가격비교예정,32GB_가격비교예정,32GB_가격비교예정,32GB_가격비교예정,32GB_가격비교예정,32GB_가격비교예정,32GB_가격비교예정,32GB_가격비교예정,32GB_가격비교예정
5850669,마이크론 Crucial DDR3-1600 중고,"_8GB_3,250원/1GB_26,000|_4GB_2,750원/1GB_11,000","_8GB_3,250원/1GB_26,000|_4GB_2,750원/1GB_11,000","_8GB_3,250원/1GB_26,000|_4GB_2,750원/1GB_11,000","_8GB_3,250원/1GB_26,000|_4GB_2,750원/1GB_11,000","_8GB_3,250원/1GB_26,000|_4GB_2,750원/1GB_11,000","_8GB_3,250원/1GB_26,000|_4GB_2,750원/1GB_11,000","_8GB_3,250원/1GB_26,000|_4GB_2,750원/1GB_11,000","_8GB_3,250원/1GB_26,000|_4GB_2,750원/1GB_11,000","_8GB_3,250원/1GB_26,000|_4GB_2,750원/1GB_11,000","_8GB_3,250원/1GB_26,000|_4GB_2,750원/1GB_11,000","_8GB_3,250원/1GB_26,000|_4GB_2,750원/1GB_11,000","_8GB_3,250원/1GB_26,000|_4GB_2,750원/1GB_11,000","_8GB_3,250원/1GB_26,000|_4GB_2,750원/1GB_11,000","_8GB_3,250원/1GB_26,000|_4GB_2,750원/1GB_11,000","_8GB_3,250원/1GB_26,000|_4GB_2,750원/1GB_11,000","_8GB_3,250원/1GB_26,000|_4GB_2,750원/1GB_11,000"
10294017,마이크론 Crucial DDR4-3200 CL22,"32GB_13,806원/1GB_441,800|_16GB_11,216원/1GB_179,450|_8GB_14,919원/1GB_119,350","32GB_13,806원/1GB_441,800|_16GB_11,214원/1GB_179,420|_8GB_14,919원/1GB_119,350","32GB_13,806원/1GB_441,800|_16GB_11,214원/1GB_179,420|_8GB_14,919원/1GB_119,350","32GB_13,806원/1GB_441,800|_16GB_11,213원/1GB_179,410|_8GB_14,919원/1GB_119,350","32GB_13,806원/1GB_441,800|_16GB_11,213원/1GB_179,410|_8GB_14,919원/1GB_119,350","32GB_13,806원/1GB_441,800|_16GB_11,213원/1GB_179,410|_8GB_14,919원/1GB_119,350","32GB_13,806원/1GB_441,800|_16GB_11,208원/1GB_179,320|_8GB_14,919원/1GB_119,350","32GB_13,806원/1GB_441,800|_16GB_11,206원/1GB_179,300|_8GB_14,919원/1GB_119,350","32GB_13,806원/1GB_441,790|_16GB_11,206원/1GB_179,300|_8GB_14,919원/1GB_119,350","32GB_13,806원/1GB_441,790|_16GB_11,206원/1GB_179,290|_8GB_14,919원/1GB_119,350","_32GB_13,806원/1GB_441,790|16GB_11,206원/1GB_179,290|_8GB_11,000원/1GB_88,000","_32GB_13,806원/1GB_441,790|16GB_11,204원/1GB_179,260|_8GB_11,000원/1GB_88,000",0,0,0,0
18038618,마이크론 Crucial DDR4-3200 CL22,0,0,0,0,0,0,0,0,0,0,0,0,"_32GB_13,806원/1GB_441,790|16GB_11,200원/1GB_179,200|_8GB_11,000원/1GB_88,000","_32GB_13,806원/1GB_441,790|16GB_11,198원/1GB_179,170|_8GB_11,000원/1GB_88,000","_32GB_13,806원/1GB_441,800|_16GB_11,198원/1GB_179,170|8GB_11,000원/1GB_88,000","_32GB_13,806원/1GB_441,800|_16GB_11,198원/1GB_179,170|8GB_11,000원/1GB_88,000"
100273145,마이크론 Crucial DDR4-3200 CL22 PRO 패키지 대원씨티에스,"32GB(16Gx2)_11,230원/1GB_359,370","32GB(16Gx2)_11,230원/1GB_359,370","32GB(16Gx2)_11,230원/1GB_359,370","32GB(16Gx2)_11,230원/1GB_359,370","32GB(16Gx2)_11,230원/1GB_359,370","32GB(16Gx2)_11,230원/1GB_359,370","32GB(16Gx2)_11,230원/1GB_359,370","32GB(16Gx2)_11,230원/1GB_359,370","32GB(16Gx2)_11,230원/1GB_359,370","32GB(16Gx2)_11,230원/1GB_359,370","32GB(16Gx2)_11,230원/1GB_359,370","32GB(16Gx2)_11,230원/1GB_359,370","32GB(16Gx2)_11,230원/1GB_359,370","32GB(16Gx2)_11,230원/1GB_359,370","32GB(16Gx2)_11,230원/1GB_359,370","32GB(16Gx2)_11,230원/1GB_359,370"
35805935,마이크론 Crucial DDR4-3200 CL22 대원씨티에스,"_16GB_12,187원/1GB_194,990|_8GB_14,978원/1GB_119,820","_16GB_12,187원/1GB_194,990|_8GB_14,974원/1GB_119,790","_16GB_12,187원/1GB_194,990|_8GB_14,974원/1GB_119,790","_16GB_12,187원/1GB_194,990|_8GB_14,788원/1GB_118,300","_16GB_12,187원/1GB_194,990|_8GB_14,776원/1GB_118,210","_16GB_12,187원/1GB_194,990|_8GB_14,774원/1GB_118,190","_16GB_12,187원/1GB_194,990|_8GB_14,774원/1GB_118,190","_16GB_12,187원/1GB_194,990|_8GB_14,773원/1GB_118,180","_16GB_12,187원/1GB_194,990|_8GB_14,761원/1GB_118,090","_16GB_12,187원/1GB_194,990|_8GB_14,759원/1GB_118,070","_16GB_12,187원/1GB_194,990|_8GB_14,788원/1GB_118,300","_16GB_12,187원/1GB_194,990|_8GB_14,788원/1GB_118,300","_16GB_12,187원/1GB_194,990|_8GB_14,788원/1GB_118,300","_16GB_12,187원/1GB_194,990|_8GB_14,804원/1GB_118,430","_16GB_12,187원/1GB_194,990|_8GB_14,804원/1GB_118,430","_16GB_12,187원/1GB_194,990|_8GB_14,804원/1GB_118,430"
105679847,마이크론 Crucial DDR4-3200 CL22 패키지,"16GB(8Gx2)_14,998원/1GB_239,960","16GB(8Gx2)_14,998원/1GB_239,960","16GB(8Gx2)_14,998원/1GB_239,960","16GB(8Gx2)_14,998원/1GB_239,960","16GB(8Gx2)_14,998원/1GB_239,960","16GB(8Gx2)_14,998원/1GB_239,960","16GB(8Gx2)_14,998원/1GB_239,960","16GB(8Gx2)_14,998원/1GB_239,960","16GB(8Gx2)_14,998원/1GB_239,960","16GB(8Gx2)_14,998원/1GB_239,960","16GB(8Gx2)_14,998원/1GB_239,960","16GB(8Gx2)_14,998원/1GB_239,960","16GB(8Gx2)_14,998원/1GB_239,960","16GB(8Gx2)_14,998원/1GB_239,960","16GB(8Gx2)_14,998원/1GB_239,960","16GB(8Gx2)_14,998원/1GB_239,960"
101628713,마이크론 Crucial DDR4-3200 중고,"8GB_7,031원/1GB_56,250","8GB_7,031원/1GB_56,250","8GB_7,031원/1GB_56,250","8GB_7,031원/1GB_56,250","8GB_7,811원/1GB_62,490","8GB_7,811원/1GB_62,490","8GB_7,811원/1GB_62,490","8GB_7,811원/1GB_62,490","8GB_7,031원/1GB_56,250","8GB_7,811원/1GB_62,490","8GB_7,811원/1GB_62,490","8GB_7,811원/1GB_62,490","8GB_7,811원/1GB_62,490","8GB_7,811원/1GB_62,490","8GB_7,811원/1GB_62,490","8GB_7,811원/1GB_62,490"
15988694,마이크론 Crucial DDR5-4800 CL40,"8GB_19,000원/1GB_152,000","8GB_19,000원/1GB_152,000","8GB_19,000원/1GB_152,000","8GB_19,000원/1GB_152,000","8GB_19,000원/1GB_152,000","8GB_19,000원/1GB_152,000",0,0,"8GB_19,000원/1GB_152,000","8GB_19,000원/1GB_152,000","8GB_19,000원/1GB_152,000","8GB_19,000원/1GB_152,000","8GB_19,000원/1GB_152,000","8GB_19,000원/1GB_152,000","8GB_19,000원/1GB_152,000","8GB_19,000원/1GB_152,000"
15627671,마이크론 Crucial DDR5-4800 CL40 패키지,"16GB(8Gx2)_17,500원/1GB_280,000","16GB(8Gx2)_17,500원/1GB_280,000","16GB(8Gx2)_17,500원/1GB_280,000","16GB(8Gx2)_17,500원/1GB_280,000","16GB(8Gx2)_17,500원/1GB_280,000","16GB(8Gx2)_17,500원/1GB_280,000","16GB(8Gx2)_17,500원/1GB_280,000","16GB(8Gx2)_17,500원/1GB_280,000","16GB(8Gx2)_18,750원/1GB_300,000","16GB(8Gx2)_18,750원/1GB_300,000","16GB(8Gx2)_18,750원/1GB_300,000","16GB(8Gx2)_18,750원/1GB_300,000","16GB(8Gx2)_18,750원/1GB_300,000","16GB(8Gx2)_18,750원/1GB_300,000","16GB(8Gx2)_18,750원/1GB_300,000","16GB(8Gx2)_18,750원/1GB_300,000"
18486497,마이크론 Crucial DDR5-5600 CL46,"64GB_25,755원/1GB_1,648,290|_32GB_22,156원/1GB_708,990|_16GB_21,372원/1GB_341,950|8GB_21,405원/1GB_171,240","64GB_25,755원/1GB_1,648,290|_32GB_22,156원/1GB_708,990|_16GB_21,371원/1GB_341,940|8GB_21,405원/1GB_171,240","64GB_25,781원/1GB_1,649,990|_32GB_22,156원/1GB_708,990|_16GB_21,366원/1GB_341,860|8GB_21,405원/1GB_171,240","64GB_25,781원/1GB_1,649,990|_32GB_22,156원/1GB_708,990|_16GB_21,364원/1GB_341,830|8GB_21,405원/1GB_171,240","64GB_25,781원/1GB_1,649,990|_32GB_22,156원/1GB_708,990|_16GB_21,364원/1GB_341,830|8GB_21,405원/1GB_171,240","64GB_25,781원/1GB_1,649,990|_32GB_22,156원/1GB_708,990|_16GB_21,364원/1GB_341,830|8GB_21,405원/1GB_171,240","64GB_25,781원/1GB_1,649,990|_32GB_22,156원/1GB_708,990|_16GB_21,364원/1GB_341,830|8GB_21,405원/1GB_171,240","64GB_25,781원/1GB_1,649,990|_32GB_22,156원/1GB_708,990|_16GB_21,364원/1GB_341,830|8GB_21,405원/1GB_171,240",0,0,0,0,0,0,0,0
18486506,마이크론 Crucial DDR5-5600 CL46,0,0,0,0,0,0,0,0,"64GB_25,781원/1GB_1,649,990|_32GB_22,156원/1GB_708,990|16GB_21,374원/1GB_341,990|_8GB_21,405원/1GB_171,240","64GB_25,781원/1GB_1,649,990|_32GB_22,156원/1GB_708,990|16GB_21,374원/1GB_341,990|_8GB_21,405원/1GB_171,240","64GB_25,781원/1GB_1,649,990|_32GB_22,156원/1GB_708,990|_16GB_21,374원/1GB_341,990|8GB_21,405원/1GB_171,240","64GB_25,781원/1GB_1,649,990|_32GB_22,156원/1GB_708,990|_16GB_21,374원/1GB_341,990|8GB_21,405원/1GB_171,240","64GB_25,781원/1GB_1,649,990|_32GB_22,156원/1GB_708,990|_16GB_21,374원/1GB_341,990|8GB_21,405원/1GB_171,240","64GB_25,781원/1GB_1,649,990|_32GB_22,156원/1GB_708,990|_16GB_21,374원/1GB_341,990|8GB_21,405원/1GB_171,240","64GB_25,781원/1GB_1,649,990|_32GB_22,156원/1GB_708,990|_16GB_21,374원/1GB_341,990|8GB_21,405원/1GB_171,240","64GB_25,781원/1GB_1,649,990|_32GB_22,156원/1GB_708,990|_16GB_21,374원/1GB_341,990|8GB_21,405원/1GB_171,240"
99750215,마이크론 Crucial DDR5-5600 CL46 PRO 대원씨티에스,"_64GB_23,659원/1GB_1,514,160|_32GB_22,526원/1GB_720,820|16GB_22,268원/1GB_356,290","_64GB_23,659원/1GB_1,514,160|_32GB_22,526원/1GB_720,820|16GB_22,268원/1GB_356,290","_64GB_23,659원/1GB_1,514,160|_32GB_22,526원/1GB_720,820|16GB_22,268원/1GB_356,290","_64GB_23,659원/1GB_1,514,160|_32GB_22,526원/1GB_720,820|16GB_22,268원/1GB_356,290","_64GB_23,659원/1GB_1,514,160|_32GB_22,526원/1GB_720,820|16GB_22,244원/1GB_355,910","_64GB_23,659원/1GB_1,514,160|_32GB_22,526원/1GB_720,820|16GB_22,244원/1GB_355,900","_64GB_23,659원/1GB_1,514,160|_32GB_22,526원/1GB_720,820|16GB_22,268원/1GB_356,290","_64GB_23,659원/1GB_1,514,160|_32GB_22,526원/1GB_720,820|16GB_22,268원/1GB_356,290",0,0,0,0,0,0,0,0
100273337,마이크론 Crucial DDR5-5600 CL46 PRO 대원씨티에스,0,0,0,0,0,0,0,0,"_64GB_23,659원/1GB_1,514,160|32GB_23,053원/1GB_737,700|_16GB_22,268원/1GB_356,290","_64GB_25,471원/1GB_1,630,140|32GB_23,053원/1GB_737,700|_16GB_22,268원/1GB_356,290","_64GB_25,471원/1GB_1,630,140|32GB_23,637원/1GB_756,380|_16GB_22,310원/1GB_356,960","_64GB_25,471원/1GB_1,630,140|32GB_23,637원/1GB_756,380|_16GB_22,310원/1GB_356,960","_64GB_26,348원/1GB_1,686,280|32GB_23,637원/1GB_756,380|_16GB_22,310원/1GB_356,960","_64GB_26,348원/1GB_1,686,280|32GB_23,637원/1GB_756,380|_16GB_22,310원/1GB_356,960","_64GB_26,179원/1GB_1,675,450|32GB_23,637원/1GB_756,380|_16GB_22,310원/1GB_356,960","_64GB_26,179원/1GB_1,675,450|32GB_23,637원/1GB_756,380|_16GB_22,310원/1GB_356,960"
33386738,마이크론 Crucial DDR5-5600 CL46 PRO 아스크텍,"_32GB_22,500원/1GB_720,000|_16GB_24,489원/1GB_391,830","_32GB_22,500원/1GB_720,000|_16GB_24,489원/1GB_391,830","_32GB_22,500원/1GB_720,000|_16GB_24,489원/1GB_391,830","_32GB_22,500원/1GB_720,000|_16GB_24,489원/1GB_391,830","_32GB_22,500원/1GB_720,000|_16GB_24,489원/1GB_391,830","_32GB_22,500원/1GB_720,000|_16GB_24,489원/1GB_391,830","_32GB_22,500원/1GB_720,000|_16GB_24,489원/1GB_391,830","_32GB_22,500원/1GB_720,000|_16GB_24,489원/1GB_391,830","_32GB_22,500원/1GB_720,000|_16GB_24,489원/1GB_391,830","_32GB_22,500원/1GB_720,000|_16GB_24,489원/1GB_391,830",0,0,0,0,0,0
74549789,마이크론 Crucial DDR5-5600 CL46 PRO 아스크텍,0,0,0,0,0,0,0,0,0,0,"_32GB_22,500원/1GB_720,000|_16GB_24,489원/1GB_391,830","_32GB_22,500원/1GB_720,000|_16GB_24,489원/1GB_391,830","_32GB_23,046원/1GB_737,480|_16GB_24,489원/1GB_391,830","_32GB_23,331원/1GB_746,600|_16GB_24,489원/1GB_391,830","_32GB_23,331원/1GB_746,600|_16GB_24,489원/1GB_391,830","_32GB_23,331원/1GB_746,600|_16GB_24,489원/1GB_391,830"
20369066,마이크론 Crucial DDR5-5600 CL46 PRO 패키지 대원씨티에스,"_128GB(64Gx2)_24,655원/1GB_3,155,820|64GB(32Gx2)_22,526원/1GB_1,441,650|48GB(24Gx2)_16,431원/1GB_788,710|_32GB(16Gx2)_20,868원/1GB_667,790","_128GB(64Gx2)_24,655원/1GB_3,155,820|64GB(32Gx2)_22,526원/1GB_1,441,650|48GB(24Gx2)_16,431원/1GB_788,710|_32GB(16Gx2)_20,868원/1GB_667,790","_128GB(64Gx2)_24,655원/1GB_3,155,820|64GB(32Gx2)_22,526원/1GB_1,441,650|48GB(24Gx2)_16,431원/1GB_788,710|_32GB(16Gx2)_20,868원/1GB_667,790","_128GB(64Gx2)_24,655원/1GB_3,155,820|64GB(32Gx2)_22,526원/1GB_1,441,650|48GB(24Gx2)_16,431원/1GB_788,710|_32GB(16Gx2)_20,868원/1GB_667,780","_128GB(64Gx2)_24,655원/1GB_3,155,820|64GB(32Gx2)_22,526원/1GB_1,441,650|48GB(24Gx2)_16,431원/1GB_788,710|_32GB(16Gx2)_20,868원/1GB_667,780","_128GB(64Gx2)_24,655원/1GB_3,155,820|64GB(32Gx2)_22,526원/1GB_1,441,650|48GB(24Gx2)_16,431원/1GB_788,710|_32GB(16Gx2)_20,868원/1GB_667,780","_128GB(64Gx2)_24,655원/1GB_3,155,820|64GB(32Gx2)_22,526원/1GB_1,441,650|48GB(24Gx2)_16,431원/1GB_788,710|_32GB(16Gx2)_20,968원/1GB_670,990","_128GB(64Gx2)_24,655원/1GB_3,155,820|64GB(32Gx2)_22,526원/1GB_1,441,650|48GB(24Gx2)_16,431원/1GB_788,710|_32GB(16Gx2)_22,424원/1GB_717,570","_128GB(64Gx2)_25,207원/1GB_3,226,490|64GB(32Gx2)_23,281원/1GB_1,490,000|48GB(24Gx2)_16,431원/1GB_788,710|_32GB(16Gx2)_22,424원/1GB_717,570","_128GB(64Gx2)_25,207원/1GB_3,226,490|64GB(32Gx2)_23,281원/1GB_1,490,000|48GB(24Gx2)_16,431원/1GB_788,710|_32GB(16Gx2)_22,424원/1GB_717,570","_128GB(64Gx2)_25,207원/1GB_3,226,490|64GB(32Gx2)_23,281원/1GB_1,490,000|48GB(24Gx2)_16,431원/1GB_788,710|_32GB(16Gx2)_22,424원/1GB_717,560","_128GB(64Gx2)_25,207원/1GB_3,226,490|64GB(32Gx2)_23,281원/1GB_1,490,000|48GB(24Gx2)_16,431원/1GB_788,710|_32GB(16Gx2)_22,424원/1GB_717,560","_128GB(64Gx2)_25,328원/1GB_3,242,000|64GB(32Gx2)_23,281원/1GB_1,490,000|48GB(24Gx2)_16,431원/1GB_788,710|_32GB(16Gx2)_22,424원/1GB_717,560","_128GB(64Gx2)_25,309원/1GB_3,239,500|64GB(32Gx2)_24,338원/1GB_1,557,610|48GB(24Gx2)_16,431원/1GB_788,710|_32GB(16Gx2)_22,424원/1GB_717,560","_128GB(64Gx2)_25,172원/1GB_3,222,000|64GB(32Gx2)_24,338원/1GB_1,557,610|48GB(24Gx2)_16,431원/1GB_788,710|_32GB(16Gx2)_22,454원/1GB_718,520","_128GB(64Gx2)_25,152원/1GB_3,219,500|64GB(32Gx2)_24,338원/1GB_1,557,610|48GB(24Gx2)_16,431원/1GB_788,710|_32GB(16Gx2)_22,454원/1GB_718,520"
20356421,마이크론 Crucial DDR5-5600 CL46 PRO 패키지 아스크텍,"_64GB(32Gx2)_23,166원/1GB_1,482,600|_32GB(16Gx2)_21,640원/1GB_692,490","_64GB(32Gx2)_23,166원/1GB_1,482,600|_32GB(16Gx2)_21,875원/1GB_699,990","_64GB(32Gx2)_23,166원/1GB_1,482,600|_32GB(16Gx2)_21,640원/1GB_692,490","_64GB(32Gx2)_23,166원/1GB_1,482,600|_32GB(16Gx2)_21,875원/1GB_699,990","_64GB(32Gx2)_23,166원/1GB_1,482,600|_32GB(16Gx2)_21,875원/1GB_699,990","_64GB(32Gx2)_23,166원/1GB_1,482,600|_32GB(16Gx2)_21,875원/1GB_699,990","_64GB(32Gx2)_23,166원/1GB_1,482,600|_32GB(16Gx2)_21,875원/1GB_699,990","_64GB(32Gx2)_23,166원/1GB_1,482,600|_32GB(16Gx2)_21,875원/1GB_699,990","_64GB(32Gx2)_23,166원/1GB_1,482,600|_32GB(16Gx2)_21,875원/1GB_699,990","_64GB(32Gx2)_23,166원/1GB_1,482,600|_32GB(16Gx2)_21,875원/1GB_699,990",0,"_64GB(32Gx2)_24,489원/1GB_1,567,320|_32GB(16Gx2)_21,718원/1GB_694,990",0,0,0,0
28553522,마이크론 Crucial DDR5-5600 CL46 PRO 패키지 아스크텍,0,0,0,0,0,0,0,0,0,0,"_64GB(32Gx2)_24,489원/1GB_1,567,320|_32GB(16Gx2)_21,875원/1GB_699,990",0,"_64GB(32Gx2)_24,489원/1GB_1,567,320|_32GB(16Gx2)_21,718원/1GB_694,990","_64GB(32Gx2)_24,489원/1GB_1,567,320|_32GB(16Gx2)_21,875원/1GB_699,990","_64GB(32Gx2)_24,489원/1GB_1,567,320|_32GB(16Gx2)_21,875원/1GB_699,990","_64GB(32Gx2)_24,489원/1GB_1,567,320|_32GB(16Gx2)_21,797원/1GB_697,490"
53782775,마이크론 Crucial DDR5-5600 CL46 대원씨티에스,"64GB_20,587원/1GB_1,317,590|32GB_24,041원/1GB_769,300|_16GB_21,188원/1GB_339,000|_8GB_19,750원/1GB_158,000","64GB_20,587원/1GB_1,317,590|32GB_24,040원/1GB_769,290|_16GB_21,188원/1GB_339,000|_8GB_19,750원/1GB_158,000","64GB_20,587원/1GB_1,317,590|32GB_24,040원/1GB_769,290|_16GB_21,188원/1GB_339,000|_8GB_19,750원/1GB_158,000","64GB_20,587원/1GB_1,317,590|32GB_24,040원/1GB_769,290|_16GB_21,188원/1GB_339,000|_8GB_19,750원/1GB_158,000","64GB_20,587원/1GB_1,317,590|32GB_24,037원/1GB_769,190|_16GB_21,188원/1GB_339,000|_8GB_19,750원/1GB_158,000","64GB_20,587원/1GB_1,317,590|32GB_24,037원/1GB_769,170|_16GB_21,188원/1GB_339,000|_8GB_19,750원/1GB_158,000","64GB_20,587원/1GB_1,317,590|32GB_24,033원/1GB_769,070|_16GB_21,188원/1GB_339,000|_8GB_20,210원/1GB_161,680","64GB_20,587원/1GB_1,317,590|32GB_24,033원/1GB_769,050|_16GB_21,188원/1GB_339,000|_8GB_20,210원/1GB_161,680","64GB_20,587원/1GB_1,317,590|32GB_24,032원/1GB_769,010|_16GB_21,188원/1GB_339,000|_8GB_20,749원/1GB_165,990","64GB_20,587원/1GB_1,317,590|32GB_24,032원/1GB_769,010|_16GB_21,188원/1GB_339,000|_8GB_20,749원/1GB_165,990","64GB_20,587원/1GB_1,317,590|32GB_24,031원/1GB_768,980|_16GB_21,188원/1GB_339,000|_8GB_20,749원/1GB_165,990","64GB_20,587원/1GB_1,317,590|32GB_24,031원/1GB_768,980|_16GB_21,188원/1GB_339,000|_8GB_20,749원/1GB_165,990","64GB_20,587원/1GB_1,317,590|32GB_24,031원/1GB_768,980|_16GB_21,188원/1GB_339,000|_8GB_20,736원/1GB_165,890","64GB_20,587원/1GB_1,317,590|32GB_24,031원/1GB_768,980|_16GB_21,188원/1GB_339,000|_8GB_20,736원/1GB_165,890","64GB_20,587원/1GB_1,317,590|32GB_24,031원/1GB_768,980|_16GB_21,188원/1GB_339,000|_8GB_20,749원/1GB_165,990","64GB_20,587원/1GB_1,317,590|32GB_24,031원/1GB_768,980|_16GB_21,188원/1GB_339,000|_8GB_20,749원/1GB_165,990"
123133849,마이크론 Crucial DDR5-5600 CL46 중고,"_32GB_19,063원/1GB_610,000|_16GB_20,180원/1GB_322,880","_32GB_19,063원/1GB_610,000|_16GB_20,179원/1GB_322,870","_32GB_19,063원/1GB_610,000|_16GB_20,179원/1GB_322,870","_32GB_19,063원/1GB_610,000|_16GB_20,179원/1GB_322,870","_32GB_19,063원/1GB_610,000|_16GB_20,179원/1GB_322,870","_32GB_19,063원/1GB_610,000|_16GB_20,179원/1GB_322,870","_32GB_19,063원/1GB_610,000|_16GB_20,179원/1GB_322,860","_32GB_19,063원/1GB_610,000|_16GB_20,179원/1GB_322,850","_32GB_19,063원/1GB_610,000|_16GB_20,178원/1GB_322,850","_32GB_19,063원/1GB_610,000|_16GB_20,178원/1GB_322,850","_32GB_19,063원/1GB_610,000|_16GB_19,206원/1GB_307,300","_32GB_19,063원/1GB_610,000|_16GB_19,203원/1GB_307,250","_32GB_19,063원/1GB_610,000|_16GB_19,199원/1GB_307,190","_32GB_25,114원/1GB_803,660|_16GB_19,198원/1GB_307,160","_32GB_25,114원/1GB_803,660|_16GB_19,193원/1GB_307,080","_32GB_25,114원/1GB_803,660|_16GB_19,190원/1GB_307,040"
93806003,마이크론 Crucial DDR5-5600 CL46 패키지 대원씨티에스,"128GB(64Gx2)_24,637원/1GB_3,153,500","128GB(64Gx2)_24,637원/1GB_3,153,500","128GB(64Gx2)_24,637원/1GB_3,153,500","128GB(64Gx2)_24,637원/1GB_3,153,500","128GB(64Gx2)_24,637원/1GB_3,153,500","128GB(64Gx2)_24,637원/1GB_3,153,500","128GB(64Gx2)_24,637원/1GB_3,153,500","128GB(64Gx2)_24,637원/1GB_3,153,500","128GB(64Gx2)_25,184원/1GB_3,223,570","128GB(64Gx2)_25,184원/1GB_3,223,570","128GB(64Gx2)_25,106원/1GB_3,213,580","128GB(64Gx2)_25,067원/1GB_3,208,570","128GB(64Gx2)_25,551원/1GB_3,270,500","128GB(64Gx2)_25,458원/1GB_3,258,620","128GB(64Gx2)_25,458원/1GB_3,258,620","128GB(64Gx2)_25,458원/1GB_3,258,620"
91040711,마이크론 Crucial DDR5-5600 CL46 패키지 아스크텍,"64GB(32Gx2)_22,215원/1GB_1,421,750","64GB(32Gx2)_22,215원/1GB_1,421,750","64GB(32Gx2)_22,215원/1GB_1,421,750","64GB(32Gx2)_22,215원/1GB_1,421,750","64GB(32Gx2)_22,215원/1GB_1,421,750","64GB(32Gx2)_22,215원/1GB_1,421,750","64GB(32Gx2)_22,215원/1GB_1,421,750","64GB(32Gx2)_22,215원/1GB_1,421,750","64GB(32Gx2)_22,215원/1GB_1,421,750","64GB(32Gx2)_22,215원/1GB_1,421,750","64GB(32Gx2)_22,215원/1GB_1,421,750","64GB(32Gx2)_22,181원/1GB_1,419,600","64GB(32Gx2)_22,215원/1GB_1,421,750","64GB(32Gx2)_22,215원/1GB_1,421,750","64GB(32Gx2)_22,215원/1GB_1,421,750","64GB(32Gx2)_22,215원/1GB_1,421,750"
54100055,마이크론 Crucial DDR5-6000 CL36 PRO Overclocking White 패키지 대원씨티에스,"32GB(16Gx2)_20,078원/1GB_642,500","32GB(16Gx2)_20,000원/1GB_640,000","32GB(16Gx2)_19,922원/1GB_637,500","32GB(16Gx2)_20,313원/1GB_650,000","32GB(16Gx2)_20,313원/1GB_650,000","32GB(16Gx2)_20,234원/1GB_647,500","32GB(16Gx2)_20,234원/1GB_647,500","32GB(16Gx2)_20,234원/1GB_647,500","32GB(16Gx2)_20,156원/1GB_645,000","32GB(16Gx2)_20,156원/1GB_645,000","32GB(16Gx2)_20,000원/1GB_640,000","32GB(16Gx2)_20,313원/1GB_650,000","32GB(16Gx2)_20,000원/1GB_640,000","32GB(16Gx2)_20,313원/1GB_650,000","32GB(16Gx2)_20,313원/1GB_650,000","32GB(16Gx2)_20,234원/1GB_647,500"
54214406,마이크론 Crucial DDR5-6000 CL36 PRO Overclocking White 패키지 아스크텍,"32GB(16Gx2)_23,750원/1GB_760,000","32GB(16Gx2)_23,750원/1GB_760,000","32GB(16Gx2)_23,750원/1GB_760,000","32GB(16Gx2)_23,750원/1GB_760,000","32GB(16Gx2)_23,750원/1GB_760,000",0,0,0,"32GB(16Gx2)_23,750원/1GB_760,000","32GB(16Gx2)_23,750원/1GB_760,000","32GB(16Gx2)_23,750원/1GB_760,000","32GB(16Gx2)_23,750원/1GB_760,000","32GB(16Gx2)_23,750원/1GB_760,000","32GB(16Gx2)_23,750원/1GB_760,000","32GB(16Gx2)_23,750원/1GB_760,000","32GB(16Gx2)_23,750원/1GB_760,000"
39102770,마이크론 Crucial DDR5-6000 CL36 PRO Overclocking 패키지 대원씨티에스,"32GB(16Gx2)_21,568원/1GB_690,180","32GB(16Gx2)_21,568원/1GB_690,180","32GB(16Gx2)_21,568원/1GB_690,180","32GB(16Gx2)_21,568원/1GB_690,180","32GB(16Gx2)_21,568원/1GB_690,180","32GB(16Gx2)_21,568원/1GB_690,180","32GB(16Gx2)_21,568원/1GB_690,180","32GB(16Gx2)_21,568원/1GB_690,180","32GB(16Gx2)_22,663원/1GB_725,200","32GB(16Gx2)_22,843원/1GB_725,190","32GB(16Gx2)_22,843원/1GB_730,960","32GB(16Gx2)_22,843원/1GB_730,960","32GB(16Gx2)_22,843원/1GB_730,960","32GB(16Gx2)_22,843원/1GB_730,960","32GB(16Gx2)_22,843원/1GB_730,960","32GB(16Gx2)_22,843원/1GB_730,960"
28480007,마이크론 Crucial DDR5-6000 CL48 PRO 패키지 대원씨티에스,"_48GB(24Gx2)_20,833원/1GB_1,000,000|_32GB(16Gx2)_31,250원/1GB_1,000,000","_48GB(24Gx2)_20,833원/1GB_1,000,000|_32GB(16Gx2)_31,250원/1GB_1,000,000","_48GB(24Gx2)_20,833원/1GB_1,000,000|_32GB(16Gx2)_31,250원/1GB_1,000,000","_48GB(24Gx2)_20,833원/1GB_1,000,000|_32GB(16Gx2)_31,250원/1GB_1,000,000","_48GB(24Gx2)_20,833원/1GB_1,000,000|_32GB(16Gx2)_31,250원/1GB_1,000,000","_48GB(24Gx2)_20,833원/1GB_1,000,000|_32GB(16Gx2)_31,250원/1GB_1,000,000","_48GB(24Gx2)_20,833원/1GB_1,000,000|_32GB(16Gx2)_31,250원/1GB_1,000,000","_48GB(24Gx2)_20,833원/1GB_1,000,000|_32GB(16Gx2)_31,250원/1GB_1,000,000","_48GB(24Gx2)_20,833원/1GB_1,000,000|_32GB(16Gx2)_31,250원/1GB_1,000,000","_48GB(24Gx2)_20,833원/1GB_1,000,000|_32GB(16Gx2)_31,250원/1GB_1,000,000","_48GB(24Gx2)_20,833원/1GB_1,000,000|_32GB(16Gx2)_31,250원/1GB_1,000,000","_48GB(24Gx2)_20,833원/1GB_1,000,000|_32GB(16Gx2)_31,250원/1GB_1,000,000","_48GB(24Gx2)_20,833원/1GB_1,000,000|_32GB(16Gx2)_31,250원/1GB_1,000,000","_48GB(24Gx2)_20,833원/1GB_1,000,000|_32GB(16Gx2)_31,250원/1GB_1,000,000","_48GB(24Gx2)_20,833원/1GB_1,000,000|_32GB(16Gx2)_31,250원/1GB_1,000,000","_48GB(24Gx2)_20,833원/1GB_1,000,000|_32GB(16Gx2)_31,250원/1GB_1,000,000"
100273628,마이크론 Crucial DDR5-6400 CL32 PRO Overclocking White 패키지 대원씨티에스,"32GB(16Gx2)_21,830원/1GB_698,560","32GB(16Gx2)_21,829원/1GB_698,520","32GB(16Gx2)_21,829원/1GB_698,520","32GB(16Gx2)_21,829원/1GB_698,520","32GB(16Gx2)_21,826원/1GB_698,420","32GB(16Gx2)_21,825원/1GB_698,400","32GB(16Gx2)_21,822원/1GB_698,300","32GB(16Gx2)_21,821원/1GB_698,280","32GB(16Gx2)_21,818원/1GB_698,180","32GB(16Gx2)_23,129원/1GB_740,130","32GB(16Gx2)_23,350원/1GB_747,190","32GB(16Gx2)_23,350원/1GB_747,190","32GB(16Gx2)_23,350원/1GB_747,190","32GB(16Gx2)_23,350원/1GB_747,190","32GB(16Gx2)_23,350원/1GB_747,190","32GB(16Gx2)_23,350원/1GB_747,190"
99553838,마이크론 Crucial DDR5-6400 CL32 PRO Overclocking White 패키지 아스크텍,"32GB(16Gx2)_21,715원/1GB_694,880","32GB(16Gx2)_21,715원/1GB_694,880","32GB(16Gx2)_21,715원/1GB_694,880","32GB(16Gx2)_21,715원/1GB_694,880","32GB(16Gx2)_21,715원/1GB_694,880","32GB(16Gx2)_21,715원/1GB_694,880","32GB(16Gx2)_21,715원/1GB_694,880","32GB(16Gx2)_21,715원/1GB_694,880","32GB(16Gx2)_21,715원/1GB_694,880","32GB(16Gx2)_21,715원/1GB_694,880","32GB(16Gx2)_21,715원/1GB_694,880","32GB(16Gx2)_21,715원/1GB_694,880","32GB(16Gx2)_21,715원/1GB_694,880","32GB(16Gx2)_21,715원/1GB_694,880","32GB(16Gx2)_21,715원/1GB_694,880","32GB(16Gx2)_21,715원/1GB_694,880"
100273607,마이크론 Crucial DDR5-6400 CL32 PRO Overclocking 패키지 대원씨티에스,"32GB(16Gx2)_21,433원/1GB_685,870","32GB(16Gx2)_21,433원/1GB_685,850","32GB(16Gx2)_21,430원/1GB_685,760","32GB(16Gx2)_21,429원/1GB_685,730","32GB(16Gx2)_21,426원/1GB_685,640","32GB(16Gx2)_21,426원/1GB_685,620","32GB(16Gx2)_21,426원/1GB_685,620","32GB(16Gx2)_21,426원/1GB_685,620","32GB(16Gx2)_21,513원/1GB_688,430","32GB(16Gx2)_22,377원/1GB_716,060","32GB(16Gx2)_22,377원/1GB_716,060","32GB(16Gx2)_22,438원/1GB_718,000","32GB(16Gx2)_22,438원/1GB_718,000","32GB(16Gx2)_22,438원/1GB_718,000","32GB(16Gx2)_22,438원/1GB_718,000","32GB(16Gx2)_22,438원/1GB_718,000"
99553832,마이크론 Crucial DDR5-6400 CL32 PRO Overclocking 패키지 아스크텍,"32GB(16Gx2)_22,072원/1GB_706,290","32GB(16Gx2)_22,072원/1GB_706,290","32GB(16Gx2)_22,375원/1GB_715,990","32GB(16Gx2)_22,375원/1GB_715,990","32GB(16Gx2)_22,359원/1GB_715,490","32GB(16Gx2)_22,359원/1GB_715,490","32GB(16Gx2)_22,359원/1GB_715,490","32GB(16Gx2)_22,359원/1GB_715,490","32GB(16Gx2)_22,359원/1GB_715,490","32GB(16Gx2)_22,359원/1GB_715,490","32GB(16Gx2)_22,359원/1GB_715,490","32GB(16Gx2)_22,359원/1GB_715,490","32GB(16Gx2)_22,359원/1GB_715,490","32GB(16Gx2)_22,359원/1GB_715,490","32GB(16Gx2)_22,359원/1GB_715,490","32GB(16Gx2)_22,359원/1GB_715,490"
71158334,마이크론 Crucial DDR5-6400 CL38 PRO Overclocking White 패키지 대원씨티에스,"32GB(16Gx2)_22,256원/1GB_712,190","32GB(16Gx2)_22,256원/1GB_712,190","32GB(16Gx2)_22,256원/1GB_712,190","32GB(16Gx2)_22,256원/1GB_712,190","32GB(16Gx2)_22,256원/1GB_712,190","32GB(16Gx2)_22,256원/1GB_712,190","32GB(16Gx2)_22,256원/1GB_712,190","32GB(16Gx2)_22,256원/1GB_712,190","32GB(16Gx2)_22,341원/1GB_714,910","32GB(16Gx2)_22,344원/1GB_715,000","32GB(16Gx2)_22,344원/1GB_715,000","32GB(16Gx2)_22,344원/1GB_715,000","32GB(16Gx2)_22,344원/1GB_715,000","32GB(16Gx2)_22,344원/1GB_715,000","32GB(16Gx2)_22,344원/1GB_715,000","32GB(16Gx2)_22,344원/1GB_715,000"
99749609,마이크론 Crucial DDR5-6400 CL38 PRO Overclocking 대원씨티에스,"16GB_21,881원/1GB_350,090","16GB_21,878원/1GB_350,050","16GB_21,878원/1GB_350,050","16GB_21,878원/1GB_350,050","16GB_21,872원/1GB_349,950","16GB_21,871원/1GB_349,940","16GB_22,137원/1GB_354,190","16GB_22,137원/1GB_354,190","16GB_22,137원/1GB_354,190","16GB_21,949원/1GB_351,190","16GB_22,378원/1GB_358,040","16GB_22,003원/1GB_352,040","16GB_22,190원/1GB_355,040","16GB_22,378원/1GB_358,040","16GB_22,378원/1GB_358,040","16GB_22,378원/1GB_358,040"
71061959,마이크론 Crucial DDR5-6400 CL38 PRO Overclocking 패키지 대원씨티에스,"32GB(16Gx2)_20,903원/1GB_668,900","32GB(16Gx2)_20,903원/1GB_668,900","32GB(16Gx2)_20,903원/1GB_668,900","32GB(16Gx2)_20,903원/1GB_668,900","32GB(16Gx2)_20,750원/1GB_664,000","32GB(16Gx2)_20,750원/1GB_664,000","32GB(16Gx2)_20,750원/1GB_664,000","32GB(16Gx2)_20,750원/1GB_664,000","32GB(16Gx2)_20,750원/1GB_664,000","32GB(16Gx2)_20,750원/1GB_664,000","32GB(16Gx2)_20,750원/1GB_664,000","32GB(16Gx2)_21,081원/1GB_674,600","32GB(16Gx2)_20,750원/1GB_664,000","32GB(16Gx2)_20,750원/1GB_664,000","32GB(16Gx2)_20,750원/1GB_664,000","32GB(16Gx2)_20,750원/1GB_664,000"
69566999,마이크론 Crucial DDR5-6400 CL38 PRO Overclocking 패키지 아스크텍,"32GB(16Gx2)_21,674원/1GB_693,570","32GB(16Gx2)_21,674원/1GB_693,570","32GB(16Gx2)_21,674원/1GB_693,570","32GB(16Gx2)_21,674원/1GB_693,570","32GB(16Gx2)_21,674원/1GB_693,570","32GB(16Gx2)_21,674원/1GB_693,570","32GB(16Gx2)_21,674원/1GB_693,570","32GB(16Gx2)_21,674원/1GB_693,570","32GB(16Gx2)_21,674원/1GB_693,570","32GB(16Gx2)_21,674원/1GB_693,570","32GB(16Gx2)_21,674원/1GB_693,570","32GB(16Gx2)_21,674원/1GB_693,570","32GB(16Gx2)_21,674원/1GB_693,570","32GB(16Gx2)_21,674원/1GB_693,570","32GB(16Gx2)_21,674원/1GB_693,570","32GB(16Gx2)_21,674원/1GB_693,570"
76331027,마이크론 Crucial DDR5-6400 CL40 PRO OC Gaming Edition White 대원씨티에스,"32GB_23,763원/1GB_760,410","32GB_23,763원/1GB_760,410","32GB_23,763원/1GB_760,410","32GB_23,763원/1GB_760,410","32GB_23,763원/1GB_760,410","32GB_23,763원/1GB_760,410","32GB_23,763원/1GB_760,410","32GB_23,763원/1GB_760,410","32GB_23,763원/1GB_760,410","32GB_23,763원/1GB_760,410","32GB_23,763원/1GB_760,410","32GB_23,763원/1GB_760,410","32GB_23,763원/1GB_760,410","32GB_23,763원/1GB_760,410","32GB_23,763원/1GB_760,410","32GB_23,763원/1GB_760,410"
76330991,마이크론 Crucial DDR5-6400 CL40 PRO OC Gaming Edition 대원씨티에스,"32GB_24,423원/1GB_781,540","32GB_24,423원/1GB_781,540","32GB_24,423원/1GB_781,540","32GB_24,423원/1GB_781,540","32GB_24,423원/1GB_781,540","32GB_24,423원/1GB_781,540","32GB_24,423원/1GB_781,540","32GB_24,423원/1GB_781,540",0,0,0,0,0,0,0,0
77791211,마이크론 Crucial DDR5-6400 CL52 CUDIMM 대원씨티에스,"_64GB_24,873원/1GB_1,591,880|32GB_20,803원/1GB_665,700|_16GB_22,149원/1GB_354,380","_64GB_24,873원/1GB_1,591,850|32GB_20,803원/1GB_665,700|_16GB_22,146원/1GB_354,340","_64GB_24,873원/1GB_1,591,850|_32GB_20,803원/1GB_665,700|16GB_22,146원/1GB_354,340","_64GB_24,873원/1GB_1,591,850|_32GB_20,803원/1GB_665,700|16GB_22,146원/1GB_354,340","_64GB_24,871원/1GB_1,591,750|_32GB_20,803원/1GB_665,700|16GB_22,140원/1GB_354,230","_64GB_24,871원/1GB_1,591,740|_32GB_20,803원/1GB_665,700|16GB_22,139원/1GB_354,230","_64GB_24,871원/1GB_1,591,740|_32GB_20,803원/1GB_665,700|16GB_22,196원/1GB_355,130","_64GB_24,871원/1GB_1,591,740|_32GB_20,803원/1GB_665,700|16GB_22,196원/1GB_355,130","_64GB_25,149원/1GB_1,609,560|_32GB_20,803원/1GB_665,700|16GB_22,196원/1GB_355,130","_64GB_25,230원/1GB_1,614,730|_32GB_20,803원/1GB_665,700|16GB_22,196원/1GB_355,130","_64GB_25,230원/1GB_1,614,700|_32GB_21,134원/1GB_676,300|16GB_22,196원/1GB_355,130","_64GB_25,230원/1GB_1,614,700|_32GB_21,134원/1GB_676,300|16GB_22,437원/1GB_358,990","_64GB_25,621원/1GB_1,639,770|_32GB_21,134원/1GB_676,300|16GB_22,437원/1GB_358,990","_64GB_25,621원/1GB_1,639,730|_32GB_21,134원/1GB_676,300|16GB_22,437원/1GB_358,990","_64GB_25,621원/1GB_1,639,730|_32GB_21,134원/1GB_676,300|16GB_22,249원/1GB_355,990","_64GB_25,621원/1GB_1,639,730|_32GB_21,134원/1GB_676,300|16GB_22,437원/1GB_358,990"
76946702,마이크론 Crucial DDR5-6400 CL52 CUDIMM 아스크텍,"_32GB_20,028원/1GB_640,880|_16GB_21,833원/1GB_349,320","_32GB_20,028원/1GB_640,880|_16GB_21,833원/1GB_349,320","_32GB_20,028원/1GB_640,880|_16GB_21,833원/1GB_349,320","_32GB_20,028원/1GB_640,880|_16GB_21,833원/1GB_349,320","_32GB_20,028원/1GB_640,880|_16GB_21,833원/1GB_349,320","_32GB_20,028원/1GB_640,880|_16GB_21,833원/1GB_349,320","_32GB_20,028원/1GB_640,880|_16GB_21,833원/1GB_349,320","_32GB_20,028원/1GB_640,880|_16GB_21,833원/1GB_349,320","_32GB_20,028원/1GB_640,880|_16GB_21,833원/1GB_349,320","_32GB_20,028원/1GB_640,880|_16GB_21,833원/1GB_349,320","_32GB_20,028원/1GB_640,880|_16GB_21,833원/1GB_349,320","_32GB_20,028원/1GB_640,880|_16GB_21,833원/1GB_349,320","_32GB_20,028원/1GB_640,880|_16GB_21,833원/1GB_349,320","_32GB_20,028원/1GB_640,880|_16GB_21,833원/1GB_349,320","_32GB_20,028원/1GB_640,880|_16GB_21,833원/1GB_349,320","_32GB_20,028원/1GB_640,880|_16GB_21,833원/1GB_349,320"
99749612,마이크론 Crucial DDR5-6400 CL52 CUDIMM 패키지 대원씨티에스,"32GB(16Gx2)_19,903원/1GB_636,900","32GB(16Gx2)_19,903원/1GB_636,900","32GB(16Gx2)_19,903원/1GB_636,900","32GB(16Gx2)_19,903원/1GB_636,900","32GB(16Gx2)_19,903원/1GB_636,900","32GB(16Gx2)_19,903원/1GB_636,900","32GB(16Gx2)_19,903원/1GB_636,900","32GB(16Gx2)_19,903원/1GB_636,900","32GB(16Gx2)_20,187원/1GB_645,980","32GB(16Gx2)_20,187원/1GB_645,980","_128GB(64Gx2)_23,359원/1GB_2,990,000|_32GB(16Gx2)_20,187원/1GB_645,990","_128GB(64Gx2)_23,359원/1GB_2,990,000|_32GB(16Gx2)_20,187원/1GB_645,990","_128GB(64Gx2)_23,359원/1GB_2,990,000|_32GB(16Gx2)_20,187원/1GB_645,990","_128GB(64Gx2)_25,781원/1GB_3,299,990|_32GB(16Gx2)_20,187원/1GB_645,990","_128GB(64Gx2)_25,781원/1GB_3,299,920|_32GB(16Gx2)_20,187원/1GB_645,990","_128GB(64Gx2)_25,780원/1GB_3,299,880|_32GB(16Gx2)_20,187원/1GB_645,990"
122930960,마이크론 Crucial 노트북 DDR4-2666 중고,"4GB_8,975원/1GB_35,900","4GB_8,975원/1GB_35,900","4GB_8,975원/1GB_35,900","4GB_8,975원/1GB_35,900","4GB_8,975원/1GB_35,900","4GB_8,975원/1GB_35,900","4GB_8,975원/1GB_35,900","4GB_8,975원/1GB_35,900","4GB_8,975원/1GB_35,900","4GB_8,975원/1GB_35,900","4GB_8,975원/1GB_35,900","4GB_8,975원/1GB_35,900","4GB_8,975원/1GB_35,900","4GB_8,975원/1GB_35,900","4GB_8,975원/1GB_35,900","4GB_8,975원/1GB_35,900"
16343636,마이크론 Crucial 노트북 DDR4-3200 CL22,"_32GB_13,062원/1GB_417,990|_16GB_9,499원/1GB_151,980","_32GB_13,062원/1GB_417,990|_16GB_9,499원/1GB_151,980","_32GB_13,062원/1GB_417,990|_16GB_9,499원/1GB_151,980","_32GB_13,062원/1GB_417,990|_16GB_9,499원/1GB_151,980","_32GB_13,062원/1GB_417,990|_16GB_9,499원/1GB_151,980","_32GB_13,062원/1GB_417,990|_16GB_9,499원/1GB_151,980","_32GB_13,062원/1GB_417,990|_16GB_9,499원/1GB_151,980","_32GB_13,062원/1GB_417,990|_16GB_9,499원/1GB_151,980","_32GB_13,062원/1GB_417,990|_16GB_9,499원/1GB_151,980","_32GB_13,062원/1GB_417,990|_16GB_9,499원/1GB_151,980","_32GB_13,062원/1GB_417,990|_16GB_9,499원/1GB_151,980","_32GB_13,062원/1GB_417,990|_16GB_9,499원/1GB_151,980","_32GB_13,062원/1GB_417,990|_16GB_9,499원/1GB_151,980","_32GB_13,062원/1GB_417,990|_16GB_9,499원/1GB_151,980","_32GB_13,062원/1GB_417,990|_16GB_9,499원/1GB_151,980","_32GB_13,062원/1GB_417,990|_16GB_9,499원/1GB_151,980"
74884730,마이크론 Crucial 노트북 DDR4-3200 CL22 대원씨티에스,"_32GB_9,678원/1GB_309,680|_16GB_9,938원/1GB_159,000|8GB_15,375원/1GB_123,000","_32GB_9,678원/1GB_309,680|_16GB_9,938원/1GB_159,000|8GB_15,375원/1GB_123,000","_32GB_9,678원/1GB_309,680|_16GB_9,937원/1GB_158,990|8GB_15,375원/1GB_123,000","_32GB_9,678원/1GB_309,680|_16GB_9,937원/1GB_158,990|8GB_15,375원/1GB_123,000","_32GB_9,677원/1GB_309,670|_16GB_9,937원/1GB_158,990|8GB_15,375원/1GB_123,000","_32GB_9,677원/1GB_309,670|_16GB_9,937원/1GB_158,990|8GB_15,375원/1GB_123,000",0,0,0,0,0,0,0,0,0,0
54218168,마이크론 Crucial 노트북 DDR4-3200 CL22 대원씨티에스,0,0,0,0,0,0,"_32GB_9,677원/1GB_309,670|_16GB_9,936원/1GB_158,980|8GB_15,375원/1GB_123,000","_32GB_9,677원/1GB_309,670|_16GB_9,936원/1GB_158,980|8GB_15,375원/1GB_123,000","_32GB_9,677원/1GB_309,660|_16GB_9,936원/1GB_158,980|8GB_15,375원/1GB_123,000","_32GB_9,677원/1GB_309,660|_16GB_9,936원/1GB_158,980|8GB_15,375원/1GB_123,000","_32GB_9,677원/1GB_309,660|_16GB_9,936원/1GB_158,970|8GB_15,375원/1GB_123,000","_32GB_9,677원/1GB_309,650|_16GB_9,936원/1GB_158,970|8GB_15,375원/1GB_123,000","_32GB_9,677원/1GB_309,650|_16GB_9,936원/1GB_158,970|8GB_15,375원/1GB_123,000","_32GB_9,677원/1GB_309,650|_16GB_9,936원/1GB_158,970|8GB_15,375원/1GB_123,000","_32GB_9,677원/1GB_309,650|_16GB_9,935원/1GB_158,960|8GB_15,375원/1GB_123,000","_32GB_9,677원/1GB_309,650|_16GB_9,935원/1GB_158,960|8GB_15,375원/1GB_123,000"
16524281,마이크론 Crucial 노트북 DDR4-3200 CL22 중고,"4GB_7,375원/1GB_29,500","4GB_7,375원/1GB_29,500","4GB_7,375원/1GB_29,500","4GB_7,375원/1GB_29,500","4GB_7,375원/1GB_29,500","4GB_7,375원/1GB_29,500","4GB_7,375원/1GB_29,500","4GB_7,375원/1GB_29,500","4GB_7,375원/1GB_29,500","4GB_7,375원/1GB_29,500","4GB_7,375원/1GB_29,500","4GB_7,375원/1GB_29,500","4GB_7,375원/1GB_29,500","4GB_7,375원/1GB_29,500","4GB_7,375원/1GB_29,500","4GB_7,375원/1GB_29,500"
17292047,마이크론 Crucial 노트북 DDR4-3200 CL22 해외구매,"_16GB(8Gx2)_9,420원/1GB_150,720|_8GB_17,303원/1GB_138,420","_16GB(8Gx2)_9,420원/1GB_150,720|_8GB_17,303원/1GB_138,420","_16GB(8Gx2)_9,420원/1GB_150,720|_8GB_17,303원/1GB_138,420","_16GB(8Gx2)_9,420원/1GB_150,720|_8GB_17,303원/1GB_138,420",0,0,0,0,"_16GB(8Gx2)_9,420원/1GB_150,720|_8GB_17,303원/1GB_138,420","_16GB(8Gx2)_9,420원/1GB_150,720|_8GB_17,303원/1GB_138,420",0,"_16GB(8Gx2)_9,616원/1GB_153,860|_8GB_17,303원/1GB_138,420","_16GB(8Gx2)_9,616원/1GB_153,860|_8GB_17,303원/1GB_138,420",0,0,0
106748657,마이크론 Crucial 노트북 DDR4-3200 CL22 해외구매,0,0,0,0,"_16GB(8Gx2)_9,420원/1GB_150,720|_8GB_17,303원/1GB_138,420","_16GB(8Gx2)_9,420원/1GB_150,720|_8GB_17,303원/1GB_138,420","_16GB(8Gx2)_9,420원/1GB_150,720|_8GB_17,303원/1GB_138,420","_16GB(8Gx2)_9,420원/1GB_150,720|_8GB_17,303원/1GB_138,420","_16GB(8Gx2)_9,420원/1GB_150,720|_8GB_17,303원/1GB_138,420","_16GB(8Gx2)_9,420원/1GB_150,720|_8GB_17,303원/1GB_138,420","_16GB(8Gx2)_9,616원/1GB_153,860|_8GB_17,303원/1GB_138,420","_16GB(8Gx2)_9,616원/1GB_153,860|_8GB_17,303원/1GB_138,420","_16GB(8Gx2)_9,616원/1GB_153,860|_8GB_17,303원/1GB_138,420","_16GB(8Gx2)_9,616원/1GB_153,860|_8GB_17,303원/1GB_138,420","_16GB(8Gx2)_9,616원/1GB_153,860|_8GB_17,303원/1GB_138,420","_16GB(8Gx2)_9,616원/1GB_153,860|_8GB_17,303원/1GB_138,420"
17447072,마이크론 Crucial 노트북 DDR5-4800 CL40 중고,"8GB_18,000원/1GB_144,000","8GB_18,000원/1GB_144,000","8GB_18,000원/1GB_144,000","8GB_18,000원/1GB_144,000","8GB_18,000원/1GB_144,000","8GB_18,000원/1GB_144,000","8GB_18,000원/1GB_144,000","8GB_18,000원/1GB_144,000","8GB_18,000원/1GB_144,000","8GB_18,000원/1GB_144,000","8GB_18,000원/1GB_144,000","8GB_18,000원/1GB_144,000","8GB_18,000원/1GB_144,000","8GB_18,000원/1GB_144,000","8GB_18,000원/1GB_144,000","8GB_18,000원/1GB_144,000"
30268274,마이크론 Crucial 노트북 DDR5-5600 CL46,"_32GB_19,375원/1GB_620,000|_16GB_19,688원/1GB_315,000","_32GB_19,375원/1GB_620,000|_16GB_19,688원/1GB_315,000","_32GB_19,375원/1GB_620,000|_16GB_19,688원/1GB_315,000","_32GB_19,375원/1GB_620,000|_16GB_19,688원/1GB_315,000","_32GB_19,375원/1GB_620,000|_16GB_19,688원/1GB_315,000","_32GB_19,375원/1GB_620,000|_16GB_19,688원/1GB_315,000","_32GB_19,375원/1GB_620,000|_16GB_20,500원/1GB_328,000","_32GB_19,375원/1GB_620,000|_16GB_20,500원/1GB_328,000",0,0,0,0,"_32GB_19,375원/1GB_620,000|_16GB_20,500원/1GB_328,000","_32GB_19,375원/1GB_620,000|_16GB_20,500원/1GB_328,000","_32GB_19,375원/1GB_620,000|_16GB_20,500원/1GB_328,000","_32GB_19,375원/1GB_620,000|_16GB_20,500원/1GB_328,000"
30268256,마이크론 Crucial 노트북 DDR5-5600 CL46,0,0,0,0,0,0,0,0,"_32GB_19,375원/1GB_620,000|_16GB_20,500원/1GB_328,000","_32GB_19,375원/1GB_620,000|_16GB_20,500원/1GB_328,000","_32GB_19,375원/1GB_620,000|_16GB_20,500원/1GB_328,000","_32GB_19,375원/1GB_620,000|_16GB_20,500원/1GB_328,000",0,0,0,0
54966680,마이크론 Crucial 노트북 DDR5-5600 CL46 대원씨티에스,"_32GB_28,381원/1GB_908,200|_16GB_22,188원/1GB_355,000|8GB_24,375원/1GB_195,000","_32GB_28,381원/1GB_908,200|_16GB_21,563원/1GB_345,000|8GB_24,375원/1GB_195,000","_32GB_28,381원/1GB_908,200|_16GB_21,563원/1GB_345,000|8GB_24,375원/1GB_195,000","_32GB_28,381원/1GB_908,200|_16GB_21,563원/1GB_345,000|8GB_24,375원/1GB_195,000","_32GB_28,381원/1GB_908,200|_16GB_21,563원/1GB_345,000|8GB_24,375원/1GB_195,000","_32GB_28,381원/1GB_908,200|_16GB_21,563원/1GB_345,000|8GB_24,375원/1GB_195,000","_32GB_28,381원/1GB_908,200|_16GB_21,563원/1GB_345,000|8GB_24,375원/1GB_195,000","_32GB_28,381원/1GB_908,200|_16GB_22,188원/1GB_355,000|8GB_24,375원/1GB_195,000","_32GB_28,381원/1GB_908,200|_16GB_22,188원/1GB_355,000|8GB_24,375원/1GB_195,000","_32GB_28,381원/1GB_908,200|_16GB_22,188원/1GB_355,000|8GB_24,375원/1GB_195,000","_32GB_28,381원/1GB_908,200|_16GB_22,188원/1GB_355,000|8GB_24,375원/1GB_195,000","_32GB_28,381원/1GB_908,200|_16GB_22,188원/1GB_355,000|8GB_24,375원/1GB_195,000","_32GB_28,381원/1GB_908,200|_16GB_21,125원/1GB_338,000|8GB_24,375원/1GB_195,000","_32GB_28,381원/1GB_908,200|_16GB_22,188원/1GB_355,000|8GB_24,375원/1GB_195,000","_32GB_28,381원/1GB_908,200|_16GB_22,188원/1GB_355,000|8GB_24,375원/1GB_195,000","_32GB_28,381원/1GB_908,200|_16GB_22,188원/1GB_355,000|8GB_24,375원/1GB_195,000"
18782588,마이크론 DDR4-2133 ECC/REG 중고,"16GB_8,675원/1GB_138,800","16GB_8,675원/1GB_138,800","16GB_8,675원/1GB_138,800","16GB_8,675원/1GB_138,800","16GB_8,675원/1GB_138,800","16GB_8,675원/1GB_138,800","16GB_8,675원/1GB_138,800","16GB_8,675원/1GB_138,800","16GB_8,675원/1GB_138,800","16GB_8,675원/1GB_138,800","16GB_8,675원/1GB_138,800","16GB_8,675원/1GB_138,800","16GB_8,675원/1GB_138,800","16GB_8,675원/1GB_138,800","16GB_8,675원/1GB_138,800","16GB_8,675원/1GB_138,800"
17443334,마이크론 DDR4-2400 중고,"8GB_9,500원/1GB_76,000","8GB_9,500원/1GB_76,000","8GB_9,500원/1GB_76,000","8GB_9,500원/1GB_76,000","8GB_9,500원/1GB_76,000","8GB_9,500원/1GB_76,000","8GB_9,500원/1GB_76,000","8GB_9,500원/1GB_76,000","8GB_9,500원/1GB_76,000","8GB_9,500원/1GB_76,000","8GB_9,500원/1GB_76,000","8GB_9,500원/1GB_76,000","8GB_9,500원/1GB_76,000","8GB_9,500원/1GB_76,000","8GB_9,500원/1GB_76,000","8GB_9,500원/1GB_76,000"
71502218,마이크론 노트북 DDR5-5600 중고,"8GB_20,031원/1GB_160,250","8GB_20,028원/1GB_160,220","8GB_20,018원/1GB_160,140","8GB_20,013원/1GB_160,100","8GB_20,013원/1GB_160,100","8GB_20,014원/1GB_160,110","8GB_20,013원/1GB_160,100","8GB_20,013원/1GB_160,100","8GB_20,011원/1GB_160,090","8GB_20,011원/1GB_160,090","8GB_20,011원/1GB_160,090","8GB_20,010원/1GB_160,080","8GB_20,010원/1GB_160,080","8GB_20,010원/1GB_160,080","8GB_20,010원/1GB_160,080","8GB_20,010원/1GB_160,080"
65303801,비즈텍 TREAVE DDR4-2666 CL19,"_16GB_8,284원/1GB_132,550|_8GB_9,256원/1GB_74,050","_16GB_8,284원/1GB_132,550|_8GB_9,256원/1GB_74,050","_16GB_8,283원/1GB_132,530|_8GB_9,254원/1GB_74,030","_16GB_7,909원/1GB_126,550|_8GB_8,588원/1GB_68,706","_16GB_8,283원/1GB_132,530|_8GB_9,078원/1GB_72,621","_16GB_8,283원/1GB_132,530|_8GB_9,078원/1GB_72,621","_16GB_8,283원/1GB_132,530|_8GB_9,078원/1GB_72,621","_16GB_8,283원/1GB_132,530|_8GB_9,078원/1GB_72,621","_16GB_8,282원/1GB_132,510|_8GB_9,078원/1GB_72,621","_16GB_8,282원/1GB_132,510|_8GB_9,078원/1GB_72,621","_16GB_8,281원/1GB_132,490|_8GB_9,078원/1GB_72,621","_16GB_8,281원/1GB_132,490|_8GB_9,078원/1GB_72,621",0,0,0,0
65303783,비즈텍 TREAVE DDR4-2666 CL19,0,0,0,0,0,0,0,0,0,0,0,0,"_16GB_8,279원/1GB_132,470|_8GB_9,078원/1GB_72,621","_16GB_8,279원/1GB_132,470|_8GB_9,078원/1GB_72,621","_16GB_8,279원/1GB_132,470|_8GB_9,078원/1GB_72,621","_16GB_8,279원/1GB_132,470|_8GB_9,078원/1GB_72,621"
65303720,비즈텍 TREAVE DDR4-3200 CL22,"32GB_10,466원/1GB_334,920|_16GB_8,541원/1GB_136,660|_8GB_9,586원/1GB_76,690","32GB_10,466원/1GB_334,910|_16GB_8,541원/1GB_136,650|_8GB_9,586원/1GB_76,690","_32GB_10,466원/1GB_334,910|_16GB_8,541원/1GB_136,650|8GB_9,584원/1GB_76,670","_32GB_10,466원/1GB_334,910|_16GB_8,246원/1GB_131,930|8GB_8,891원/1GB_71,127","_32GB_10,463원/1GB_334,820|_16GB_8,364원/1GB_136,560|8GB_9,397원/1GB_75,177","_32GB_10,463원/1GB_334,820|_16GB_8,364원/1GB_133,820|8GB_9,397원/1GB_75,177",0,0,"32GB_10,466원/1GB_334,900|_16GB_8,541원/1GB_136,660|_8GB_9,397원/1GB_75,177","32GB_10,466원/1GB_334,900|_16GB_8,541원/1GB_136,660|_8GB_9,397원/1GB_75,177",0,0,0,0,0,0
64379600,비즈텍 TREAVE DDR4-3200 CL22,0,0,0,0,0,0,"32GB_10,466원/1GB_334,920|_16GB_8,541원/1GB_136,660|_8GB_9,397원/1GB_75,177","32GB_10,466원/1GB_334,920|_16GB_8,541원/1GB_136,660|_8GB_9,397원/1GB_75,177",0,0,"32GB_10,465원/1GB_334,880|_16GB_8,541원/1GB_136,660|_8GB_9,397원/1GB_75,177","32GB_10,465원/1GB_334,880|_16GB_8,541원/1GB_136,660|_8GB_9,397원/1GB_75,177","32GB_10,688원/1GB_342,000|_16GB_8,541원/1GB_136,660|_8GB_9,397원/1GB_75,177","32GB_10,688원/1GB_342,000|_16GB_8,541원/1GB_136,660|_8GB_9,397원/1GB_75,177","32GB_10,687원/1GB_341,990|_16GB_8,541원/1GB_136,660|_8GB_9,397원/1GB_75,177","32GB_10,687원/1GB_341,990|_16GB_8,541원/1GB_136,660|_8GB_9,397원/1GB_75,177"
64379654,비즈텍 TREAVE DDR5-5600 CL46,"_32GB_18,611원/1GB_595,560|_16GB_19,273원/1GB_308,360","_32GB_18,611원/1GB_595,560|_16GB_19,273원/1GB_308,360","_32GB_18,611원/1GB_595,540|_16GB_19,273원/1GB_308,360","_32GB_18,611원/1GB_595,540|_16GB_19,273원/1GB_308,360","_32GB_18,611원/1GB_595,540|_16GB_19,273원/1GB_308,360","_32GB_18,611원/1GB_595,540|_16GB_19,273원/1GB_308,360","_32GB_18,611원/1GB_595,540|_16GB_19,273원/1GB_308,360","_32GB_18,611원/1GB_595,540|_16GB_19,273원/1GB_308,360","_32GB_18,610원/1GB_595,520|_16GB_19,273원/1GB_308,360","_32GB_18,610원/1GB_595,520|_16GB_19,273원/1GB_308,360","_32GB_18,609원/1GB_595,500|_16GB_19,273원/1GB_308,360","_32GB_18,609원/1GB_595,500|_16GB_19,273원/1GB_308,360","_32GB_18,609원/1GB_595,480|_16GB_19,273원/1GB_308,360","_32GB_18,609원/1GB_595,480|_16GB_19,273원/1GB_308,360","_32GB_18,609원/1GB_595,480|_16GB_19,273원/1GB_308,360","_32GB_18,609원/1GB_595,480|_16GB_19,273원/1GB_308,360"
65303753,비즈텍 TREAVE 노트북 DDR4-2666 CL19,"_16GB_8,611원/1GB_137,780|_8GB_9,263원/1GB_74,100","_16GB_8,611원/1GB_137,780|_8GB_9,261원/1GB_74,090","_16GB_8,610원/1GB_137,760|_8GB_9,258원/1GB_74,060","_16GB_8,246원/1GB_131,930|_8GB_8,588원/1GB_68,706","_16GB_8,610원/1GB_137,760|_8GB_9,078원/1GB_72,621","_16GB_8,610원/1GB_137,760|_8GB_9,078원/1GB_72,621","_16GB_8,610원/1GB_137,760|_8GB_9,078원/1GB_72,621","_16GB_8,610원/1GB_137,760|_8GB_9,078원/1GB_72,621","_16GB_8,609원/1GB_137,740|_8GB_9,078원/1GB_72,621","_16GB_8,609원/1GB_137,740|_8GB_9,078원/1GB_72,621","_16GB_8,608원/1GB_137,720|_8GB_9,078원/1GB_72,621","_16GB_8,608원/1GB_137,720|_8GB_9,078원/1GB_72,621","_16GB_8,606원/1GB_137,700|_8GB_9,078원/1GB_72,621","_16GB_8,606원/1GB_137,700|_8GB_9,078원/1GB_72,621","_16GB_8,606원/1GB_137,700|_8GB_9,078원/1GB_72,621","_16GB_8,606원/1GB_137,700|_8GB_9,078원/1GB_72,621"
64379612,비즈텍 TREAVE 노트북 DDR4-3200 CL22,"32GB_12,197원/1GB_390,310|_16GB_8,889원/1GB_142,220|_8GB_9,538원/1GB_76,300","32GB_12,197원/1GB_390,310|_16GB_8,889원/1GB_142,220|_8GB_9,538원/1GB_76,300","32GB_12,197원/1GB_390,310|_16GB_8,889원/1GB_142,220|_8GB_9,538원/1GB_76,300","32GB_12,197원/1GB_390,310|_16GB_8,582원/1GB_137,310|_8GB_8,891원/1GB_71,127","32GB_12,197원/1GB_390,310|_16GB_8,889원/1GB_142,220|_8GB_9,397원/1GB_75,177","32GB_12,197원/1GB_390,310|_16GB_8,876원/1GB_142,020|_8GB_9,397원/1GB_75,177","32GB_12,197원/1GB_390,310|_16GB_8,889원/1GB_142,220|_8GB_9,397원/1GB_75,177","32GB_12,197원/1GB_390,310|_16GB_8,889원/1GB_142,220|_8GB_9,397원/1GB_75,177","32GB_12,197원/1GB_390,310|_16GB_8,889원/1GB_142,220|_8GB_9,397원/1GB_75,177","32GB_12,197원/1GB_390,310|_16GB_8,889원/1GB_142,220|_8GB_9,397원/1GB_75,177",0,0,0,0,0,0
65303678,비즈텍 TREAVE 노트북 DDR4-3200 CL22,0,0,0,0,0,0,0,0,0,0,"32GB_12,197원/1GB_390,310|_16GB_8,889원/1GB_142,220|_8GB_9,397원/1GB_75,177","32GB_12,197원/1GB_390,310|_16GB_8,889원/1GB_142,220|_8GB_9,397원/1GB_75,177","32GB_12,197원/1GB_390,310|_16GB_8,889원/1GB_142,220|_8GB_9,397원/1GB_75,177","32GB_12,197원/1GB_390,310|_16GB_8,889원/1GB_142,220|_8GB_9,397원/1GB_75,177","32GB_12,197원/1GB_390,310|_16GB_8,889원/1GB_142,220|_8GB_9,397원/1GB_75,177","32GB_12,197원/1GB_390,310|_16GB_8,889원/1GB_142,220|_8GB_9,397원/1GB_75,177"
64379729,비즈텍 TREAVE 노트북 DDR5-5600 CL46,"_32GB_19,101원/1GB_611,240|_16GB_21,923원/1GB_350,760","_32GB_19,101원/1GB_611,240|_16GB_21,923원/1GB_350,760","_32GB_19,101원/1GB_611,220|_16GB_21,923원/1GB_350,760","_32GB_19,101원/1GB_611,220|_16GB_21,923원/1GB_350,760","_32GB_19,101원/1GB_611,220|_16GB_21,923원/1GB_350,760","_32GB_19,101원/1GB_611,220|_16GB_21,923원/1GB_350,760","_32GB_19,101원/1GB_611,220|_16GB_21,923원/1GB_350,760","_32GB_19,101원/1GB_611,220|_16GB_21,923원/1GB_350,760","_32GB_19,100원/1GB_611,200|_16GB_21,923원/1GB_350,760","_32GB_19,100원/1GB_611,200|_16GB_21,923원/1GB_350,760","_32GB_19,099원/1GB_611,180|_16GB_21,923원/1GB_350,760","_32GB_19,099원/1GB_611,180|_16GB_21,923원/1GB_350,760","_32GB_19,099원/1GB_611,160|_16GB_21,923원/1GB_350,760","_32GB_19,099원/1GB_611,160|_16GB_21,923원/1GB_350,760","_32GB_19,099원/1GB_611,160|_16GB_21,923원/1GB_350,760","_32GB_19,099원/1GB_611,160|_16GB_21,923원/1GB_350,760"
105817931,비트엠 Newsync DDR5 PC5-5600 CL46,"16GB_22,424원/1GB_358,790","16GB_22,424원/1GB_358,790","16GB_18,313원/1GB_293,000","16GB_18,313원/1GB_293,000","16GB_18,313원/1GB_293,000","16GB_18,313원/1GB_293,000","16GB_18,313원/1GB_293,000","16GB_18,313원/1GB_293,000",0,0,0,0,0,0,0,0
114991150,삼성전자 DDR2 PC2-6400 CL6 (중고),"2GB_2,545원/1GB_5,090","2GB_2,545원/1GB_5,090","2GB_2,545원/1GB_5,090","2GB_2,545원/1GB_5,090","2GB_2,545원/1GB_5,090","2GB_2,545원/1GB_5,090","2GB_2,545원/1GB_5,090","2GB_2,545원/1GB_5,090","2GB_2,545원/1GB_5,090","2GB_2,545원/1GB_5,090","2GB_2,600원/1GB_5,200","2GB_2,600원/1GB_5,200","2GB_2,600원/1GB_5,200","2GB_2,600원/1GB_5,200","2GB_2,600원/1GB_5,200","2GB_2,600원/1GB_5,200"
5580669,삼성전자 DDR2-667 중고,"_2GB_13,500원/1GB_27,000|_1GB_4,910원/1GB_4,910","_2GB_13,500원/1GB_27,000|_1GB_4,910원/1GB_4,910","_2GB_13,500원/1GB_27,000|_1GB_4,910원/1GB_4,910","_2GB_13,500원/1GB_27,000|_1GB_4,910원/1GB_4,910","_2GB_13,500원/1GB_27,000|_1GB_4,910원/1GB_4,910","_2GB_13,500원/1GB_27,000|_1GB_4,910원/1GB_4,910","_2GB_13,500원/1GB_27,000|_1GB_4,910원/1GB_4,910","_2GB_13,500원/1GB_27,000|_1GB_4,910원/1GB_4,910","_2GB_13,500원/1GB_27,000|_1GB_4,910원/1GB_4,910","_2GB_13,500원/1GB_27,000|_1GB_4,910원/1GB_4,910","_2GB_13,500원/1GB_27,000|_1GB_4,910원/1GB_4,910","_2GB_13,500원/1GB_27,000|_1GB_4,910원/1GB_4,910","_2GB_13,500원/1GB_27,000|_1GB_4,910원/1GB_4,910","_2GB_13,500원/1GB_27,000|_1GB_4,910원/1GB_4,910","_2GB_13,500원/1GB_27,000|_1GB_4,910원/1GB_4,910","_2GB_13,500원/1GB_27,000|_1GB_4,910원/1GB_4,910"
863373,삼성전자 DDR2-800 중고,"_2GB_7,900원/1GB_15,800|_1GB_1,860원/1GB_1,860","_2GB_7,900원/1GB_15,800|_1GB_1,860원/1GB_1,860","_2GB_7,900원/1GB_15,800|_1GB_1,860원/1GB_1,860","_2GB_7,900원/1GB_15,800|_1GB_1,860원/1GB_1,860","_2GB_7,900원/1GB_15,800|_1GB_1,860원/1GB_1,860","_2GB_7,900원/1GB_15,800|_1GB_1,860원/1GB_1,860","_2GB_7,900원/1GB_15,800|_1GB_1,860원/1GB_1,860","_2GB_7,900원/1GB_15,800|_1GB_1,860원/1GB_1,860","_2GB_7,900원/1GB_15,800|_1GB_1,860원/1GB_1,860","_2GB_7,900원/1GB_15,800|_1GB_1,860원/1GB_1,860","_2GB_7,900원/1GB_15,800|_1GB_1,860원/1GB_1,860","_2GB_7,900원/1GB_15,800|_1GB_1,860원/1GB_1,860","_2GB_7,900원/1GB_15,800|_1GB_1,860원/1GB_1,860","_2GB_7,900원/1GB_15,800|_1GB_1,860원/1GB_1,860","_2GB_7,900원/1GB_15,800|_1GB_1,860원/1GB_1,860","_2GB_7,900원/1GB_15,800|_1GB_1,860원/1GB_1,860"
5579844,삼성전자 DDR3-1066 중고,"_4GB_4,075원/1GB_16,300|_2GB_2,295원/1GB_4,590","_4GB_4,075원/1GB_16,300|_2GB_2,295원/1GB_4,590","_4GB_4,075원/1GB_16,300|_2GB_2,295원/1GB_4,590","_4GB_4,075원/1GB_16,300|_2GB_2,295원/1GB_4,590","_4GB_4,075원/1GB_16,300|_2GB_2,295원/1GB_4,590","_4GB_4,075원/1GB_16,300|_2GB_2,295원/1GB_4,590","_4GB_4,075원/1GB_16,300|_2GB_2,295원/1GB_4,590","_4GB_4,075원/1GB_16,300|_2GB_2,295원/1GB_4,590","_4GB_4,075원/1GB_16,300|_2GB_2,295원/1GB_4,590","_4GB_4,075원/1GB_16,300|_2GB_2,295원/1GB_4,590","_4GB_4,075원/1GB_16,300|_2GB_2,295원/1GB_4,590","_4GB_4,075원/1GB_16,300|_2GB_2,295원/1GB_4,590","_4GB_4,075원/1GB_16,300|_2GB_2,295원/1GB_4,590","_4GB_4,075원/1GB_16,300|_2GB_2,295원/1GB_4,590",0,0
5580431,삼성전자 DDR3-1066 중고,0,0,0,0,0,0,0,0,0,0,0,0,0,0,"_4GB_4,075원/1GB_16,300|_2GB_2,295원/1GB_4,590","_4GB_4,075원/1GB_16,300|_2GB_2,295원/1GB_4,590"
112110949,삼성전자 DDR3-1333 (중고),"4GB_4,375원/1GB_35,000","4GB_4,375원/1GB_35,000","4GB_4,375원/1GB_35,000","4GB_4,375원/1GB_35,000","4GB_4,375원/1GB_35,000","4GB_4,375원/1GB_35,000","4GB_4,375원/1GB_35,000","4GB_4,375원/1GB_35,000","4GB_4,375원/1GB_35,000","4GB_4,375원/1GB_35,000","4GB_4,375원/1GB_35,000","4GB_4,375원/1GB_35,000","4GB_4,375원/1GB_35,000","4GB_4,375원/1GB_35,000","4GB_4,375원/1GB_35,000","4GB_4,375원/1GB_35,000"
5655412,삼성전자 DDR3-1333 ECC 중고,"8GB_11,250원/1GB_90,000","8GB_11,250원/1GB_90,000","8GB_11,250원/1GB_90,000","8GB_11,250원/1GB_90,000","8GB_11,250원/1GB_90,000","8GB_11,250원/1GB_90,000","8GB_11,250원/1GB_90,000","8GB_11,250원/1GB_90,000","8GB_11,250원/1GB_90,000","8GB_11,250원/1GB_90,000","8GB_11,250원/1GB_90,000","8GB_11,250원/1GB_90,000","8GB_11,250원/1GB_90,000","8GB_11,250원/1GB_90,000","8GB_11,250원/1GB_90,000","8GB_11,250원/1GB_90,000"
17528609,삼성전자 DDR3-1333 ECC/REG 중고,"_8GB_7,350원/1GB_58,800|_4GB_3,055원/1GB_12,220","_8GB_7,350원/1GB_58,800|_4GB_3,055원/1GB_12,220","_8GB_7,350원/1GB_58,800|_4GB_3,055원/1GB_12,220","_8GB_7,350원/1GB_58,800|_4GB_3,055원/1GB_12,220","_8GB_7,350원/1GB_58,800|_4GB_3,055원/1GB_12,220","_8GB_7,350원/1GB_58,800|_4GB_3,055원/1GB_12,220","_8GB_7,350원/1GB_58,800|_4GB_3,055원/1GB_12,220","_8GB_7,350원/1GB_58,800|_4GB_3,055원/1GB_12,220","_8GB_7,350원/1GB_58,800|_4GB_3,055원/1GB_12,220","_8GB_7,350원/1GB_58,800|_4GB_3,055원/1GB_12,220","_8GB_7,350원/1GB_58,800|_4GB_3,120원/1GB_12,480","_8GB_7,350원/1GB_58,800|_4GB_3,120원/1GB_12,480","_8GB_7,350원/1GB_58,800|_4GB_3,120원/1GB_12,480","_8GB_7,350원/1GB_58,800|_4GB_3,120원/1GB_12,480","_8GB_7,350원/1GB_58,800|_4GB_3,120원/1GB_12,480","_8GB_7,350원/1GB_58,800|_4GB_3,120원/1GB_12,480"
1228209,삼성전자 DDR3-1333 방열판,"4GB_8,750원/1GB_35,000","4GB_8,750원/1GB_35,000","4GB_8,750원/1GB_35,000","4GB_8,750원/1GB_35,000","4GB_8,750원/1GB_35,000","4GB_8,750원/1GB_35,000","4GB_8,750원/1GB_35,000","4GB_8,750원/1GB_35,000","4GB_8,750원/1GB_35,000","4GB_8,750원/1GB_35,000","4GB_8,750원/1GB_35,000","4GB_8,750원/1GB_35,000","4GB_8,750원/1GB_35,000","4GB_8,750원/1GB_35,000","4GB_8,750원/1GB_35,000","4GB_8,750원/1GB_35,000"
843710,삼성전자 DDR3-1333 병행수입,"2GB_5,900원/1GB_11,800","2GB_5,900원/1GB_11,800","2GB_5,900원/1GB_11,800","2GB_5,900원/1GB_11,800","2GB_5,900원/1GB_11,800","2GB_5,900원/1GB_11,800","2GB_5,900원/1GB_11,800","2GB_5,900원/1GB_11,800","2GB_5,900원/1GB_11,800","2GB_5,900원/1GB_11,800","2GB_5,900원/1GB_11,800","2GB_5,900원/1GB_11,800","2GB_5,900원/1GB_11,800","2GB_5,900원/1GB_11,800","2GB_5,900원/1GB_11,800","2GB_5,900원/1GB_11,800"
5441273,삼성전자 DDR3-1333 중고,"8GB_3,249원/1GB_25,990|_4GB_1,875원/1GB_7,500|_2GB_1,235원/1GB_2,470|1GB_3,840원/1GB_3,840","8GB_3,249원/1GB_25,990|_4GB_1,875원/1GB_7,500|_2GB_1,235원/1GB_2,470|1GB_3,840원/1GB_3,840","8GB_3,249원/1GB_25,990|_4GB_1,875원/1GB_7,500|_2GB_1,235원/1GB_2,470|1GB_3,840원/1GB_3,840","8GB_3,249원/1GB_25,990|_4GB_1,875원/1GB_7,500|_2GB_1,235원/1GB_2,470|1GB_3,840원/1GB_3,840","8GB_3,249원/1GB_25,990|_4GB_1,875원/1GB_7,500|_2GB_1,235원/1GB_2,470|1GB_3,840원/1GB_3,840","8GB_3,249원/1GB_25,990|_4GB_1,875원/1GB_7,500|_2GB_1,235원/1GB_2,470|1GB_3,840원/1GB_3,840","8GB_3,249원/1GB_25,990|_4GB_1,875원/1GB_7,500|_2GB_1,235원/1GB_2,470|1GB_3,840원/1GB_3,840","8GB_3,249원/1GB_25,990|_4GB_1,875원/1GB_7,500|_2GB_1,235원/1GB_2,470|1GB_3,840원/1GB_3,840","8GB_3,249원/1GB_25,990|_4GB_1,875원/1GB_7,500|_2GB_1,235원/1GB_2,470|1GB_3,840원/1GB_3,840","8GB_3,249원/1GB_25,990|_4GB_1,875원/1GB_7,500|_2GB_1,235원/1GB_2,470|1GB_3,840원/1GB_3,840","8GB_3,249원/1GB_25,990|_4GB_1,875원/1GB_7,500|_2GB_1,235원/1GB_2,470|1GB_3,920원/1GB_3,920","8GB_3,249원/1GB_25,990|_4GB_1,875원/1GB_7,500|_2GB_1,235원/1GB_2,470|1GB_3,920원/1GB_3,920","8GB_3,249원/1GB_25,990|_4GB_1,875원/1GB_7,500|_2GB_1,235원/1GB_2,470|1GB_3,920원/1GB_3,920","8GB_3,249원/1GB_25,990|_4GB_1,875원/1GB_7,500|_2GB_1,105원/1GB_2,210|1GB_3,920원/1GB_3,920","8GB_3,249원/1GB_25,990|_4GB_1,875원/1GB_7,500|_2GB_1,105원/1GB_2,210|1GB_3,920원/1GB_3,920","8GB_3,249원/1GB_25,990|_4GB_1,875원/1GB_7,500|_2GB_1,105원/1GB_2,210|1GB_3,920원/1GB_3,920"
1144692,삼성전자 DDR3-1333U 중고,"4GB_1,873원/1GB_7,490","4GB_1,873원/1GB_7,490","4GB_1,873원/1GB_7,490","4GB_1,873원/1GB_7,490","4GB_1,873원/1GB_7,490","4GB_1,873원/1GB_7,490","4GB_1,873원/1GB_7,490","4GB_1,873원/1GB_7,490","4GB_1,873원/1GB_7,490","4GB_1,873원/1GB_7,490","4GB_1,873원/1GB_7,490","4GB_1,873원/1GB_7,490","4GB_1,873원/1GB_7,490","4GB_1,873원/1GB_7,490","4GB_1,873원/1GB_7,490","4GB_1,873원/1GB_7,490"
12823175,삼성전자 DDR3-1600 ECC 중고,"8GB_11,250원/1GB_90,000","8GB_11,250원/1GB_90,000","8GB_11,250원/1GB_90,000","8GB_11,250원/1GB_90,000","8GB_11,250원/1GB_90,000","8GB_11,250원/1GB_90,000","8GB_11,250원/1GB_90,000","8GB_11,250원/1GB_90,000","8GB_11,250원/1GB_90,000","8GB_11,250원/1GB_90,000","8GB_11,250원/1GB_90,000","8GB_11,250원/1GB_90,000","8GB_11,250원/1GB_90,000","8GB_11,250원/1GB_90,000","8GB_11,250원/1GB_90,000","8GB_11,250원/1GB_90,000"
114487238,삼성전자 DDR3-1600 ECC/REG LP,"16GB_3,988원/1GB_63,800","16GB_3,988원/1GB_63,800","16GB_3,988원/1GB_63,800","16GB_3,988원/1GB_63,800","16GB_3,988원/1GB_63,800","16GB_3,988원/1GB_63,800","16GB_3,988원/1GB_63,800","16GB_3,988원/1GB_63,800","16GB_3,988원/1GB_63,800","16GB_3,988원/1GB_63,800","16GB_3,988원/1GB_63,800","16GB_3,988원/1GB_63,800","16GB_3,988원/1GB_63,800","16GB_3,988원/1GB_63,800","16GB_3,988원/1GB_63,800","16GB_3,988원/1GB_63,800"
15253352,삼성전자 DDR3-1600 ECC/REG 중고,"_16GB_4,128원/1GB_66,040|_8GB_8,600원/1GB_68,800","_16GB_4,128원/1GB_66,040|_8GB_8,600원/1GB_68,800","_16GB_4,128원/1GB_66,040|_8GB_8,600원/1GB_68,800","_16GB_4,128원/1GB_66,040|_8GB_8,600원/1GB_68,800","_16GB_4,158원/1GB_66,520|_8GB_8,600원/1GB_68,800","_16GB_4,158원/1GB_66,520|_8GB_8,600원/1GB_68,800","_16GB_4,158원/1GB_66,520|_8GB_8,600원/1GB_68,800","_16GB_4,158원/1GB_66,520|_8GB_8,600원/1GB_68,800","_16GB_4,000원/1GB_64,000|_8GB_8,600원/1GB_68,800","_16GB_4,000원/1GB_64,000|_8GB_8,600원/1GB_68,800","_16GB_4,031원/1GB_64,490|_8GB_8,600원/1GB_68,800","_16GB_4,061원/1GB_64,970|_8GB_8,600원/1GB_68,800","_16GB_4,061원/1GB_64,970|_8GB_8,600원/1GB_68,800","_16GB_4,061원/1GB_64,970|_8GB_8,600원/1GB_68,800","_16GB_4,061원/1GB_64,970|_8GB_8,600원/1GB_68,800","_16GB_4,061원/1GB_64,970|_8GB_8,600원/1GB_68,800"
12823616,삼성전자 DDR3-1600 ECC/Unbuffered 중고,"_8GB_11,250원/1GB_90,000|_4GB_7,450원/1GB_29,800","_8GB_11,250원/1GB_90,000|_4GB_7,450원/1GB_29,800","_8GB_11,250원/1GB_90,000|_4GB_7,450원/1GB_29,800","_8GB_11,250원/1GB_90,000|_4GB_7,450원/1GB_29,800","_8GB_11,250원/1GB_90,000|_4GB_7,450원/1GB_29,800","_8GB_11,250원/1GB_90,000|_4GB_7,450원/1GB_29,800","_8GB_11,250원/1GB_90,000|_4GB_7,450원/1GB_29,800","_8GB_11,250원/1GB_90,000|_4GB_7,450원/1GB_29,800","_8GB_11,250원/1GB_90,000|_4GB_7,450원/1GB_29,800","_8GB_11,250원/1GB_90,000|_4GB_7,450원/1GB_29,800","_8GB_11,250원/1GB_90,000|_4GB_7,450원/1GB_29,800","_8GB_11,250원/1GB_90,000|_4GB_7,450원/1GB_29,800","_8GB_11,250원/1GB_90,000|_4GB_7,450원/1GB_29,800","_8GB_11,250원/1GB_90,000|_4GB_7,450원/1GB_29,800","_8GB_11,250원/1GB_90,000|_4GB_7,450원/1GB_29,800","_8GB_11,250원/1GB_90,000|_4GB_7,450원/1GB_29,800"
1772613,삼성전자 DDR3-1600 방열판,"_8GB_10,000원/1GB_80,000|_4GB_6,500원/1GB_26,000|2GB_12,000원/1GB_24,000","_8GB_10,000원/1GB_80,000|_4GB_6,500원/1GB_26,000|2GB_12,000원/1GB_24,000","_8GB_10,000원/1GB_80,000|_4GB_6,500원/1GB_26,000|2GB_12,000원/1GB_24,000","_8GB_10,000원/1GB_80,000|_4GB_6,500원/1GB_26,000|2GB_12,000원/1GB_24,000","_8GB_10,000원/1GB_80,000|_4GB_6,500원/1GB_26,000|2GB_12,000원/1GB_24,000","_8GB_10,000원/1GB_80,000|_4GB_6,500원/1GB_26,000|2GB_12,000원/1GB_24,000","_8GB_10,000원/1GB_80,000|_4GB_6,500원/1GB_26,000|2GB_12,000원/1GB_24,000","_8GB_10,000원/1GB_80,000|_4GB_6,500원/1GB_26,000|2GB_12,000원/1GB_24,000","_8GB_10,000원/1GB_80,000|_4GB_6,500원/1GB_26,000|2GB_12,000원/1GB_24,000","_8GB_10,000원/1GB_80,000|_4GB_6,500원/1GB_26,000|2GB_12,000원/1GB_24,000","_8GB_10,000원/1GB_80,000|4GB_6,500원/1GB_26,000|_2GB_12,000원/1GB_24,000","_8GB_10,000원/1GB_80,000|4GB_6,500원/1GB_26,000|_2GB_12,000원/1GB_24,000","_8GB_10,000원/1GB_80,000|4GB_6,500원/1GB_26,000|_2GB_12,000원/1GB_24,000","_8GB_10,000원/1GB_80,000|4GB_6,500원/1GB_26,000|_2GB_12,000원/1GB_24,000","_8GB_10,000원/1GB_80,000|4GB_6,500원/1GB_26,000|_2GB_12,000원/1GB_24,000","_8GB_10,000원/1GB_80,000|4GB_6,500원/1GB_26,000|_2GB_12,000원/1GB_24,000"
5545241,삼성전자 DDR3-1600 중고,"_8GB_2,640원/1GB_21,120|_4GB_1,973원/1GB_7,890|2GB_1,975원/1GB_3,950","_8GB_2,640원/1GB_21,120|_4GB_1,973원/1GB_7,890|2GB_1,975원/1GB_3,950","_8GB_2,630원/1GB_21,040|_4GB_1,973원/1GB_7,890|2GB_1,975원/1GB_3,950","_8GB_2,626원/1GB_21,010|_4GB_1,973원/1GB_7,890|2GB_1,975원/1GB_3,950","_8GB_2,626원/1GB_21,010|_4GB_1,973원/1GB_7,890|2GB_1,975원/1GB_3,950","_8GB_2,626원/1GB_21,010|_4GB_1,973원/1GB_7,890|2GB_1,975원/1GB_3,950","_8GB_2,626원/1GB_21,010|_4GB_1,973원/1GB_7,890|2GB_2,035원/1GB_4,070","_8GB_2,626원/1GB_21,010|_4GB_1,973원/1GB_7,890|2GB_2,025원/1GB_4,050","_8GB_2,656원/1GB_21,250|_4GB_1,973원/1GB_7,890|2GB_2,025원/1GB_4,050","_8GB_2,654원/1GB_21,230|_4GB_1,973원/1GB_7,890|2GB_2,025원/1GB_4,050",0,0,"_8GB_2,661원/1GB_21,290|_4GB_1,973원/1GB_7,890|2GB_1,995원/1GB_3,990","_8GB_2,661원/1GB_21,290|_4GB_1,973원/1GB_7,890|2GB_1,995원/1GB_3,990","_8GB_2,661원/1GB_21,290|_4GB_1,973원/1GB_7,890|2GB_1,995원/1GB_3,990","_8GB_2,661원/1GB_21,290|_4GB_1,973원/1GB_7,890|2GB_1,995원/1GB_3,990"
5549101,삼성전자 DDR3-1600 중고,0,0,0,0,0,0,0,0,0,0,"_8GB_2,654원/1GB_21,230|_4GB_1,973원/1GB_7,890|2GB_2,000원/1GB_4,000","_8GB_2,661원/1GB_21,290|_4GB_1,973원/1GB_7,890|2GB_1,995원/1GB_3,990",0,0,0,0
115474903,삼성전자 DDR3L 1600 저전력 (중고),"8GB_3,371원/1GB_26,970","8GB_3,371원/1GB_26,970","8GB_3,371원/1GB_26,970","8GB_3,371원/1GB_26,970","8GB_3,371원/1GB_26,970","8GB_3,371원/1GB_26,970","8GB_3,371원/1GB_26,970","8GB_3,371원/1GB_26,970","8GB_3,371원/1GB_26,970","8GB_3,371원/1GB_26,970","8GB_3,553원/1GB_28,420","8GB_3,553원/1GB_28,420","8GB_3,553원/1GB_28,420","8GB_3,553원/1GB_28,420","8GB_3,553원/1GB_28,420","8GB_3,553원/1GB_28,420"
116898273,삼성전자 DDR4-2133,"16GB_8,119원/1GB_129,900","16GB_8,119원/1GB_129,900","16GB_8,119원/1GB_129,900","16GB_8,119원/1GB_129,900","16GB_8,119원/1GB_129,900","16GB_8,119원/1GB_129,900","16GB_8,119원/1GB_129,900","16GB_8,119원/1GB_129,900","16GB_8,119원/1GB_129,900","16GB_8,119원/1GB_129,900","16GB_8,119원/1GB_129,900","16GB_8,119원/1GB_129,900","16GB_8,119원/1GB_129,900","16GB_8,119원/1GB_129,900","16GB_8,119원/1GB_129,900","16GB_8,119원/1GB_129,900"
5383117,삼성전자 DDR4-2133 ECC/REG,"_32GB_15,469원/1GB_495,000|16GB_14,938원/1GB_239,000|_8GB_10,590원/1GB_84,720","_32GB_15,469원/1GB_495,000|16GB_14,938원/1GB_239,000|_8GB_10,590원/1GB_84,720",0,0,0,0,"_32GB_15,469원/1GB_495,000|16GB_14,938원/1GB_239,000|_8GB_10,590원/1GB_84,720","_32GB_15,469원/1GB_495,000|16GB_14,938원/1GB_239,000|_8GB_10,590원/1GB_84,720","_32GB_15,469원/1GB_495,000|16GB_14,938원/1GB_239,000|_8GB_10,590원/1GB_84,720","_32GB_15,469원/1GB_495,000|16GB_14,938원/1GB_239,000|_8GB_10,590원/1GB_84,720",0,0,0,0,0,0
3201319,삼성전자 DDR4-2133 ECC/REG,0,0,"_32GB_15,469원/1GB_495,000|16GB_14,938원/1GB_239,000|_8GB_10,590원/1GB_84,720","_32GB_15,469원/1GB_495,000|16GB_14,938원/1GB_239,000|_8GB_10,590원/1GB_84,720","_32GB_15,469원/1GB_495,000|16GB_14,938원/1GB_239,000|_8GB_10,590원/1GB_84,720","_32GB_15,469원/1GB_495,000|16GB_14,938원/1GB_239,000|_8GB_10,590원/1GB_84,720",0,0,0,0,"_32GB_15,469원/1GB_495,000|16GB_14,938원/1GB_239,000|_8GB_10,590원/1GB_84,720","_32GB_15,469원/1GB_495,000|16GB_14,938원/1GB_239,000|_8GB_10,590원/1GB_84,720","_32GB_15,469원/1GB_495,000|16GB_14,938원/1GB_239,000|_8GB_10,590원/1GB_84,720","_32GB_15,469원/1GB_495,000|16GB_14,938원/1GB_239,000|_8GB_10,590원/1GB_84,720","_32GB_15,469원/1GB_495,000|16GB_14,938원/1GB_239,000|_8GB_10,590원/1GB_84,720","_32GB_15,469원/1GB_495,000|16GB_14,938원/1GB_239,000|_8GB_10,590원/1GB_84,720"
17190479,삼성전자 DDR4-2133 ECC/REG 중고,"16GB_11,800원/1GB_188,800","16GB_11,800원/1GB_188,800","16GB_11,800원/1GB_188,800","16GB_11,800원/1GB_188,800","16GB_11,800원/1GB_188,800","16GB_11,800원/1GB_188,800","16GB_11,800원/1GB_188,800","16GB_11,800원/1GB_188,800","16GB_11,800원/1GB_188,800","16GB_11,800원/1GB_188,800","16GB_11,800원/1GB_188,800","16GB_11,800원/1GB_188,800","16GB_11,800원/1GB_188,800","16GB_11,800원/1GB_188,800","16GB_11,800원/1GB_188,800","16GB_11,800원/1GB_188,800"
17288240,삼성전자 DDR4-2133 ECC/Unbuffered 중고,"16GB_18,213원/1GB_291,400","16GB_18,213원/1GB_291,400","16GB_18,213원/1GB_291,400","16GB_18,213원/1GB_291,400","16GB_18,213원/1GB_291,400","16GB_18,213원/1GB_291,400","16GB_18,213원/1GB_291,400","16GB_18,213원/1GB_291,400","16GB_18,213원/1GB_291,400","16GB_18,213원/1GB_291,400","16GB_18,213원/1GB_291,400","16GB_18,213원/1GB_291,400","16GB_18,213원/1GB_291,400","16GB_18,213원/1GB_291,400","16GB_18,213원/1GB_291,400","16GB_18,213원/1GB_291,400"
8165383,삼성전자 DDR4-2133 중고,"16GB_7,000원/1GB_112,000|_8GB_5,361원/1GB_42,890|_4GB_5,468원/1GB_21,870","16GB_7,000원/1GB_112,000|_8GB_5,361원/1GB_42,890|_4GB_5,473원/1GB_21,890","16GB_7,000원/1GB_112,000|_8GB_5,361원/1GB_42,890|_4GB_5,473원/1GB_21,890","16GB_7,000원/1GB_112,000|_8GB_5,361원/1GB_42,890|_4GB_5,473원/1GB_21,890","16GB_7,000원/1GB_112,000|_8GB_5,361원/1GB_42,890|_4GB_5,468원/1GB_21,870","16GB_7,000원/1GB_112,000|_8GB_5,361원/1GB_42,890|_4GB_5,583원/1GB_22,800","16GB_7,000원/1GB_112,000|_8GB_5,361원/1GB_42,890|_4GB_5,680원/1GB_22,720","16GB_7,000원/1GB_112,000|_8GB_6,186원/1GB_49,490|_4GB_5,675원/1GB_22,700","16GB_7,000원/1GB_112,000|_8GB_5,988원/1GB_47,900|_4GB_5,650원/1GB_22,600","16GB_7,000원/1GB_112,000|_8GB_5,988원/1GB_47,900|_4GB_5,645원/1GB_22,580","16GB_7,000원/1GB_112,000|_8GB_6,099원/1GB_48,790|_4GB_5,645원/1GB_22,580","16GB_7,000원/1GB_112,000|_8GB_6,099원/1GB_48,790|_4GB_5,638원/1GB_22,550","16GB_7,000원/1GB_112,000|_8GB_6,099원/1GB_48,790|_4GB_5,623원/1GB_22,490","16GB_7,011원/1GB_112,170|_8GB_6,099원/1GB_48,790|_4GB_5,615원/1GB_22,460","16GB_7,010원/1GB_112,160|_8GB_6,099원/1GB_48,790|_4GB_5,615원/1GB_22,460","16GB_7,010원/1GB_112,160|_8GB_6,099원/1GB_48,790|_4GB_5,615원/1GB_22,460"
4343051,삼성전자 DDR4-2400,"_16GB_7,020원/1GB_112,320|_8GB_6,250원/1GB_50,000|4GB_6,873원/1GB_27,490","_16GB_7,020원/1GB_112,320|_8GB_6,250원/1GB_50,000|4GB_6,873원/1GB_27,490","_16GB_7,020원/1GB_112,320|_8GB_6,250원/1GB_50,000|4GB_6,873원/1GB_27,490","_16GB_7,020원/1GB_112,320|_8GB_6,250원/1GB_50,000|4GB_6,873원/1GB_27,490","_16GB_7,020원/1GB_112,320|_8GB_6,250원/1GB_50,000|4GB_6,873원/1GB_27,490","_16GB_7,020원/1GB_112,320|_8GB_6,250원/1GB_50,000|4GB_6,873원/1GB_27,490","_16GB_7,020원/1GB_112,320|_8GB_6,250원/1GB_50,000|4GB_6,873원/1GB_27,490","_16GB_7,020원/1GB_112,320|_8GB_6,250원/1GB_50,000|4GB_6,873원/1GB_27,490","_16GB_7,020원/1GB_112,320|_8GB_6,250원/1GB_50,000|4GB_6,873원/1GB_27,490","_16GB_7,188원/1GB_115,010|_8GB_6,250원/1GB_50,000|4GB_6,873원/1GB_27,490",0,0,0,0,"_16GB_7,295원/1GB_116,720|_8GB_6,000원/1GB_48,000|4GB_6,873원/1GB_27,490","_16GB_7,295원/1GB_116,720|_8GB_6,000원/1GB_48,000|4GB_6,873원/1GB_27,490"
4519874,삼성전자 DDR4-2400,0,0,0,0,0,0,0,0,0,0,"_16GB_7,188원/1GB_115,010|_8GB_6,250원/1GB_50,000|4GB_6,873원/1GB_27,490","_16GB_7,188원/1GB_115,010|_8GB_6,000원/1GB_48,000|4GB_6,873원/1GB_27,490","_16GB_7,500원/1GB_120,000|_8GB_6,000원/1GB_48,000|4GB_6,873원/1GB_27,490","_16GB_7,500원/1GB_120,000|_8GB_6,000원/1GB_48,000|4GB_6,873원/1GB_27,490",0,0
5721713,삼성전자 DDR4-2400 ECC/REG,"_32GB_9,025원/1GB_288,800|_16GB_20,624원/1GB_329,990|8GB_21,875원/1GB_175,000","_32GB_9,025원/1GB_288,800|_16GB_20,624원/1GB_329,990|8GB_21,875원/1GB_175,000","_32GB_9,025원/1GB_288,800|_16GB_20,624원/1GB_329,990|8GB_21,875원/1GB_175,000","_32GB_9,025원/1GB_288,800|_16GB_20,624원/1GB_329,990|8GB_21,875원/1GB_175,000","_32GB_9,025원/1GB_288,800|_16GB_20,624원/1GB_329,990|8GB_21,875원/1GB_175,000","_32GB_9,025원/1GB_288,800|_16GB_20,624원/1GB_329,990|8GB_21,875원/1GB_175,000","_32GB_9,025원/1GB_288,800|_16GB_20,624원/1GB_329,990|8GB_21,875원/1GB_175,000","_32GB_9,025원/1GB_288,800|_16GB_20,624원/1GB_329,990|8GB_21,875원/1GB_175,000","_32GB_9,025원/1GB_288,800|_16GB_20,624원/1GB_329,990|8GB_21,875원/1GB_175,000","_32GB_9,025원/1GB_288,800|_16GB_20,624원/1GB_329,990|8GB_21,875원/1GB_175,000","_32GB_9,025원/1GB_288,800|_16GB_20,624원/1GB_329,990|8GB_21,875원/1GB_175,000","_32GB_9,025원/1GB_288,800|_16GB_20,624원/1GB_329,990|8GB_21,875원/1GB_175,000","_32GB_9,025원/1GB_288,800|_16GB_20,624원/1GB_329,990|8GB_21,875원/1GB_175,000","_32GB_9,025원/1GB_288,800|_16GB_20,624원/1GB_329,990|8GB_21,875원/1GB_175,000","_32GB_9,025원/1GB_288,800|_16GB_20,624원/1GB_329,990|8GB_21,875원/1GB_175,000","_32GB_9,025원/1GB_288,800|_16GB_20,624원/1GB_329,990|8GB_21,875원/1GB_175,000"
17899715,삼성전자 DDR4-2400 ECC/REG 중고,"32GB_9,025원/1GB_288,800","32GB_9,025원/1GB_288,800","32GB_9,025원/1GB_288,800","32GB_9,025원/1GB_288,800","32GB_9,025원/1GB_288,800","32GB_9,025원/1GB_288,800","32GB_9,025원/1GB_288,800","32GB_9,025원/1GB_288,800","_32GB_9,025원/1GB_288,800|_16GB_16,188원/1GB_259,000","_32GB_9,025원/1GB_288,800|_16GB_16,188원/1GB_259,000","_32GB_9,025원/1GB_288,800|_16GB_16,188원/1GB_259,000","_32GB_9,025원/1GB_288,800|_16GB_16,188원/1GB_259,000","_32GB_9,025원/1GB_288,800|_16GB_16,188원/1GB_259,000","_32GB_9,025원/1GB_288,800|_16GB_16,188원/1GB_259,000","_32GB_9,025원/1GB_288,800|_16GB_16,188원/1GB_259,000","_32GB_9,025원/1GB_288,800|_16GB_16,188원/1GB_259,000"
11236449,삼성전자 DDR4-2400 중고,"16GB_7,000원/1GB_112,000|_8GB_5,933원/1GB_47,460|_4GB_5,808원/1GB_23,230","16GB_7,000원/1GB_112,000|_8GB_5,929원/1GB_47,430|_4GB_5,805원/1GB_23,220","16GB_7,000원/1GB_112,000|_8GB_5,929원/1GB_47,430|_4GB_5,785원/1GB_23,140","16GB_7,000원/1GB_112,000|_8GB_5,928원/1GB_47,420|_4GB_5,778원/1GB_23,110","16GB_7,000원/1GB_112,000|_8GB_5,928원/1GB_47,420|_4GB_5,778원/1GB_23,110","16GB_7,000원/1GB_112,000|_8GB_5,926원/1GB_47,410|_4GB_5,778원/1GB_23,110","16GB_7,000원/1GB_112,000|_8GB_5,920원/1GB_47,360|_4GB_5,753원/1GB_23,010","16GB_7,000원/1GB_112,000|_8GB_5,919원/1GB_47,350|_4GB_5,750원/1GB_23,000","16GB_7,000원/1GB_112,000|_8GB_5,918원/1GB_47,340|_4GB_5,750원/1GB_23,000","16GB_7,000원/1GB_112,000|_8GB_5,918원/1GB_47,340|_4GB_5,750원/1GB_23,000","16GB_7,000원/1GB_112,000|_8GB_5,918원/1GB_47,340|_4GB_5,748원/1GB_22,990","_16GB_7,000원/1GB_112,000|_8GB_5,918원/1GB_47,340|4GB_5,810원/1GB_23,240","_16GB_7,000원/1GB_112,000|_8GB_5,918원/1GB_47,340|4GB_5,810원/1GB_23,240","_16GB_7,000원/1GB_112,000|_8GB_5,918원/1GB_47,340|4GB_5,810원/1GB_23,240","_16GB_7,000원/1GB_112,000|_8GB_5,918원/1GB_47,340|4GB_5,810원/1GB_23,240","_16GB_7,000원/1GB_112,000|_8GB_5,918원/1GB_47,340|4GB_5,810원/1GB_23,240"
5937666,삼성전자 DDR4-2666,"32GB_9,219원/1GB_295,000|_16GB_8,762원/1GB_140,190|_8GB_8,476원/1GB_67,810","32GB_9,219원/1GB_295,000|_16GB_8,762원/1GB_140,190|_8GB_8,475원/1GB_67,800","32GB_9,219원/1GB_295,000|_16GB_8,762원/1GB_140,190|_8GB_8,475원/1GB_67,800","32GB_9,219원/1GB_295,000|_16GB_8,762원/1GB_140,190|_8GB_8,475원/1GB_67,800","32GB_9,219원/1GB_295,000|_16GB_8,762원/1GB_140,190|_8GB_8,463원/1GB_67,700","32GB_9,219원/1GB_295,000|_16GB_8,762원/1GB_140,190|_8GB_8,461원/1GB_67,690","32GB_10,000원/1GB_320,000|_16GB_8,762원/1GB_140,190|_8GB_8,460원/1GB_67,680","32GB_10,000원/1GB_320,000|_16GB_8,762원/1GB_140,190|_8GB_8,460원/1GB_67,680","32GB_10,000원/1GB_320,000|_16GB_8,762원/1GB_140,190|_8GB_8,460원/1GB_67,680","32GB_10,000원/1GB_320,000|_16GB_8,762원/1GB_140,190|_8GB_8,460원/1GB_67,680","32GB_10,000원/1GB_320,000|_16GB_8,762원/1GB_140,190|_8GB_8,460원/1GB_67,680","32GB_10,000원/1GB_320,000|_16GB_8,762원/1GB_140,190|_8GB_8,460원/1GB_67,680","32GB_10,000원/1GB_320,000|_16GB_8,762원/1GB_140,190|_8GB_8,460원/1GB_67,680","32GB_10,000원/1GB_320,000|_16GB_8,762원/1GB_140,190|_8GB_8,460원/1GB_67,680","32GB_10,000원/1GB_320,000|_16GB_8,762원/1GB_140,190|_8GB_8,460원/1GB_67,680","32GB_10,000원/1GB_320,000|_16GB_8,762원/1GB_140,190|_8GB_8,460원/1GB_67,680"
10824564,삼성전자 DDR4-2666 ECC/REG,"_32GB_18,594원/1GB_595,000|_16GB_16,813원/1GB_269,000|8GB_24,375원/1GB_195,000","_32GB_18,594원/1GB_595,000|_16GB_16,813원/1GB_269,000|8GB_24,375원/1GB_195,000","_32GB_18,594원/1GB_595,000|_16GB_16,813원/1GB_269,000|8GB_24,375원/1GB_195,000","_32GB_18,594원/1GB_595,000|_16GB_16,813원/1GB_269,000|8GB_24,375원/1GB_195,000",0,0,"_32GB_18,594원/1GB_595,000|_16GB_16,813원/1GB_269,000|8GB_24,375원/1GB_195,000","_32GB_18,594원/1GB_595,000|_16GB_16,813원/1GB_269,000|8GB_24,375원/1GB_195,000","_32GB_18,594원/1GB_595,000|_16GB_16,813원/1GB_269,000|8GB_24,375원/1GB_195,000","_32GB_18,594원/1GB_595,000|_16GB_16,813원/1GB_269,000|8GB_24,375원/1GB_195,000","_32GB_18,594원/1GB_595,000|_16GB_16,813원/1GB_269,000|8GB_24,375원/1GB_195,000","_32GB_18,594원/1GB_595,000|_16GB_16,813원/1GB_269,000|8GB_24,375원/1GB_195,000","_32GB_18,594원/1GB_595,000|_16GB_16,813원/1GB_269,000|8GB_24,375원/1GB_195,000","_32GB_18,594원/1GB_595,000|_16GB_16,813원/1GB_269,000|8GB_24,375원/1GB_195,000","_32GB_18,594원/1GB_595,000|_16GB_16,813원/1GB_269,000|8GB_24,375원/1GB_195,000","_32GB_18,594원/1GB_595,000|_16GB_16,813원/1GB_269,000|8GB_24,375원/1GB_195,000"
6393108,삼성전자 DDR4-2666 ECC/REG,0,0,0,0,"_32GB_18,594원/1GB_595,000|_16GB_16,813원/1GB_269,000|8GB_24,375원/1GB_195,000","_32GB_18,594원/1GB_595,000|_16GB_16,813원/1GB_269,000|8GB_24,375원/1GB_195,000",0,0,0,0,0,0,0,0,0,0
11631995,삼성전자 DDR4-2666 ECC/Unbuffered,"32GB_30,000원/1GB_960,000|_16GB_37,500원/1GB_600,000|_8GB_36,250원/1GB_290,000","32GB_30,000원/1GB_960,000|_16GB_37,500원/1GB_600,000|_8GB_36,250원/1GB_290,000",0,0,0,0,0,0,0,0,"32GB_30,000원/1GB_960,000|_16GB_37,500원/1GB_600,000|_8GB_36,250원/1GB_290,000","32GB_30,000원/1GB_960,000|_16GB_37,500원/1GB_600,000|_8GB_36,250원/1GB_290,000",0,0,0,0
11633126,삼성전자 DDR4-2666 ECC/Unbuffered,0,0,"32GB_30,000원/1GB_960,000|_16GB_37,500원/1GB_600,000|_8GB_36,250원/1GB_290,000","32GB_30,000원/1GB_960,000|_16GB_37,500원/1GB_600,000|_8GB_36,250원/1GB_290,000","32GB_30,000원/1GB_960,000|_16GB_37,500원/1GB_600,000|_8GB_36,250원/1GB_290,000","32GB_30,000원/1GB_960,000|_16GB_37,500원/1GB_600,000|_8GB_36,250원/1GB_290,000","32GB_30,000원/1GB_960,000|_16GB_37,500원/1GB_600,000|_8GB_36,250원/1GB_290,000","32GB_30,000원/1GB_960,000|_16GB_37,500원/1GB_600,000|_8GB_36,250원/1GB_290,000","32GB_30,000원/1GB_960,000|_16GB_37,500원/1GB_600,000|_8GB_36,250원/1GB_290,000","32GB_30,000원/1GB_960,000|_16GB_37,500원/1GB_600,000|_8GB_36,250원/1GB_290,000",0,0,"32GB_30,000원/1GB_960,000|_16GB_37,500원/1GB_600,000|_8GB_36,250원/1GB_290,000","32GB_30,000원/1GB_960,000|_16GB_37,500원/1GB_600,000|_8GB_36,250원/1GB_290,000","32GB_30,000원/1GB_960,000|_16GB_37,500원/1GB_600,000|_8GB_36,250원/1GB_290,000","32GB_30,000원/1GB_960,000|_16GB_37,500원/1GB_600,000|_8GB_36,250원/1GB_290,000"
8158972,삼성전자 DDR4-2666 중고,"32GB_7,778원/1GB_248,880|_16GB_7,081원/1GB_113,290|_8GB_6,379원/1GB_51,030|4GB_5,788원/1GB_23,150","32GB_7,777원/1GB_248,850|_16GB_7,081원/1GB_113,290|_8GB_6,379원/1GB_51,030|4GB_5,783원/1GB_23,130","32GB_7,777원/1GB_248,850|_16GB_7,081원/1GB_113,290|_8GB_6,368원/1GB_50,940|4GB_5,783원/1GB_23,130","32GB_7,776원/1GB_248,840|_16GB_7,081원/1GB_113,290|_8GB_6,364원/1GB_50,910|4GB_5,868원/1GB_23,470",0,0,"32GB_7,843원/1GB_250,990|_16GB_7,081원/1GB_113,290|_8GB_6,351원/1GB_50,810|4GB_5,848원/1GB_23,390","32GB_7,843원/1GB_250,990|_16GB_7,081원/1GB_113,290|_8GB_6,349원/1GB_50,780|4GB_5,880원/1GB_23,520","32GB_7,843원/1GB_250,990|_16GB_7,081원/1GB_113,290|_8GB_6,345원/1GB_50,760|4GB_5,880원/1GB_23,520","32GB_7,843원/1GB_250,990|_16GB_7,081원/1GB_113,290|_8GB_6,345원/1GB_50,760|4GB_6,248원/1GB_24,990","32GB_7,843원/1GB_250,990|_16GB_7,081원/1GB_113,290|_8GB_6,530원/1GB_52,240|4GB_6,248원/1GB_24,990","32GB_7,843원/1GB_250,990|_16GB_7,081원/1GB_113,290|_8GB_6,530원/1GB_52,240|4GB_6,240원/1GB_24,960","32GB_7,843원/1GB_250,990|_16GB_7,081원/1GB_113,290|_8GB_6,530원/1GB_52,240|4GB_6,225원/1GB_24,900","32GB_7,843원/1GB_250,990|_16GB_7,081원/1GB_113,290|_8GB_6,438원/1GB_51,500|4GB_6,218원/1GB_24,870","32GB_7,843원/1GB_250,990|_16GB_7,081원/1GB_113,290|_8GB_6,438원/1GB_51,500|4GB_6,218원/1GB_24,870","32GB_7,843원/1GB_250,990|_16GB_7,081원/1GB_113,290|_8GB_6,438원/1GB_51,500|4GB_6,218원/1GB_24,870"
8165329,삼성전자 DDR4-2666 중고,0,0,0,0,"32GB_7,776원/1GB_248,840|_16GB_7,081원/1GB_113,290|_8GB_6,364원/1GB_50,910|4GB_5,868원/1GB_23,470","32GB_7,777원/1GB_248,850|_16GB_7,081원/1GB_113,290|_8GB_6,364원/1GB_50,910|4GB_5,868원/1GB_23,470",0,0,0,0,0,0,0,0,0,0
11541992,삼성전자 DDR4-2933,"_32GB_9,344원/1GB_299,000|16GB_12,493원/1GB_199,890|_8GB_11,875원/1GB_95,000","_32GB_9,344원/1GB_299,000|16GB_12,493원/1GB_199,890|_8GB_11,875원/1GB_95,000","_32GB_9,344원/1GB_299,000|_16GB_12,493원/1GB_199,890|8GB_11,875원/1GB_95,000","_32GB_9,344원/1GB_299,000|_16GB_12,493원/1GB_199,890|8GB_11,875원/1GB_95,000","_32GB_9,344원/1GB_299,000|_16GB_12,493원/1GB_199,890|8GB_11,875원/1GB_95,000","_32GB_9,344원/1GB_299,000|_16GB_12,493원/1GB_199,890|8GB_11,875원/1GB_95,000","_32GB_9,344원/1GB_299,000|_16GB_12,493원/1GB_199,890|8GB_11,875원/1GB_95,000","_32GB_9,344원/1GB_299,000|_16GB_12,493원/1GB_199,890|8GB_11,875원/1GB_95,000","_32GB_9,344원/1GB_299,000|_16GB_12,493원/1GB_199,890|8GB_11,875원/1GB_95,000","_32GB_9,344원/1GB_299,000|_16GB_12,493원/1GB_199,890|8GB_11,875원/1GB_95,000","_32GB_9,344원/1GB_299,000|_16GB_12,493원/1GB_199,890|8GB_11,875원/1GB_95,000","_32GB_9,344원/1GB_299,000|_16GB_12,493원/1GB_199,890|8GB_11,875원/1GB_95,000","_32GB_9,344원/1GB_299,000|_16GB_12,493원/1GB_199,890|8GB_11,875원/1GB_95,000","_32GB_9,344원/1GB_299,000|_16GB_12,493원/1GB_199,890|8GB_11,875원/1GB_95,000","_32GB_9,344원/1GB_299,000|_16GB_12,493원/1GB_199,890|8GB_11,875원/1GB_95,000","_32GB_9,344원/1GB_299,000|_16GB_12,493원/1GB_199,890|8GB_11,875원/1GB_95,000"
15125060,삼성전자 DDR4-2933 ECC/REG,"_128GB_15,195원/1GB_1,945,000|_64GB_22,578원/1GB_1,445,000|32GB_19,062원/1GB_609,990|16GB_23,749원/1GB_379,990","_128GB_15,195원/1GB_1,945,000|_64GB_22,578원/1GB_1,445,000|32GB_19,062원/1GB_609,990|16GB_23,749원/1GB_379,990","_128GB_15,195원/1GB_1,945,000|_64GB_22,578원/1GB_1,445,000|32GB_19,062원/1GB_609,990|16GB_23,749원/1GB_379,990","_128GB_15,195원/1GB_1,945,000|_64GB_22,578원/1GB_1,445,000|32GB_19,062원/1GB_609,990|16GB_23,749원/1GB_379,990","_128GB_15,195원/1GB_1,945,000|_64GB_22,578원/1GB_1,445,000|32GB_19,062원/1GB_609,990|16GB_23,749원/1GB_379,990","_128GB_15,195원/1GB_1,945,000|_64GB_22,578원/1GB_1,445,000|32GB_19,062원/1GB_609,990|16GB_23,749원/1GB_379,990","_128GB_15,195원/1GB_1,945,000|_64GB_22,578원/1GB_1,445,000|32GB_19,062원/1GB_609,990|16GB_23,749원/1GB_379,990","_128GB_15,195원/1GB_1,945,000|_64GB_22,578원/1GB_1,445,000|32GB_19,062원/1GB_609,990|16GB_23,749원/1GB_379,990","_128GB_15,195원/1GB_1,945,000|_64GB_22,578원/1GB_1,445,000|32GB_19,062원/1GB_609,990|16GB_23,749원/1GB_379,990","_128GB_15,195원/1GB_1,945,000|_64GB_22,578원/1GB_1,445,000|32GB_19,062원/1GB_609,990|16GB_23,749원/1GB_379,990","_128GB_15,195원/1GB_1,945,000|_64GB_22,578원/1GB_1,445,000|32GB_19,062원/1GB_609,990|16GB_23,749원/1GB_379,990","_128GB_15,195원/1GB_1,945,000|_64GB_22,578원/1GB_1,445,000|32GB_19,062원/1GB_609,990|16GB_23,749원/1GB_379,990","_128GB_15,195원/1GB_1,945,000|_64GB_22,578원/1GB_1,445,000|32GB_19,062원/1GB_609,990|16GB_23,749원/1GB_379,990","_128GB_15,195원/1GB_1,945,000|_64GB_22,578원/1GB_1,445,000|32GB_19,062원/1GB_609,990|16GB_23,749원/1GB_379,990","_128GB_15,195원/1GB_1,945,000|_64GB_22,578원/1GB_1,445,000|32GB_19,062원/1GB_609,990|16GB_23,749원/1GB_379,990","_128GB_15,195원/1GB_1,945,000|_64GB_22,578원/1GB_1,445,000|32GB_19,062원/1GB_609,990|16GB_23,749원/1GB_379,990"
15798590,삼성전자 DDR4-2933 ECC/Unbuffered,"_32GB_32,313원/1GB_1,034,000|16GB_37,500원/1GB_600,000|_8GB_29,695원/1GB_237,560","_32GB_32,313원/1GB_1,034,000|16GB_37,500원/1GB_600,000|_8GB_29,695원/1GB_237,560","_32GB_32,313원/1GB_1,034,000|16GB_37,500원/1GB_600,000|_8GB_29,695원/1GB_237,560","_32GB_32,313원/1GB_1,034,000|16GB_37,500원/1GB_600,000|_8GB_29,695원/1GB_237,560","_32GB_32,313원/1GB_1,034,000|16GB_37,500원/1GB_600,000|_8GB_29,695원/1GB_237,560","_32GB_32,313원/1GB_1,034,000|16GB_37,500원/1GB_600,000|_8GB_29,695원/1GB_237,560","_32GB_32,313원/1GB_1,034,000|16GB_37,500원/1GB_600,000|_8GB_29,695원/1GB_237,560","_32GB_32,313원/1GB_1,034,000|16GB_37,500원/1GB_600,000|_8GB_29,695원/1GB_237,560","_32GB_32,313원/1GB_1,034,000|16GB_37,500원/1GB_600,000|_8GB_29,695원/1GB_237,560","_32GB_32,313원/1GB_1,034,000|16GB_37,500원/1GB_600,000|_8GB_29,695원/1GB_237,560","_32GB_33,000원/1GB_1,056,000|16GB_37,500원/1GB_600,000|_8GB_30,328원/1GB_242,620","_32GB_33,000원/1GB_1,056,000|16GB_37,500원/1GB_600,000|_8GB_30,328원/1GB_242,620","_32GB_33,000원/1GB_1,056,000|16GB_37,500원/1GB_600,000|_8GB_30,328원/1GB_242,620","_32GB_33,000원/1GB_1,056,000|16GB_37,500원/1GB_600,000|_8GB_30,328원/1GB_242,620","_32GB_33,000원/1GB_1,056,000|16GB_37,500원/1GB_600,000|_8GB_30,328원/1GB_242,620","_32GB_33,000원/1GB_1,056,000|16GB_37,500원/1GB_600,000|_8GB_30,328원/1GB_242,620"
17844794,삼성전자 DDR4-2933 중고,"8GB_9,875원/1GB_79,000","8GB_9,875원/1GB_79,000","8GB_9,875원/1GB_79,000","8GB_9,875원/1GB_79,000","8GB_10,625원/1GB_85,000","8GB_10,625원/1GB_85,000","8GB_10,625원/1GB_85,000","8GB_10,625원/1GB_85,000","8GB_10,625원/1GB_85,000","8GB_10,625원/1GB_85,000","8GB_10,625원/1GB_85,000","8GB_10,625원/1GB_85,000","8GB_10,625원/1GB_85,000","8GB_10,625원/1GB_85,000","8GB_10,625원/1GB_85,000","8GB_10,625원/1GB_85,000"
11790199,삼성전자 DDR4-3200,"32GB_13,934원/1GB_445,900|_16GB_12,181원/1GB_194,890|_8GB_10,049원/1GB_80,390|4GB_9,975원/1GB_39,900","32GB_13,934원/1GB_445,900|_16GB_12,180원/1GB_194,880|_8GB_10,049원/1GB_80,390|4GB_9,975원/1GB_39,900","32GB_13,934원/1GB_445,900|_16GB_12,175원/1GB_194,800|_8GB_10,049원/1GB_80,390|4GB_9,975원/1GB_39,900","32GB_13,934원/1GB_445,900|_16GB_12,173원/1GB_194,770|_8GB_10,049원/1GB_80,390|4GB_9,975원/1GB_39,900","32GB_13,934원/1GB_445,900|_16GB_12,171원/1GB_194,740|_8GB_10,049원/1GB_80,390|4GB_9,975원/1GB_39,900","32GB_13,934원/1GB_445,900|_16GB_12,171원/1GB_194,730|_8GB_10,049원/1GB_80,390|4GB_9,975원/1GB_39,900","32GB_13,934원/1GB_445,900|_16GB_12,169원/1GB_194,700|_8GB_10,049원/1GB_80,390|4GB_9,975원/1GB_39,900","32GB_13,934원/1GB_445,900|_16GB_12,169원/1GB_194,700|_8GB_10,049원/1GB_80,390|4GB_9,975원/1GB_39,900","32GB_13,697원/1GB_438,300|_16GB_12,169원/1GB_194,700|_8GB_10,049원/1GB_80,390|4GB_9,975원/1GB_39,900","32GB_13,697원/1GB_438,300|_16GB_12,169원/1GB_194,700|_8GB_10,049원/1GB_80,390|4GB_9,975원/1GB_39,900",0,0,0,0,"32GB_13,697원/1GB_438,300|_16GB_10,488원/1GB_167,800|_8GB_10,049원/1GB_80,390|4GB_9,975원/1GB_39,900","32GB_13,697원/1GB_438,300|_16GB_10,488원/1GB_167,800|_8GB_10,049원/1GB_80,390|4GB_9,975원/1GB_39,900"
11541857,삼성전자 DDR4-3200,0,0,0,0,0,0,0,0,0,0,"32GB_13,697원/1GB_438,300|_16GB_12,168원/1GB_194,690|_8GB_10,049원/1GB_80,390|4GB_9,975원/1GB_39,900","32GB_13,697원/1GB_438,300|_16GB_12,168원/1GB_194,690|_8GB_10,049원/1GB_80,390|4GB_9,975원/1GB_39,900","32GB_13,697원/1GB_438,300|_16GB_10,488원/1GB_167,800|_8GB_10,049원/1GB_80,390|4GB_9,975원/1GB_39,900","32GB_13,697원/1GB_438,300|_16GB_10,488원/1GB_167,800|_8GB_10,049원/1GB_80,390|4GB_9,975원/1GB_39,900",0,0
13432766,삼성전자 DDR4-3200 ECC/REG,"128GB_17,148원/1GB_2,195,000|_64GB_24,140원/1GB_1,544,990|32GB_21,719원/1GB_695,000|_16GB_24,687원/1GB_394,990|8GB_28,750원/1GB_230,000","128GB_17,148원/1GB_2,195,000|_64GB_24,140원/1GB_1,544,990|32GB_21,719원/1GB_695,000|_16GB_24,687원/1GB_394,990|8GB_28,750원/1GB_230,000","128GB_17,148원/1GB_2,195,000|_64GB_24,140원/1GB_1,544,990|32GB_21,719원/1GB_695,000|_16GB_24,687원/1GB_394,990|8GB_28,750원/1GB_230,000","128GB_17,148원/1GB_2,195,000|_64GB_24,140원/1GB_1,544,990|32GB_21,719원/1GB_695,000|_16GB_24,687원/1GB_394,990|8GB_28,750원/1GB_230,000","128GB_17,148원/1GB_2,195,000|_64GB_24,140원/1GB_1,544,990|32GB_21,719원/1GB_695,000|_16GB_24,687원/1GB_394,990|8GB_28,750원/1GB_230,000","128GB_17,148원/1GB_2,195,000|_64GB_24,141원/1GB_1,545,000|32GB_21,719원/1GB_695,000|_16GB_24,687원/1GB_394,990|8GB_28,750원/1GB_230,000","128GB_17,148원/1GB_2,195,000|_64GB_24,141원/1GB_1,545,000|32GB_21,719원/1GB_695,000|_16GB_24,687원/1GB_394,990|8GB_28,750원/1GB_230,000","128GB_17,148원/1GB_2,195,000|_64GB_24,141원/1GB_1,545,000|32GB_21,719원/1GB_695,000|_16GB_24,687원/1GB_394,990|8GB_28,750원/1GB_230,000",0,0,0,0,0,0,0,0
13433147,삼성전자 DDR4-3200 ECC/REG,0,0,0,0,0,0,0,0,"128GB_17,148원/1GB_2,195,000|_64GB_24,141원/1GB_1,545,000|_32GB_21,719원/1GB_695,000|16GB_24,687원/1GB_394,990|8GB_28,750원/1GB_230,000","128GB_17,148원/1GB_2,195,000|_64GB_24,141원/1GB_1,545,000|_32GB_21,719원/1GB_695,000|16GB_24,687원/1GB_394,990|8GB_28,750원/1GB_230,000","128GB_17,148원/1GB_2,195,000|_64GB_24,141원/1GB_1,545,000|_32GB_20,938원/1GB_670,000|16GB_24,686원/1GB_394,980|8GB_28,750원/1GB_230,000","128GB_17,148원/1GB_2,195,000|_64GB_24,141원/1GB_1,545,000|_32GB_20,938원/1GB_670,000|16GB_24,686원/1GB_394,980|8GB_28,750원/1GB_230,000","128GB_17,148원/1GB_2,195,000|_64GB_24,141원/1GB_1,545,000|_32GB_20,938원/1GB_670,000|16GB_24,686원/1GB_394,980|8GB_28,750원/1GB_230,000","128GB_17,148원/1GB_2,195,000|_64GB_24,140원/1GB_1,544,990|_32GB_20,781원/1GB_665,000|16GB_24,686원/1GB_394,980|8GB_28,750원/1GB_230,000","128GB_17,148원/1GB_2,195,000|_64GB_24,140원/1GB_1,544,990|_32GB_20,781원/1GB_665,000|16GB_24,686원/1GB_394,980|8GB_28,750원/1GB_230,000","128GB_17,148원/1GB_2,195,000|_64GB_24,140원/1GB_1,544,990|_32GB_20,781원/1GB_665,000|16GB_24,686원/1GB_394,980|8GB_28,750원/1GB_230,000"
37693463,삼성전자 DDR4-3200 ECC/Unbuffered,"32GB_30,313원/1GB_970,000","32GB_30,313원/1GB_970,000","32GB_30,313원/1GB_970,000","32GB_30,313원/1GB_970,000","32GB_30,313원/1GB_970,000","32GB_30,313원/1GB_970,000","32GB_30,313원/1GB_970,000","32GB_30,313원/1GB_970,000","32GB_30,313원/1GB_970,000","32GB_30,313원/1GB_970,000","32GB_30,313원/1GB_970,000","32GB_30,313원/1GB_970,000","32GB_30,313원/1GB_970,000","32GB_30,313원/1GB_970,000","32GB_30,313원/1GB_970,000","32GB_30,313원/1GB_970,000"
15578048,삼성전자 DDR4-3200 중고,"32GB_10,376원/1GB_332,020|_16GB_9,674원/1GB_154,790|_8GB_7,986원/1GB_63,890|4GB_7,500원/1GB_30,000","32GB_10,376원/1GB_332,020|_16GB_9,674원/1GB_154,790|_8GB_7,986원/1GB_63,890|4GB_7,500원/1GB_30,000","32GB_10,376원/1GB_332,020|_16GB_9,674원/1GB_154,790|_8GB_7,986원/1GB_63,890|4GB_7,500원/1GB_30,000","32GB_10,376원/1GB_332,020|_16GB_9,674원/1GB_154,790|_8GB_7,986원/1GB_63,890|4GB_7,500원/1GB_30,000","32GB_10,376원/1GB_332,020|_16GB_9,674원/1GB_154,790|_8GB_7,986원/1GB_63,890|4GB_7,500원/1GB_30,000","32GB_10,376원/1GB_332,020|_16GB_9,674원/1GB_154,790|_8GB_7,986원/1GB_63,890|4GB_7,500원/1GB_30,000","32GB_10,376원/1GB_332,020|_16GB_9,674원/1GB_154,790|_8GB_7,986원/1GB_63,890|4GB_7,500원/1GB_30,000","32GB_10,376원/1GB_332,020|_16GB_9,674원/1GB_154,790|_8GB_7,986원/1GB_63,890|4GB_7,500원/1GB_30,000","32GB_10,376원/1GB_332,020|_16GB_9,675원/1GB_154,800|_8GB_7,986원/1GB_63,890|4GB_7,500원/1GB_30,000","32GB_10,376원/1GB_332,020|_16GB_9,963원/1GB_159,410|_8GB_7,986원/1GB_63,890|4GB_7,500원/1GB_30,000","32GB_10,376원/1GB_332,020|_16GB_9,963원/1GB_159,410|_8GB_7,986원/1GB_63,890|4GB_7,500원/1GB_30,000","32GB_10,376원/1GB_332,020|_16GB_9,963원/1GB_159,400|_8GB_8,224원/1GB_65,790|4GB_7,500원/1GB_30,000","32GB_10,376원/1GB_332,020|_16GB_9,963원/1GB_159,400|_8GB_8,224원/1GB_65,790|4GB_7,500원/1GB_30,000","32GB_10,376원/1GB_332,020|_16GB_9,963원/1GB_159,400|_8GB_8,224원/1GB_65,790|4GB_7,500원/1GB_30,000","32GB_10,376원/1GB_332,020|_16GB_9,963원/1GB_159,400|_8GB_8,224원/1GB_65,790|4GB_7,500원/1GB_30,000","32GB_10,376원/1GB_332,020|_16GB_9,963원/1GB_159,400|_8GB_8,224원/1GB_65,790|4GB_7,500원/1GB_30,000"
16388927,삼성전자 DDR5-4800,"_32GB_20,250원/1GB_647,990|16GB_21,999원/1GB_351,990|_8GB_20,750원/1GB_166,000","_32GB_20,250원/1GB_647,990|16GB_21,999원/1GB_351,990|_8GB_20,750원/1GB_166,000",0,0,"_32GB_20,250원/1GB_647,990|16GB_21,999원/1GB_351,990|_8GB_20,750원/1GB_166,000","_32GB_20,250원/1GB_647,990|16GB_22,000원/1GB_352,000|_8GB_20,750원/1GB_166,000",0,0,0,0,0,0,0,0,0,0
15764342,삼성전자 DDR5-4800,0,0,"_32GB_20,250원/1GB_647,990|16GB_21,999원/1GB_351,990|_8GB_20,750원/1GB_166,000","_32GB_20,250원/1GB_647,990|16GB_21,999원/1GB_351,990|_8GB_20,750원/1GB_166,000",0,0,"_32GB_20,250원/1GB_647,990|16GB_22,000원/1GB_352,000|_8GB_20,750원/1GB_166,000","_32GB_20,250원/1GB_647,990|16GB_22,000원/1GB_352,000|_8GB_20,750원/1GB_166,000","_32GB_20,250원/1GB_647,990|16GB_22,000원/1GB_352,000|_8GB_20,750원/1GB_166,000","_32GB_20,250원/1GB_647,990|16GB_22,000원/1GB_352,000|_8GB_20,750원/1GB_166,000","_32GB_20,250원/1GB_647,990|16GB_22,000원/1GB_352,000|_8GB_20,750원/1GB_166,000","_32GB_20,250원/1GB_647,990|16GB_21,765원/1GB_348,240|_8GB_20,750원/1GB_166,000","_32GB_20,250원/1GB_647,990|_16GB_21,765원/1GB_348,240|8GB_21,856원/1GB_174,850","_32GB_20,250원/1GB_647,990|_16GB_21,765원/1GB_348,240|8GB_21,856원/1GB_174,850","_32GB_20,250원/1GB_647,990|16GB_21,765원/1GB_348,240|_8GB_21,856원/1GB_174,850","_32GB_20,250원/1GB_647,990|16GB_21,765원/1GB_348,240|_8GB_21,856원/1GB_174,850"
21678716,삼성전자 DDR5-4800 ECC/REG,"_64GB_58,438원/1GB_3,740,000|_32GB_59,996원/1GB_1,919,870|16GB_61,871원/1GB_989,930","_64GB_58,438원/1GB_3,740,000|_32GB_59,996원/1GB_1,919,870|16GB_61,868원/1GB_989,890","_64GB_58,438원/1GB_3,740,000|_32GB_59,996원/1GB_1,919,870|16GB_61,868원/1GB_989,890","_64GB_60,000원/1GB_3,840,000|_32GB_59,996원/1GB_1,919,870|16GB_61,868원/1GB_989,890","_64GB_60,000원/1GB_3,840,000|_32GB_59,996원/1GB_1,919,870|16GB_61,862원/1GB_989,790","_64GB_60,000원/1GB_3,840,000|_32GB_59,996원/1GB_1,919,870|16GB_61,861원/1GB_989,770","_64GB_60,000원/1GB_3,839,990|_32GB_59,996원/1GB_1,919,870|16GB_61,861원/1GB_989,770","_64GB_60,000원/1GB_3,839,990|_32GB_59,996원/1GB_1,919,870|16GB_61,861원/1GB_989,770","_64GB_60,000원/1GB_3,839,990|_32GB_59,996원/1GB_1,919,870|16GB_61,854원/1GB_989,670","_64GB_60,000원/1GB_3,839,990|_32GB_59,996원/1GB_1,919,870|16GB_61,853원/1GB_989,650","_64GB_60,000원/1GB_3,839,990|_32GB_59,996원/1GB_1,919,870|16GB_61,874원/1GB_989,990","_64GB_60,000원/1GB_3,839,990|_32GB_59,996원/1GB_1,919,870|16GB_61,874원/1GB_989,990","_64GB_60,000원/1GB_3,839,990|_32GB_59,996원/1GB_1,919,870|16GB_61,874원/1GB_989,990","_64GB_60,000원/1GB_3,839,990|_32GB_59,996원/1GB_1,919,870|16GB_61,874원/1GB_989,990","_64GB_60,000원/1GB_3,839,990|_32GB_59,996원/1GB_1,919,870|16GB_61,874원/1GB_989,990","_64GB_60,000원/1GB_3,839,990|_32GB_59,996원/1GB_1,919,870|16GB_61,874원/1GB_989,990"
16390268,삼성전자 DDR5-4800 병행수입,"_32GB_19,763원/1GB_632,430|_16GB_20,098원/1GB_321,560|8GB_20,423원/1GB_163,380","_32GB_19,763원/1GB_632,430|_16GB_20,098원/1GB_321,560|8GB_20,423원/1GB_163,380","_32GB_19,763원/1GB_632,430|_16GB_20,092원/1GB_321,470|8GB_20,423원/1GB_163,380","_32GB_19,763원/1GB_632,430|_16GB_20,090원/1GB_321,440|8GB_20,423원/1GB_163,380",0,0,0,0,0,0,0,0,0,0,0,0
16390262,삼성전자 DDR5-4800 병행수입,0,0,0,0,"32GB_19,763원/1GB_632,430|_16GB_20,090원/1GB_321,440|_8GB_20,423원/1GB_163,380","32GB_19,763원/1GB_632,430|_16GB_20,091원/1GB_321,450|_8GB_20,423원/1GB_163,380","_32GB_19,763원/1GB_632,430|_16GB_20,098원/1GB_321,560|8GB_20,423원/1GB_163,380","_32GB_19,763원/1GB_632,430|_16GB_20,098원/1GB_321,560|8GB_20,423원/1GB_163,380","32GB_19,763원/1GB_632,430|_16GB_20,098원/1GB_321,560|_8GB_21,466원/1GB_171,730","32GB_19,763원/1GB_632,430|_16GB_20,098원/1GB_321,560|_8GB_21,740원/1GB_173,920","32GB_19,763원/1GB_632,430|_16GB_20,393원/1GB_326,290|_8GB_21,740원/1GB_173,920","32GB_19,763원/1GB_632,430|_16GB_20,391원/1GB_326,260|_8GB_21,740원/1GB_173,920","_32GB_19,763원/1GB_632,430|_16GB_20,390원/1GB_326,240|8GB_21,740원/1GB_173,920","_32GB_19,763원/1GB_632,430|_16GB_20,389원/1GB_326,230|8GB_21,740원/1GB_173,920","_32GB_19,763원/1GB_632,430|_16GB_20,389원/1GB_326,230|8GB_21,740원/1GB_173,920","_32GB_19,763원/1GB_632,430|_16GB_20,389원/1GB_326,230|8GB_21,740원/1GB_173,920"
18911780,삼성전자 DDR5-5600,"_32GB_22,969원/1GB_735,000|24GB_19,793원/1GB_475,030|수량별배송비 32GB_26,804원/1GB_857,730|_16GB_22,112원/1GB_353,790|수량별배송비 16GB_23,124원/1GB_369,990|","_32GB_22,969원/1GB_735,000|24GB_19,793원/1GB_475,020|수량별배송비 32GB_26,803원/1GB_857,690|_16GB_22,112원/1GB_353,790|수량별배송비 16GB_23,124원/1GB_369,990|","_32GB_22,969원/1GB_735,000|24GB_19,793원/1GB_475,020|수량별배송비 32GB_26,803원/1GB_857,690|_16GB_22,112원/1GB_353,790|수량별배송비 16GB_23,124원/1GB_369,990|","_32GB_22,969원/1GB_735,000|24GB_19,793원/1GB_475,020|수량별배송비 32GB_26,803원/1GB_857,690|_16GB_22,112원/1GB_353,790|수량별배송비 16GB_23,124원/1GB_369,990|","_32GB_22,969원/1GB_735,000|24GB_19,789원/1GB_474,930|수량별배송비 32GB_26,800원/1GB_857,590|_16GB_22,112원/1GB_353,790|수량별배송비 16GB_23,124원/1GB_369,990|","_32GB_22,969원/1GB_735,000|24GB_19,788원/1GB_474,910|수량별배송비 32GB_26,799원/1GB_857,580|_16GB_22,112원/1GB_353,790|수량별배송비 16GB_23,125원/1GB_370,000|","_32GB_22,969원/1GB_735,000|24GB_19,625원/1GB_470,990|수량별배송비 32GB_26,799원/1GB_857,570|_16GB_22,112원/1GB_353,790|수량별배송비 16GB_23,125원/1GB_370,000|","_32GB_22,969원/1GB_735,000|24GB_19,625원/1GB_470,990|수량별배송비 32GB_26,799원/1GB_857,560|_16GB_22,112원/1GB_353,790|수량별배송비 16GB_23,125원/1GB_370,000|","24GB_19,625원/1GB_470,990|32GB_22,969원/1GB_735,000|수량별배송비 32GB_26,797원/1GB_857,510|_16GB_22,111원/1GB_353,770|수량별배송비 16GB_23,125원/1GB_370,000|_8GB_22,875원/1GB_183,000","24GB_19,625원/1GB_470,990|32GB_22,969원/1GB_735,000|수량별배송비 32GB_26,797원/1GB_857,490|_16GB_22,111원/1GB_353,770|수량별배송비 16GB_23,125원/1GB_370,000|_8GB_22,875원/1GB_183,000","24GB_19,625원/1GB_470,990|_32GB_22,969원/1GB_735,000|수량별배송비 32GB_26,793원/1GB_857,390|_16GB_22,106원/1GB_353,690|수량별배송비 16GB_23,125원/1GB_370,000|","24GB_19,625원/1GB_470,990|_32GB_22,969원/1GB_735,000|수량별배송비 32GB_26,792원/1GB_857,340|_16GB_22,106원/1GB_353,690|수량별배송비 16GB_23,125원/1GB_370,000|","24GB_19,779원/1GB_474,700|_32GB_22,969원/1GB_735,000|수량별배송비 32GB_26,790원/1GB_857,280|_16GB_22,106원/1GB_353,690|수량별배송비 16GB_24,062원/1GB_384,990|","24GB_19,779원/1GB_474,700|_32GB_22,969원/1GB_735,000|수량별배송비 32GB_26,789원/1GB_857,250|_16GB_22,106원/1GB_353,690|수량별배송비 16GB_24,062원/1GB_384,990|","24GB_19,779원/1GB_474,700|_32GB_22,969원/1GB_735,000|수량별배송비 32GB_26,787원/1GB_857,170|_16GB_22,106원/1GB_353,690|수량별배송비 16GB_24,062원/1GB_384,990|","24GB_19,779원/1GB_474,700|_32GB_22,969원/1GB_735,000|수량별배송비 32GB_26,785원/1GB_857,130|_16GB_22,106원/1GB_353,690|수량별배송비 16GB_24,062원/1GB_384,990|"
20644043,삼성전자 DDR5-5600,0,0,0,0,0,0,0,0,0,0,0,"24GB_19,625원/1GB_470,990|_32GB_22,969원/1GB_735,000|수량별배송비 32GB_26,792원/1GB_857,340|_16GB_22,106원/1GB_353,690|수량별배송비 16GB_23,125원/1GB_370,000|",0,0,0,0
79408823,삼성전자 DDR5-5600 ECC/REG,"128GB_74,961원/1GB_9,594,990|_64GB_67,031원/1GB_4,290,000|_32GB_70,153원/1GB_2,244,910|16GB_68,125원/1GB_1,090,000","128GB_74,961원/1GB_9,594,990|_64GB_67,031원/1GB_4,290,000|_32GB_70,153원/1GB_2,244,890|16GB_68,125원/1GB_1,090,000","128GB_74,961원/1GB_9,594,990|_64GB_67,031원/1GB_4,290,000|_32GB_70,150원/1GB_2,244,800|16GB_68,125원/1GB_1,090,000","128GB_74,961원/1GB_9,594,990|_64GB_67,031원/1GB_4,290,000|_32GB_70,149원/1GB_2,244,770|16GB_68,125원/1GB_1,090,000","128GB_74,961원/1GB_9,594,990|_64GB_67,031원/1GB_4,290,000|_32GB_70,146원/1GB_2,244,680|16GB_68,125원/1GB_1,090,000","128GB_74,961원/1GB_9,594,990|_64GB_67,031원/1GB_4,290,000|_32GB_70,145원/1GB_2,244,650|16GB_68,125원/1GB_1,090,000","128GB_74,961원/1GB_9,594,990|_64GB_67,031원/1GB_4,290,000|_32GB_70,156원/1GB_2,244,990|16GB_68,125원/1GB_1,090,000","128GB_74,961원/1GB_9,594,990|_64GB_67,031원/1GB_4,290,000|_32GB_70,156원/1GB_2,244,990|16GB_68,125원/1GB_1,090,000","128GB_74,961원/1GB_9,594,990|_64GB_67,031원/1GB_4,290,000|_32GB_70,156원/1GB_2,244,990|16GB_68,125원/1GB_1,090,000","128GB_74,961원/1GB_9,594,990|_64GB_67,031원/1GB_4,290,000|_32GB_61,875원/1GB_1,980,000|16GB_68,125원/1GB_1,090,000","128GB_74,961원/1GB_9,594,990|_64GB_67,031원/1GB_4,290,000|_32GB_68,125원/1GB_2,180,000|16GB_68,125원/1GB_1,090,000","128GB_74,961원/1GB_9,595,000|_64GB_67,031원/1GB_4,290,000|_32GB_68,125원/1GB_2,180,000|16GB_68,125원/1GB_1,090,000","128GB_74,961원/1GB_9,594,990|_64GB_67,031원/1GB_4,290,000|_32GB_68,125원/1GB_2,180,000|16GB_68,125원/1GB_1,090,000","128GB_74,961원/1GB_9,594,990|_64GB_67,031원/1GB_4,290,000|_32GB_68,125원/1GB_2,180,000|16GB_68,125원/1GB_1,090,000","128GB_74,961원/1GB_9,594,990|_64GB_67,031원/1GB_4,290,000|_32GB_68,125원/1GB_2,180,000|16GB_68,125원/1GB_1,090,000","128GB_74,961원/1GB_9,594,990|_64GB_67,031원/1GB_4,290,000|_32GB_68,125원/1GB_2,180,000|16GB_68,125원/1GB_1,090,000"
122621367,삼성전자 DDR5-5600 중고,"_16GB_21,819원/1GB_349,100|_8GB_23,174원/1GB_185,390","_16GB_21,806원/1GB_348,900|_8GB_23,174원/1GB_185,390","_16GB_21,768원/1GB_348,280|_8GB_23,173원/1GB_185,380","_16GB_21,754원/1GB_348,070|_8GB_23,173원/1GB_185,380","_16GB_21,738원/1GB_347,800|_8GB_23,173원/1GB_185,380","_16GB_21,738원/1GB_347,800|_8GB_23,173원/1GB_185,380","_16GB_21,737원/1GB_347,790|_8GB_23,171원/1GB_185,370","_16GB_21,737원/1GB_347,790|_8GB_23,171원/1GB_185,370","_16GB_21,188원/1GB_339,000|_8GB_23,171원/1GB_185,370","_16GB_21,875원/1GB_350,000|_8GB_23,171원/1GB_185,370","_16GB_21,875원/1GB_350,000|_8GB_23,170원/1GB_185,360","_16GB_21,874원/1GB_349,990|_8GB_23,170원/1GB_185,360","_16GB_21,874원/1GB_349,990|_8GB_23,170원/1GB_185,360","_16GB_21,874원/1GB_349,990|_8GB_23,170원/1GB_185,360","_16GB_21,874원/1GB_349,990|_8GB_23,169원/1GB_185,350","_16GB_21,874원/1GB_349,990|_8GB_23,169원/1GB_185,350"
122623097,삼성전자 DDR5-5600 중고,0,0,0,0,0,0,0,0,"_16GB_21,188원/1GB_339,000|_8GB_23,171원/1GB_185,370","_16GB_21,875원/1GB_350,000|_8GB_23,171원/1GB_185,370",0,0,0,0,0,0
108391655,삼성전자 DDR5-6400 CL52 CUDIMM,"_16GB_23,533원/1GB_376,520|_8GB_22,700원/1GB_181,600","_16GB_23,533원/1GB_376,520|_8GB_22,700원/1GB_181,600","_16GB_23,533원/1GB_376,520|_8GB_22,700원/1GB_181,600","_16GB_23,533원/1GB_376,520|_8GB_22,274원/1GB_178,190","_16GB_23,532원/1GB_376,510|_8GB_22,700원/1GB_181,600","_16GB_23,532원/1GB_376,510|_8GB_22,700원/1GB_181,600","_16GB_23,327원/1GB_373,230|_8GB_22,700원/1GB_181,600","_16GB_23,327원/1GB_373,230|_8GB_22,700원/1GB_181,600","_16GB_23,327원/1GB_373,230|_8GB_22,700원/1GB_181,600","_16GB_23,327원/1GB_373,230|_8GB_22,700원/1GB_181,600","_16GB_23,327원/1GB_373,230|_8GB_22,700원/1GB_181,600","_16GB_23,327원/1GB_373,230|_8GB_22,700원/1GB_181,600","_16GB_23,533원/1GB_376,520|_8GB_22,700원/1GB_181,600","_16GB_23,533원/1GB_376,520|_8GB_22,700원/1GB_181,600","_16GB_23,533원/1GB_376,520|_8GB_22,700원/1GB_181,600","_16GB_23,533원/1GB_376,520|_8GB_22,700원/1GB_181,600"
103130627,삼성전자 DDR5-6400 ECC/REG,"64GB_72,566원/1GB_4,644,240","64GB_72,566원/1GB_4,644,200","64GB_72,566원/1GB_4,644,200","64GB_72,566원/1GB_4,644,200","64GB_72,564원/1GB_4,644,110","64GB_72,564원/1GB_4,644,090","64GB_72,564원/1GB_4,644,090","64GB_72,564원/1GB_4,644,490","64GB_72,570원/1GB_4,644,490","64GB_72,570원/1GB_4,644,490","64GB_72,570원/1GB_4,644,500","64GB_72,570원/1GB_4,644,500","64GB_72,570원/1GB_4,644,500","64GB_72,570원/1GB_4,644,500","64GB_72,570원/1GB_4,644,500","64GB_72,570원/1GB_4,644,500"
118832316,삼성전자 노트북 DDR2 PC2-5300 CL4.5 (중고),"2GB_3,500원/1GB_7,000","2GB_3,500원/1GB_7,000","2GB_3,500원/1GB_7,000","2GB_3,500원/1GB_7,000","2GB_3,500원/1GB_7,000","2GB_3,500원/1GB_7,000","2GB_3,500원/1GB_7,000","2GB_3,500원/1GB_7,000","2GB_3,500원/1GB_7,000","2GB_3,500원/1GB_7,000","2GB_3,500원/1GB_7,000","2GB_3,500원/1GB_7,000","2GB_3,500원/1GB_7,000","2GB_3,500원/1GB_7,000","2GB_3,500원/1GB_7,000","2GB_3,500원/1GB_7,000"
5580681,삼성전자 노트북 DDR2-533 중고,"1GB_6,440원/1GB_6,440","1GB_6,440원/1GB_6,440","1GB_6,440원/1GB_6,440","1GB_6,440원/1GB_6,440","1GB_6,440원/1GB_6,440","1GB_6,440원/1GB_6,440","1GB_6,440원/1GB_6,440","1GB_6,440원/1GB_6,440","1GB_6,440원/1GB_6,440","1GB_6,440원/1GB_6,440","1GB_6,440원/1GB_6,440","1GB_6,440원/1GB_6,440","1GB_6,440원/1GB_6,440","1GB_6,440원/1GB_6,440","1GB_6,440원/1GB_6,440","1GB_6,440원/1GB_6,440"
5580847,삼성전자 노트북 DDR2-667 병행수입,"2GB_9,000원/1GB_18,000","2GB_9,000원/1GB_18,000","2GB_9,000원/1GB_18,000","2GB_9,000원/1GB_18,000","2GB_9,000원/1GB_18,000","2GB_9,000원/1GB_18,000","2GB_9,000원/1GB_18,000","2GB_9,000원/1GB_18,000","2GB_9,000원/1GB_18,000","2GB_9,000원/1GB_18,000","2GB_9,000원/1GB_18,000","2GB_9,000원/1GB_18,000","2GB_9,000원/1GB_18,000","2GB_9,000원/1GB_18,000","2GB_9,000원/1GB_18,000","2GB_9,000원/1GB_18,000"
863361,삼성전자 노트북 DDR2-667 중고,"_2GB_3,100원/1GB_6,200|_1GB_4,560원/1GB_4,560","_2GB_3,100원/1GB_6,200|_1GB_4,560원/1GB_4,560","_2GB_3,100원/1GB_6,200|_1GB_4,560원/1GB_4,560","_2GB_3,100원/1GB_6,200|_1GB_4,560원/1GB_4,560","_2GB_3,100원/1GB_6,200|_1GB_4,560원/1GB_4,560","_2GB_3,100원/1GB_6,200|_1GB_4,560원/1GB_4,560","_2GB_3,100원/1GB_6,200|_1GB_4,560원/1GB_4,560","_2GB_3,100원/1GB_6,200|_1GB_4,560원/1GB_4,560","_2GB_3,100원/1GB_6,200|_1GB_4,560원/1GB_4,560","_2GB_3,100원/1GB_6,200|_1GB_4,560원/1GB_4,560","_2GB_3,100원/1GB_6,200|_1GB_4,560원/1GB_4,560","_2GB_3,100원/1GB_6,200|_1GB_4,560원/1GB_4,560","_2GB_3,100원/1GB_6,200|_1GB_4,560원/1GB_4,560","_2GB_3,100원/1GB_6,200|_1GB_4,560원/1GB_4,560","_2GB_3,100원/1GB_6,200|_1GB_4,560원/1GB_4,560","_2GB_3,100원/1GB_6,200|_1GB_4,560원/1GB_4,560"
863346,삼성전자 노트북 DDR2-800 중고,"_2GB_3,250원/1GB_6,500|_1GB_6,180원/1GB_6,180","_2GB_3,250원/1GB_6,500|_1GB_6,180원/1GB_6,180","_2GB_3,250원/1GB_6,500|_1GB_6,180원/1GB_6,180","_2GB_3,250원/1GB_6,500|_1GB_6,180원/1GB_6,180","_2GB_3,250원/1GB_6,500|_1GB_6,180원/1GB_6,180","_2GB_3,250원/1GB_6,500|_1GB_6,180원/1GB_6,180","_2GB_3,250원/1GB_6,500|_1GB_6,180원/1GB_6,180","_2GB_3,250원/1GB_6,500|_1GB_6,180원/1GB_6,180","_2GB_3,250원/1GB_6,500|_1GB_6,180원/1GB_6,180","_2GB_3,250원/1GB_6,500|_1GB_6,180원/1GB_6,180","_2GB_3,250원/1GB_6,500|_1GB_6,180원/1GB_6,180","_2GB_3,250원/1GB_6,500|_1GB_6,180원/1GB_6,180","_2GB_3,250원/1GB_6,500|_1GB_6,180원/1GB_6,180","_2GB_3,250원/1GB_6,500|_1GB_6,180원/1GB_6,180","_2GB_3,250원/1GB_6,500|_1GB_6,180원/1GB_6,180","_2GB_3,250원/1GB_6,500|_1GB_6,180원/1GB_6,180"
116414127,삼성전자 노트북 DDR3-1066 (중고),"4GB_15,000원/1GB_60,000","4GB_15,000원/1GB_60,000","4GB_15,000원/1GB_60,000","4GB_15,000원/1GB_60,000","4GB_15,000원/1GB_60,000","4GB_15,000원/1GB_60,000","4GB_15,000원/1GB_60,000","4GB_15,000원/1GB_60,000","4GB_15,000원/1GB_60,000","4GB_15,000원/1GB_60,000","4GB_15,000원/1GB_60,000","4GB_15,000원/1GB_60,000","4GB_15,000원/1GB_60,000","4GB_15,000원/1GB_60,000","4GB_15,000원/1GB_60,000","4GB_15,000원/1GB_60,000"
5579854,삼성전자 노트북 DDR3-1066 중고,"4GB_15,000원/1GB_60,000|_2GB_1,255원/1GB_2,510|_1GB_1,490원/1GB_1,490","4GB_15,000원/1GB_60,000|_2GB_1,255원/1GB_2,510|_1GB_1,490원/1GB_1,490","4GB_15,000원/1GB_60,000|_2GB_1,255원/1GB_2,510|_1GB_1,490원/1GB_1,490","4GB_15,000원/1GB_60,000|_2GB_1,255원/1GB_2,510|_1GB_1,490원/1GB_1,490","4GB_15,000원/1GB_60,000|_2GB_1,255원/1GB_2,510|_1GB_1,490원/1GB_1,490","4GB_15,000원/1GB_60,000|_2GB_1,255원/1GB_2,510|_1GB_1,490원/1GB_1,490","4GB_15,000원/1GB_60,000|_2GB_1,255원/1GB_2,510|_1GB_1,490원/1GB_1,490","4GB_15,000원/1GB_60,000|_2GB_1,255원/1GB_2,510|_1GB_1,490원/1GB_1,490","4GB_15,000원/1GB_60,000|_2GB_1,285원/1GB_2,570|_1GB_1,490원/1GB_1,490","4GB_15,000원/1GB_60,000|_2GB_1,285원/1GB_2,570|_1GB_1,490원/1GB_1,490","4GB_15,000원/1GB_60,000|_2GB_1,285원/1GB_2,570|_1GB_1,490원/1GB_1,490","4GB_15,000원/1GB_60,000|_2GB_1,295원/1GB_2,590|_1GB_1,490원/1GB_1,490","4GB_15,000원/1GB_60,000|_2GB_1,295원/1GB_2,590|_1GB_1,490원/1GB_1,490","4GB_15,000원/1GB_60,000|_2GB_1,295원/1GB_2,590|_1GB_1,490원/1GB_1,490","4GB_15,000원/1GB_60,000|_2GB_1,295원/1GB_2,590|_1GB_1,490원/1GB_1,490","4GB_15,000원/1GB_60,000|_2GB_1,295원/1GB_2,590|_1GB_1,490원/1GB_1,490"
925624,삼성전자 노트북 DDR3-1333,"2GB_4,500","2GB_4,500","2GB_4,500","2GB_4,500","2GB_4,500","2GB_4,500","2GB_4,500","2GB_4,500","2GB_4,500","2GB_4,500","2GB_4,500","2GB_4,500","2GB_4,500","2GB_4,500","2GB_4,500","2GB_4,500"
1719949,삼성전자 노트북 DDR3-1333 병행수입,"_8GB_12,375원/1GB_99,000|_4GB_6,250원/1GB_25,000|2GB_6,700원/1GB_13,400|1GB_26,000원/1GB_26,000","_8GB_12,375원/1GB_99,000|_4GB_6,250원/1GB_25,000|2GB_6,700원/1GB_13,400|1GB_26,000원/1GB_26,000","_8GB_12,375원/1GB_99,000|_4GB_6,250원/1GB_25,000|2GB_6,700원/1GB_13,400|1GB_26,000원/1GB_26,000","_8GB_12,375원/1GB_99,000|_4GB_6,250원/1GB_25,000|2GB_6,700원/1GB_13,400|1GB_26,000원/1GB_26,000","_8GB_12,375원/1GB_99,000|_4GB_6,250원/1GB_25,000|2GB_6,700원/1GB_13,400|1GB_26,000원/1GB_26,000","_8GB_12,375원/1GB_99,000|_4GB_6,250원/1GB_25,000|2GB_6,700원/1GB_13,400|1GB_26,000원/1GB_26,000","_8GB_12,375원/1GB_99,000|_4GB_6,250원/1GB_25,000|2GB_6,700원/1GB_13,400|1GB_26,000원/1GB_26,000","_8GB_12,375원/1GB_99,000|_4GB_6,250원/1GB_25,000|2GB_6,700원/1GB_13,400|1GB_26,000원/1GB_26,000",0,0,0,0,0,0,0,0
949437,삼성전자 노트북 DDR3-1333 병행수입,0,0,0,0,0,0,0,0,"_8GB_12,375원/1GB_99,000|_4GB_6,250원/1GB_25,000|2GB_6,700원/1GB_13,400|1GB_26,000원/1GB_26,000","_8GB_12,375원/1GB_99,000|_4GB_6,250원/1GB_25,000|2GB_6,700원/1GB_13,400|1GB_26,000원/1GB_26,000","_8GB_12,375원/1GB_99,000|_4GB_6,250원/1GB_25,000|2GB_6,700원/1GB_13,400|1GB_26,000원/1GB_26,000","_8GB_12,375원/1GB_99,000|_4GB_6,250원/1GB_25,000|2GB_6,700원/1GB_13,400|1GB_26,000원/1GB_26,000","_8GB_12,375원/1GB_99,000|_4GB_6,250원/1GB_25,000|2GB_6,700원/1GB_13,400|1GB_26,000원/1GB_26,000","_8GB_12,375원/1GB_99,000|_4GB_6,250원/1GB_25,000|2GB_6,700원/1GB_13,400|1GB_26,000원/1GB_26,000","_8GB_12,375원/1GB_99,000|_4GB_6,250원/1GB_25,000|2GB_6,700원/1GB_13,400|1GB_26,000원/1GB_26,000","_8GB_12,375원/1GB_99,000|_4GB_6,250원/1GB_25,000|2GB_6,700원/1GB_13,400|1GB_26,000원/1GB_26,000"
5546469,삼성전자 노트북 DDR3-1333 중고,"8GB_5,363원/1GB_42,900|_4GB_2,178원/1GB_8,710|_2GB_1,970원/1GB_3,940|1GB_1,490원/1GB_1,490","8GB_5,363원/1GB_42,900|_4GB_2,178원/1GB_8,710|_2GB_1,970원/1GB_3,940|1GB_1,490원/1GB_1,490","8GB_5,363원/1GB_42,900|_4GB_2,178원/1GB_8,710|_2GB_1,970원/1GB_3,940|1GB_1,490원/1GB_1,490","8GB_5,363원/1GB_42,900|_4GB_2,178원/1GB_8,710|_2GB_1,970원/1GB_3,940|1GB_1,490원/1GB_1,490","8GB_5,363원/1GB_42,900|_4GB_2,178원/1GB_8,710|_2GB_1,970원/1GB_3,940|1GB_1,490원/1GB_1,490","8GB_5,363원/1GB_42,900|_4GB_2,178원/1GB_8,710|_2GB_1,970원/1GB_3,940|1GB_1,490원/1GB_1,490","8GB_5,363원/1GB_42,900|_4GB_2,178원/1GB_8,710|_2GB_1,970원/1GB_3,940|1GB_1,490원/1GB_1,490","8GB_5,363원/1GB_42,900|_4GB_2,178원/1GB_8,710|_2GB_1,970원/1GB_3,940|1GB_1,490원/1GB_1,490","8GB_5,363원/1GB_42,900|_4GB_2,178원/1GB_8,710|_2GB_1,970원/1GB_3,940|1GB_1,490원/1GB_1,490","8GB_5,363원/1GB_42,900|_4GB_2,298원/1GB_9,190|_2GB_1,970원/1GB_3,940|1GB_1,490원/1GB_1,490","8GB_5,363원/1GB_42,900|_4GB_2,300원/1GB_9,200|_2GB_1,970원/1GB_3,940|1GB_1,490원/1GB_1,490","8GB_5,363원/1GB_42,900|_4GB_2,300원/1GB_9,200|_2GB_1,970원/1GB_3,940|1GB_1,490원/1GB_1,490","8GB_5,363원/1GB_42,900|_4GB_2,300원/1GB_9,200|_2GB_1,970원/1GB_3,940|1GB_1,490원/1GB_1,490","8GB_5,363원/1GB_42,900|_4GB_2,300원/1GB_9,200|_2GB_1,970원/1GB_3,940|1GB_1,490원/1GB_1,490","8GB_5,363원/1GB_42,900|_4GB_2,300원/1GB_9,200|_2GB_1,970원/1GB_3,940|1GB_1,490원/1GB_1,490","8GB_5,363원/1GB_42,900|_4GB_2,300원/1GB_9,200|_2GB_1,970원/1GB_3,940|1GB_1,490원/1GB_1,490"
1962927,삼성전자 노트북 DDR3-1600,"2GB_3,470","2GB_3,470","2GB_3,470","2GB_3,470","2GB_3,470","2GB_3,470","2GB_3,470","2GB_3,470","2GB_3,470","2GB_3,470","2GB_3,470","2GB_3,470","2GB_3,470","2GB_3,470","2GB_3,470","2GB_3,470"
2747282,삼성전자 노트북 DDR3-1600 1.35V 병행수입,"8GB_7,125원/1GB_57,000","8GB_7,125원/1GB_57,000","8GB_7,125원/1GB_57,000","8GB_7,125원/1GB_57,000","8GB_7,125원/1GB_57,000","8GB_7,125원/1GB_57,000","8GB_7,125원/1GB_57,000","8GB_7,125원/1GB_57,000","8GB_7,125원/1GB_57,000","8GB_7,125원/1GB_57,000","8GB_7,125원/1GB_57,000","8GB_7,125원/1GB_57,000","8GB_7,125원/1GB_57,000","8GB_7,125원/1GB_57,000","8GB_7,125원/1GB_57,000","8GB_7,125원/1GB_57,000"
14183372,삼성전자 노트북 DDR3-1600 1.35V 중고,"_8GB_2,863원/1GB_22,900||_4GB_2,253원/1GB_9,010","_8GB_2,863원/1GB_22,900||_4GB_2,253원/1GB_9,010","_8GB_2,863원/1GB_22,900||_4GB_2,253원/1GB_9,010","_8GB_2,863원/1GB_22,900||_4GB_2,253원/1GB_9,010","_8GB_2,863원/1GB_22,900||_4GB_2,253원/1GB_9,010","_8GB_2,863원/1GB_22,900||_4GB_2,253원/1GB_9,010","_8GB_2,863원/1GB_22,900||_4GB_2,253원/1GB_9,010","_8GB_2,863원/1GB_22,900||_4GB_2,253원/1GB_9,010","_8GB_2,863원/1GB_22,900||_4GB_2,225원/1GB_8,900","_8GB_3,139원/1GB_25,110||_4GB_2,225원/1GB_8,900","_8GB_3,221원/1GB_25,770||_4GB_2,225원/1GB_8,900","_8GB_3,215원/1GB_25,720||_4GB_2,225원/1GB_8,900","_8GB_3,208원/1GB_25,660||_4GB_2,203원/1GB_8,810","_8GB_3,204원/1GB_25,630||_4GB_2,203원/1GB_8,810","_8GB_3,204원/1GB_25,630||_4GB_2,203원/1GB_8,810","_8GB_3,204원/1GB_25,630||_4GB_2,203원/1GB_8,810"
1962928,삼성전자 노트북 DDR3-1600 병행수입,"2GB_9,850원/1GB_19,700","2GB_9,850원/1GB_19,700","2GB_9,850원/1GB_19,700","2GB_9,850원/1GB_19,700","2GB_9,850원/1GB_19,700","2GB_9,850원/1GB_19,700","2GB_9,850원/1GB_19,700","2GB_9,850원/1GB_19,700","2GB_9,850원/1GB_19,700","2GB_9,850원/1GB_19,700","2GB_9,850원/1GB_19,700","2GB_9,850원/1GB_19,700","2GB_9,850원/1GB_19,700","2GB_9,850원/1GB_19,700","2GB_9,850원/1GB_19,700","2GB_9,850원/1GB_19,700"
5549011,삼성전자 노트북 DDR3-1600 중고,"_8GB_3,088원/1GB_24,700|_4GB_2,178원/1GB_8,710|2GB_1,245원/1GB_2,490","_8GB_3,088원/1GB_24,700|_4GB_2,178원/1GB_8,710|2GB_1,245원/1GB_2,490","_8GB_3,088원/1GB_24,700|_4GB_2,178원/1GB_8,710|2GB_1,245원/1GB_2,490","_8GB_3,088원/1GB_24,700|_4GB_2,178원/1GB_8,710|2GB_1,245원/1GB_2,490","_8GB_3,088원/1GB_24,700|_4GB_2,178원/1GB_8,710|2GB_1,245원/1GB_2,490","_8GB_3,213원/1GB_25,700|_4GB_2,178원/1GB_8,710|2GB_1,245원/1GB_2,490","_8GB_3,088원/1GB_24,700|_4GB_2,178원/1GB_8,710|2GB_1,245원/1GB_2,490","_8GB_3,213원/1GB_25,700|_4GB_2,178원/1GB_8,710|2GB_1,245원/1GB_2,490","_8GB_3,213원/1GB_25,700|_4GB_2,178원/1GB_8,710|2GB_1,245원/1GB_2,490","_8GB_3,213원/1GB_25,700|_4GB_2,298원/1GB_9,190|2GB_1,245원/1GB_2,490","_8GB_3,088원/1GB_24,700|_4GB_2,298원/1GB_9,190|2GB_1,245원/1GB_2,490","_8GB_3,088원/1GB_24,700|_4GB_2,290원/1GB_9,160|2GB_1,245원/1GB_2,490",0,0,"_8GB_3,088원/1GB_24,700|_4GB_2,268원/1GB_9,070|2GB_1,245원/1GB_2,490","_8GB_3,213원/1GB_25,700|_4GB_2,268원/1GB_9,070|2GB_1,245원/1GB_2,490"
5548947,삼성전자 노트북 DDR3-1600 중고,0,0,0,0,0,0,0,0,0,0,0,0,"_8GB_3,088원/1GB_24,700|_4GB_2,275원/1GB_9,100|2GB_1,245원/1GB_2,490","_8GB_3,088원/1GB_24,700|_4GB_2,268원/1GB_9,070|2GB_1,245원/1GB_2,490",0,0
3493083,삼성전자 노트북 DDR4-2133,"_16GB_7,884원/1GB_126,150|_8GB_7,499원/1GB_59,990","_16GB_7,884원/1GB_126,140|_8GB_7,499원/1GB_59,990","_16GB_7,879원/1GB_126,060|_8GB_7,499원/1GB_59,990","_16GB_7,877원/1GB_126,030|_8GB_7,499원/1GB_59,990","_16GB_7,877원/1GB_126,030|_8GB_7,499원/1GB_59,990","_16GB_7,878원/1GB_126,040|_8GB_7,499원/1GB_59,990","_16GB_7,885원/1GB_126,160|_8GB_7,499원/1GB_59,990","_16GB_7,885원/1GB_126,160|_8GB_7,499원/1GB_59,990","_16GB_7,885원/1GB_126,160|_8GB_7,499원/1GB_59,990","_16GB_7,885원/1GB_126,160|_8GB_7,499원/1GB_59,990","_16GB_7,885원/1GB_126,160|_8GB_7,499원/1GB_59,990","_16GB_7,885원/1GB_126,160|_8GB_7,499원/1GB_59,990","_16GB_7,885원/1GB_126,160|_8GB_7,499원/1GB_59,990","_16GB_7,885원/1GB_126,160|_8GB_7,499원/1GB_59,990","_16GB_7,885원/1GB_126,160|_8GB_7,499원/1GB_59,990","_16GB_7,885원/1GB_126,160|_8GB_7,499원/1GB_59,990"
12970748,삼성전자 노트북 DDR4-2133 중고,"16GB_7,081원/1GB_113,290|_8GB_6,394원/1GB_51,150|_4GB_6,750원/1GB_27,000","16GB_7,079원/1GB_113,260|_8GB_6,391원/1GB_51,130|_4GB_6,750원/1GB_27,000","16GB_7,079원/1GB_113,260|_8GB_6,380원/1GB_51,040|_4GB_6,750원/1GB_27,000","16GB_7,078원/1GB_113,250|_8GB_6,376원/1GB_51,010|_4GB_6,750원/1GB_27,000","16GB_7,078원/1GB_113,250|_8GB_6,376원/1GB_51,010|_4GB_6,750원/1GB_27,000","16GB_7,079원/1GB_113,260|_8GB_6,378원/1GB_51,020|_4GB_6,750원/1GB_27,000","16GB_7,171원/1GB_114,740|_8GB_6,439원/1GB_51,510|_4GB_6,750원/1GB_27,000","16GB_7,171원/1GB_114,740|_8GB_6,439원/1GB_51,510|_4GB_6,750원/1GB_27,000","16GB_7,167원/1GB_114,670|_8GB_6,439원/1GB_51,510|_4GB_6,750원/1GB_27,000","16GB_7,166원/1GB_114,650|_8GB_6,439원/1GB_51,510|_4GB_6,750원/1GB_27,000","16GB_7,167원/1GB_114,670|_8GB_6,439원/1GB_51,510|_4GB_6,750원/1GB_27,000","16GB_7,167원/1GB_114,670|_8GB_6,509원/1GB_52,070|_4GB_6,750원/1GB_27,000","16GB_7,167원/1GB_114,670|_8GB_6,509원/1GB_52,070|_4GB_6,750원/1GB_27,000","16GB_7,167원/1GB_114,670|_8GB_6,509원/1GB_52,070|_4GB_6,750원/1GB_27,000","16GB_7,167원/1GB_114,670|_8GB_6,509원/1GB_52,070|_4GB_6,750원/1GB_27,000","16GB_7,167원/1GB_114,670|_8GB_6,509원/1GB_52,070|_4GB_6,750원/1GB_27,000"
5202059,삼성전자 노트북 DDR4-2400,"_16GB_6,750원/1GB_108,000|_8GB_7,799원/1GB_62,390|4GB_7,290원/1GB_29,160","_16GB_6,750원/1GB_108,000|_8GB_7,795원/1GB_62,360|4GB_7,288원/1GB_29,150","_16GB_6,750원/1GB_108,000|_8GB_7,795원/1GB_62,360|4GB_7,288원/1GB_29,150","_16GB_6,750원/1GB_108,000|_8GB_7,794원/1GB_62,350|4GB_7,285원/1GB_29,140","_16GB_6,750원/1GB_108,000|_8GB_7,794원/1GB_62,350|4GB_7,285원/1GB_29,140","_16GB_6,750원/1GB_108,000|_8GB_7,795원/1GB_62,360|4GB_7,283원/1GB_29,130","_16GB_6,750원/1GB_108,000|_8GB_7,238원/1GB_57,900|4GB_7,263원/1GB_29,050","_16GB_6,750원/1GB_108,000|_8GB_7,238원/1GB_57,900|4GB_7,258원/1GB_29,030","_16GB_6,750원/1GB_108,000|_8GB_7,238원/1GB_57,900|4GB_7,245원/1GB_28,980","_16GB_7,125원/1GB_114,000|_8GB_7,238원/1GB_57,900|4GB_7,245원/1GB_28,980","_16GB_7,125원/1GB_114,000|_8GB_7,238원/1GB_57,900|4GB_7,243원/1GB_28,970","_16GB_7,125원/1GB_114,000|_8GB_7,238원/1GB_57,900|4GB_7,243원/1GB_28,970","_16GB_7,125원/1GB_114,000|_8GB_7,238원/1GB_57,900|4GB_7,243원/1GB_28,970","_16GB_7,125원/1GB_114,000|_8GB_7,238원/1GB_57,900|4GB_7,243원/1GB_28,970","_16GB_7,125원/1GB_114,000|_8GB_7,238원/1GB_57,900|4GB_7,240원/1GB_28,960","_16GB_7,125원/1GB_114,000|_8GB_7,238원/1GB_57,900|4GB_7,240원/1GB_28,960"
15481538,삼성전자 노트북 DDR4-2400 중고,"_16GB_6,750원/1GB_108,000|_8GB_6,661원/1GB_53,290|4GB_6,743원/1GB_26,970","_16GB_6,750원/1GB_108,000|_8GB_6,661원/1GB_53,290|4GB_6,743원/1GB_26,970","_16GB_6,750원/1GB_108,000|_8GB_6,661원/1GB_53,290|4GB_6,743원/1GB_26,970","_16GB_6,750원/1GB_108,000|_8GB_6,661원/1GB_53,290|4GB_6,743원/1GB_26,970","_16GB_6,750원/1GB_108,000|_8GB_6,661원/1GB_53,290|4GB_7,198원/1GB_28,790","_16GB_6,750원/1GB_108,000|_8GB_6,663원/1GB_53,300|4GB_7,198원/1GB_28,790","_16GB_6,750원/1GB_108,000|_8GB_6,663원/1GB_53,300|4GB_7,198원/1GB_28,790","_16GB_6,750원/1GB_108,000|_8GB_6,663원/1GB_53,300|4GB_7,198원/1GB_28,790","_16GB_6,750원/1GB_108,000|_8GB_6,663원/1GB_53,300|4GB_7,198원/1GB_28,790","_16GB_6,975원/1GB_111,600|_8GB_6,663원/1GB_53,300|4GB_7,198원/1GB_28,790","_16GB_6,975원/1GB_111,600|_8GB_6,663원/1GB_53,300|4GB_7,198원/1GB_28,790","_16GB_6,975원/1GB_111,600|_8GB_6,661원/1GB_53,290|4GB_7,198원/1GB_28,790","_16GB_6,975원/1GB_111,600|_8GB_6,661원/1GB_53,290|4GB_7,198원/1GB_28,790","_16GB_6,975원/1GB_111,600|_8GB_6,661원/1GB_53,290|4GB_7,198원/1GB_28,790","_16GB_6,975원/1GB_111,600|_8GB_6,661원/1GB_53,290|4GB_7,198원/1GB_28,790","_16GB_6,975원/1GB_111,600|_8GB_6,661원/1GB_53,290|4GB_7,198원/1GB_28,790"
120130385,삼성전자 노트북 DDR4-2400 중고,"8GB_7,249원/1GB_57,990","8GB_6,661원/1GB_53,290","8GB_7,249원/1GB_57,990","8GB_6,661원/1GB_53,290","8GB_7,249원/1GB_57,990","8GB_6,743원/1GB_53,940","8GB_7,249원/1GB_57,990","8GB_6,743원/1GB_53,940","8GB_7,374원/1GB_58,990","8GB_6,859원/1GB_54,870","8GB_7,374원/1GB_58,990","8GB_6,661원/1GB_53,290","8GB_6,661원/1GB_53,290","8GB_6,661원/1GB_53,290","8GB_6,661원/1GB_53,290","8GB_6,661원/1GB_53,290"
6393068,삼성전자 노트북 DDR4-2666,"_16GB_7,400원/1GB_118,400|32GB_10,219원/1GB_327,000|8GB_7,875원/1GB_63,000|_4GB_9,088원/1GB_36,350","_16GB_7,399원/1GB_118,380|32GB_10,219원/1GB_327,000|8GB_7,875원/1GB_63,000|_4GB_9,088원/1GB_36,350","_16GB_7,393원/1GB_118,290|32GB_10,219원/1GB_327,000|_8GB_7,875원/1GB_63,000|4GB_9,088원/1GB_36,350","_16GB_7,391원/1GB_118,260|32GB_10,219원/1GB_327,000|_8GB_7,875원/1GB_63,000|4GB_9,088원/1GB_36,350","_16GB_7,391원/1GB_118,260|32GB_10,219원/1GB_327,000|_8GB_7,875원/1GB_63,000|4GB_9,088원/1GB_36,350","_16GB_7,392원/1GB_118,270|32GB_10,219원/1GB_327,000|_8GB_7,875원/1GB_63,000|4GB_9,088원/1GB_36,350","_16GB_7,416원/1GB_118,660|32GB_10,219원/1GB_327,000|_8GB_7,875원/1GB_63,000|4GB_9,088원/1GB_36,350","_16GB_7,416원/1GB_118,660|32GB_10,219원/1GB_327,000|_8GB_7,875원/1GB_63,000|4GB_9,088원/1GB_36,350","_16GB_7,424원/1GB_118,780|32GB_10,219원/1GB_327,000|_8GB_7,875원/1GB_63,000|4GB_9,088원/1GB_36,350","_16GB_7,416원/1GB_118,660|32GB_10,219원/1GB_327,000|_8GB_7,875원/1GB_63,000|4GB_9,088원/1GB_36,350","_16GB_7,413원/1GB_118,600|32GB_10,219원/1GB_327,000|_8GB_7,875원/1GB_63,000|4GB_9,088원/1GB_36,350","_16GB_7,411원/1GB_118,580|32GB_10,219원/1GB_327,000|_8GB_7,875원/1GB_63,000|4GB_9,088원/1GB_36,350",0,0,0,0
6274195,삼성전자 노트북 DDR4-2666,0,0,0,0,0,0,0,0,0,0,0,0,"_16GB_7,411원/1GB_118,580|32GB_10,219원/1GB_327,000|_8GB_7,871원/1GB_62,970|4GB_9,088원/1GB_36,350","_16GB_7,411원/1GB_118,570|32GB_10,219원/1GB_327,000|_8GB_7,869원/1GB_62,950|4GB_9,088원/1GB_36,350","_16GB_7,407원/1GB_118,510|32GB_10,219원/1GB_327,000|_8GB_7,859원/1GB_62,870|4GB_9,088원/1GB_36,350","_16GB_7,404원/1GB_118,470|32GB_10,219원/1GB_327,000|_8GB_7,854원/1GB_62,830|4GB_9,088원/1GB_36,350"
16316135,삼성전자 노트북 DDR4-2666 중고,"32GB_10,176원/1GB_325,630|_16GB_7,085원/1GB_113,360|_8GB_6,000원/1GB_48,000|4GB_8,195원/1GB_32,780","32GB_10,175원/1GB_325,600|_16GB_7,085원/1GB_113,360|_8GB_6,000원/1GB_48,000|4GB_8,188원/1GB_32,750","32GB_10,175원/1GB_325,600|_16GB_7,079원/1GB_113,270|_8GB_6,000원/1GB_48,000|4GB_8,188원/1GB_32,750","32GB_10,175원/1GB_325,590|_16GB_7,078원/1GB_113,240|_8GB_6,000원/1GB_48,000|4GB_8,185원/1GB_32,740","32GB_10,175원/1GB_325,590|_16GB_7,078원/1GB_113,240|_8GB_6,000원/1GB_48,000|4GB_8,185원/1GB_32,740","32GB_10,175원/1GB_325,590|_16GB_7,078원/1GB_113,240|_8GB_6,000원/1GB_48,000|4GB_8,188원/1GB_32,750","32GB_10,173원/1GB_325,540|_16GB_7,071원/1GB_113,140|_8GB_6,000원/1GB_48,000|4GB_8,495원/1GB_33,980","32GB_10,173원/1GB_325,540|_16GB_7,070원/1GB_113,120|_8GB_6,000원/1GB_48,000|4GB_8,490원/1GB_33,960","32GB_10,173원/1GB_325,530|_16GB_7,181원/1GB_114,900|_8GB_6,000원/1GB_48,000|4GB_8,320원/1GB_33,280","32GB_10,173원/1GB_325,530|_16GB_7,181원/1GB_114,900|_8GB_6,000원/1GB_48,000|4GB_8,315원/1GB_33,260","32GB_10,173원/1GB_325,530|_16GB_7,181원/1GB_114,900|_8GB_6,000원/1GB_48,000|4GB_8,440원/1GB_33,760","32GB_10,283원/1GB_329,070|_16GB_7,181원/1GB_114,900|_8GB_6,000원/1GB_48,000|4GB_8,435원/1GB_33,740","32GB_10,283원/1GB_329,070|_16GB_7,181원/1GB_114,900|_8GB_6,000원/1GB_48,000|4GB_8,435원/1GB_33,740","32GB_10,283원/1GB_329,070|_16GB_7,181원/1GB_114,900|_8GB_6,000원/1GB_48,000|4GB_8,435원/1GB_33,740","32GB_10,283원/1GB_329,070|_16GB_7,181원/1GB_114,900|_8GB_6,000원/1GB_48,000|4GB_8,415원/1GB_33,660","32GB_10,283원/1GB_329,070|_16GB_7,181원/1GB_114,900|_8GB_6,000원/1GB_48,000|4GB_8,405원/1GB_33,620"
11397141,삼성전자 노트북 DDR4-3200,"_16GB_7,438원/1GB_119,000|32GB_9,562원/1GB_305,990|_8GB_7,625원/1GB_61,000|4GB_9,498원/1GB_37,990","_16GB_7,438원/1GB_119,000|32GB_9,562원/1GB_305,990|_8GB_7,625원/1GB_61,000|4GB_9,498원/1GB_37,990","_16GB_7,438원/1GB_119,000|_32GB_9,562원/1GB_305,990|8GB_7,625원/1GB_61,000|4GB_9,498원/1GB_37,990","_16GB_7,438원/1GB_119,000|_32GB_9,562원/1GB_305,990|8GB_7,625원/1GB_61,000|4GB_9,498원/1GB_37,990","_16GB_7,438원/1GB_119,000|_32GB_9,562원/1GB_305,990|8GB_7,625원/1GB_61,000|4GB_9,498원/1GB_37,990","_16GB_7,438원/1GB_119,000|_32GB_9,562원/1GB_305,990|8GB_7,625원/1GB_61,000|4GB_9,498원/1GB_37,990","_16GB_7,438원/1GB_119,000|_32GB_9,562원/1GB_305,990|8GB_7,625원/1GB_61,000|4GB_9,498원/1GB_37,990","_16GB_7,438원/1GB_119,000|_32GB_9,562원/1GB_305,990|8GB_7,625원/1GB_61,000|4GB_9,498원/1GB_37,990","_16GB_7,438원/1GB_119,000|32GB_9,844원/1GB_315,000|_8GB_7,625원/1GB_61,000|4GB_9,498원/1GB_37,990","_16GB_7,438원/1GB_119,000|32GB_9,844원/1GB_315,000|_8GB_7,625원/1GB_61,000|4GB_9,498원/1GB_37,990","_16GB_7,625원/1GB_122,000|32GB_10,070원/1GB_322,250|_8GB_8,021원/1GB_64,170|4GB_9,498원/1GB_37,990","_16GB_8,944원/1GB_143,100|32GB_9,977원/1GB_319,260|_8GB_8,021원/1GB_64,170|4GB_9,498원/1GB_37,990","_16GB_8,944원/1GB_143,100|32GB_9,977원/1GB_319,260|_8GB_8,021원/1GB_64,170|4GB_9,498원/1GB_37,990","_16GB_8,944원/1GB_143,100|32GB_9,977원/1GB_319,260|_8GB_8,038원/1GB_64,300|4GB_9,498원/1GB_37,990","_16GB_9,553원/1GB_152,840|32GB_10,194원/1GB_326,220|_8GB_8,021원/1GB_64,170|4GB_9,498원/1GB_37,990","_16GB_9,553원/1GB_152,840|32GB_10,101원/1GB_323,220|_8GB_8,020원/1GB_64,160|4GB_9,498원/1GB_37,990"
16524044,삼성전자 노트북 DDR4-3200 중고,"_16GB_7,303원/1GB_116,840|32GB_10,313원/1GB_330,000|_8GB_7,225원/1GB_57,800|4GB_7,475원/1GB_29,900","_16GB_7,301원/1GB_116,810|32GB_10,313원/1GB_330,000|_8GB_7,225원/1GB_57,800|4GB_7,475원/1GB_29,900","_16GB_7,301원/1GB_116,810|32GB_10,310원/1GB_329,920|_8GB_7,225원/1GB_57,800|4GB_7,475원/1GB_29,900","_16GB_7,301원/1GB_116,810|32GB_10,309원/1GB_329,880|_8GB_7,225원/1GB_57,800|4GB_7,475원/1GB_29,900","_16GB_7,294원/1GB_116,710|32GB_10,309원/1GB_329,880|_8GB_7,225원/1GB_57,800|4GB_7,475원/1GB_29,900","_16GB_7,294원/1GB_116,700|32GB_10,309원/1GB_329,880|_8GB_7,225원/1GB_57,800|4GB_7,475원/1GB_29,900","_16GB_7,306원/1GB_116,900|32GB_10,306원/1GB_329,780|_8GB_7,374원/1GB_58,990|4GB_7,475원/1GB_29,900","_16GB_7,306원/1GB_116,900|32GB_10,305원/1GB_329,760|_8GB_7,374원/1GB_58,990|4GB_7,475원/1GB_29,900","_16GB_7,304원/1GB_116,870|32GB_10,303원/1GB_329,710|_8GB_7,375원/1GB_59,000|4GB_7,475원/1GB_29,900","_16GB_7,303원/1GB_116,850|32GB_10,303원/1GB_329,700|_8GB_7,375원/1GB_59,000|4GB_7,475원/1GB_29,900","_16GB_7,303원/1GB_116,840|32GB_10,303원/1GB_329,690|_8GB_7,375원/1GB_59,000|4GB_7,475원/1GB_29,900","_16GB_7,374원/1GB_117,990|32GB_10,303원/1GB_329,680|_8GB_7,375원/1GB_59,000|4GB_7,475원/1GB_29,900","_16GB_7,374원/1GB_117,990|32GB_10,302원/1GB_329,670|_8GB_7,375원/1GB_59,000|4GB_7,475원/1GB_29,900","_16GB_7,374원/1GB_117,990|32GB_10,302원/1GB_329,660|_8GB_7,375원/1GB_59,000|4GB_7,475원/1GB_29,900","_16GB_7,374원/1GB_117,990|32GB_10,302원/1GB_329,660|_8GB_7,375원/1GB_59,000|4GB_7,475원/1GB_29,900","_16GB_7,374원/1GB_117,990|32GB_10,302원/1GB_329,660|_8GB_7,375원/1GB_59,000|4GB_7,475원/1GB_29,900"
17666243,삼성전자 노트북 DDR5-4800,"_32GB_17,064원/1GB_546,040|16GB_21,563원/1GB_345,000|_8GB_19,860원/1GB_158,880","_32GB_17,063원/1GB_546,020|16GB_21,563원/1GB_345,000|_8GB_19,860원/1GB_158,880",0,0,0,0,0,0,0,0,0,0,0,0,"_32GB_17,563원/1GB_562,000|16GB_21,563원/1GB_345,000|_8GB_20,250원/1GB_162,000","_32GB_17,563원/1GB_562,000|16GB_21,563원/1GB_345,000|_8GB_20,250원/1GB_162,000"
17666252,삼성전자 노트북 DDR5-4800,0,0,"_32GB_17,060원/1GB_545,930|16GB_21,563원/1GB_345,000|_8GB_19,860원/1GB_158,880","_32GB_17,059원/1GB_545,900|16GB_21,563원/1GB_345,000|_8GB_19,860원/1GB_158,880","_32GB_17,059원/1GB_545,900|16GB_21,563원/1GB_345,000|_8GB_19,860원/1GB_158,880","_32GB_17,059원/1GB_545,900|16GB_21,563원/1GB_345,000|_8GB_19,860원/1GB_158,880","_32GB_17,056원/1GB_545,800|16GB_21,563원/1GB_345,000|_8GB_19,860원/1GB_158,880","_32GB_17,056원/1GB_545,780|16GB_21,563원/1GB_345,000|_8GB_19,860원/1GB_158,880","_32GB_17,056원/1GB_545,780|16GB_21,563원/1GB_345,000|_8GB_20,250원/1GB_162,000","_32GB_17,056원/1GB_545,780|16GB_21,563원/1GB_345,000|_8GB_20,250원/1GB_162,000","_32GB_17,563원/1GB_562,000|16GB_21,563원/1GB_345,000|_8GB_20,250원/1GB_162,000","_32GB_17,563원/1GB_562,000|16GB_21,563원/1GB_345,000|_8GB_20,250원/1GB_162,000","_32GB_17,563원/1GB_562,000|16GB_21,563원/1GB_345,000|_8GB_20,250원/1GB_162,000","_32GB_17,563원/1GB_562,000|16GB_21,563원/1GB_345,000|_8GB_20,250원/1GB_162,000",0,0
16891118,삼성전자 노트북 DDR5-4800 병행수입,"32GB_17,656원/1GB_565,000|_16GB_17,523원/1GB_280,370|_8GB_19,105원/1GB_152,840","32GB_17,656원/1GB_565,000|_16GB_17,523원/1GB_280,370|_8GB_19,105원/1GB_152,840","32GB_17,656원/1GB_565,000|_16GB_17,523원/1GB_280,370|_8GB_19,105원/1GB_152,840","32GB_17,656원/1GB_565,000|_16GB_17,523원/1GB_280,370|_8GB_19,105원/1GB_152,840","32GB_18,750원/1GB_600,000|_16GB_17,523원/1GB_280,370|_8GB_19,105원/1GB_152,840","32GB_18,750원/1GB_600,000|_16GB_17,523원/1GB_280,370|_8GB_19,105원/1GB_152,840","32GB_18,750원/1GB_600,000|_16GB_17,523원/1GB_280,370|_8GB_19,105원/1GB_152,840","32GB_18,750원/1GB_600,000|_16GB_17,523원/1GB_280,370|_8GB_19,105원/1GB_152,840","32GB_18,750원/1GB_600,000|_16GB_17,839원/1GB_285,430|_8GB_19,551원/1GB_156,410","32GB_18,750원/1GB_600,000|_16GB_17,839원/1GB_285,430|_8GB_19,551원/1GB_156,410","32GB_19,969원/1GB_639,000|_16GB_17,869원/1GB_285,910|_8GB_20,830원/1GB_166,640","32GB_19,969원/1GB_639,000|_16GB_17,869원/1GB_285,910|_8GB_20,893원/1GB_167,140","32GB_19,969원/1GB_639,000|_16GB_17,869원/1GB_285,910|_8GB_20,893원/1GB_167,140","32GB_19,969원/1GB_639,000|_16GB_17,869원/1GB_285,910|_8GB_20,893원/1GB_167,140","32GB_19,969원/1GB_639,000|_16GB_17,869원/1GB_285,910|_8GB_21,356원/1GB_170,850","32GB_19,969원/1GB_639,000|_16GB_17,869원/1GB_285,910|_8GB_21,355원/1GB_170,840"
16633067,삼성전자 노트북 DDR5-4800 중고,"_16GB_17,437원/1GB_278,990|_8GB_19,194원/1GB_153,550","_16GB_17,437원/1GB_278,990|_8GB_19,194원/1GB_153,550","_16GB_17,437원/1GB_278,990|_8GB_19,194원/1GB_153,550","_16GB_17,437원/1GB_278,990|_8GB_19,194원/1GB_153,550","_16GB_17,437원/1GB_278,990|_8GB_19,194원/1GB_153,550","_16GB_17,437원/1GB_278,990|_8GB_19,194원/1GB_153,550",0,0,0,0,0,0,0,0,0,0
27918203,삼성전자 노트북 DDR5-4800 중고,0,0,0,0,0,0,"_16GB_17,437원/1GB_278,990|_8GB_19,194원/1GB_153,550","_16GB_17,437원/1GB_278,990|_8GB_19,194원/1GB_153,550","_16GB_17,500원/1GB_280,000|_8GB_19,250원/1GB_154,000","_16GB_17,500원/1GB_280,000|_8GB_19,250원/1GB_154,000","_16GB_17,500원/1GB_280,000|_8GB_19,250원/1GB_154,000","_16GB_17,500원/1GB_280,000|_8GB_19,250원/1GB_154,000","_16GB_17,500원/1GB_280,000|_8GB_19,250원/1GB_154,000","_16GB_17,500원/1GB_280,000|_8GB_19,250원/1GB_154,000","_16GB_17,500원/1GB_280,000|_8GB_19,250원/1GB_154,000","_16GB_18,201원/1GB_291,220|_8GB_19,250원/1GB_154,000"
20629313,삼성전자 노트북 DDR5-5600,"_32GB_18,911원/1GB_605,140|_16GB_20,813원/1GB_333,000|8GB_20,268원/1GB_162,140","_32GB_18,911원/1GB_605,140|_16GB_20,813원/1GB_333,000|8GB_19,893원/1GB_159,140","_32GB_18,911원/1GB_605,140|_16GB_20,813원/1GB_333,000|8GB_19,893원/1GB_159,140","_32GB_18,911원/1GB_605,140|_16GB_20,813원/1GB_333,000|8GB_20,276원/1GB_162,210","_32GB_18,911원/1GB_605,140|_16GB_20,813원/1GB_333,000|8GB_20,276원/1GB_162,210","_32GB_18,911원/1GB_605,140|_16GB_20,813원/1GB_333,000|8GB_20,276원/1GB_162,210","_32GB_18,911원/1GB_605,140|_16GB_20,000원/1GB_320,000|8GB_20,264원/1GB_162,110","_32GB_18,911원/1GB_605,140|_16GB_20,000원/1GB_320,000|8GB_20,261원/1GB_162,090","_32GB_18,911원/1GB_605,140|_16GB_20,000원/1GB_320,000|8GB_20,261원/1GB_162,090","_32GB_18,911원/1GB_605,140|_16GB_20,000원/1GB_320,000|8GB_20,624원/1GB_164,990","_32GB_19,706원/1GB_630,600|_16GB_20,000원/1GB_320,000|8GB_19,953원/1GB_159,620","_32GB_19,706원/1GB_630,580|_16GB_20,000원/1GB_320,000|8GB_20,493원/1GB_163,940","_32GB_19,706원/1GB_630,580|_16GB_20,000원/1GB_320,000|8GB_20,116원/1GB_160,930","_32GB_19,706원/1GB_630,580|_16GB_20,000원/1GB_320,000|8GB_20,116원/1GB_160,930","_32GB_19,703원/1GB_630,500|_16GB_20,000원/1GB_320,000|8GB_19,953원/1GB_159,620","_32GB_19,702원/1GB_630,460|_16GB_20,000원/1GB_320,000|8GB_19,953원/1GB_159,620"
28609379,삼성전자 노트북 DDR5-5600 중고,"_8GB_18,750원/1GB_150,000|_16GB_20,044원/1GB_320,700","_8GB_18,750원/1GB_150,000|_16GB_20,041원/1GB_320,660","_8GB_18,750원/1GB_150,000|_16GB_20,041원/1GB_320,660","_8GB_18,750원/1GB_150,000|_16GB_20,041원/1GB_320,660","_8GB_19,229원/1GB_153,830|_16GB_19,750원/1GB_316,000","_8GB_19,226원/1GB_153,810|_16GB_19,749원/1GB_315,990","_8GB_19,226원/1GB_153,810|_16GB_19,749원/1GB_315,990","_8GB_19,226원/1GB_153,810|_16GB_19,749원/1GB_315,990",0,0,0,"_8GB_20,448원/1GB_163,580|_16GB_20,353원/1GB_325,650","_8GB_20,448원/1GB_163,580|_16GB_20,353원/1GB_325,650","_8GB_20,448원/1GB_163,580|_16GB_20,353원/1GB_325,650","_8GB_20,448원/1GB_163,580|_16GB_20,353원/1GB_325,650","_8GB_20,448원/1GB_163,580|_16GB_20,353원/1GB_325,650"
76331690,삼성전자 노트북 DDR5-5600 중고,0,0,0,0,0,0,0,0,"_8GB_19,225원/1GB_153,800|_16GB_19,749원/1GB_315,990","_8GB_19,225원/1GB_153,800|_16GB_19,749원/1GB_315,990","_8GB_19,749원/1GB_157,990|_16GB_20,354원/1GB_325,660",0,0,0,0,0
10639095,써멀테이크 DDR4-3600 CL18 TOUGHRAM RGB 화이트 패키지,"16GB(8Gx2)_14,250원/1GB_228,000","16GB(8Gx2)_14,250원/1GB_228,000","16GB(8Gx2)_14,250원/1GB_228,000","16GB(8Gx2)_14,250원/1GB_228,000","16GB(8Gx2)_14,250원/1GB_228,000","16GB(8Gx2)_14,250원/1GB_228,000","16GB(8Gx2)_14,100원/1GB_225,600","16GB(8Gx2)_14,100원/1GB_225,600","16GB(8Gx2)_14,100원/1GB_225,600","16GB(8Gx2)_14,100원/1GB_225,600","16GB(8Gx2)_14,100원/1GB_225,600","16GB(8Gx2)_14,100원/1GB_225,600","16GB(8Gx2)_14,250원/1GB_228,000","16GB(8Gx2)_14,250원/1GB_228,000","16GB(8Gx2)_14,250원/1GB_228,000","16GB(8Gx2)_14,250원/1GB_228,000"
108411704,써멀테이크 DDR4-3600 CL18 TOUGHRAM XG RGB 화이트 패키지,"16GB(8Gx2)_14,526원/1GB_232,420","16GB(8Gx2)_14,526원/1GB_232,420","16GB(8Gx2)_14,526원/1GB_232,420","16GB(8Gx2)_14,526원/1GB_232,420","16GB(8Gx2)_14,526원/1GB_232,420","16GB(8Gx2)_14,526원/1GB_232,420","16GB(8Gx2)_14,526원/1GB_232,420","16GB(8Gx2)_14,526원/1GB_232,420","16GB(8Gx2)_14,526원/1GB_232,420","16GB(8Gx2)_14,526원/1GB_232,420","16GB(8Gx2)_14,526원/1GB_232,420","16GB(8Gx2)_14,526원/1GB_232,420","16GB(8Gx2)_14,526원/1GB_232,420","16GB(8Gx2)_14,526원/1GB_232,420","16GB(8Gx2)_14,526원/1GB_232,420","16GB(8Gx2)_14,526원/1GB_232,420"
104616377,써멀테이크 DDR5-5600 CL36 TOUGHRAM RC 패키지,"32GB(16Gx2)_19,856원/1GB_635,400","32GB(16Gx2)_19,856원/1GB_635,400","32GB(16Gx2)_19,856원/1GB_635,400","32GB(16Gx2)_19,856원/1GB_635,400","32GB(16Gx2)_19,856원/1GB_635,400","32GB(16Gx2)_19,856원/1GB_635,400","32GB(16Gx2)_19,856원/1GB_635,400","32GB(16Gx2)_19,856원/1GB_635,400","32GB(16Gx2)_19,856원/1GB_635,400","32GB(16Gx2)_19,856원/1GB_635,400","32GB(16Gx2)_19,856원/1GB_635,400","32GB(16Gx2)_19,856원/1GB_635,400","32GB(16Gx2)_22,835원/1GB_730,710","32GB(16Gx2)_22,835원/1GB_730,710","32GB(16Gx2)_22,835원/1GB_730,710","32GB(16Gx2)_22,835원/1GB_730,710"
58939463,써멀테이크 DDR5-6400 CL32 TOUGHRAM RGB 블랙 패키지,"32GB(16Gx2)_22,173원/1GB_709,530","32GB(16Gx2)_22,173원/1GB_709,530","32GB(16Gx2)_22,173원/1GB_709,530","32GB(16Gx2)_22,173원/1GB_709,530","32GB(16Gx2)_22,173원/1GB_709,530","32GB(16Gx2)_22,173원/1GB_709,530","32GB(16Gx2)_22,173원/1GB_709,530","32GB(16Gx2)_22,173원/1GB_709,530","32GB(16Gx2)_22,173원/1GB_709,530","32GB(16Gx2)_22,173원/1GB_709,530","32GB(16Gx2)_22,173원/1GB_709,530","32GB(16Gx2)_22,173원/1GB_709,530","32GB(16Gx2)_24,412원/1GB_781,190","32GB(16Gx2)_24,412원/1GB_781,190","32GB(16Gx2)_24,412원/1GB_781,190","32GB(16Gx2)_24,412원/1GB_781,190"
106721660,써멀테이크 DDR5-6400 CL34 TOUGHRAM RGB 블랙 패키지,"48GB(24Gx2)_17,650원/1GB_847,200","48GB(24Gx2)_17,650원/1GB_847,200","48GB(24Gx2)_17,650원/1GB_847,200","48GB(24Gx2)_17,650원/1GB_847,200","48GB(24Gx2)_17,650원/1GB_847,200","48GB(24Gx2)_17,650원/1GB_847,200","48GB(24Gx2)_17,650원/1GB_847,200","48GB(24Gx2)_17,650원/1GB_847,200","48GB(24Gx2)_17,650원/1GB_847,200","48GB(24Gx2)_17,650원/1GB_847,200","48GB(24Gx2)_17,650원/1GB_847,200","48GB(24Gx2)_17,650원/1GB_847,200","48GB(24Gx2)_17,650원/1GB_847,200","48GB(24Gx2)_17,650원/1GB_847,200","48GB(24Gx2)_17,650원/1GB_847,200","48GB(24Gx2)_17,650원/1GB_847,200"
48480317,아이티젠 DDR3-1333,"8GB_2,588원/1GB_20,700","8GB_2,586원/1GB_20,690","8GB_2,586원/1GB_20,690","8GB_2,586원/1GB_20,690","8GB_2,586원/1GB_20,690","8GB_2,586원/1GB_20,690","8GB_2,586원/1GB_20,690","8GB_2,586원/1GB_20,690","8GB_2,636원/1GB_21,090","8GB_2,636원/1GB_21,090","8GB_2,636원/1GB_21,090","8GB_2,636원/1GB_21,090","8GB_2,636원/1GB_21,090","8GB_2,636원/1GB_21,090","8GB_2,636원/1GB_21,090","8GB_2,636원/1GB_21,090"
47840942,아이티젠 DDR3-1600,"8GB_2,601원/1GB_20,810","8GB_2,596원/1GB_20,770","8GB_2,596원/1GB_20,770","8GB_2,596원/1GB_20,770","8GB_2,588원/1GB_20,700","8GB_2,588원/1GB_20,690","8GB_2,636원/1GB_21,090","8GB_2,636원/1GB_21,090","8GB_2,625원/1GB_21,000","8GB_2,624원/1GB_20,990","8GB_2,624원/1GB_20,990","8GB_2,624원/1GB_20,990","8GB_2,624원/1GB_20,990","8GB_2,624원/1GB_20,990","8GB_2,624원/1GB_20,990","8GB_2,624원/1GB_20,990"
54481355,아이티젠 DDR3-1600 1.35V,"8GB_2,601원/1GB_20,810","8GB_2,596원/1GB_20,770","8GB_2,596원/1GB_20,770","8GB_2,596원/1GB_20,770","8GB_2,614원/1GB_20,910","8GB_2,638원/1GB_20,690","8GB_2,636원/1GB_21,090","8GB_2,636원/1GB_21,090","8GB_2,636원/1GB_21,090","8GB_2,624원/1GB_20,990","8GB_2,638원/1GB_21,100","8GB_2,638원/1GB_21,100","8GB_2,636원/1GB_21,090","8GB_2,636원/1GB_21,090","8GB_2,638원/1GB_21,100","8GB_2,636원/1GB_21,090"
68537399,아이티젠 DDR4-2133,"16GB_6,281원/1GB_100,490","16GB_6,279원/1GB_100,470","16GB_6,274원/1GB_100,380","16GB_6,272원/1GB_100,350","16GB_6,719원/1GB_107,500","16GB_6,719원/1GB_107,500","16GB_6,719원/1GB_107,500","16GB_6,719원/1GB_107,500","16GB_6,719원/1GB_107,500","16GB_6,719원/1GB_107,500","16GB_6,719원/1GB_107,500","16GB_6,719원/1GB_107,500","16GB_6,719원/1GB_107,500",0,0,0
68537456,아이티젠 DDR4-2400,"16GB_6,761원/1GB_108,170","16GB_6,758원/1GB_108,130","16GB_6,758원/1GB_108,130","16GB_6,758원/1GB_108,130","16GB_6,752원/1GB_108,030","16GB_6,750원/1GB_108,000","16GB_6,842원/1GB_109,470","16GB_6,842원/1GB_109,470","16GB_6,842원/1GB_109,470","16GB_6,842원/1GB_109,470","16GB_6,842원/1GB_109,470","16GB_6,916원/1GB_110,660","16GB_6,916원/1GB_110,660","16GB_6,916원/1GB_110,660","16GB_6,916원/1GB_110,660","16GB_6,916원/1GB_110,660"
54481856,아이티젠 DDR4-2666,"16GB_7,273원/1GB_116,360","16GB_7,270원/1GB_116,320","16GB_7,270원/1GB_116,320","16GB_7,270원/1GB_116,320","16GB_7,264원/1GB_116,230","16GB_7,263원/1GB_116,210","16GB_7,263원/1GB_116,210","16GB_7,263원/1GB_116,210","16GB_7,417원/1GB_118,670","16GB_7,417원/1GB_118,670","16GB_7,417원/1GB_118,670","16GB_7,498원/1GB_119,960","16GB_7,498원/1GB_119,960","16GB_7,498원/1GB_119,960","16GB_7,498원/1GB_119,960","16GB_7,498원/1GB_119,960"
54482201,아이티젠 DDR4-3200,"32GB_8,743원/1GB_279,780|_16GB_8,144원/1GB_130,300|_8GB_7,589원/1GB_60,710","32GB_8,742원/1GB_279,750|_16GB_8,141원/1GB_130,260|_8GB_7,584원/1GB_60,670","32GB_8,739원/1GB_279,660|_16GB_8,141원/1GB_130,260|_8GB_7,584원/1GB_60,670","32GB_8,738원/1GB_279,630|_16GB_8,141원/1GB_130,260|_8GB_7,584원/1GB_60,670",0,0,0,0,0,0,0,0,0,0,0,0
54482183,아이티젠 DDR4-3200,0,0,0,0,"32GB_8,688원/1GB_278,030|_16GB_8,135원/1GB_130,160|_8GB_7,573원/1GB_60,580","32GB_8,688원/1GB_278,000|_16GB_8,134원/1GB_130,150|_8GB_7,570원/1GB_60,560","32GB_8,685원/1GB_277,910|_16GB_8,164원/1GB_130,630|_8GB_7,570원/1GB_60,560","32GB_8,684원/1GB_277,890|_16GB_8,164원/1GB_130,630|_8GB_7,570원/1GB_60,560","32GB_8,681원/1GB_277,790|_16GB_8,164원/1GB_130,630|_8GB_7,704원/1GB_61,630","32GB_8,680원/1GB_277,770|_16GB_8,164원/1GB_130,630|_8GB_7,704원/1GB_61,630","_32GB_8,762원/1GB_280,390|_16GB_8,164원/1GB_130,630|8GB_7,704원/1GB_61,630","32GB_8,762원/1GB_280,390|_16GB_8,253원/1GB_132,050|_8GB_7,749원/1GB_61,990","_32GB_8,762원/1GB_280,390|_16GB_8,253원/1GB_132,050|8GB_7,749원/1GB_61,990","_32GB_8,762원/1GB_280,390|_16GB_8,253원/1GB_132,050|8GB_7,749원/1GB_61,990","_32GB_8,762원/1GB_280,390|_16GB_8,253원/1GB_132,050|8GB_7,749원/1GB_61,990","_32GB_8,762원/1GB_280,390|_16GB_8,253원/1GB_132,050|8GB_7,749원/1GB_61,990"
54481535,아이티젠 노트북 DDR3-1333 1.5V,"8GB_2,699원/1GB_21,590","8GB_2,699원/1GB_21,590","8GB_2,699원/1GB_21,590","8GB_2,699원/1GB_21,590","8GB_2,699원/1GB_21,590","8GB_2,699원/1GB_21,590","8GB_2,699원/1GB_21,590","8GB_2,699원/1GB_21,590","8GB_2,750원/1GB_22,000","8GB_2,749원/1GB_21,990","8GB_2,749원/1GB_21,990","8GB_2,749원/1GB_21,990","8GB_2,749원/1GB_21,990","8GB_2,749원/1GB_21,990","8GB_2,749원/1GB_21,990","8GB_2,749원/1GB_21,990"
54481385,아이티젠 노트북 DDR3-1600 1.35V,"8GB_2,716원/1GB_21,730","8GB_2,713원/1GB_21,700","8GB_2,701원/1GB_21,610","8GB_2,699원/1GB_21,590","8GB_2,699원/1GB_21,590","8GB_2,699원/1GB_21,590","8GB_2,699원/1GB_21,590","8GB_2,699원/1GB_21,590","8GB_2,738원/1GB_21,900","8GB_2,736원/1GB_21,890","8GB_2,736원/1GB_21,890","8GB_2,736원/1GB_21,890","8GB_2,736원/1GB_21,890","8GB_2,736원/1GB_21,890","8GB_2,736원/1GB_21,890","8GB_2,736원/1GB_21,890"
54481580,아이티젠 노트북 DDR3-1600 1.5V,"8GB_2,715원/1GB_21,720","8GB_2,713원/1GB_21,700","8GB_2,703원/1GB_21,620","8GB_2,700원/1GB_21,600","8GB_2,699원/1GB_22,290","8GB_2,699원/1GB_21,590","8GB_2,771원/1GB_22,170","8GB_2,769원/1GB_22,150","8GB_2,750원/1GB_22,000","8GB_2,749원/1GB_21,990","8GB_2,749원/1GB_21,990","8GB_2,749원/1GB_21,990","8GB_2,749원/1GB_21,990","8GB_2,749원/1GB_21,990","8GB_2,749원/1GB_21,990","8GB_2,749원/1GB_21,990"
68538869,아이티젠 노트북 DDR4-2400,"16GB_6,801원/1GB_108,820","16GB_6,799원/1GB_108,780","16GB_6,799원/1GB_108,780","16GB_6,799원/1GB_108,780","16GB_6,793원/1GB_108,680","16GB_6,792원/1GB_108,670","16GB_6,842원/1GB_109,470","16GB_6,842원/1GB_109,470","16GB_6,842원/1GB_109,470","16GB_6,842원/1GB_109,470","16GB_6,842원/1GB_109,470","16GB_6,843원/1GB_109,480","16GB_6,843원/1GB_109,480","16GB_6,843원/1GB_109,480","16GB_6,843원/1GB_109,480","16GB_6,843원/1GB_109,480"
54481937,아이티젠 노트북 DDR4-2666,"_16GB_6,862원/1GB_109,790|_8GB_6,843원/1GB_54,740","_16GB_6,859원/1GB_109,750|_8GB_6,838원/1GB_54,700","_16GB_6,859원/1GB_109,750|_8GB_6,838원/1GB_54,700","_16GB_6,859원/1GB_109,750|_8GB_6,838원/1GB_54,700","_16GB_6,853원/1GB_109,650|_8GB_6,825원/1GB_54,600","_16GB_6,851원/1GB_109,620|_8GB_6,824원/1GB_54,590","_16GB_6,899원/1GB_110,390|_8GB_6,956원/1GB_55,650","_16GB_6,899원/1GB_110,390|_8GB_6,956원/1GB_55,650","_16GB_6,899원/1GB_110,390|_8GB_6,956원/1GB_55,650","_16GB_6,899원/1GB_110,390|_8GB_6,956원/1GB_55,650","_16GB_6,899원/1GB_110,390|_8GB_6,956원/1GB_55,650","_16GB_6,974원/1GB_111,590|_8GB_6,958원/1GB_55,660","_16GB_6,974원/1GB_111,590|_8GB_6,958원/1GB_55,660","_16GB_6,974원/1GB_111,590|_8GB_6,958원/1GB_55,660","_16GB_6,974원/1GB_111,590|_8GB_6,958원/1GB_55,660","_16GB_6,974원/1GB_111,590|_8GB_6,958원/1GB_55,660"
54482195,아이티젠 노트북 DDR4-3200,"_16GB_7,393원/1GB_118,280|_8GB_7,248원/1GB_57,980","_16GB_7,393원/1GB_118,280|_8GB_7,243원/1GB_57,940","_16GB_7,387원/1GB_118,190|_8GB_7,243원/1GB_57,940","_16GB_7,385원/1GB_118,160|_8GB_7,243원/1GB_57,940","_16GB_7,379원/1GB_118,060|_8GB_7,230원/1GB_57,840","_16GB_7,378원/1GB_118,050|_8GB_7,226원/1GB_57,810","_16GB_7,417원/1GB_118,670|_8GB_7,359원/1GB_58,870","_16GB_7,417원/1GB_118,670|_8GB_7,359원/1GB_58,870",0,0,0,0,0,0,0,0
54482174,아이티젠 노트북 DDR4-3200,0,0,0,0,0,0,0,0,"_16GB_7,417원/1GB_118,670|_8GB_7,359원/1GB_58,870","_16GB_7,417원/1GB_118,670|_8GB_7,359원/1GB_58,870","_16GB_7,417원/1GB_118,670|_8GB_7,359원/1GB_58,870","_16GB_7,498원/1GB_119,960|_8GB_7,439원/1GB_59,510","_16GB_7,498원/1GB_119,960|_8GB_7,439원/1GB_59,510","_16GB_7,498원/1GB_119,960|_8GB_7,439원/1GB_59,510","_16GB_7,498원/1GB_119,960|_8GB_7,439원/1GB_59,510","_16GB_7,498원/1GB_119,960|_8GB_7,439원/1GB_59,510"
101186585,에이서 DDR5-4800 CL40 UD200,"16GB_17,898원/1GB_286,360","16GB_17,898원/1GB_286,360","16GB_17,898원/1GB_286,360","16GB_17,898원/1GB_286,360","16GB_17,898원/1GB_286,360","16GB_17,898원/1GB_286,360","16GB_17,898원/1GB_286,360","16GB_17,898원/1GB_286,360","16GB_17,898원/1GB_286,360","16GB_17,898원/1GB_286,360","16GB_17,898원/1GB_286,360","16GB_17,898원/1GB_286,360","16GB_17,898원/1GB_286,360","16GB_17,898원/1GB_286,360","16GB_17,898원/1GB_286,360","16GB_17,898원/1GB_286,360"
122694880,엠씨케이글로벌 OUTTON DDR4-3200 CL22,"16GB_8,425원/1GB_134,800","16GB_8,425원/1GB_134,800","16GB_8,425원/1GB_134,800","16GB_9,829원/1GB_157,270","16GB_8,425원/1GB_134,800","16GB_8,425원/1GB_134,800","16GB_8,425원/1GB_134,800","16GB_8,425원/1GB_134,800","16GB_8,425원/1GB_134,800","16GB_8,425원/1GB_134,800","16GB_8,425원/1GB_134,800",0,"16GB_8,425원/1GB_134,800","16GB_8,425원/1GB_134,800","16GB_8,428원/1GB_134,850","16GB_8,428원/1GB_134,850"
104615258,옵티머스 DDR4-3200 아인스시스템,"_16GB_11,000원/1GB_176,000|_8GB_10,225원/1GB_81,800","_16GB_11,000원/1GB_176,000|_8GB_10,225원/1GB_81,800","_16GB_11,000원/1GB_176,000|_8GB_10,225원/1GB_81,800","_16GB_11,000원/1GB_176,000|_8GB_10,225원/1GB_81,800","_16GB_11,000원/1GB_176,000|_8GB_10,225원/1GB_81,800","_16GB_11,000원/1GB_176,000|_8GB_10,225원/1GB_81,800","_16GB_11,000원/1GB_176,000|_8GB_10,225원/1GB_81,800","_16GB_11,000원/1GB_176,000|_8GB_10,225원/1GB_81,800","_16GB_11,000원/1GB_176,000|_8GB_10,225원/1GB_81,800","_16GB_11,000원/1GB_176,000|_8GB_10,225원/1GB_81,800","_16GB_11,000원/1GB_176,000|_8GB_10,225원/1GB_81,800","_16GB_11,000원/1GB_176,000|_8GB_10,225원/1GB_81,800","_16GB_11,000원/1GB_176,000|_8GB_10,225원/1GB_81,800","_16GB_11,000원/1GB_176,000|_8GB_10,225원/1GB_81,800","_16GB_11,000원/1GB_176,000|_8GB_10,225원/1GB_81,800","_16GB_11,000원/1GB_176,000|_8GB_10,225원/1GB_81,800"
104615234,옵티머스 DDR4-3200 아인스시스템,"_16GB_11,000원/1GB_176,000|_8GB_10,225원/1GB_81,800","_16GB_11,000원/1GB_176,000|_8GB_10,225원/1GB_81,800","_16GB_11,000원/1GB_176,000|_8GB_10,225원/1GB_81,800","_16GB_11,000원/1GB_176,000|_8GB_10,225원/1GB_81,800","_16GB_11,000원/1GB_176,000|_8GB_10,225원/1GB_81,800","_16GB_11,000원/1GB_176,000|_8GB_10,225원/1GB_81,800","_16GB_11,000원/1GB_176,000|_8GB_10,225원/1GB_81,800","_16GB_11,000원/1GB_176,000|_8GB_10,225원/1GB_81,800","_16GB_11,000원/1GB_176,000|_8GB_10,225원/1GB_81,800","_16GB_11,000원/1GB_176,000|_8GB_10,225원/1GB_81,800",0,0,0,0,0,0
122617653,옵티머스 DDR5-5600 Air 아인스시스템,"_16GB_35,741원/1GB_285,930|_8GB_20,888원/1GB_167,100","_16GB_35,741원/1GB_285,930|_8GB_20,888원/1GB_167,100","_16GB_35,741원/1GB_285,930|_8GB_20,888원/1GB_167,100","_16GB_35,741원/1GB_285,930|_8GB_20,888원/1GB_167,100","_16GB_35,741원/1GB_285,930|_8GB_20,888원/1GB_167,100","_16GB_35,741원/1GB_285,930|_8GB_20,888원/1GB_167,100","_16GB_35,741원/1GB_285,930|_8GB_20,888원/1GB_167,100","_16GB_35,741원/1GB_285,930|_8GB_20,888원/1GB_167,100","_16GB_35,741원/1GB_285,930|_8GB_20,888원/1GB_167,100","_16GB_35,741원/1GB_285,930|_8GB_20,888원/1GB_167,100","_16GB_35,741원/1GB_285,930|_8GB_20,888원/1GB_167,100","_16GB_35,741원/1GB_285,930|_8GB_20,888원/1GB_167,100","_16GB_35,741원/1GB_285,930|_8GB_20,888원/1GB_167,100","_16GB_35,741원/1GB_285,930|_8GB_20,888원/1GB_167,100","_16GB_35,741원/1GB_285,930|_8GB_20,888원/1GB_167,100","_16GB_35,741원/1GB_285,930|_8GB_20,888원/1GB_167,100"
107770946,옵티머스 DDR5-5600 아인스시스템,"_16GB_18,731원/1GB_299,700|_32GB_17,572원/1GB_562,300","_16GB_18,731원/1GB_299,700|_32GB_17,572원/1GB_562,300","_16GB_18,731원/1GB_299,700|_32GB_17,572원/1GB_562,300","_16GB_18,731원/1GB_299,700|_32GB_17,572원/1GB_562,300","_16GB_18,731원/1GB_299,700|_32GB_17,572원/1GB_562,300","_16GB_18,731원/1GB_299,700|_32GB_17,572원/1GB_562,300","_16GB_18,731원/1GB_299,700|_32GB_17,572원/1GB_562,300","_16GB_18,731원/1GB_299,700|_32GB_17,572원/1GB_562,300","_16GB_18,731원/1GB_299,700|_32GB_17,572원/1GB_562,300","_16GB_18,731원/1GB_299,700|_32GB_17,572원/1GB_562,300","_16GB_19,007원/1GB_304,110|_32GB_17,572원/1GB_562,300","_16GB_19,007원/1GB_304,110|_32GB_17,572원/1GB_562,300","_16GB_19,007원/1GB_304,110|_32GB_17,572원/1GB_562,300","_16GB_19,007원/1GB_304,110|_32GB_17,572원/1GB_562,300","_16GB_19,007원/1GB_304,110|_32GB_17,572원/1GB_562,300","_16GB_19,007원/1GB_304,110|_32GB_17,572원/1GB_562,300"
107770970,옵티머스 DDR5-5600 아인스시스템,0,0,0,0,0,0,0,0,0,0,0,0,"_16GB_19,007원/1GB_304,110|_32GB_17,572원/1GB_562,300","_16GB_19,007원/1GB_304,110|_32GB_17,572원/1GB_562,300","_16GB_19,007원/1GB_304,110|_32GB_17,572원/1GB_562,300","_16GB_19,007원/1GB_304,110|_32GB_17,572원/1GB_562,300"
8540480,이메이션 DDR3-1600 CL11,"_8GB_3,250원/1GB_26,000|_4GB_2,750원/1GB_11,000","_8GB_3,250원/1GB_26,000|_4GB_2,750원/1GB_11,000","_8GB_3,250원/1GB_26,000|_4GB_2,750원/1GB_11,000","_8GB_3,250원/1GB_26,000|_4GB_2,750원/1GB_11,000","_8GB_3,250원/1GB_26,000|_4GB_2,750원/1GB_11,000","_8GB_3,250원/1GB_26,000|_4GB_2,750원/1GB_11,000","_8GB_3,250원/1GB_26,000|_4GB_2,750원/1GB_11,000","_8GB_3,250원/1GB_26,000|_4GB_2,750원/1GB_11,000","_8GB_3,250원/1GB_26,000|_4GB_2,750원/1GB_11,000","_8GB_3,250원/1GB_26,000|_4GB_2,750원/1GB_11,000",0,0,"_8GB_3,250원/1GB_26,000|_4GB_2,750원/1GB_11,000","_8GB_3,250원/1GB_26,000|_4GB_2,750원/1GB_11,000","_8GB_3,250원/1GB_26,000|_4GB_2,750원/1GB_11,000","_8GB_3,250원/1GB_26,000|_4GB_2,750원/1GB_11,000"
8540462,이메이션 DDR3-1600 CL11,0,0,0,0,0,0,0,0,0,0,"_8GB_3,250원/1GB_26,000|_4GB_2,750원/1GB_11,000","_8GB_3,250원/1GB_26,000|_4GB_2,750원/1GB_11,000",0,0,0,0
8072551,이메이션 DDR4-2666 Black Edition,"16GB_9,125원/1GB_146,000","16GB_9,125원/1GB_146,000","16GB_9,125원/1GB_146,000","16GB_9,125원/1GB_146,000","16GB_9,125원/1GB_146,000","16GB_9,125원/1GB_146,000","16GB_9,125원/1GB_146,000","16GB_9,125원/1GB_146,000","16GB_9,125원/1GB_146,000","16GB_9,125원/1GB_146,000","16GB_9,125원/1GB_146,000","16GB_9,125원/1GB_146,000","16GB_9,125원/1GB_146,000","16GB_9,125원/1GB_146,000","16GB_9,125원/1GB_146,000","16GB_9,125원/1GB_146,000"
10495692,이메이션 DDR4-3200 CL22,"_32GB_9,676원/1GB_309,620|_8GB_13,043원/1GB_104,340","_32GB_9,675원/1GB_309,590|_8GB_13,043원/1GB_104,340","_32GB_9,675원/1GB_309,590|_8GB_13,033원/1GB_104,260","_32GB_9,674원/1GB_309,580|_8GB_13,030원/1GB_104,240","_32GB_9,674원/1GB_309,580|_8GB_13,019원/1GB_104,150","_32GB_9,675원/1GB_309,590|_8GB_13,019원/1GB_104,150","_32GB_9,717원/1GB_310,950|_8GB_13,136원/1GB_105,090","_32GB_9,717원/1GB_310,950|_8GB_13,136원/1GB_105,090","_32GB_9,717원/1GB_310,950|_8GB_13,128원/1GB_105,020","_32GB_9,717원/1GB_310,950|_8GB_13,125원/1GB_105,000","_32GB_9,717원/1GB_310,950|_8GB_13,136원/1GB_105,090","_32GB_9,823원/1GB_314,330|_8GB_13,136원/1GB_105,090","_32GB_9,823원/1GB_314,330|_8GB_13,136원/1GB_105,090","_32GB_9,823원/1GB_314,330|_8GB_13,136원/1GB_105,090","_32GB_9,823원/1GB_314,330|_8GB_13,150원/1GB_105,200","_32GB_9,823원/1GB_314,330|_8GB_13,150원/1GB_105,200"
94450658,이메이션 DDR4-3200 CL22-22-22-52,"32GB_10,406원/1GB_333,000|_16GB_9,313원/1GB_149,000|_8GB_12,375원/1GB_99,000","32GB_10,406원/1GB_333,000|_16GB_9,313원/1GB_149,000|_8GB_12,375원/1GB_99,000","32GB_10,406원/1GB_333,000|_16GB_9,313원/1GB_149,000|_8GB_12,375원/1GB_99,000","32GB_10,406원/1GB_333,000|_16GB_9,313원/1GB_149,000|_8GB_12,375원/1GB_99,000","32GB_10,406원/1GB_333,000|_16GB_9,313원/1GB_149,000|_8GB_12,375원/1GB_99,000","32GB_10,406원/1GB_333,000|_16GB_9,313원/1GB_149,000|_8GB_12,375원/1GB_99,000","32GB_10,406원/1GB_333,000|_16GB_9,313원/1GB_149,000|_8GB_12,375원/1GB_99,000","32GB_10,406원/1GB_333,000|_16GB_9,313원/1GB_149,000|_8GB_12,375원/1GB_99,000","32GB_10,406원/1GB_333,000|_16GB_9,313원/1GB_149,000|_8GB_12,375원/1GB_99,000","32GB_10,406원/1GB_333,000|_16GB_9,313원/1GB_149,000|_8GB_12,375원/1GB_99,000",0,0,0,0,0,0
94450646,이메이션 DDR4-3200 CL22-22-22-52,0,0,0,0,0,0,0,0,0,0,"32GB_10,406원/1GB_333,000|_16GB_9,313원/1GB_149,000|_8GB_12,375원/1GB_99,000","32GB_10,406원/1GB_333,000|_16GB_9,313원/1GB_149,000|_8GB_12,375원/1GB_99,000","32GB_10,406원/1GB_333,000|_16GB_9,313원/1GB_149,000|_8GB_12,375원/1GB_99,000","32GB_10,406원/1GB_333,000|_16GB_9,313원/1GB_149,000|_8GB_12,375원/1GB_99,000","32GB_10,406원/1GB_333,000|_16GB_9,313원/1GB_149,000|_8GB_12,375원/1GB_99,000","32GB_10,406원/1GB_333,000|_16GB_9,313원/1GB_149,000|_8GB_12,375원/1GB_99,000"
94450400,이메이션 DDR5-5600 CL46-46-46,"16GB_21,813원/1GB_349,000","16GB_21,813원/1GB_349,000","16GB_21,813원/1GB_349,000","16GB_21,813원/1GB_349,000","16GB_21,813원/1GB_349,000","16GB_21,813원/1GB_349,000","16GB_21,813원/1GB_349,000","16GB_21,813원/1GB_349,000","16GB_21,813원/1GB_349,000","16GB_21,813원/1GB_349,000","16GB_21,813원/1GB_349,000","16GB_21,813원/1GB_349,000","16GB_21,813원/1GB_349,000","16GB_21,813원/1GB_349,000","16GB_21,813원/1GB_349,000","16GB_21,813원/1GB_349,000"
94450724,이메이션 노트북 DDR4-3200 CL22-22-22-52,"16GB_9,938원/1GB_159,000","16GB_9,938원/1GB_159,000","16GB_9,938원/1GB_159,000","16GB_9,938원/1GB_159,000","16GB_9,938원/1GB_159,000","16GB_9,938원/1GB_159,000","16GB_9,938원/1GB_159,000","16GB_9,938원/1GB_159,000","16GB_9,938원/1GB_159,000","16GB_9,938원/1GB_159,000","16GB_9,938원/1GB_159,000","16GB_9,938원/1GB_159,000","16GB_9,938원/1GB_159,000","16GB_9,938원/1GB_159,000","16GB_9,938원/1GB_159,000","16GB_9,938원/1GB_159,000"
61442444,이메이션 노트북 DDR5-5600 CL46,"16GB_19,649원/1GB_314,390","16GB_19,649원/1GB_314,380","16GB_19,610원/1GB_313,760","16GB_19,591원/1GB_313,450","16GB_19,552원/1GB_312,830","16GB_19,533원/1GB_312,530","16GB_19,911원/1GB_318,570","16GB_19,911원/1GB_318,570","16GB_19,905원/1GB_318,480","16GB_19,905원/1GB_318,480","16GB_19,905원/1GB_318,480","16GB_19,905원/1GB_318,480","16GB_20,121원/1GB_321,930","16GB_20,121원/1GB_321,930","16GB_20,121원/1GB_321,930","16GB_20,121원/1GB_321,930"
94450418,이메이션 노트북 DDR5-5600 CL46-46-46,"_32GB_19,031원/1GB_609,000|_16GB_21,813원/1GB_349,000","_32GB_19,031원/1GB_609,000|_16GB_21,813원/1GB_349,000","_32GB_19,031원/1GB_609,000|_16GB_21,813원/1GB_349,000","_32GB_19,031원/1GB_609,000|_16GB_21,813원/1GB_349,000","_32GB_19,031원/1GB_609,000|_16GB_21,813원/1GB_349,000","_32GB_19,031원/1GB_609,000|_16GB_21,813원/1GB_349,000","_32GB_19,031원/1GB_609,000|_16GB_21,813원/1GB_349,000","_32GB_19,031원/1GB_609,000|_16GB_21,813원/1GB_349,000","_32GB_18,719원/1GB_599,000|_16GB_21,813원/1GB_349,000","_32GB_18,719원/1GB_599,000|_16GB_21,813원/1GB_349,000","_32GB_18,719원/1GB_599,000|_16GB_21,813원/1GB_349,000","_32GB_18,719원/1GB_599,000|_16GB_21,813원/1GB_349,000","_32GB_18,719원/1GB_599,000|_16GB_21,813원/1GB_349,000","_32GB_18,719원/1GB_599,000|_16GB_21,813원/1GB_349,000","_32GB_18,719원/1GB_599,000|_16GB_21,813원/1GB_349,000","_32GB_18,719원/1GB_599,000|_16GB_21,813원/1GB_349,000"
79510673,커널앤코어 DDR4-3200 CL22,"_16GB_10,000원/1GB_160,000|_8GB_9,188원/1GB_73,500","_16GB_10,000원/1GB_160,000|_8GB_9,188원/1GB_73,500",0,0,0,0,0,0,0,0,0,0,0,0,0,0
79550513,커널앤코어 DDR4-3200 CL22,0,0,"_16GB_10,000원/1GB_160,000|_8GB_9,188원/1GB_73,500","_16GB_10,000원/1GB_160,000|_8GB_9,188원/1GB_73,500","_16GB_10,000원/1GB_160,000|_8GB_9,188원/1GB_73,500","_16GB_10,000원/1GB_160,000|_8GB_9,188원/1GB_73,500","_16GB_10,000원/1GB_160,000|_8GB_9,188원/1GB_73,500","_16GB_10,000원/1GB_160,000|_8GB_9,188원/1GB_73,500","_16GB_10,000원/1GB_160,000|_8GB_9,188원/1GB_73,500","_16GB_10,000원/1GB_160,000|_8GB_9,188원/1GB_73,500","_16GB_10,000원/1GB_160,000|_8GB_9,188원/1GB_73,500","_16GB_10,000원/1GB_160,000|_8GB_9,188원/1GB_73,500","_16GB_10,000원/1GB_160,000|_8GB_9,188원/1GB_73,500","_16GB_10,000원/1GB_160,000|_8GB_9,188원/1GB_73,500","_16GB_10,000원/1GB_160,000|_8GB_9,188원/1GB_73,500","_16GB_10,000원/1GB_160,000|_8GB_9,188원/1GB_73,500"
79408817,커널앤코어 DDR5-5600 CL46,"16GB_18,688원/1GB_299,000","16GB_18,688원/1GB_299,000","16GB_18,688원/1GB_299,000","16GB_18,688원/1GB_299,000","16GB_18,688원/1GB_299,000","16GB_18,688원/1GB_299,000","16GB_18,688원/1GB_299,000","16GB_18,688원/1GB_299,000","16GB_18,688원/1GB_299,000","16GB_18,688원/1GB_299,000","16GB_18,688원/1GB_299,000","16GB_18,688원/1GB_299,000","16GB_18,688원/1GB_299,000",0,0,0
88136900,커널앤코어 노트북용 DDR4-3200 CL22,"_8GB_12,438원/1GB_99,500|_4GB_14,625원/1GB_58,500","_8GB_12,438원/1GB_99,500|_4GB_14,625원/1GB_58,500","_8GB_12,438원/1GB_99,500|_4GB_14,625원/1GB_58,500","_8GB_12,438원/1GB_99,500|_4GB_14,625원/1GB_58,500","_8GB_12,438원/1GB_99,500|_4GB_14,625원/1GB_58,500","_8GB_12,438원/1GB_99,500|_4GB_14,625원/1GB_58,500",0,0,0,0,0,0,0,0,0,0
88136876,커널앤코어 노트북용 DDR4-3200 CL22,0,0,0,0,0,0,"_8GB_12,438원/1GB_99,500|_4GB_14,625원/1GB_58,500","_8GB_12,438원/1GB_99,500|_4GB_14,625원/1GB_58,500","_8GB_12,438원/1GB_99,500|_4GB_14,625원/1GB_58,500","_8GB_12,438원/1GB_99,500|_4GB_14,625원/1GB_58,500","_8GB_12,438원/1GB_99,500|_4GB_14,625원/1GB_58,500","_8GB_12,438원/1GB_99,500|_4GB_14,625원/1GB_58,500","_8GB_12,438원/1GB_99,500|_4GB_14,625원/1GB_58,500","_8GB_12,438원/1GB_99,500|_4GB_14,625원/1GB_58,500","_8GB_12,438원/1GB_99,500|_4GB_14,625원/1GB_58,500","_8GB_12,438원/1GB_99,500|_4GB_14,625원/1GB_58,500"
123743017,컴이지 킹덤 DDR4-2666 CL19,0,0,0,0,0,0,0,0,16GB_가격비교예정,16GB_가격비교예정,16GB_가격비교예정,16GB_가격비교예정,"16GB_7,876원/1GB_126,020","16GB_7,876원/1GB_126,020","16GB_7,876원/1GB_126,020","16GB_7,876원/1GB_126,020"
104045429,컴이지 킹덤 DDR4-3200 CL22,"_16GB_8,453원/1GB_135,240|_8GB_9,135원/1GB_73,080","_16GB_8,453원/1GB_135,240|_8GB_9,135원/1GB_73,080","_16GB_8,453원/1GB_135,240|_8GB_9,135원/1GB_73,080","_16GB_8,312원/1GB_132,990|_8GB_8,470원/1GB_67,761","_16GB_8,453원/1GB_135,240|_8GB_8,949원/1GB_71,595","_16GB_8,453원/1GB_135,240|_8GB_8,944원/1GB_71,550","_16GB_8,453원/1GB_135,240|_8GB_8,944원/1GB_71,550","_16GB_8,578원/1GB_137,240|_8GB_8,944원/1GB_71,550","_16GB_8,577원/1GB_137,230|_8GB_8,944원/1GB_71,550","_16GB_8,577원/1GB_137,230|_8GB_8,944원/1GB_71,550","_16GB_8,577원/1GB_137,230|_8GB_8,944원/1GB_71,550","_16GB_8,577원/1GB_137,230|_8GB_8,944원/1GB_71,550","_16GB_8,577원/1GB_137,230|_8GB_8,944원/1GB_71,550","_16GB_8,075원/1GB_129,200|_8GB_8,944원/1GB_71,550","_16GB_8,075원/1GB_129,200|_8GB_8,944원/1GB_71,550","_16GB_8,075원/1GB_129,200|_8GB_8,944원/1GB_71,550"
104571350,컴이지 킹덤 DDR5-5600 CL46,"16GB_20,566원/1GB_329,060","16GB_20,564원/1GB_329,020","16GB_20,560원/1GB_328,960","16GB_20,543원/1GB_328,690","16GB_20,538원/1GB_328,610","16GB_20,536원/1GB_328,580","16GB_20,444원/1GB_327,110","16GB_20,535원/1GB_328,560","16GB_20,444원/1GB_327,110","16GB_20,535원/1GB_328,560","16GB_20,378원/1GB_326,050","16GB_20,378원/1GB_326,050","16GB_20,378원/1GB_326,050","16GB_19,891원/1GB_318,250","16GB_19,891원/1GB_318,250","16GB_19,891원/1GB_318,250"
122689882,컴이지 킹덤 노트북 DDR4-3200 CL22,"_16GB_8,750원/1GB_140,000|_8GB_8,968원/1GB_71,740","_16GB_8,750원/1GB_140,000|_8GB_8,966원/1GB_71,730","_16GB_8,750원/1GB_140,000|_8GB_8,964원/1GB_71,710","_16GB_8,512원/1GB_136,190|_8GB_8,346원/1GB_66,771","_16GB_8,750원/1GB_140,000|_8GB_8,820원/1GB_70,560","_16GB_8,750원/1GB_140,000|_8GB_8,820원/1GB_70,560","_16GB_8,750원/1GB_140,000|_8GB_8,820원/1GB_70,560","_16GB_8,750원/1GB_140,000|_8GB_8,820원/1GB_70,560","_16GB_8,750원/1GB_140,000|_8GB_8,820원/1GB_70,560","_16GB_8,750원/1GB_140,000|_8GB_8,820원/1GB_70,560","_16GB_8,750원/1GB_140,000|_8GB_8,820원/1GB_70,560","_16GB_8,750원/1GB_140,000|_8GB_8,820원/1GB_70,560","_16GB_8,750원/1GB_140,000|_8GB_8,820원/1GB_70,560","_16GB_8,750원/1GB_140,000|_8GB_8,820원/1GB_70,560","_16GB_8,750원/1GB_140,000|_8GB_8,820원/1GB_70,560","_16GB_8,750원/1GB_140,000|_8GB_8,820원/1GB_70,560"
122705973,컴이지 킹덤 노트북 DDR4-3200 CL22,"_16GB_8,750원/1GB_140,000|_8GB_8,968원/1GB_71,740","_16GB_8,750원/1GB_140,000|_8GB_8,966원/1GB_71,730","_16GB_8,750원/1GB_140,000|_8GB_8,964원/1GB_71,710","_16GB_8,512원/1GB_136,190|_8GB_8,346원/1GB_66,771","_16GB_8,750원/1GB_140,000|_8GB_8,820원/1GB_70,560","_16GB_8,750원/1GB_140,000|_8GB_8,820원/1GB_70,560","_16GB_8,750원/1GB_140,000|_8GB_8,820원/1GB_70,560","_16GB_8,750원/1GB_140,000|_8GB_8,820원/1GB_70,560","_16GB_8,750원/1GB_140,000|_8GB_8,820원/1GB_70,560","_16GB_8,750원/1GB_140,000|_8GB_8,820원/1GB_70,560","_16GB_8,750원/1GB_140,000|_8GB_8,820원/1GB_70,560","_16GB_8,750원/1GB_140,000|_8GB_8,820원/1GB_70,560","_16GB_8,750원/1GB_140,000|_8GB_8,820원/1GB_70,560","_16GB_8,750원/1GB_140,000|_8GB_8,820원/1GB_70,560","_16GB_8,750원/1GB_140,000|_8GB_8,820원/1GB_70,560","_16GB_8,750원/1GB_140,000|_8GB_8,820원/1GB_70,560"
99543740,코오롱 시리즈 G.SKILL Ripjaws DDR3 SO DIMM DDR3L RAM 16GB 2x8GB 1600MT s CL9 9 28 ..,"187,910","187,910","187,820","187,790","187,700","187,670","187,590","187,570","187,470","187,450","187,350","187,300","187,240","187,210","187,130","187,090"
2375179,킹스톤 DDR3-1600,"8GB_5,238원/1GB_41,900","8GB_5,238원/1GB_41,900","8GB_5,238원/1GB_41,900","8GB_5,238원/1GB_41,900","8GB_5,238원/1GB_41,900","8GB_5,238원/1GB_41,900","8GB_5,238원/1GB_41,900","8GB_5,238원/1GB_41,900","8GB_5,238원/1GB_41,900","8GB_5,238원/1GB_41,900","8GB_5,238원/1GB_41,900","8GB_5,238원/1GB_41,900","8GB_5,238원/1GB_41,900","8GB_5,238원/1GB_41,900","8GB_5,238원/1GB_41,900","8GB_5,238원/1GB_41,900"
7013641,킹스톤 DDR4-2666,"_8GB_9,985원/1GB_79,880|_4GB_9,000원/1GB_36,000","_8GB_9,985원/1GB_79,880|_4GB_9,000원/1GB_36,000","_8GB_9,985원/1GB_79,880|_4GB_9,000원/1GB_36,000","_8GB_9,985원/1GB_79,880|_4GB_9,000원/1GB_36,000","_8GB_9,985원/1GB_79,880|_4GB_9,000원/1GB_36,000","_8GB_9,985원/1GB_79,880|_4GB_9,000원/1GB_36,000","_8GB_9,985원/1GB_79,880|_4GB_9,000원/1GB_36,000","_8GB_9,985원/1GB_79,880|_4GB_9,000원/1GB_36,000","_8GB_9,985원/1GB_79,880|_4GB_9,000원/1GB_36,000","_8GB_10,738원/1GB_85,900|_4GB_9,000원/1GB_36,000","_8GB_10,738원/1GB_85,900|_4GB_9,000원/1GB_36,000","_8GB_10,738원/1GB_85,900|_4GB_9,000원/1GB_36,000","_8GB_10,738원/1GB_85,900|_4GB_9,000원/1GB_36,000","_8GB_10,738원/1GB_85,900|_4GB_9,000원/1GB_36,000","_8GB_10,738원/1GB_85,900|_4GB_9,000원/1GB_36,000","_8GB_10,738원/1GB_85,900|_4GB_9,000원/1GB_36,000"
21538046,킹스톤 DDR5-5600 CL46,"8GB_62,375원/1GB_499,000","8GB_62,375원/1GB_499,000","8GB_62,375원/1GB_499,000","8GB_62,375원/1GB_499,000","8GB_62,375원/1GB_499,000","8GB_62,375원/1GB_499,000","8GB_62,375원/1GB_499,000","8GB_62,375원/1GB_499,000","8GB_62,375원/1GB_499,000","8GB_62,375원/1GB_499,000","8GB_62,375원/1GB_499,000","8GB_62,375원/1GB_499,000","8GB_62,375원/1GB_499,000","8GB_62,375원/1GB_499,000","8GB_62,375원/1GB_499,000","8GB_62,375원/1GB_499,000"
101628701,킹스톤 DDR5-5600 CL46 중고,"8GB_23,624원/1GB_188,990","8GB_23,624원/1GB_188,990","8GB_23,624원/1GB_188,990","8GB_23,619원/1GB_188,950","8GB_23,619원/1GB_188,950","8GB_23,624원/1GB_188,990","8GB_23,624원/1GB_188,990","8GB_23,624원/1GB_188,990","8GB_23,624원/1GB_188,990","8GB_23,624원/1GB_188,990","8GB_23,624원/1GB_188,990","8GB_23,624원/1GB_188,990","8GB_23,624원/1GB_188,990","8GB_23,624원/1GB_188,990","8GB_23,624원/1GB_188,990","8GB_23,624원/1GB_188,990"
96773492,킹스톤 DDR5-5600 CL46 코잇,"_32GB_24,531원/1GB_785,000|_16GB_26,813원/1GB_429,000","_32GB_24,531원/1GB_785,000|_16GB_26,813원/1GB_429,000","_32GB_24,531원/1GB_785,000|_16GB_26,813원/1GB_429,000","_32GB_24,531원/1GB_785,000|_16GB_26,813원/1GB_429,000","_32GB_24,531원/1GB_785,000|_16GB_26,813원/1GB_429,000","_32GB_24,531원/1GB_785,000|_16GB_26,813원/1GB_429,000","_32GB_24,531원/1GB_785,000|_16GB_26,813원/1GB_429,000","_32GB_24,531원/1GB_785,000|_16GB_26,813원/1GB_429,000","_32GB_24,531원/1GB_785,000|_16GB_26,813원/1GB_429,000","_32GB_24,531원/1GB_785,000|_16GB_26,813원/1GB_429,000","_32GB_24,531원/1GB_785,000|_16GB_26,813원/1GB_429,000","_32GB_24,531원/1GB_785,000|_16GB_26,813원/1GB_429,000","_32GB_24,531원/1GB_785,000|_16GB_26,813원/1GB_429,000","_32GB_24,531원/1GB_785,000|_16GB_26,813원/1GB_429,000","_32GB_24,531원/1GB_785,000|_16GB_26,813원/1GB_429,000","_32GB_24,531원/1GB_785,000|_16GB_26,813원/1GB_429,000"
16761047,킹스톤 FURY DDR5-5200 CL40 Beast,"16GB_26,624원/1GB_425,990","16GB_26,624원/1GB_425,990","16GB_26,624원/1GB_425,990","16GB_26,624원/1GB_425,990","16GB_26,624원/1GB_425,990","16GB_26,624원/1GB_425,990","16GB_26,624원/1GB_425,990","16GB_26,624원/1GB_425,990","16GB_26,624원/1GB_425,990","16GB_26,624원/1GB_425,990","16GB_26,625원/1GB_426,000","16GB_26,625원/1GB_426,000","16GB_26,625원/1GB_426,000","16GB_26,625원/1GB_426,000","16GB_26,625원/1GB_426,000","16GB_26,625원/1GB_426,000"
103414928,킹스톤 FURY DDR5-5600 CL36 Beast 블랙 병행수입,"_16GB_20,931원/1GB_334,900|_32GB_26,131원/1GB_836,190","_16GB_20,931원/1GB_334,900|_32GB_26,131원/1GB_836,190","_16GB_20,931원/1GB_334,900|_32GB_26,131원/1GB_836,190","_16GB_20,931원/1GB_334,900|_32GB_26,131원/1GB_836,190","_16GB_20,931원/1GB_334,900|_32GB_26,131원/1GB_836,190","_16GB_20,931원/1GB_334,900|_32GB_26,131원/1GB_836,190","_16GB_20,931원/1GB_334,900|_32GB_26,131원/1GB_836,190","_16GB_20,931원/1GB_334,900|_32GB_26,131원/1GB_836,190","_16GB_20,931원/1GB_334,900|_32GB_26,131원/1GB_836,190","_16GB_20,931원/1GB_334,900|_32GB_26,131원/1GB_836,190","_16GB_20,931원/1GB_334,900|_32GB_26,131원/1GB_836,190","_16GB_20,931원/1GB_334,900|_32GB_26,131원/1GB_836,190","_16GB_20,931원/1GB_334,900|_32GB_26,131원/1GB_836,190","_16GB_20,931원/1GB_334,900|_32GB_26,131원/1GB_836,190","_16GB_20,931원/1GB_334,900|_32GB_26,131원/1GB_836,190","_16GB_20,931원/1GB_334,900|_32GB_26,131원/1GB_836,190"
104751425,킹스톤 FURY DDR5-5600 CL36 Beast 블랙 병행수입,"_16GB_20,931원/1GB_334,900|_32GB_26,131원/1GB_836,190","_16GB_20,931원/1GB_334,900|_32GB_26,131원/1GB_836,190",0,0,0,0,0,0,0,0,0,0,0,0,0,0
96773372,킹스톤 FURY DDR5-5600 CL36 Beast 블랙 코잇,"_32GB_26,531원/1GB_848,990|_16GB_27,438원/1GB_439,000","_32GB_26,531원/1GB_848,990|_16GB_27,438원/1GB_439,000","_32GB_26,531원/1GB_848,990|_16GB_27,438원/1GB_439,000","_32GB_26,531원/1GB_848,990|_16GB_27,438원/1GB_439,000","_32GB_26,531원/1GB_848,990|_16GB_27,438원/1GB_439,000","_32GB_26,531원/1GB_848,990|_16GB_27,438원/1GB_439,000","_32GB_26,531원/1GB_848,990|_16GB_27,438원/1GB_439,000","_32GB_26,531원/1GB_848,990|_16GB_27,438원/1GB_439,000","_32GB_26,531원/1GB_848,990|_16GB_27,438원/1GB_439,000","_32GB_26,531원/1GB_848,990|_16GB_27,438원/1GB_439,000","_32GB_26,531원/1GB_848,990|_16GB_27,438원/1GB_439,000","_32GB_26,531원/1GB_848,990|_16GB_27,438원/1GB_439,000","_32GB_26,531원/1GB_848,990|_16GB_27,438원/1GB_439,000","_32GB_26,531원/1GB_848,990|_16GB_27,438원/1GB_439,000","_32GB_26,531원/1GB_848,990|_16GB_27,438원/1GB_439,000","_32GB_26,531원/1GB_848,990|_16GB_27,438원/1GB_439,000"
96773399,킹스톤 FURY DDR5-5600 CL36 Beast 화이트 코잇,"_32GB_27,850원/1GB_891,200|_16GB_27,438원/1GB_439,000","_32GB_27,850원/1GB_891,200|_16GB_27,438원/1GB_439,000","_32GB_27,850원/1GB_891,200|_16GB_27,438원/1GB_439,000","_32GB_27,850원/1GB_891,200|_16GB_27,438원/1GB_439,000","_32GB_27,850원/1GB_891,200|_16GB_27,438원/1GB_439,000","_32GB_27,850원/1GB_891,200|_16GB_27,438원/1GB_439,000","_32GB_27,850원/1GB_891,200|_16GB_27,438원/1GB_439,000","_32GB_27,850원/1GB_891,200|_16GB_27,438원/1GB_439,000","_32GB_27,850원/1GB_891,200|_16GB_27,438원/1GB_439,000","_32GB_27,850원/1GB_891,200|_16GB_27,438원/1GB_439,000","_32GB_27,850원/1GB_891,200|_16GB_27,438원/1GB_439,000","_32GB_27,850원/1GB_891,200|_16GB_27,438원/1GB_439,000","_32GB_27,850원/1GB_891,200|_16GB_27,438원/1GB_439,000","_32GB_27,850원/1GB_891,200|_16GB_27,438원/1GB_439,000","_32GB_27,850원/1GB_891,200|_16GB_27,438원/1GB_439,000","_32GB_27,850원/1GB_891,200|_16GB_27,438원/1GB_439,000"
106223162,킹스톤 FURY DDR5-5600 CL40 Beast 블랙 병행수입,"16GB_19,582원/1GB_313,310","16GB_19,581원/1GB_313,290","16GB_19,581원/1GB_313,290","16GB_20,821원/1GB_333,130","16GB_21,376원/1GB_342,010","16GB_21,376원/1GB_342,010","16GB_21,376원/1GB_342,010","16GB_21,376원/1GB_342,010","16GB_21,756원/1GB_348,090","16GB_21,756원/1GB_348,090","16GB_21,756원/1GB_348,090","16GB_21,756원/1GB_348,090","16GB_21,756원/1GB_348,090","16GB_21,756원/1GB_348,090","16GB_21,756원/1GB_348,090","16GB_21,756원/1GB_348,090"
106223180,킹스톤 FURY DDR5-5600 CL46 Beast 블랙 병행수입,"16GB_19,582원/1GB_313,310","16GB_19,581원/1GB_313,290","16GB_19,580원/1GB_313,280","16GB_19,580원/1GB_313,280","16GB_19,580원/1GB_313,280","16GB_19,580원/1GB_313,280","16GB_19,580원/1GB_313,280","16GB_19,580원/1GB_313,280","16GB_20,016원/1GB_320,250","16GB_20,016원/1GB_320,250","16GB_20,016원/1GB_320,250","16GB_20,233원/1GB_323,730","16GB_20,233원/1GB_323,720","16GB_20,233원/1GB_323,720","16GB_20,233원/1GB_323,720","16GB_20,233원/1GB_323,720"
104595902,킹스톤 FURY DDR5-5600 CL46 병행수입,"32GB_22,024원/1GB_704,770","32GB_22,023원/1GB_704,730","32GB_22,023원/1GB_704,730","32GB_22,023원/1GB_704,730","32GB_22,020원/1GB_704,630","32GB_22,019원/1GB_704,610","32GB_22,016원/1GB_704,510","32GB_22,015원/1GB_704,490","32GB_22,012원/1GB_704,390","32GB_22,012원/1GB_704,370","32GB_22,008원/1GB_704,270","32GB_22,007원/1GB_704,220","32GB_22,005원/1GB_704,160","32GB_22,004원/1GB_704,130","32GB_22,002원/1GB_704,050","32GB_22,000원/1GB_704,010"
96773297,킹스톤 FURY DDR5-6000 CL30 Beast RGB 블랙 패키지 코잇,"_64GB(32Gx2)_31,448원/1GB_2,012,670|_32GB(16Gx2)_29,794원/1GB_953,400","_64GB(32Gx2)_31,448원/1GB_2,012,670|_32GB(16Gx2)_29,794원/1GB_953,400",0,0,0,0,0,0,0,0,0,0,0,0,0,0
96773279,킹스톤 FURY DDR5-6000 CL30 Beast RGB 블랙 패키지 코잇,0,0,"_64GB(32Gx2)_31,448원/1GB_2,012,650|_32GB(16Gx2)_29,794원/1GB_953,400","_64GB(32Gx2)_31,448원/1GB_2,012,650|_32GB(16Gx2)_29,794원/1GB_953,400","_64GB(32Gx2)_31,448원/1GB_2,012,650|_32GB(16Gx2)_29,794원/1GB_953,400","_64GB(32Gx2)_31,448원/1GB_2,012,650|_32GB(16Gx2)_29,794원/1GB_953,400","_64GB(32Gx2)_31,448원/1GB_2,012,650|_32GB(16Gx2)_29,794원/1GB_953,400","_64GB(32Gx2)_31,448원/1GB_2,012,660|_32GB(16Gx2)_29,794원/1GB_953,400","_64GB(32Gx2)_31,448원/1GB_2,012,650|_32GB(16Gx2)_29,794원/1GB_953,400","_64GB(32Gx2)_31,448원/1GB_2,012,660|_32GB(16Gx2)_29,794원/1GB_953,400","_64GB(32Gx2)_31,600원/1GB_2,022,420|_32GB(16Gx2)_29,794원/1GB_953,400","_64GB(32Gx2)_31,600원/1GB_2,022,430|_32GB(16Gx2)_29,794원/1GB_953,400","_64GB(32Gx2)_31,600원/1GB_2,022,430|_32GB(16Gx2)_29,794원/1GB_953,400","_64GB(32Gx2)_31,600원/1GB_2,022,420|_32GB(16Gx2)_29,794원/1GB_953,400","_64GB(32Gx2)_31,600원/1GB_2,022,420|_32GB(16Gx2)_29,794원/1GB_953,400","_64GB(32Gx2)_31,600원/1GB_2,022,420|_32GB(16Gx2)_29,794원/1GB_953,400"
96773312,킹스톤 FURY DDR5-6000 CL30 Beast RGB 화이트 패키지 코잇,"_64GB(32Gx2)_27,969원/1GB_1,790,000|_32GB(16Gx2)_31,444원/1GB_1,006,210","_64GB(32Gx2)_27,969원/1GB_1,790,000|_32GB(16Gx2)_31,444원/1GB_1,006,210","_64GB(32Gx2)_27,969원/1GB_1,790,000|_32GB(16Gx2)_31,443원/1GB_1,006,190","_64GB(32Gx2)_27,969원/1GB_1,790,000|_32GB(16Gx2)_31,443원/1GB_1,006,190","_64GB(32Gx2)_31,604원/1GB_2,022,640|_32GB(16Gx2)_31,443원/1GB_1,006,190","_64GB(32Gx2)_31,604원/1GB_2,022,640|_32GB(16Gx2)_31,443원/1GB_1,006,190","_64GB(32Gx2)_31,604원/1GB_2,022,640|_32GB(16Gx2)_31,443원/1GB_1,006,190","_64GB(32Gx2)_31,604원/1GB_2,022,650|_32GB(16Gx2)_31,444원/1GB_1,006,200","_64GB(32Gx2)_31,604원/1GB_2,022,640|_32GB(16Gx2)_31,443원/1GB_1,006,190","_64GB(32Gx2)_31,604원/1GB_2,022,650|_32GB(16Gx2)_31,444원/1GB_1,006,200","_64GB(32Gx2)_31,604원/1GB_2,022,640|_32GB(16Gx2)_31,604원/1GB_1,011,330","_64GB(32Gx2)_31,604원/1GB_2,022,650|_32GB(16Gx2)_31,604원/1GB_1,011,340",0,0,0,0
96773315,킹스톤 FURY DDR5-6000 CL30 Beast RGB 화이트 패키지 코잇,0,0,0,0,0,0,0,0,0,0,0,0,"_64GB(32Gx2)_31,604원/1GB_2,022,650|_32GB(16Gx2)_31,604원/1GB_1,011,340","_64GB(32Gx2)_31,604원/1GB_2,022,640|_32GB(16Gx2)_31,604원/1GB_1,011,330","_64GB(32Gx2)_31,604원/1GB_2,022,640|_32GB(16Gx2)_31,604원/1GB_1,011,330","_64GB(32Gx2)_31,604원/1GB_2,022,640|_32GB(16Gx2)_31,604원/1GB_1,011,330"
103753163,킹스톤 FURY DDR5-6000 CL30 Beast 블랙 코잇,"16GB_21,563원/1GB_345,000","16GB_21,563원/1GB_345,000","16GB_21,563원/1GB_345,000","16GB_21,563원/1GB_345,000","16GB_21,563원/1GB_345,000","16GB_21,563원/1GB_345,000","16GB_21,563원/1GB_345,000","16GB_21,563원/1GB_345,000","16GB_21,563원/1GB_345,000","16GB_21,563원/1GB_345,000","16GB_21,563원/1GB_345,000","16GB_21,563원/1GB_345,000","16GB_21,563원/1GB_345,000","16GB_21,563원/1GB_345,000","16GB_21,563원/1GB_345,000","16GB_21,563원/1GB_345,000"
103753172,킹스톤 FURY DDR5-6000 CL30 Beast 화이트 코잇,"16GB_31,105원/1GB_497,680","16GB_31,105원/1GB_497,680","16GB_31,104원/1GB_497,660","16GB_31,104원/1GB_497,660","16GB_31,104원/1GB_497,660","16GB_31,104원/1GB_497,660","16GB_31,104원/1GB_497,660","16GB_31,104원/1GB_497,670","16GB_31,104원/1GB_497,660","16GB_31,104원/1GB_497,670","16GB_31,106원/1GB_497,690","16GB_31,106원/1GB_497,700","16GB_31,106원/1GB_497,700","16GB_31,106원/1GB_497,690","16GB_31,106원/1GB_497,690","16GB_31,106원/1GB_497,690"
103753112,킹스톤 FURY 노트북 DDR5-5600 CL40 Impact 코잇,"16GB_20,938원/1GB_335,000","16GB_20,938원/1GB_335,000","16GB_20,938원/1GB_335,000","16GB_20,938원/1GB_335,000","16GB_20,938원/1GB_335,000","16GB_20,938원/1GB_335,000","16GB_20,938원/1GB_335,000","16GB_20,938원/1GB_335,000","16GB_20,938원/1GB_335,000","16GB_20,938원/1GB_335,000","16GB_20,938원/1GB_335,000","16GB_20,938원/1GB_335,000","16GB_20,938원/1GB_335,000","16GB_20,938원/1GB_335,000","16GB_20,938원/1GB_335,000","16GB_20,938원/1GB_335,000"
103415228,킹스톤 FURY 노트북 DDR5-5600 CL40 병행수입,"_16GB_19,053원/1GB_304,846|_32GB_17,040원/1GB_545,270","_16GB_19,053원/1GB_304,846|_32GB_17,040원/1GB_545,270","_16GB_19,053원/1GB_304,846|_32GB_17,040원/1GB_545,270","_16GB_19,431원/1GB_310,890|_32GB_17,040원/1GB_545,270",0,0,0,0,0,0,0,0,0,0,0,0
103415231,킹스톤 FURY 노트북 DDR5-5600 CL40 병행수입,"_16GB_19,053원/1GB_304,846|_32GB_17,040원/1GB_545,270","_16GB_19,053원/1GB_304,846|_32GB_17,040원/1GB_545,270","_16GB_19,053원/1GB_304,846|_32GB_17,040원/1GB_545,270","_16GB_19,431원/1GB_310,890|_32GB_17,040원/1GB_545,270","_16GB_19,431원/1GB_310,890|_32GB_17,040원/1GB_545,270","_16GB_19,431원/1GB_310,890|_32GB_17,040원/1GB_545,270","_16GB_19,431원/1GB_310,890|_32GB_17,040원/1GB_545,270","_16GB_19,431원/1GB_310,890|_32GB_17,040원/1GB_545,270","_16GB_19,431원/1GB_310,890|_32GB_17,040원/1GB_545,270","_16GB_19,431원/1GB_310,890|_32GB_17,040원/1GB_545,270","_16GB_19,431원/1GB_310,890|_32GB_17,040원/1GB_545,270","_16GB_19,431원/1GB_310,890|_32GB_17,040원/1GB_545,270","_16GB_19,431원/1GB_310,890|_32GB_17,040원/1GB_545,270","_16GB_19,431원/1GB_310,890|_32GB_17,040원/1GB_545,270","_16GB_19,431원/1GB_310,890|_32GB_17,040원/1GB_545,270","_16GB_19,431원/1GB_310,890|_32GB_17,040원/1GB_545,270"
3233702,킹스톤 노트북 DDR3-1600,"8GB_6,250원/1GB_50,000","8GB_6,250원/1GB_50,000","8GB_6,250원/1GB_50,000","8GB_6,250원/1GB_50,000","8GB_6,250원/1GB_50,000","8GB_6,250원/1GB_50,000","8GB_6,250원/1GB_50,000","8GB_6,250원/1GB_50,000","8GB_6,250원/1GB_50,000","8GB_6,250원/1GB_50,000","8GB_6,250원/1GB_50,000","8GB_6,250원/1GB_50,000","8GB_6,250원/1GB_50,000","8GB_6,250원/1GB_50,000","8GB_6,250원/1GB_50,000","8GB_6,250원/1GB_50,000"
4838666,타무즈 DDR3-1600 CL11,"_8GB_4,429원/1GB_35,430|_4GB_5,750원/1GB_23,000","_8GB_4,429원/1GB_35,430|_4GB_5,750원/1GB_23,000","_8GB_4,428원/1GB_35,420|_4GB_5,750원/1GB_23,000","_8GB_4,428원/1GB_35,420|_4GB_5,750원/1GB_23,000","_8GB_4,428원/1GB_35,420|_4GB_5,750원/1GB_23,000","_8GB_4,428원/1GB_35,420|_4GB_5,750원/1GB_23,000","_8GB_4,426원/1GB_35,410|_4GB_5,750원/1GB_23,000","_8GB_4,426원/1GB_35,410|_4GB_5,750원/1GB_23,000","_8GB_4,425원/1GB_35,400|_4GB_5,750원/1GB_23,000","_8GB_4,425원/1GB_35,400|_4GB_5,750원/1GB_23,000","_8GB_4,425원/1GB_35,400|_4GB_5,750원/1GB_23,000","_8GB_4,424원/1GB_35,390|_4GB_5,750원/1GB_23,000","_8GB_4,424원/1GB_35,390|_4GB_5,750원/1GB_23,000","_8GB_4,424원/1GB_35,390|_4GB_5,750원/1GB_23,000","_8GB_4,424원/1GB_35,390|_4GB_5,750원/1GB_23,000","_8GB_4,424원/1GB_35,390|_4GB_5,750원/1GB_23,000"
4525099,타무즈 DDR4-2133 CL15,"8GB_11,031원/1GB_88,250","8GB_11,031원/1GB_88,250","8GB_11,031원/1GB_88,250","8GB_11,031원/1GB_88,250","8GB_11,031원/1GB_88,250","8GB_11,031원/1GB_88,250","8GB_11,031원/1GB_88,250","8GB_11,031원/1GB_88,250","8GB_11,031원/1GB_88,250","8GB_11,031원/1GB_88,250","8GB_11,031원/1GB_88,250","8GB_11,031원/1GB_88,250","8GB_11,031원/1GB_88,250","8GB_11,031원/1GB_88,250","8GB_11,031원/1GB_88,250","8GB_11,031원/1GB_88,250"
5093440,타무즈 DDR4-2400 CL17,"8GB_10,874원/1GB_86,990","8GB_10,874원/1GB_86,990","8GB_10,874원/1GB_86,990","8GB_10,874원/1GB_86,990","8GB_10,874원/1GB_86,990","8GB_10,874원/1GB_86,990","8GB_10,874원/1GB_86,990","8GB_10,874원/1GB_86,990","8GB_10,874원/1GB_86,990","8GB_10,874원/1GB_86,990","8GB_10,875원/1GB_87,000","8GB_10,875원/1GB_87,000","8GB_10,875원/1GB_87,000","8GB_10,875원/1GB_87,000","8GB_10,875원/1GB_87,000","8GB_10,875원/1GB_87,000"
6018770,타무즈 DDR4-2666 CL19,"_16GB_9,554원/1GB_152,870|_8GB_10,570원/1GB_84,560|4GB_13,125원/1GB_52,500","_16GB_9,554원/1GB_152,860|_8GB_10,569원/1GB_84,550|4GB_13,125원/1GB_52,500",0,0,0,0,0,0,0,0,0,0,0,0,0,0
6018766,타무즈 DDR4-2666 CL19,0,0,"_16GB_9,554원/1GB_152,860|_8GB_10,559원/1GB_84,470|4GB_13,125원/1GB_52,500","_16GB_9,553원/1GB_152,850|_8GB_10,555원/1GB_84,440|4GB_13,125원/1GB_52,500","_16GB_9,553원/1GB_152,850|_8GB_10,555원/1GB_84,440|4GB_13,125원/1GB_52,500","_16GB_9,553원/1GB_152,840|_8GB_10,555원/1GB_84,440|4GB_13,125원/1GB_52,500","_16GB_9,553원/1GB_152,840|_8GB_10,555원/1GB_84,440|4GB_13,125원/1GB_52,500","_16GB_9,552원/1GB_152,830|_8GB_10,555원/1GB_84,440|4GB_13,125원/1GB_52,500","_16GB_9,552원/1GB_152,830|_8GB_10,636원/1GB_85,090|4GB_13,125원/1GB_52,500","_16GB_9,551원/1GB_152,820|_8GB_10,636원/1GB_85,090|4GB_13,125원/1GB_52,500","_16GB_9,551원/1GB_152,820|_8GB_10,636원/1GB_85,090|4GB_13,125원/1GB_52,500","_16GB_9,562원/1GB_152,990|_8GB_10,636원/1GB_85,090|4GB_13,125원/1GB_52,500","_16GB_9,562원/1GB_152,990|_8GB_10,636원/1GB_85,090|4GB_13,125원/1GB_52,500","_16GB_9,562원/1GB_152,990|_8GB_10,636원/1GB_85,090|4GB_13,125원/1GB_52,500","_16GB_9,562원/1GB_152,990|_8GB_10,636원/1GB_85,090|4GB_13,125원/1GB_52,500","_16GB_9,562원/1GB_152,990|_8GB_10,636원/1GB_85,090|4GB_13,125원/1GB_52,500"
10450266,타무즈 DDR4-3200 CL16,"8GB_11,595원/1GB_92,760","8GB_11,595원/1GB_92,760","8GB_11,595원/1GB_92,760","8GB_11,595원/1GB_92,760","8GB_11,595원/1GB_92,760","8GB_11,595원/1GB_92,760","8GB_11,595원/1GB_92,760","8GB_11,595원/1GB_92,760","8GB_11,595원/1GB_92,760","8GB_11,595원/1GB_92,760","8GB_11,595원/1GB_92,760","8GB_11,595원/1GB_92,760","8GB_11,595원/1GB_92,760","8GB_11,595원/1GB_92,760","8GB_11,595원/1GB_92,760","8GB_11,595원/1GB_92,760"
13137290,타무즈 DDR4-3200 CL22,"32GB_11,876원/1GB_380,020|_16GB_9,896원/1GB_158,330|_8GB_10,733원/1GB_85,860|4GB_13,273원/1GB_53,090","32GB_11,876원/1GB_380,020|_16GB_9,896원/1GB_158,330|_8GB_10,733원/1GB_85,860|4GB_13,265원/1GB_53,060","32GB_11,876원/1GB_380,020|_16GB_9,896원/1GB_158,330|_8GB_10,733원/1GB_85,860|4GB_13,265원/1GB_53,060","32GB_11,876원/1GB_380,020|_16GB_9,657원/1GB_154,510|_8GB_9,979원/1GB_79,830|4GB_12,458원/1GB_49,833",0,0,0,0,"32GB_11,876원/1GB_380,020|_16GB_9,896원/1GB_158,330|_8GB_10,547원/1GB_84,375|4GB_13,168원/1GB_52,670","32GB_11,876원/1GB_380,020|_16GB_9,896원/1GB_158,330|_8GB_10,547원/1GB_84,375|4GB_13,168원/1GB_52,670","32GB_11,876원/1GB_380,020|_16GB_9,896원/1GB_158,330|_8GB_10,547원/1GB_84,375|4GB_13,168원/1GB_52,670","32GB_11,876원/1GB_380,020|_16GB_9,896원/1GB_158,330|_8GB_10,547원/1GB_84,375|4GB_13,168원/1GB_52,670","32GB_11,876원/1GB_380,020|_16GB_9,896원/1GB_158,330|_8GB_10,547원/1GB_84,375|4GB_13,168원/1GB_52,670","32GB_11,876원/1GB_380,020|_16GB_9,896원/1GB_158,330|_8GB_10,547원/1GB_84,375|4GB_13,168원/1GB_52,670","32GB_11,876원/1GB_380,020|_16GB_9,896원/1GB_158,330|_8GB_10,547원/1GB_84,375|4GB_13,168원/1GB_52,670","32GB_11,876원/1GB_380,020|_16GB_9,896원/1GB_158,330|_8GB_10,547원/1GB_84,375|4GB_13,168원/1GB_52,670"
13137278,타무즈 DDR4-3200 CL22,0,0,0,0,"32GB_11,876원/1GB_380,020|_16GB_9,657원/1GB_154,510|_8GB_10,547원/1GB_84,375|4GB_13,150원/1GB_52,600","32GB_11,876원/1GB_380,020|_16GB_9,896원/1GB_158,330|_8GB_10,547원/1GB_84,375|4GB_13,150원/1GB_52,600","32GB_11,876원/1GB_380,020|_16GB_9,896원/1GB_158,330|_8GB_10,547원/1GB_84,375|4GB_13,150원/1GB_52,600","32GB_11,876원/1GB_380,020|_16GB_9,896원/1GB_158,330|_8GB_10,547원/1GB_84,375|4GB_13,150원/1GB_52,600",0,0,0,0,0,0,0,0
99128864,타무즈 DDR5-5600 CL40 XMP,"16GB_19,469원/1GB_311,510","16GB_19,469원/1GB_311,510","16GB_19,469원/1GB_311,510","16GB_19,469원/1GB_311,510","16GB_19,469원/1GB_311,510","16GB_19,469원/1GB_311,510","16GB_19,469원/1GB_311,510","16GB_19,469원/1GB_311,510","16GB_19,469원/1GB_311,510","16GB_19,469원/1GB_311,510","16GB_19,469원/1GB_311,510","16GB_19,469원/1GB_311,510","16GB_19,469원/1GB_311,510","16GB_19,469원/1GB_311,510","16GB_19,469원/1GB_311,510","16GB_19,469원/1GB_311,510"
31998278,타무즈 DDR5-5600 CL46,"_32GB_19,306원/1GB_617,790|_16GB_19,723원/1GB_315,560|8GB_21,546원/1GB_172,370","_32GB_19,306원/1GB_617,790|_16GB_19,720원/1GB_315,520|8GB_21,546원/1GB_172,370","_32GB_19,306원/1GB_617,790|_16GB_19,720원/1GB_315,520|8GB_21,546원/1GB_172,370","_32GB_19,306원/1GB_617,790|_16GB_19,720원/1GB_315,520|8GB_21,061원/1GB_168,490","_32GB_19,306원/1GB_617,790|_16GB_19,714원/1GB_315,430|8GB_21,368원/1GB_172,370","_32GB_19,306원/1GB_617,790|_16GB_19,713원/1GB_315,410|8GB_21,368원/1GB_170,940","_32GB_19,306원/1GB_617,790|_16GB_19,713원/1GB_315,410|8GB_21,546원/1GB_172,370","_32GB_19,306원/1GB_617,790|_16GB_19,713원/1GB_315,410|8GB_21,546원/1GB_172,370","_32GB_19,306원/1GB_617,790|_16GB_19,946원/1GB_319,140|8GB_21,546원/1GB_172,370","_32GB_19,306원/1GB_617,790|_16GB_19,946원/1GB_319,140|8GB_21,546원/1GB_172,370","_32GB_19,306원/1GB_617,790|_16GB_19,946원/1GB_319,140|8GB_21,546원/1GB_172,370","_32GB_19,306원/1GB_617,790|_16GB_20,163원/1GB_322,610|8GB_21,546원/1GB_172,370","_32GB_19,306원/1GB_617,790|_16GB_20,163원/1GB_322,610|8GB_21,546원/1GB_172,370","_32GB_19,306원/1GB_617,790|_16GB_20,163원/1GB_322,610|8GB_21,546원/1GB_172,370","_32GB_19,306원/1GB_617,790|_16GB_20,163원/1GB_322,610|8GB_21,546원/1GB_172,370","_32GB_19,306원/1GB_617,790|_16GB_20,163원/1GB_322,610|8GB_21,546원/1GB_172,370"
96368429,타무즈 DDR5-5600 CL46 S5,"16GB_20,312원/1GB_324,990","16GB_20,312원/1GB_324,990","16GB_20,312원/1GB_324,990","16GB_20,312원/1GB_324,990","16GB_20,312원/1GB_324,990","16GB_20,312원/1GB_324,990","16GB_20,312원/1GB_324,990","16GB_20,312원/1GB_324,990","16GB_20,312원/1GB_324,990","16GB_20,312원/1GB_324,990","16GB_20,312원/1GB_324,990","16GB_20,312원/1GB_324,990","16GB_20,312원/1GB_324,990","16GB_20,312원/1GB_324,990","16GB_20,312원/1GB_324,990","16GB_20,312원/1GB_324,990"
4545912,타무즈 노트북 DDR3-1333 CL9,"4GB_2,750원/1GB_11,000","4GB_2,743원/1GB_10,970","4GB_2,743원/1GB_10,970","4GB_2,740원/1GB_10,960","4GB_2,740원/1GB_10,960","4GB_2,740원/1GB_10,960","4GB_2,715원/1GB_10,860","4GB_2,710원/1GB_10,840","4GB_2,710원/1GB_10,840","4GB_2,710원/1GB_10,840","4GB_2,685원/1GB_10,740","4GB_2,680원/1GB_10,720","4GB_2,680원/1GB_10,720","4GB_2,680원/1GB_10,720","4GB_2,660원/1GB_10,640","4GB_2,650원/1GB_10,600"
4545965,타무즈 노트북 DDR3L-1600 CL11 1.35V,"_8GB_5,099원/1GB_40,790|_4GB_6,298원/1GB_25,190","_8GB_5,095원/1GB_40,760|_4GB_6,298원/1GB_25,190","_8GB_5,095원/1GB_40,760|_4GB_6,298원/1GB_25,190","_8GB_5,094원/1GB_40,750|_4GB_6,298원/1GB_25,190","_8GB_5,094원/1GB_40,750|_4GB_6,298원/1GB_25,190","_8GB_5,095원/1GB_40,760|_4GB_6,298원/1GB_25,190",0,0,0,0,0,0,0,0,0,0
5215088,타무즈 노트북 DDR3L-1600 CL11 1.35V,0,0,0,0,0,0,"_8GB_5,124원/1GB_40,990|_4GB_6,298원/1GB_25,190","_8GB_5,124원/1GB_40,990|_4GB_6,298원/1GB_25,190","_8GB_5,124원/1GB_40,990|_4GB_6,298원/1GB_25,190","_8GB_5,124원/1GB_40,990|_4GB_6,298원/1GB_25,190","_8GB_5,124원/1GB_40,990|_4GB_6,298원/1GB_25,190","_8GB_5,124원/1GB_40,990|_4GB_6,298원/1GB_25,190","_8GB_5,124원/1GB_40,990|_4GB_6,298원/1GB_25,190","_8GB_5,124원/1GB_40,990|_4GB_6,298원/1GB_25,190","_8GB_5,124원/1GB_40,990|_4GB_6,298원/1GB_25,190","_8GB_5,124원/1GB_40,990|_4GB_6,298원/1GB_25,190"
4546081,타무즈 노트북 DDR4-2133 CL15,"8GB_10,874원/1GB_86,990","8GB_10,874원/1GB_86,990","8GB_10,874원/1GB_86,990","8GB_10,281원/1GB_82,251","8GB_10,866원/1GB_86,930","8GB_10,866원/1GB_86,931","8GB_10,866원/1GB_86,931","8GB_10,866원/1GB_86,931","8GB_10,866원/1GB_86,931","8GB_10,866원/1GB_86,931","8GB_10,866원/1GB_86,931","8GB_10,866원/1GB_86,931","8GB_10,866원/1GB_86,931","8GB_10,866원/1GB_86,931","8GB_10,866원/1GB_86,931","8GB_10,866원/1GB_86,931"
5971453,타무즈 노트북 DDR4-2400 CL17,"8GB_10,861원/1GB_86,890","8GB_10,874원/1GB_86,990","8GB_10,874원/1GB_86,990","8GB_10,874원/1GB_86,990","8GB_10,861원/1GB_86,890","8GB_10,875원/1GB_87,000","8GB_10,875원/1GB_87,000","8GB_10,875원/1GB_87,000","8GB_10,874원/1GB_86,990","8GB_10,874원/1GB_86,990","8GB_10,874원/1GB_86,990","8GB_10,874원/1GB_86,990","8GB_10,874원/1GB_86,990","8GB_10,874원/1GB_86,990","8GB_10,874원/1GB_86,990","8GB_10,874원/1GB_86,990"
7151392,타무즈 노트북 DDR4-2666 CL19,"16GB_9,368원/1GB_149,890|_8GB_9,575원/1GB_76,600|_4GB_13,125원/1GB_52,500","16GB_9,367원/1GB_149,870|_8GB_9,575원/1GB_76,600|_4GB_13,125원/1GB_52,500","16GB_9,362원/1GB_149,790|_8GB_9,575원/1GB_76,600|_4GB_13,125원/1GB_52,500","16GB_9,360원/1GB_149,760|_8GB_9,575원/1GB_76,600|_4GB_13,125원/1GB_52,500","16GB_9,360원/1GB_149,760|_8GB_9,575원/1GB_76,600|_4GB_13,125원/1GB_52,500","16GB_9,360원/1GB_149,760|_8GB_9,575원/1GB_76,600|_4GB_13,125원/1GB_52,500","16GB_9,360원/1GB_149,760|_8GB_9,575원/1GB_76,600|_4GB_13,125원/1GB_52,500","16GB_9,360원/1GB_149,990|_8GB_9,575원/1GB_76,600|_4GB_13,125원/1GB_52,500","_16GB_9,374원/1GB_149,990|_8GB_9,575원/1GB_76,600|4GB_13,125원/1GB_52,500","_16GB_9,374원/1GB_149,990|_8GB_9,575원/1GB_76,600|4GB_13,125원/1GB_52,500","_16GB_9,374원/1GB_149,990|_8GB_9,575원/1GB_76,600|4GB_13,125원/1GB_52,500","_16GB_9,374원/1GB_149,990|_8GB_9,575원/1GB_76,600|4GB_13,125원/1GB_52,500","_16GB_9,374원/1GB_149,990|_8GB_9,575원/1GB_76,600|4GB_13,125원/1GB_52,500","_16GB_9,374원/1GB_149,990|_8GB_9,575원/1GB_76,600|4GB_13,125원/1GB_52,500","_16GB_9,374원/1GB_149,990|_8GB_9,575원/1GB_76,600|4GB_13,125원/1GB_52,500","_16GB_9,374원/1GB_149,990|_8GB_9,575원/1GB_76,600|4GB_13,125원/1GB_52,500"
10450275,타무즈 노트북 DDR4-3200 CL16,"8GB_11,813원/1GB_94,500","8GB_11,811원/1GB_94,490","8GB_11,811원/1GB_94,490","8GB_11,813원/1GB_94,500","8GB_11,799원/1GB_94,390","8GB_11,798원/1GB_94,380","8GB_11,798원/1GB_94,380","8GB_11,798원/1GB_94,380","8GB_11,813원/1GB_94,500","8GB_11,813원/1GB_94,500","8GB_11,813원/1GB_94,500","8GB_11,811원/1GB_94,490","8GB_11,811원/1GB_94,490","8GB_11,811원/1GB_94,490","8GB_11,810원/1GB_94,480","8GB_11,810원/1GB_94,480"
13137365,타무즈 노트북 DDR4-3200 CL22,"32GB_13,785원/1GB_441,130|_16GB_9,472원/1GB_151,550|_8GB_10,013원/1GB_80,100|4GB_13,125원/1GB_52,500","32GB_13,785원/1GB_441,130|_16GB_9,470원/1GB_151,520|_8GB_10,009원/1GB_80,070|4GB_13,125원/1GB_52,500","32GB_13,785원/1GB_441,130|_16GB_9,470원/1GB_151,520|_8GB_10,009원/1GB_80,070|4GB_13,125원/1GB_52,500","32GB_13,785원/1GB_441,130|_16GB_9,186원/1GB_146,980|_8GB_9,375원/1GB_74,997|4GB_12,458원/1GB_49,833","32GB_13,785원/1GB_441,130|_16GB_9,464원/1GB_151,430|_8GB_9,908원/1GB_79,263|4GB_13,125원/1GB_52,500","32GB_13,785원/1GB_441,130|_16GB_9,354원/1GB_149,660|_8GB_9,908원/1GB_79,263|4GB_13,125원/1GB_52,500","32GB_13,785원/1GB_441,130|_16GB_9,476원/1GB_151,610|_8GB_9,908원/1GB_79,263|4GB_13,125원/1GB_52,500","32GB_13,785원/1GB_441,130|_16GB_9,476원/1GB_151,610|_8GB_9,908원/1GB_79,263|4GB_13,125원/1GB_52,500","32GB_13,785원/1GB_441,130|_16GB_9,476원/1GB_151,610|_8GB_9,908원/1GB_79,263|4GB_13,125원/1GB_52,500","32GB_13,785원/1GB_441,130|_16GB_9,476원/1GB_151,610|_8GB_9,908원/1GB_79,263|4GB_13,125원/1GB_52,500","32GB_13,785원/1GB_441,130|_16GB_9,476원/1GB_151,610|_8GB_9,908원/1GB_79,263|4GB_13,125원/1GB_52,500","32GB_13,785원/1GB_441,130|_16GB_9,476원/1GB_151,610|_8GB_9,908원/1GB_79,263|4GB_13,125원/1GB_52,500","32GB_13,785원/1GB_441,130|_16GB_9,476원/1GB_151,610|_8GB_9,908원/1GB_79,263|4GB_13,125원/1GB_52,500","32GB_13,785원/1GB_441,130|_16GB_9,476원/1GB_151,610|_8GB_9,908원/1GB_79,263|4GB_13,125원/1GB_52,500","32GB_13,785원/1GB_441,130|_16GB_9,476원/1GB_151,610|_8GB_9,908원/1GB_79,263|4GB_13,125원/1GB_52,500","32GB_13,785원/1GB_441,130|_16GB_9,476원/1GB_151,610|_8GB_9,908원/1GB_79,263|4GB_13,125원/1GB_52,500"
43488509,타무즈 노트북 DDR5-5600 CL46,"_32GB_19,531원/1GB_624,990|_16GB_22,411원/1GB_358,580","_32GB_19,531원/1GB_624,990|_16GB_22,409원/1GB_358,540","_32GB_19,531원/1GB_624,990|_16GB_22,409원/1GB_358,540","_32GB_19,531원/1GB_624,990|_16GB_22,409원/1GB_358,540","_32GB_19,531원/1GB_624,990|_16GB_22,403원/1GB_358,450","_32GB_19,531원/1GB_624,990|_16GB_22,402원/1GB_358,430","_32GB_19,531원/1GB_624,990|_16GB_22,402원/1GB_358,430","_32GB_19,531원/1GB_624,990|_16GB_22,402원/1GB_358,430","_32GB_19,531원/1GB_624,990|_16GB_22,632원/1GB_362,110","_32GB_19,531원/1GB_624,990|_16GB_22,632원/1GB_362,110","_32GB_19,531원/1GB_624,990|_16GB_22,632원/1GB_362,110","_32GB_19,531원/1GB_624,990|_16GB_22,632원/1GB_362,110","_32GB_19,531원/1GB_624,990|_16GB_22,631원/1GB_362,100","_32GB_19,531원/1GB_624,990|_16GB_22,631원/1GB_362,100","_32GB_19,531원/1GB_624,990|_16GB_22,631원/1GB_362,100","_32GB_19,531원/1GB_624,990|_16GB_22,631원/1GB_362,100"
12076634,트랜센드 DDR4-3200 CL22,"32GB_13,125원/1GB_420,000|_16GB_12,303원/1GB_196,850|_8GB_11,873원/1GB_94,980|4GB_7,750원/1GB_31,000","32GB_13,125원/1GB_420,000|_16GB_12,303원/1GB_196,850|_8GB_11,873원/1GB_94,980|4GB_7,750원/1GB_31,000","32GB_13,125원/1GB_420,000|_16GB_12,303원/1GB_196,850|_8GB_11,873원/1GB_94,980|4GB_7,750원/1GB_31,000","32GB_13,125원/1GB_420,000|_16GB_12,303원/1GB_196,850|_8GB_11,873원/1GB_94,980|4GB_7,750원/1GB_31,000","32GB_13,125원/1GB_420,000|_16GB_12,303원/1GB_196,850|_8GB_11,873원/1GB_94,980|4GB_7,750원/1GB_31,000","32GB_13,125원/1GB_420,000|_16GB_12,303원/1GB_196,850|_8GB_11,873원/1GB_94,980|4GB_7,750원/1GB_31,000","32GB_13,125원/1GB_420,000|_16GB_12,303원/1GB_196,850|_8GB_11,873원/1GB_94,980|4GB_7,750원/1GB_31,000","32GB_13,125원/1GB_420,000|_16GB_12,303원/1GB_196,850|_8GB_11,873원/1GB_94,980|4GB_7,750원/1GB_31,000","32GB_13,125원/1GB_420,000|_16GB_12,303원/1GB_196,850|_8GB_11,873원/1GB_94,980|4GB_7,750원/1GB_31,000","32GB_13,125원/1GB_420,000|_16GB_12,303원/1GB_196,850|_8GB_11,873원/1GB_94,980|4GB_7,750원/1GB_31,000","32GB_13,125원/1GB_420,000|_16GB_12,303원/1GB_196,850|_8GB_11,873원/1GB_94,980|4GB_7,750원/1GB_31,000","32GB_13,125원/1GB_420,000|_16GB_12,303원/1GB_196,850|_8GB_11,873원/1GB_94,980|4GB_7,750원/1GB_31,000","32GB_13,125원/1GB_420,000|_16GB_12,303원/1GB_196,850|_8GB_11,873원/1GB_94,980|4GB_7,750원/1GB_31,000","32GB_13,125원/1GB_420,000|_16GB_12,303원/1GB_196,850|_8GB_11,865원/1GB_94,920|4GB_7,750원/1GB_31,000","32GB_13,125원/1GB_420,000|_16GB_12,303원/1GB_196,850|_8GB_11,865원/1GB_94,920|4GB_7,750원/1GB_31,000","32GB_13,125원/1GB_420,000|_16GB_12,303원/1GB_196,850|_8GB_11,865원/1GB_94,920|4GB_7,750원/1GB_31,000"
122627688,트랜센드 DDR5-5600 CL46 ECC/REG,"16GB_31,996원/1GB_1,023,880","16GB_31,996원/1GB_1,023,880","16GB_31,996원/1GB_1,023,880","16GB_31,996원/1GB_1,023,880","16GB_32,344원/1GB_1,035,000","16GB_32,344원/1GB_1,035,000","16GB_32,344원/1GB_1,035,000","16GB_32,344원/1GB_1,035,000","16GB_32,344원/1GB_1,035,000","16GB_32,344원/1GB_1,035,000","16GB_32,344원/1GB_1,035,000","16GB_32,344원/1GB_1,035,000","16GB_32,343원/1GB_1,034,990","16GB_32,343원/1GB_1,034,990","16GB_32,343원/1GB_1,034,990","16GB_32,343원/1GB_1,034,990"
28469759,트랜센드 DDR5-5600 CL46 Jetram,"32GB_19,406원/1GB_620,980|_16GB_20,726원/1GB_331,610|_8GB_23,823원/1GB_190,580","32GB_19,406원/1GB_620,980|_16GB_20,726원/1GB_331,610|_8GB_23,823원/1GB_190,580","32GB_19,406원/1GB_620,980|_16GB_20,726원/1GB_331,610|_8GB_23,820원/1GB_190,560","32GB_19,406원/1GB_620,980|_16GB_20,726원/1GB_331,610|_8GB_23,820원/1GB_190,560","32GB_19,406원/1GB_620,980|_16GB_20,726원/1GB_331,610|_8GB_23,820원/1GB_190,560","32GB_19,406원/1GB_620,980|_16GB_20,726원/1GB_331,610|_8GB_23,820원/1GB_190,560","32GB_19,406원/1GB_620,980|_16GB_20,726원/1GB_331,610|_8GB_23,820원/1GB_190,560","32GB_19,406원/1GB_620,980|_16GB_20,726원/1GB_331,610|_8GB_23,821원/1GB_190,570","32GB_19,406원/1GB_620,980|_16GB_20,726원/1GB_331,610|_8GB_23,820원/1GB_190,560","32GB_19,406원/1GB_620,980|_16GB_20,726원/1GB_331,610|_8GB_23,821원/1GB_190,570","32GB_20,427원/1GB_653,650|_16GB_21,154원/1GB_338,460|_8GB_24,515원/1GB_196,120","32GB_19,325원/1GB_618,400|_16GB_21,154원/1GB_338,460|_8GB_24,516원/1GB_196,130","32GB_19,325원/1GB_618,400|_16GB_21,153원/1GB_338,450|_8GB_24,516원/1GB_196,130","32GB_19,325원/1GB_618,400|_16GB_21,153원/1GB_338,450|_8GB_24,515원/1GB_196,120","32GB_19,325원/1GB_618,400|_16GB_21,153원/1GB_338,450|_8GB_24,515원/1GB_196,120","32GB_19,325원/1GB_618,400|_16GB_21,153원/1GB_338,450|_8GB_24,515원/1GB_196,120"
74421911,트랜센드 DDR5-6400 CL52 CUDIMM,"_32GB_27,085원/1GB_866,720|_16GB_24,033원/1GB_384,530","_32GB_27,085원/1GB_866,720|_16GB_24,033원/1GB_384,530","_32GB_27,085원/1GB_866,720|_16GB_24,033원/1GB_384,530","_32GB_27,085원/1GB_866,720|_16GB_24,033원/1GB_384,530","_32GB_27,085원/1GB_866,720|_16GB_24,033원/1GB_384,530","_32GB_27,085원/1GB_866,720|_16GB_24,033원/1GB_384,530","_32GB_27,085원/1GB_866,720|_16GB_24,033원/1GB_384,530","_32GB_27,085원/1GB_866,720|_16GB_24,033원/1GB_384,530","_32GB_27,085원/1GB_866,720|_16GB_24,033원/1GB_384,530","_32GB_27,085원/1GB_866,720|_16GB_24,033원/1GB_384,530","_32GB_27,085원/1GB_866,720|_16GB_24,596원/1GB_393,540","_32GB_27,085원/1GB_866,720|_16GB_24,596원/1GB_393,540","_32GB_27,085원/1GB_866,720|_16GB_24,596원/1GB_393,540","_32GB_27,085원/1GB_866,720|_16GB_24,596원/1GB_393,540","_32GB_27,085원/1GB_866,720|_16GB_24,596원/1GB_393,540","_32GB_27,085원/1GB_866,720|_16GB_24,596원/1GB_393,540"
2264343,트랜센드 노트북 DDR3-1600,"2GB_84,330","2GB_84,330","2GB_84,330","2GB_84,330","2GB_84,330","2GB_84,330","2GB_84,330","2GB_84,330","2GB_84,330","2GB_84,330","2GB_84,330","2GB_84,330","2GB_84,330","2GB_84,330","2GB_84,330","2GB_84,330"
12076664,트랜센드 노트북 DDR4-3200 CL22,"16GB_9,469원/1GB_151,510","16GB_9,469원/1GB_151,510","16GB_9,469원/1GB_151,510","16GB_9,469원/1GB_151,510","16GB_9,469원/1GB_151,510","16GB_9,469원/1GB_151,510","16GB_9,469원/1GB_151,510","16GB_9,469원/1GB_151,510","16GB_9,469원/1GB_151,510","16GB_9,469원/1GB_151,510","16GB_9,552원/1GB_152,830","16GB_9,552원/1GB_152,830","16GB_9,552원/1GB_152,830","16GB_9,552원/1GB_152,830","16GB_9,552원/1GB_152,830","16GB_9,552원/1GB_152,830"
74056361,트랜센드 노트북 DDR5-5600 CL46,"_32GB_19,265원/1GB_616,480|_16GB_20,726원/1GB_331,610|8GB_24,375원/1GB_195,000","_32GB_19,265원/1GB_616,480|_16GB_20,726원/1GB_331,610|8GB_24,375원/1GB_195,000","_32GB_19,265원/1GB_616,480|_16GB_20,726원/1GB_331,610|8GB_24,375원/1GB_195,000","_32GB_19,265원/1GB_616,480|_16GB_20,726원/1GB_331,610|8GB_24,375원/1GB_195,000","_32GB_19,265원/1GB_616,480|_16GB_20,726원/1GB_331,610|8GB_24,375원/1GB_195,000","_32GB_19,265원/1GB_616,480|_16GB_20,726원/1GB_331,610|8GB_24,375원/1GB_195,000","_32GB_19,265원/1GB_616,480|_16GB_20,726원/1GB_331,610|8GB_24,375원/1GB_195,000","_32GB_19,265원/1GB_616,480|_16GB_20,726원/1GB_331,610|8GB_24,375원/1GB_195,000","_32GB_19,265원/1GB_616,480|_16GB_20,726원/1GB_331,610|8GB_24,375원/1GB_195,000","_32GB_19,265원/1GB_616,480|_16GB_20,726원/1GB_331,610|8GB_24,375원/1GB_195,000","_32GB_19,732원/1GB_631,430|_16GB_21,320원/1GB_341,120|8GB_24,375원/1GB_195,000","_32GB_19,732원/1GB_631,430|_16GB_21,320원/1GB_341,120|8GB_24,375원/1GB_195,000","_32GB_19,811원/1GB_633,950|_16GB_21,320원/1GB_341,120|8GB_24,375원/1GB_195,000","_32GB_20,694원/1GB_662,220|_16GB_21,320원/1GB_341,120|8GB_24,375원/1GB_195,000","_32GB_20,694원/1GB_662,220|_16GB_21,320원/1GB_341,120|8GB_24,375원/1GB_195,000","_32GB_20,694원/1GB_662,220|_16GB_21,320원/1GB_341,120|8GB_24,375원/1GB_195,000"
