Id,Name,2026-08-01 20:00:09,2026-08-02 07:19:04,2026-08-02 19:59:53,2026-08-03 07:15:33,2026-08-03 21:44:00,2026-08-04 07:25:48,2026-08-04 20:45:04,2026-08-05 07:32:51,2026-08-05 20:38:24,2026-08-06 07:27:40,2026-08-06 20:43:40,2026-08-07 10:17:19,2026-08-07 19:19:56
27791318,1Mii S03,"정품_26,100","정품_26,100","정품_26,100","정품_26,100","정품_26,100","정품_26,100","정품_25,570","정품_26,100","정품_26,100","정품_26,100","정품_26,100","정품_26,100","정품_26,100"
40021112,7NC NCS-201,"20,090","20,090","20,090","20,090","20,090","20,090","20,090","20,090","20,090","20,090","20,090","20,090","20,090"
57293030,7NC NCS-203,"정품_170,310","정품_170,310","정품_170,310","정품_170,310","정품_170,310","정품_170,310","정품_170,310","정품_170,310","정품_170,310","정품_170,310","정품_170,310","정품_170,310","정품_170,310"
15298781,7NC NCS-801,"정품_5,190","정품_5,190","정품_5,190","정품_5,190","정품_5,190","정품_5,190","정품_5,190","정품_5,190","정품_5,190","정품_5,190","정품_5,190","정품_5,190","정품_5,190"
17593478,7RYMS SR-USB MINI,0,0,0,0,"정품_100,000","정품_100,000","정품_100,000","정품_100,000","정품_100,000","정품_100,000","정품_100,000","정품_100,000","정품_100,000"
49536419,A2 데스크탑 스피커,"해외구매_17,170","해외구매_17,170","해외구매_17,170","해외구매_17,170","해외구매_17,170","해외구매_17,170","해외구매_17,170","해외구매_17,170","해외구매_17,170","해외구매_17,170","해외구매_17,170","해외구매_17,170","해외구매_17,170"
11296623,AEPEL FR-10BT TWS,"29,000","29,000","29,000","29,000","29,000","29,000","29,000","29,000","29,000","29,000","29,000","29,000","29,000"
12734537,AEPEL FR-320BT,"32,000","32,000","32,000","32,000","32,000","32,000","32,000","32,000","32,000","32,000","32,000","32,000","32,000"
12734918,AEPEL KA-30BT,"92,830","92,830","89,290","89,270","89,270","89,290","89,290","92,830","92,830","92,830","89,290","89,290","89,290"
12776912,AEPEL LOG-30BT,"28,000","28,000","28,000","28,000","28,000","28,000","28,000","28,000","28,000","28,000","28,000","28,000","28,000"
76873778,AIYIMA S30,"해외구매_119,870|중고_103,100","해외구매_119,870|중고_103,100","해외구매_119,870|중고_103,100","해외구매_121,220|중고_103,100","해외구매_131,870|중고_103,100","해외구매_119,870|중고_103,100","해외구매_120,910|중고_103,100","해외구매_120,910|중고_103,100","해외구매_120,910|중고_103,100","해외구매_120,910|중고_103,100","해외구매_99,830|중고_103,100","해외구매_99,830|중고_103,100","해외구매_99,820|중고_103,100"
76872863,AIYIMA S500,"해외구매_125,540","해외구매_125,540","해외구매_125,540","해외구매_125,540","해외구매_125,540","해외구매_125,540","해외구매_117,920","해외구매_117,920","해외구매_117,920","해외구매_117,920","해외구매_117,640","해외구매_117,640","해외구매_117,640"
76872692,AIYIMA S600,"해외구매_112,100","해외구매_112,100","해외구매_112,100","해외구매_112,100","해외구매_112,100","해외구매_112,100","해외구매_112,100","해외구매_112,100","해외구매_112,100","해외구매_112,100","해외구매_112,100","해외구매_112,100","해외구매_112,100"
76873001,AIYIMA S700,"해외구매_171,400","해외구매_171,400","해외구매_171,400","해외구매_171,400","해외구매_171,400","해외구매_171,400","해외구매_171,400","해외구매_171,400","해외구매_171,400","해외구매_171,400","해외구매_171,400","해외구매_171,400","해외구매_171,400"
15715286,AKG ARA,"정품_160,000|해외구매_90,100","정품_160,000|해외구매_90,100","정품_160,000|해외구매_90,100","정품_160,000|해외구매_90,100","정품_160,000|해외구매_90,100","정품_160,000|해외구매_90,100","정품_160,000|해외구매_90,100","정품_160,000|해외구매_90,100","정품_160,000|해외구매_90,100","정품_160,000|해외구매_90,100","정품_160,000|해외구매_90,100","정품_160,000|해외구매_90,100","정품_160,000|해외구매_90,100"
3776653,ANKER Classic A7908,"정품_24,600","정품_24,600","정품_24,600","정품_23,310","정품_23,310","정품_23,310","정품_23,310","정품_23,310","정품_23,310","정품_23,310","정품_23,310","정품_23,310","정품_23,310"
72592721,ANKER Soundcore 2 A3105,"정품_44,900|해외구매_48,500","정품_42,650|해외구매_46,980","정품_42,650|해외구매_46,980","정품_42,650|해외구매_48,460","정품_42,650|해외구매_46,880","정품_42,650|해외구매_46,860","정품_42,650|해외구매_46,760","정품_42,650|해외구매_46,730","정품_44,900|해외구매_46,640","정품_44,900|해외구매_46,610","정품_44,900|해외구매_46,520","정품_44,900|해외구매_46,490","정품_44,900|해외구매_46,490"
14227157,ANKER Soundcore 3 A3117,"정품_64,900|중고_44,000|해외구매_77,662","정품_64,900|중고_44,000|해외구매_77,662","정품_64,900|중고_44,000|해외구매_77,662","정품_64,900|중고_44,000|해외구매_77,662","정품_64,900|중고_44,000|해외구매_77,662","정품_64,900|중고_44,000|해외구매_77,662","정품_64,900|중고_49,100|해외구매_77,327","정품_64,900|중고_49,100|해외구매_77,327","정품_64,900|중고_49,100|해외구매_76,988","정품_64,900|중고_49,100|해외구매_76,988","정품_64,900|중고_49,100|해외구매_76,984","정품_64,900|중고_49,100|해외구매_76,819","정품_64,900|중고_49,100|해외구매_76,819"
14220101,ANKER Soundcore A3102,"해외구매_66,800","해외구매_66,800","해외구매_66,800","해외구매_66,800","해외구매_66,800","해외구매_66,800","해외구매_66,800","해외구매_66,800","해외구매_66,800","해외구매_66,800","해외구매_66,800","해외구매_66,800","해외구매_66,800"
12973187,ANKER Soundcore Flare 2 A3165,"해외구매_109,320","해외구매_109,320","해외구매_109,320","해외구매_109,320","해외구매_109,320","해외구매_109,320","해외구매_109,320","해외구매_109,320","해외구매_109,320","해외구매_109,320","해외구매_109,320","해외구매_109,320","해외구매_109,320"
35769236,ANKER Soundcore Glow Mini A3136,"정품_39,900|해외구매_50,960","정품_39,900|해외구매_50,960","정품_39,900|해외구매_50,960","정품_39,900|해외구매_50,960","정품_39,900|해외구매_50,960","정품_39,900|해외구매_50,960","정품_39,900|해외구매_50,960","정품_39,900|해외구매_50,960","정품_39,900|해외구매_50,960","정품_39,900|해외구매_50,960","정품_39,900|해외구매_50,960","정품_39,900|해외구매_50,960","정품_39,900|해외구매_50,960"
15981110,ANKER Soundcore Mini 3 A3119,"해외구매_71,200","해외구매_71,200","해외구매_71,200","해외구매_71,200","해외구매_71,200","해외구매_71,200","해외구매_71,200","해외구매_71,200","해외구매_71,200","해외구매_71,200","해외구매_65,280","해외구매_67,990","해외구매_67,990"
20137493,ANKER Soundcore Mini 3 Pro A3127,"해외구매_71,670","해외구매_71,670","해외구매_71,670","해외구매_71,670","해외구매_71,670","해외구매_71,670","해외구매_71,670","해외구매_71,670","해외구매_71,670","해외구매_71,670","해외구매_71,670","해외구매_71,670","해외구매_71,670"
37003868,ANKER Soundcore Motion 100,"해외구매_87,680","해외구매_87,680","해외구매_87,680","해외구매_87,680","해외구매_87,680","해외구매_87,680","해외구매_87,680","해외구매_87,680","해외구매_87,680","해외구매_87,680","해외구매_80,180","해외구매_85,100","해외구매_85,100"
36959993,ANKER Soundcore Motion 300 A3135,"해외구매_119,160","해외구매_119,160","해외구매_120,180","해외구매_120,180","해외구매_120,180","해외구매_120,180","해외구매_120,180","해외구매_120,180","해외구매_119,760","해외구매_119,760","해외구매_119,280","해외구매_119,280","해외구매_120,180"
10235256,ANKER Soundcore Motion Plus A3116,"해외구매_112,170","해외구매_112,170","해외구매_112,170","해외구매_113,690","해외구매_113,690","해외구매_113,690","해외구매_113,690","해외구매_114,330","해외구매_114,320","해외구매_113,910","해외구매_113,900","해외구매_113,910","해외구매_113,910"
20702843,ANKER Soundcore Motion X600 A3130,"정품_159,900|해외구매_304,000","정품_159,900|해외구매_304,000","정품_159,900|해외구매_304,000","정품_159,900|해외구매_304,000","정품_159,900|해외구매_304,000","정품_159,900|해외구매_304,000","정품_159,900|해외구매_304,000","정품_159,900|해외구매_304,000","정품_159,900|해외구매_304,000","정품_159,900|해외구매_304,000","정품_159,900|해외구매_304,000","정품_159,900|해외구매_304,000","정품_159,900|해외구매_304,000"
12990614,ANKER Soundcore Rave Neo A3395,"정품_592,500","정품_592,500",0,0,"정품_592,500","정품_592,500","정품_592,500","정품_592,500","정품_592,500","정품_592,500","정품_592,500","정품_592,500","정품_592,500"
72592550,ANKER Soundcore Select 4 Go A31X1,"정품_23,900|해외구매_31,260","정품_23,900|해외구매_31,260","정품_23,900|해외구매_31,260","정품_23,900|해외구매_31,260","정품_23,900|해외구매_31,260","정품_23,900|해외구매_31,260","정품_23,900|해외구매_31,260","정품_23,900|해외구매_31,260","정품_23,900|해외구매_31,260","정품_23,900|해외구매_31,260","정품_23,900|해외구매_31,260","정품_23,900|해외구매_31,260","정품_23,900|해외구매_31,260"
5626894,ANKER Soundcore 부스트,"해외구매_94,860","해외구매_94,850","해외구매_94,780","해외구매_94,750","해외구매_94,750","해외구매_94,740","해외구매_94,740","해외구매_94,730","해외구매_94,640","해외구매_94,620","해외구매_94,620","해외구매_94,590","해외구매_95,090"
67371299,APPLE Beats by Dr.Dre Pill Wireless,"정품_149,000|해외구매_242,620","정품_149,000|해외구매_242,620","정품_168,990|해외구매_242,620","정품_168,990|해외구매_242,620","정품_168,990|해외구매_242,620","정품_168,990|해외구매_242,620","정품_168,990|해외구매_242,620","정품_168,990|해외구매_242,620","정품_168,990|해외구매_242,620","정품_168,990|해외구매_242,620","정품_168,990|해외구매_242,620","정품_168,980|해외구매_242,620","정품_168,980|해외구매_242,620"
4788511,APPLE Beats by Dr.Dre Pill+,"정품_253,510","정품_253,510","정품_253,510","정품_253,510","정품_253,510","정품_253,510","정품_253,510","정품_253,510","정품_253,510","정품_253,510","정품_253,510","정품_253,510","정품_253,510"
16502792,ASHTON AT-1000 WOOD,"정품_68,000","정품_68,000","정품_68,000","정품_68,000","정품_68,000","정품_68,000","정품_68,000","정품_68,000","정품_68,000","정품_68,000","정품_68,000","정품_68,000","정품_68,000"
1432633,ASHTON AT-1000 블랙,"68,000","68,000","68,000","68,000","68,000","68,000","68,000","68,000","68,000","68,000","68,000","68,000","68,000"
4734186,ASHTON AT-1000K,"블랙_69,000|우드_69,000","블랙_69,000|우드_69,000","블랙_69,000|우드_69,000","블랙_69,000|우드_69,000","블랙_69,000|우드_69,000","블랙_69,000|우드_69,000","블랙_69,000|우드_69,000","블랙_69,000|우드_69,000","블랙_69,000|우드_69,000","블랙_69,000|우드_69,000","블랙_69,000|우드_69,000","블랙_69,000|우드_69,000","블랙_69,000|우드_69,000"
1432584,ASHTON AT-3800,"정품_130,000","정품_130,000","정품_130,000","정품_130,000","정품_130,000","정품_130,000","정품_130,000","정품_130,000","정품_130,000","정품_130,000","정품_130,000","정품_130,000","정품_130,000"
89863922,ASIS S10,"정품_20,210","정품_20,210","정품_20,210","정품_20,210","정품_20,210","정품_20,210","정품_20,210","정품_20,210","정품_20,210","정품_20,210","정품_20,640","정품_20,640","정품_20,640"
40580177,ASUS ROG CARNYX,"해외구매_241,500","해외구매_241,500","해외구매_241,500","해외구매_241,500","해외구매_241,500","해외구매_241,500","해외구매_241,500","해외구매_241,500","해외구매_241,500","해외구매_241,500","해외구매_241,500","해외구매_241,500","해외구매_241,500"
5553877,ASUS STRIX RAID PRO,"해외구매_164,200","해외구매_164,200","해외구매_164,200","해외구매_164,200","해외구매_164,200","해외구매_164,200","해외구매_164,200","해외구매_164,200","해외구매_164,200","해외구매_164,200","해외구매_164,200","해외구매_164,200","해외구매_164,200"
1927547,ASUS XONAR DGX,"정품_116,360|해외구매_107,020","정품_116,360|해외구매_107,020","정품_116,360|해외구매_107,020","정품_116,360|해외구매_107,020","정품_116,360|해외구매_107,020","정품_116,360|해외구매_107,020","정품_116,360|해외구매_107,020","정품_116,360|해외구매_107,020","정품_116,360|해외구매_107,020","정품_116,360|해외구매_107,020","정품_118,830|해외구매_107,020","정품_118,830|해외구매_107,020","정품_118,830|해외구매_107,020"
89862755,AURORA AR1214,"정품_12,000","정품_12,000","정품_12,000","정품_12,000",0,0,"정품_12,000","정품_12,000","정품_12,000","정품_12,000","정품_12,000","정품_12,000","정품_12,000"
5790657,AVerMedia AM310,"정품_99,000|해외구매_146,140","정품_99,000|해외구매_143,820","정품_99,000|해외구매_147,200","정품_99,000|해외구매_147,200","정품_99,000|해외구매_138,760","정품_99,000|해외구매_138,760","정품_99,000|해외구매_138,760","정품_84,000|해외구매_109,850","정품_84,000|해외구매_109,850","정품_84,000|해외구매_109,850","정품_84,000|해외구매_137,280","정품_84,000|해외구매_137,280","정품_84,000|해외구매_137,280"
5523411,Actto BTS-10 LX,"정품_104,857","정품_104,857","정품_104,857","정품_104,857","정품_104,857","정품_104,857","정품_104,857","정품_104,857","정품_104,857","정품_104,857","정품_104,857","정품_104,857","정품_104,857"
12695864,Actto BTS-42,"정품_27,840","정품_27,840","정품_27,840","정품_27,840","정품_27,840","정품_27,840","정품_27,840","정품_28,150","정품_28,150","정품_28,150","정품_28,090","정품_28,070","정품_28,070"
15827006,Actto BTS-51,"29,900","29,900","29,900","29,900","29,900","29,900","29,900","29,900","29,900","29,900","29,900","29,900","29,900"
21361673,Actto BTS-52,"21,370","21,320","21,340","21,340","21,500","21,450","21,430","21,410","21,380","21,340","21,360","21,340","21,340"
30217559,Actto BTS-54,"22,120","22,120","22,120","22,120","22,120","22,120","22,120","22,120","22,120","22,120","22,120","22,120","22,120"
30738890,Actto BTS-55,"43,890","43,890","43,890","43,890","43,890","43,890","43,890","43,890","43,890","43,890","43,890","43,890","43,890"
31093904,Actto BTS-57,"21,390","21,390","21,390","21,390","21,390","21,390","21,390","21,390","21,390","21,390","21,390","21,390","21,390"
30219509,Actto BTS-58,"84,800","84,800","84,800","84,800","84,800","84,800","84,800","84,800","84,800","84,800","84,800","84,800","84,800"
80589617,Actto BTS-60,"정품_26,410","정품_26,410","정품_26,410","정품_26,410","정품_26,410","정품_26,410","정품_26,410","정품_26,410","정품_26,410","정품_26,410","정품_26,410","정품_26,410","정품_26,410"
88233689,Actto BTS-63,"정품_22,010","정품_22,010","정품_22,010","정품_22,010","정품_22,010","정품_22,010","정품_22,010","정품_22,010","정품_22,010","정품_22,010","정품_22,010","정품_22,010","정품_22,010"
99912203,Actto BTS-64,"정품_24,347","정품_24,347","정품_24,347","정품_22,590","정품_22,590","정품_25,110","정품_25,110","정품_25,110","정품_25,110","정품_25,110","정품_25,110","정품_25,110","정품_25,110"
11546738,Actto MIC-14,"정품_16,890","정품_16,890","정품_16,890","정품_16,890","정품_16,890","정품_16,890","정품_16,890","정품_16,890","정품_16,890","정품_16,890","정품_16,890","정품_16,890","정품_16,890"
15605411,Actto MIC-25,"29,900","29,900","29,900","29,900","29,900","29,900","29,900","29,900","29,900","29,900","29,900","29,900","29,900"
33483539,Actto MIC-28,"정품_12,150","정품_11,650","정품_11,650","정품_11,650","정품_12,150","정품_12,150","정품_12,150","정품_12,150","정품_12,150","정품_12,150","정품_11,650","정품_12,150","정품_12,150"
6400960,Actto SPK-17,"정품_11,900","정품_11,900","정품_11,900","정품_11,900",0,0,0,0,0,0,0,0,0
16049186,Actto SPK-23,"정품_9,830","정품_9,830","정품_9,830","정품_9,830","정품_9,830","정품_9,830","정품_9,830","정품_9,830","정품_9,830","정품_9,830","정품_9,830","정품_9,830","정품_9,830"
18751664,Actto SPK-24,"정품_16,900","정품_16,900","정품_16,900","정품_16,900","정품_16,900","정품_16,900","정품_16,900","정품_16,900","정품_16,900","정품_16,900","정품_16,900","정품_16,900","정품_16,900"
13570268,Actto USBA-11 사운드카드,"정품_14,040","정품_14,040","정품_14,040","정품_14,040","정품_14,040","정품_14,040","정품_14,040","정품_14,040","정품_14,040","정품_14,040","정품_14,040","정품_14,040","정품_14,040"
14581652,Actto 레브 BTS-47,"43,030","43,030","43,030","43,030","43,030","43,030","43,030","43,030","43,030","43,030","43,030","43,030","43,030"
3286944,Actto 모모 SPK-13,"44,500","44,500","44,500","44,500","44,500","44,500","44,500","44,500","44,500","44,500","44,500","44,500","44,500"
3767720,Actto 무드 터치램프 BTS-01,"정품_59,250","정품_59,220","정품_59,220","정품_59,210","정품_59,210","정품_59,200","정품_59,110","정품_59,090","정품_59,090","정품_59,080","정품_58,990","정품_58,970","정품_58,970"
5293065,Actto 미러볼 BTS-06,"정품_41,710","정품_41,710","정품_41,710","정품_41,710","정품_41,710","정품_41,710","정품_41,710","정품_41,710","정품_41,710","정품_41,710","정품_41,710","정품_41,710","정품_41,710"
12360365,Actto 브로드캐스트 MIC-15,"41,610","41,610","41,610","41,610","40,730","40,730","40,730","40,730","40,730","40,730","40,730","40,730","40,730"
18524657,Actto 오브제 블루투스 스피커 BTS-53,"19,950","19,950","19,950","19,950","19,950","19,950","19,950","19,950","19,950","19,950","19,950","19,950","19,950"
8175451,Actto 캐리 BTS-21,"13,000","13,000","13,000","13,000","13,000","13,000","13,000","13,000","13,000","13,000","13,000","13,000","13,000"
5112177,Actto 터치미 BTS-11,"정품_60,000","정품_60,000","정품_60,000","정품_60,000","정품_60,000","정품_60,000","정품_60,000","정품_60,000","정품_60,000","정품_60,000","정품_60,000","정품_60,000","정품_60,000"
4838372,Actto 튠 BTS-04,"정품_34,550","정품_32,490","정품_32,490","정품_32,490","정품_32,490","정품_32,490","정품_32,490","정품_32,490","정품_32,490","정품_32,490","정품_32,490","정품_32,490","정품_32,490"
78613679,Actto 트윈 BTS-62,"정품_33,740","정품_33,740","정품_33,740","정품_33,740","정품_33,740","정품_33,740","정품_33,740","정품_33,740","정품_33,740","정품_33,740","정품_33,740","정품_33,740","정품_33,740"
12997271,Avaya B109,"정품_193,000|해외구매_77,400","정품_193,000|해외구매_77,400","정품_193,000|해외구매_77,400","정품_193,000|해외구매_77,400","정품_193,000|해외구매_77,400","정품_193,000|해외구매_77,400","정품_193,000|해외구매_77,400","정품_193,000|해외구매_77,400","정품_193,000|해외구매_77,400","정품_193,000|해외구매_77,400","정품_193,000|해외구매_77,400","정품_193,000","정품_193,000"
55452680,Axxen BS1000,"137,530","137,520","137,520","137,520","137,520","137,520","137,520","137,520","137,520","137,520","137,510","137,500","137,500"
5827517,Axxen BS11,"정품_11,600","정품_11,600","정품_11,600","정품_11,600","정품_11,600","정품_11,600","정품_11,600","정품_11,600","정품_11,600","정품_11,600","정품_11,600","정품_11,600","정품_11,600"
14449802,Axxen BS50,"53,820","53,820","53,820","53,820","53,820","53,820","53,820","47,000","47,000","47,000","47,000","47,000","47,000"
59833604,Axxen BS52,"35,850","35,850","35,850","35,850","35,850","35,850","35,850","35,850","35,850","35,850","35,850","35,850","35,850"
28189136,Axxen BT-100S,"41,300","41,300","41,300","41,300","41,300","41,300","41,300","41,300","41,300","41,300","41,300","39,870","39,870"
14159984,Axxen SK 104,"14,900","14,900","14,900","14,900","14,900","14,900","14,900","14,900","14,900","14,900","14,900","14,900","14,900"
28130927,Axxen SK102,"14,050","14,050","14,050","14,050","14,050","14,050","14,050","14,050","14,050","14,050","14,050","14,050","14,050"
28123418,Axxen 롱 브릭 블루투스 스피커 BS90,"33,590","33,590","33,440","33,440","33,440","33,440","33,440","33,440","33,440","33,440","33,440","33,440","33,440"
25705730,Axxen 생일축하 케이크 스피커 BS110,"49,900","49,900","49,900","49,900","49,900","49,900","32,560","32,560","32,560","32,560","32,560","32,560","32,560"
19022795,Axxen 에디슨 램프 블루투스 스피커 BS80,"26,800","26,800","26,800","26,800","26,800","26,800","26,800","26,800","26,800","26,800","26,800","26,800","26,800"
97777691,Axxen 플레이고 BS07,"정품_6,140","정품_6,140","정품_6,140","정품_6,140","정품_6,140","정품_6,380","정품_6,380","정품_6,380","정품_6,380","정품_6,380","정품_6,380","정품_6,380","정품_6,380"
59922734,Axxen 플레이고 BS12,"147,730","147,730","147,730","147,730","147,730","147,730","147,730","147,730","147,730","147,730","147,730","147,730","147,730"
28064258,Axxen 플레이고 BS15,"12,460","12,460","12,460","12,460","12,730","12,730","11,700","11,700","11,700","11,700","11,700","11,700","11,700"
54327359,Axxen 플레이고 BS51,"20,200","20,200","20,200","20,200","20,200","20,200","20,200","20,200","20,200","20,200","20,200","20,200","20,200"
98778446,Axxen 플레이고 BS82,"정품_22,800","정품_22,800","정품_22,800","정품_22,800","정품_22,800","정품_22,800","정품_22,800","정품_22,800","정품_22,800","정품_22,800","정품_22,800","정품_22,800","정품_22,800"
98548586,Axxen 플레이고 MS10,"정품_13,760","정품_13,760","정품_13,760","정품_13,760","정품_14,210","정품_14,210","정품_14,210","정품_14,210","정품_14,210","정품_14,210","정품_14,210","정품_14,210","정품_14,210"
52156952,Axxen 플레이고 레인보우 서라운드 블루투스 스피커 BS81,"18,800","18,800","18,800","18,800","18,800","18,800","18,800","19,800","18,800","18,800","18,800","18,800","18,800"
27944507,Axxen 플레이고 무드램프 블루투스 스피커 BS08,"9,890","9,890","9,890","9,890","9,890","9,890","9,890","9,890","9,890","9,890","9,890","9,890","9,890"
52157054,Axxen 플레이고 사운드볼 블루투스 스피커 BS16,"18,410","18,410","18,410","18,410","18,420","18,420","18,420","18,420","18,420","18,810","18,810","18,810","18,810"
20741903,Axxen 플레임 라이트 블루투스 스피커 BS70,"25,230","25,230","25,230","25,230","25,230","25,230","25,230","25,230","25,230","25,230","25,230","25,230","25,230"
13471604,B&W Formation Flex,"정품_527,980|2개, 정품_1,400,000","정품_527,980|2개, 정품_1,400,000","정품_527,980|2개, 정품_1,400,000","정품_527,980|2개, 정품_1,400,000","정품_527,980|2개, 정품_1,400,000","정품_514,000|2개, 정품_1,400,000","정품_514,000|2개, 정품_1,400,000","정품_514,000|2개, 정품_1,400,000","정품_514,000|2개, 정품_1,400,000","정품_514,000|2개, 정품_1,400,000","정품_514,000|2개, 정품_1,400,000","정품_514,000|2개, 정품_1,400,000","정품_514,000|2개, 정품_1,400,000"
13469129,B&W Formation Wedge,"해외구매_126,600","해외구매_126,600","해외구매_126,600","해외구매_126,600","해외구매_126,600","해외구매_126,600","해외구매_126,600","해외구매_126,600","해외구매_126,600","해외구매_126,600","해외구매_126,600","해외구매_126,600","해외구매_126,600"
16363673,B&W The new Zeppelin,"정품_884,360","정품_884,360","정품_884,360","정품_884,360","정품_884,360","정품_884,360","정품_884,360","정품_884,360","정품_884,360","정품_875,510","정품_875,510","정품_875,510","정품_875,510"
43891583,B&W Zeppelin McLaren Edition,"정품_880,000","정품_880,000","정품_880,000","정품_880,000","정품_880,000","정품_880,000","정품_880,000","정품_880,000","정품_880,000","정품_880,000","정품_880,000","정품_880,000","정품_880,000"
74056334,B&W Zeppelin Pro Edition,"정품_750,000|해외구매_1,388,770","정품_750,000|해외구매_1,388,770","정품_750,000|해외구매_1,388,770","정품_750,000|해외구매_1,388,770","정품_750,000|해외구매_1,388,770","정품_750,000|해외구매_1,388,770","정품_750,000|해외구매_1,388,770","정품_750,000|해외구매_1,388,770","정품_750,000|해외구매_1,388,770","정품_750,000|해외구매_1,388,770","정품_750,000|해외구매_1,388,770","정품_750,000|해외구매_1,388,770","정품_750,000|해외구매_1,388,770"
43532333,BESTISAN SR04,0,0,0,0,0,0,0,0,0,0,"해외구매_120,140","해외구매_120,140","해외구매_120,140"
92362058,BESTISAN SR06,"정품_71,990|해외구매_71,240","정품_71,990|해외구매_71,240","정품_71,990|해외구매_71,240","정품_71,990|해외구매_71,240","정품_71,990|해외구매_71,240","정품_71,990|해외구매_71,240","정품_71,990|해외구매_71,240","정품_71,990|해외구매_71,240","정품_71,990|해외구매_71,240","정품_71,990|해외구매_71,240","정품_71,990|해외구매_71,240","정품_71,990|해외구매_71,240","정품_71,990|해외구매_71,240"
6220285,BITWAY M5,"정품_22,500","정품_22,500","정품_22,500","정품_22,500","정품_22,500","정품_22,500","정품_22,500","정품_22,500","정품_22,500","정품_22,500","정품_22,500","정품_22,500","정품_22,500"
9286689,BITWAY MC-450,"541,000","541,000","541,000","541,000","541,000","541,000","541,000","541,000",0,0,0,0,0
7068940,BITWAY PC-Fi Aria PRO-A50,"정품_858,990","정품_858,990","정품_858,990","정품_858,990","정품_858,990","정품_858,990","정품_858,990","정품_858,990","정품_858,990","정품_858,990","정품_858,990","정품_858,990","정품_858,990"
6402752,BITWAY 가상 7.1 사운드 카드 GS3,"정품_35,000","정품_35,000","정품_35,000","정품_35,000","정품_35,000","정품_35,000","정품_35,000","정품_35,000","정품_35,000","정품_35,340","정품_35,340","정품_35,340","정품_35,340"
7848412,BITWAY 가상7.1 게이밍 사운드카드 GS5,"정품_48,350","정품_48,350","정품_48,350","정품_48,350","정품_48,350","정품_48,350","정품_48,350","정품_48,350","정품_48,350","정품_48,350","정품_48,350","정품_48,350","정품_48,350"
10038540,BITWAY 가상7.1 사운드 카드 GS1,"정품_32,090","정품_32,090","정품_32,090","정품_32,090","정품_32,090","정품_32,090","정품_32,090","정품_32,090","정품_32,090","정품_32,090","정품_32,090","정품_32,090","정품_32,090"
78237437,BLAUPUNKT BLP-GM301KWC,"정품_21,030","정품_21,030","정품_21,030","정품_19,830","정품_19,800","정품_19,800","정품_19,800","정품_19,800","정품_19,800","정품_19,800","정품_19,800|중고_15,840","정품_19,800|중고_15,840","정품_19,800|중고_15,840"
14618513,BLUE MORE BS700,"정품_39,150","정품_39,150","정품_39,150","정품_39,150","정품_39,150","정품_39,150","정품_39,150","정품_39,150",0,0,0,0,0
54328991,BOGASING M5,"해외구매_72,970","해외구매_72,970","해외구매_72,970","해외구매_75,120","해외구매_75,040","해외구매_75,040","해외구매_75,040","해외구매_75,040","해외구매_75,040","해외구매_75,040","해외구매_75,040","해외구매_75,040","해외구매_75,040"
3871347,BOSE COMPANION 20,"해외구매_614,200","해외구매_614,200","해외구매_614,200","해외구매_614,200","해외구매_614,200","해외구매_614,200","해외구매_614,200","해외구매_614,200","해외구매_614,200","해외구매_614,200","해외구매_614,200","해외구매_614,200","해외구매_614,200"
2562327,BOSE COMPANION2 Series III,"해외구매_393,280","해외구매_393,280","해외구매_393,280","해외구매_393,280","해외구매_393,280","해외구매_393,280","해외구매_393,280","해외구매_393,280","해외구매_393,280","해외구매_393,280","해외구매_393,280","해외구매_393,280","해외구매_393,280"
6680971,BOSE Home Speaker 500,"해외구매_764,600","해외구매_764,600","해외구매_764,600","해외구매_764,600","해외구매_764,600","해외구매_764,600","해외구매_764,600","해외구매_764,600","해외구매_764,600","해외구매_764,600","해외구매_764,600","해외구매_764,600","해외구매_764,600"
13760336,BOSE 사운드링크 리볼브+ 2,"1개, 정품_358,990|해외구매_535,700","1개, 정품_358,990|해외구매_535,700","1개, 정품_358,990|해외구매_535,700","1개, 정품_358,960|해외구매_535,700","1개, 정품_358,990|해외구매_535,700","1개, 정품_358,990|해외구매_535,700","1개, 정품_358,990|해외구매_535,700","1개, 정품_358,990|해외구매_535,700","1개, 정품_358,990|해외구매_535,700","1개, 정품_358,990|해외구매_535,700","1개, 정품_358,990|해외구매_535,700","1개, 정품_358,990|해외구매_535,700","1개, 정품_358,990|해외구매_535,700"
5675652,BOSE 사운드링크 마이크로,"정품_128,990|해외구매_192,700","정품_128,990|해외구매_192,700","정품_128,990|해외구매_192,700","정품_128,990|해외구매_192,700","정품_128,990|해외구매_192,700","정품_128,990|해외구매_192,700","정품_128,990|해외구매_192,700","정품_128,990|해외구매_192,700","정품_128,990|해외구매_192,700","정품_128,990|해외구매_192,700","정품_128,990|해외구매_192,700","정품_128,990|해외구매_192,700","정품_128,990|해외구매_192,700"
100384115,BOSE 사운드링크 마이크로 2세대,"정품_119,000","정품_119,000","정품_119,000","정품_124,000","정품_124,000","정품_124,000","정품_124,000","정품_124,000","정품_124,000","정품_124,000","정품_124,000","정품_104,000","정품_119,000"
57499424,BOSE 사운드링크 맥스,"정품_446,400|중고_413,100|해외구매_530,750","정품_446,400|중고_413,100|해외구매_530,750","정품_446,400|중고_413,100|해외구매_444,420","정품_446,400|중고_431,100|해외구매_499,850","정품_446,400|중고_431,100|해외구매_470,400","정품_446,400|중고_431,100|해외구매_470,400","정품_446,400|중고_431,100|해외구매_470,400","정품_446,400|중고_431,100|해외구매_470,400","정품_446,400|중고_431,100|해외구매_460,990","정품_446,400|중고_431,100|해외구매_460,990","정품_446,400|중고_431,100|해외구매_456,290","정품_384,000|중고_413,100|해외구매_456,290","정품_446,400|중고_413,100|해외구매_456,290"
10528404,BOSE 사운드링크 미니 2 SE,"정품_699,000|해외구매_627,800","정품_699,000|해외구매_627,800","정품_699,000|해외구매_627,800","정품_699,000|해외구매_627,800","정품_699,000|해외구매_627,800","정품_699,000|해외구매_627,800","정품_699,000|해외구매_627,800","정품_699,000|해외구매_627,800","정품_699,000|해외구매_627,800","정품_699,000|해외구매_627,800","정품_699,000|해외구매_627,800","정품_699,000|해외구매_627,800","정품_699,000|해외구매_627,800"
96366497,BOSE 사운드링크 플러스,"정품_283,650","정품_283,650","정품_283,650","정품_283,650","정품_283,650","정품_283,650","정품_283,650","정품_283,650","정품_283,650","정품_283,650","정품_283,650","정품_264,000","정품_283,650"
16335767,BOSE 사운드링크 플렉스,"해외구매_130,000|중고_120,840","해외구매_130,000|중고_120,840","해외구매_130,000|중고_120,840","해외구매_130,000|중고_120,840","해외구매_130,000|중고_120,840","해외구매_130,000|중고_120,840","해외구매_130,000|중고_120,840","해외구매_130,000|중고_120,840","해외구매_130,000|중고_120,840","해외구매_130,000|중고_120,840","해외구매_130,000|중고_120,840","해외구매_130,000|중고_120,840","해외구매_130,000|중고_120,840"
69465779,BOSE 사운드링크 플렉스 2세대,"정품_132,220|해외구매_190,540","정품_135,800|해외구매_190,540","정품_135,800|해외구매_190,540","정품_132,220|해외구매_190,540","정품_132,220|해외구매_190,960","정품_129,100|해외구매_190,960","정품_125,620|해외구매_190,960","정품_125,620|해외구매_190,960","정품_125,620|해외구매_190,960","정품_132,220|해외구매_190,960","정품_132,220|해외구매_180,590","정품_120,000|해외구매_180,590","정품_141,360|해외구매_180,590"
27863204,BOSE 사운드링크 플렉스 SE,"정품_161,590|해외구매_257,300","정품_161,590|해외구매_257,300","정품_161,590|해외구매_257,300","정품_161,590|해외구매_257,300","정품_161,590|해외구매_257,300","정품_161,590|해외구매_257,300","정품_161,590|해외구매_257,300","정품_161,590|해외구매_257,300","정품_161,590|해외구매_257,300","정품_161,590|해외구매_257,300","정품_161,590|해외구매_257,300","정품_161,590|해외구매_257,300","정품_161,590|해외구매_257,300"
96366200,BOSE 사운드링크 홈,"정품_265,540|해외구매_274,840","정품_265,430|해외구매_274,840","정품_265,400|해외구매_269,350","정품_265,240|해외구매_269,350","정품_218,900|해외구매_269,340","정품_218,900|해외구매_269,340","정품_218,900|해외구매_269,340","정품_218,900|해외구매_269,340","정품_218,900|해외구매_269,340","정품_218,900|해외구매_269,340","정품_209,900|해외구매_254,010","정품_209,900|해외구매_254,010","정품_209,900|해외구매_254,010"
10080753,BOSE 포터블 홈,"정품_430,000|해외구매_815,580","정품_430,000|해외구매_815,580","정품_430,000|해외구매_815,580","정품_430,000","정품_430,000","정품_430,000|해외구매_815,580","정품_430,000|해외구매_805,750","정품_430,000|해외구매_805,750","정품_430,000|해외구매_805,750","정품_430,000|해외구매_805,750","정품_430,000|해외구매_805,750","정품_430,000|해외구매_805,750","정품_430,000|해외구매_805,750"
98246321,BUSP-HYY E-3568,"해외구매_49,040","해외구매_49,040","해외구매_49,040","해외구매_49,040","해외구매_49,040","해외구매_49,040","해외구매_49,040","해외구매_49,040","해외구매_49,040","해외구매_49,040","해외구매_49,040","해외구매_49,040","해외구매_49,040"
5225789,Bless ZIO BT-60S CUBIC,"정품_18,500","정품_18,500","정품_18,500","정품_18,500","정품_18,500","정품_18,500","정품_18,500","정품_18,500","정품_18,500","정품_18,500","정품_18,500","정품_18,500","정품_18,500"
15993998,Bluedio LS,"해외구매_56,050","해외구매_56,050","해외구매_55,510","해외구매_55,510","해외구매_55,450","해외구매_55,450","해외구매_55,450","해외구매_55,450","해외구매_55,450","해외구매_55,450","해외구매_55,450","해외구매_55,450","해외구매_55,450"
4950307,BonoBoss BOS-5000 TITAN,"98,000","98,000","98,000","98,000","98,000","98,000","98,000","98,000","98,000","98,000","98,000","98,000","98,000"
5068263,BonoBoss BOS-BS221 STATS,"정품_27,280","정품_27,280","정품_27,280","정품_27,280","정품_27,280","정품_27,280",0,0,0,0,0,0,0
4840442,BonoBoss BOS-S100A TIARA,"정품_13,500","정품_13,500","정품_13,500","정품_13,500","정품_13,500","정품_13,500","정품_13,500","정품_13,500","정품_13,500","정품_13,500","정품_13,500","정품_13,500","정품_13,500"
18635972,BonoBoss BOS-S700,"정품_29,000","정품_29,000","정품_29,000","정품_29,000","정품_29,000","정품_29,000","정품_29,000","정품_29,000","정품_29,000","정품_29,000","정품_29,000","정품_29,000","정품_29,000"
8113471,BonoBoss BOS-TOTO ARGB,"정품_14,890","정품_14,890","정품_14,890","정품_14,890","정품_14,890","정품_14,890","정품_14,890","정품_14,890","정품_14,890","정품_14,890","정품_14,890","정품_14,890","정품_14,890"
18983789,Britz BA-RK707,"186,120","186,120","186,120","186,120","186,120","186,120","186,120","186,120","186,120","186,120","186,120","186,120","186,120"
3313658,Britz BZ-A40,"정품_15,010","정품_15,010","정품_15,010","정품_15,010","정품_15,010","정품_15,010","정품_15,010","정품_15,010","정품_15,010","정품_15,010","정품_15,010","정품_15,010","정품_15,010"
3034897,Britz BZ-C50 Blublu,"정품_39,900","정품_39,900","정품_39,900","정품_39,900","정품_39,900","정품_39,900","정품_39,900","정품_39,900","정품_39,900","정품_39,900","정품_39,900","정품_39,900","정품_39,900"
49647260,Britz BZ-CML200,"68,280","68,280","68,280","68,280","68,280","68,280","68,280","68,280","68,280","68,280","68,280","68,280","68,280"
27477674,Britz BZ-EX1,"54,900","54,900","54,900","54,900","54,900","54,900","54,900","54,900","54,900","54,900","64,830","64,820","64,810"
57496100,Britz BZ-JB9600,"79,040","79,040","79,040","79,040","79,040","79,040","79,040","79,040","79,040","79,040","79,040","79,040","79,040"
4336057,Britz 브리츠액세서리즈 BA-B10 Swimmer,"정품_79,200","정품_79,200","정품_79,200","정품_79,200","정품_79,200","정품_79,200","정품_79,200","정품_79,200","정품_79,200","정품_79,200","정품_79,200","정품_79,200","정품_79,200"
4092689,Britz 브리츠액세서리즈 BA-C1 SoundRoom,"정품_58,500","정품_58,500","정품_58,500","정품_58,500","정품_58,500","정품_58,400","정품_58,400","정품_58,400","정품_58,400","정품_58,400","정품_58,400","정품_58,400","정품_58,400"
5427069,Britz 브리츠액세서리즈 BA-C7,"정품_62,300","정품_62,300","정품_62,300","정품_62,300","정품_62,300","정품_62,300","정품_62,300","정품_62,300","정품_62,300","정품_62,300","정품_61,630","정품_61,630","정품_61,630"
5344107,Britz 브리츠액세서리즈 BA-FS1,"정품_24,000","정품_24,000","정품_24,000","정품_24,000","정품_24,000","정품_24,000","정품_24,000","정품_24,000","정품_24,000","정품_24,000","정품_24,000","정품_24,000","정품_24,000"
5085363,Britz 브리츠액세서리즈 BA-SB2 SoundBrick,"정품_56,900","정품_56,900","정품_56,900","정품_56,900","정품_56,900","정품_56,900","정품_56,900","정품_56,900","정품_56,900","정품_56,900","정품_56,900","정품_56,900","정품_56,900"
4763727,Britz 브리츠액세서리즈 BA-SF1 SoundCup,"정품_9,900","정품_9,900","정품_9,900","정품_9,900","정품_9,900","정품_9,900","정품_9,900","정품_9,900","정품_9,900","정품_9,900","정품_9,900","정품_9,900","정품_9,900"
3416910,Britz 브리츠액세서리즈 BA-UM2 SlimMetal,"정품_58,800","정품_58,800","정품_58,800","정품_58,800","정품_58,800","정품_58,800","정품_58,800","정품_58,800","정품_58,800","정품_58,800","정품_58,800","정품_58,800","정품_58,800"
2338063,Britz 브리츠액세서리즈 BA-V200 Mini.B,"정품_24,840","정품_24,840","정품_24,840","정품_24,840","정품_24,840","정품_24,840","정품_24,840","정품_24,840","정품_24,840","정품_24,840","정품_24,840","정품_24,840","정품_24,840"
4983649,Britz 브리츠액세서리즈 BZ-C90 Denim,"정품_41,000","정품_41,000","정품_41,000","정품_41,000","정품_41,000","정품_41,000","정품_41,000","정품_41,000","정품_41,000","정품_41,000","정품_41,000","정품_41,000","정품_41,000"
2534032,Britz 브리츠액세서리즈 BZ-D20 Reflex,"정품_45,000","정품_45,000","정품_45,000","정품_45,000","정품_45,000","정품_45,000","정품_45,000","정품_45,000","정품_45,000","정품_45,000","정품_45,000","정품_45,000","정품_45,000"
4542844,Britz 브리츠액세서리즈 BZ-D70 MetalCube,"정품_46,500","정품_46,500","정품_46,500","정품_46,500","정품_46,500","정품_46,500","정품_46,500","정품_46,500","정품_46,500","정품_46,500","정품_46,500","정품_46,500","정품_46,500"
2571321,Britz 브리츠액세서리즈 BZ-G400 BlueDuo,"정품_66,200","정품_66,200","정품_66,200","정품_66,200","정품_66,200","정품_66,200","정품_66,200","정품_66,200","정품_66,200","정품_66,200","정품_66,200","정품_66,200","정품_66,200"
2823911,Britz 브리츠액세서리즈 BZ-J2 Blui,"정품_26,000","정품_26,000","정품_26,000","정품_26,000","정품_26,000","정품_26,000","정품_26,000","정품_26,000","정품_26,000","정품_26,000","정품_26,000","정품_26,000","정품_26,000"
3021715,Britz 브리츠액세서리즈 BZ-Q1 EGG,"정품_41,810","정품_41,810","정품_41,810","정품_41,810","정품_41,810","정품_41,810","정품_41,810","정품_41,810","정품_41,810","정품_41,810","정품_41,810","정품_41,810","정품_41,810"
3021761,Britz 브리츠액세서리즈 BZ-Q30 Tree,"정품_88,900|중고_48,260","정품_88,900|중고_48,260","정품_88,900|중고_48,260","정품_88,900|중고_48,260","정품_88,900|중고_48,260","정품_88,900|중고_48,260","정품_88,900|중고_48,260","정품_88,900|중고_48,220","정품_88,900|중고_48,220","정품_88,900|중고_48,220","정품_88,900|중고_48,220","정품_88,900|중고_48,220","정품_88,900|중고_48,220"
8663756,Britz 브리츠인터내셔널 Air Pulse A100,"정품_1,147,450","정품_1,147,450","정품_1,147,450","정품_1,147,450","정품_1,147,450","정품_1,147,450","정품_1,147,450","정품_1,147,450","정품_1,147,450","정품_1,147,450","정품_1,147,450","정품_1,147,450","정품_1,147,450"
8673254,Britz 브리츠인터내셔널 Air Pulse A300,"정품_1,394,100","정품_1,394,100","정품_1,394,100","정품_1,394,100","정품_1,394,100","정품_1,394,100","정품_1,394,100","정품_1,394,100","정품_1,394,100","정품_1,394,100","정품_1,394,100","정품_1,394,100","정품_1,394,100"
14158196,Britz 브리츠인터내셔널 Air Pulse A80,"정품_805,670","정품_805,670","정품_805,670","정품_805,670","정품_805,670","정품_805,670","정품_805,670","정품_829,650","정품_829,650","정품_829,650","정품_829,650","정품_829,650","정품_829,650"
15601139,Britz 브리츠인터내셔널 Air Pulse P100X,"정품_836,350","정품_836,320","정품_836,320","정품_836,310","정품_836,310","정품_836,300","정품_836,300","정품_836,290","정품_836,290","정품_836,280","정품_836,280","정품_836,270","정품_836,270"
11687093,Britz 브리츠인터내셔널 BA-AKMU,0,0,0,0,"220,240","220,240","220,240","220,240","220,240","220,240","220,240","220,240","220,240"
18753089,Britz 브리츠인터내셔널 BA-C7 Plus,"61,330","61,330","61,330","61,330","61,330","61,330","64,700","64,700","64,700","64,700","64,690","64,690","64,690"
7214002,Britz 브리츠인터내셔널 BA-CL1,"정품_86,000","정품_86,000","정품_86,000","정품_86,000","정품_86,000","정품_86,000","정품_86,000","정품_86,000","정품_86,000","정품_86,000","정품_86,000","정품_86,000","정품_86,000"
7214839,Britz 브리츠인터내셔널 BA-CL2,"정품_62,700","정품_62,700","정품_62,700","정품_62,700","정품_62,700","정품_62,700","정품_62,700","정품_62,700","정품_62,700","정품_62,700","정품_62,700","정품_62,700","정품_62,700"
16877819,Britz 브리츠인터내셔널 BA-HMK31,"96,300","96,300","96,300","96,300","96,300","96,300","96,300","96,300","96,300","96,300","96,300","96,300","96,300"
78979082,Britz 브리츠인터내셔널 BA-HMK31 Plus,"정품_98,530|중고_78,820","정품_98,530|중고_78,820","정품_98,530|중고_78,820","정품_98,530|중고_78,820","정품_98,530|중고_78,820","정품_98,530|중고_78,820","정품_98,530|중고_78,820","정품_98,530|중고_78,820","정품_98,530|중고_78,820","정품_98,530|중고_78,820","정품_98,530|중고_78,820","정품_98,530|중고_78,820","정품_98,530|중고_78,820"
17079803,Britz 브리츠인터내셔널 BA-K10,"정품_39,900","정품_39,900","정품_39,900","정품_39,900","정품_39,900","정품_39,900","정품_39,900","정품_39,900","정품_39,900","정품_39,900","정품_39,900","정품_39,900","정품_39,900"
5104971,Britz 브리츠인터내셔널 BA-K9 Sound Bar Solo,"정품_32,900|중고_31,580","정품_32,900|중고_31,580","정품_32,900|중고_31,580","정품_32,900|중고_31,580","정품_32,900|중고_31,580","정품_32,900|중고_31,580","정품_32,900|중고_31,580","정품_32,900|중고_31,580","정품_32,900|중고_31,580","정품_32,450|중고_31,150","정품_32,900|중고_31,580","정품_32,900|중고_31,580","정품_32,900|중고_31,580"
45257927,Britz 브리츠인터내셔널 BA-LK707,"98,000","98,000","98,000","98,000","98,000","98,000","98,000","98,000","98,000","98,000","98,000","98,000","98,000"
20640539,Britz 브리츠인터내셔널 BA-MCK9,"정품_65,550","정품_65,550","정품_65,550","정품_65,550","정품_65,550","정품_65,550","정품_65,550","정품_65,550","정품_65,550","정품_62,550","정품_62,550","정품_65,550","정품_65,550"
6967855,Britz 브리츠인터내셔널 BA-MK1,"17,000","17,000","17,000","17,000","17,000","17,000","17,000","17,000","17,000","17,000","17,000","17,000","17,000"
10673013,Britz 브리츠인터내셔널 BA-MK10,"59,800","59,800","59,800","59,800","59,800","59,800","59,800","59,800","59,800","59,800","59,800","59,800","59,800"
16012718,Britz 브리츠인터내셔널 BA-MK100,"69,900","69,900","69,900","69,900","69,900","69,900","69,900","69,900","69,900","69,900","124,160","124,160","124,160"
9961458,Britz 브리츠인터내셔널 BA-MK15,"정품_42,450","정품_42,450","정품_42,430","정품_42,420","정품_42,400","정품_42,400","정품_42,410","정품_42,410","정품_42,410","정품_42,410","정품_42,410","정품_42,410","정품_42,410"
28273067,Britz 브리츠인터내셔널 BA-MK150,"27,400","28,900","28,900","28,900","28,900","28,900","28,900","28,900","26,800","26,800","27,710","28,900","26,800"
6472411,Britz 브리츠인터내셔널 BA-MK2,"44,440","44,440","44,440","44,440","44,440","44,440","44,440","44,440","44,440","41,900","44,440","44,440","44,440"
63468788,Britz 브리츠인터내셔널 BA-MK202,"49,900","49,900","49,900","49,900","49,900","49,900","49,900","49,900","49,900","46,900","46,900","49,900","49,900"
10139697,Britz 브리츠인터내셔널 BA-MK21,"95,500","95,500","95,500","95,500","95,500","95,500","95,500","95,500","95,500","95,500","95,500","95,500","95,500"
15078662,Britz 브리츠인터내셔널 BA-MK21 Plus,"49,410","49,410","49,410","49,410","49,410","49,410","49,410","49,410","49,410","54,900","85,900","85,900","85,900"
19235888,Britz 브리츠인터내셔널 BA-MK250,"47,890","47,890","47,890","47,890","47,890","47,890","47,890","47,890","47,890","47,890","47,900","47,900","47,800"
109597856,Britz 브리츠인터내셔널 BA-MK250 Plus,"49,800","49,800","49,800","49,800","49,800","49,800","49,800","49,800","49,800","49,800","49,800","49,800","48,800"
16357970,Britz 브리츠인터내셔널 BA-MK30,"정품_98,800|중고_77,440","정품_98,800|중고_79,040","정품_93,800|중고_79,040","정품_98,800|중고_73,500","정품_98,800|중고_73,500","정품_98,800|중고_73,500","정품_98,800|중고_73,500","정품_89,900|중고_71,920","정품_89,900|중고_71,920","정품_89,900|중고_71,920","정품_89,900|중고_71,920","정품_89,800|중고_71,840","정품_89,800|중고_71,840"
74340512,Britz 브리츠인터내셔널 BA-MK30 Plus,"정품_98,800","정품_98,800","정품_98,800","정품_98,800","정품_98,800","정품_98,800","정품_98,800","정품_98,800","정품_98,800","정품_98,800","정품_98,800","정품_98,800","정품_98,800"
33440228,Britz 브리츠인터내셔널 BA-MK300,"정품_68,250","정품_68,250","정품_68,250","정품_68,250","정품_68,250","정품_68,250","정품_68,250","정품_68,250","정품_68,250","정품_66,600","정품_64,720","정품_64,720","정품_64,720"
14288366,Britz 브리츠인터내셔널 BA-MK33,"95,900","95,900","95,900","95,900","95,900","95,900","95,900","95,900","95,900","95,900","95,900","95,900","95,900"
17166692,Britz 브리츠인터내셔널 BA-MK33 Plus,"95,900","95,900","95,900","95,900","95,900","95,900","95,900","95,900","95,900","95,900","95,900","95,900","95,900"
10582866,Britz 브리츠인터내셔널 BA-MK38,"정품_21,400","정품_21,400","정품_21,400","정품_21,400","정품_21,400","정품_21,400","정품_21,400","정품_21,400","정품_21,400","정품_21,400","정품_21,400","정품_21,400","정품_21,400"
15936515,Britz 브리츠인터내셔널 BA-MK39,"정품_54,900","정품_54,900","정품_54,900","정품_54,900","정품_54,900","정품_54,900","정품_54,900","정품_54,900","정품_54,900","정품_54,900","정품_54,900","정품_54,900","정품_54,900"
28863377,Britz 브리츠인터내셔널 BA-MK5,"정품_49,800|중고_38,640","정품_49,800|중고_39,440","정품_47,300|중고_39,440","정품_47,300|중고_39,440","정품_49,800|중고_39,440","정품_49,800|중고_38,640","정품_49,800|중고_38,640","정품_49,800|중고_38,640","정품_44,800|중고_39,840","정품_49,800|중고_39,840","정품_49,800|중고_39,840","정품_49,800|중고_39,840","정품_49,800|중고_39,840"
17159687,Britz 브리츠인터내셔널 BA-MK60,"31,700","31,700","31,700","31,700","31,700","31,700","31,700","31,700","31,700","31,700","31,700","31,700","31,700"
18189842,Britz 브리츠인터내셔널 BA-MK77,"53,000","53,000","53,000","53,000","53,000","53,000","53,000","53,000","53,000","53,000","53,000","53,000","53,000"
16006442,Britz 브리츠인터내셔널 BA-MK80,"정품_22,900","정품_22,900","정품_22,900","정품_22,900","정품_22,900","정품_22,900","정품_22,900","정품_22,900","정품_22,900","정품_22,900","정품_22,900","정품_22,900","정품_22,900"
6434511,Britz 브리츠인터내셔널 BA-MK9,"53,470","53,470","53,470","53,470","53,470","53,470","53,470","53,470","53,470","53,470","54,580","54,580","54,580"
7504639,Britz 브리츠인터내셔널 BA-MLB10,"29,800","29,800","29,800","29,800","29,800","29,800","29,800","29,800","29,800","29,800","29,800","29,800","29,800"
27661712,Britz 브리츠인터내셔널 BA-MQ1,"33,900","33,900","32,200","33,900","33,900","33,900","33,900","33,900","33,900","33,900","33,900","33,900","33,900"
15330770,Britz 브리츠인터내셔널 BA-NK9,"정품_28,170","정품_28,170","정품_28,170","정품_28,170","정품_28,170","정품_28,170","정품_28,170","정품_28,170","정품_28,170","정품_28,170","정품_28,170","정품_28,170","정품_28,170"
17476055,Britz 브리츠인터내셔널 BA-R1,"정품_19,200","정품_19,200","정품_19,200","정품_19,200","정품_19,200","정품_19,200","정품_19,200","정품_19,200","정품_19,200","정품_19,200","정품_19,200","정품_19,710","정품_19,200"
17625404,Britz 브리츠인터내셔널 BA-R10,"정품_50,080","정품_50,080","정품_50,080","정품_50,080","정품_50,080","정품_50,080","정품_50,080","정품_50,080","정품_50,080","정품_50,080",0,0,"정품_50,080"
3499359,Britz 브리츠인터내셔널 BA-R100 SOUNDCLOCK,"정품_48,900","정품_48,900","정품_48,900","정품_48,900","정품_48,900","정품_48,900","정품_48,900","정품_48,900","정품_48,900","정품_48,900","정품_48,900","정품_48,900","정품_48,900"
2404537,Britz 브리츠인터내셔널 BA-R9,"블랙_19,570|화이트_19,570|중고_15,490","블랙_19,570|화이트_19,570|중고_15,490","블랙_19,480|화이트_19,480|중고_15,490","블랙_19,480|화이트_19,480|중고_15,490","블랙_19,900|화이트_19,900|중고_15,490","블랙_19,900|화이트_19,900|중고_15,490","블랙_19,900|화이트_19,900|중고_15,490","블랙_19,900|화이트_19,900|중고_15,490","블랙_19,570|화이트_19,570|중고_15,490","블랙_19,570|화이트_19,570|중고_15,490","블랙_19,570|화이트_19,570|중고_15,490","블랙_19,570|화이트_19,570|중고_15,490","블랙_19,900|화이트_19,900|중고_15,490"
4498517,Britz 브리츠인터내셔널 BA-R90,"블랙_25,500|화이트_24,000","블랙_25,500|화이트_24,000","블랙_25,500|화이트_24,000","블랙_25,500|화이트_24,000","블랙_25,500|화이트_24,000","블랙_25,500|화이트_24,000","블랙_25,500|화이트_24,000","블랙_26,220|화이트_24,000","블랙_26,220|화이트_24,000","블랙_25,760|화이트_24,000","블랙_26,220|화이트_24,000","블랙_26,220|화이트_26,220","블랙_26,900|화이트_24,000"
6262457,Britz 브리츠인터내셔널 BA-RBT1,"98,990","98,990","98,990","98,990","98,990","98,990","98,990","98,990","98,990","98,990","98,990","98,990","98,990"
6681373,Britz 브리츠인터내셔널 BA-RBW1,"89,690","89,690","89,690","89,690","89,690","89,690","89,690","89,690","89,690","89,690","89,690","89,690","89,690"
13552142,Britz 브리츠인터내셔널 BA-RBW1 Plus,"168,670","168,670","168,670","168,670","168,670","168,670","168,670","168,670","168,670","168,670","168,670","168,670","168,670"
10582968,Britz 브리츠인터내셔널 BA-RG100,"정품_22,800","정품_22,800","정품_22,800","정품_22,800","정품_22,800","정품_22,800","정품_22,800","정품_22,800","정품_22,800","정품_22,800","정품_22,800","정품_22,800","정품_22,800"
16752431,Britz 브리츠인터내셔널 BA-RK1100,"정품_1,710,040","정품_1,710,040","정품_1,710,040","정품_1,710,040","정품_1,710,040","정품_1,710,040","정품_1,710,040","정품_1,710,040","정품_1,710,040","정품_1,710,040","정품_1,710,040","정품_1,710,040","정품_1,710,040"
18344237,Britz 브리츠인터내셔널 BA-RS2,"109,700","109,700","109,700","109,700","109,700","109,700","109,700","109,700","109,700","109,700","109,700","109,700","109,700"
6012885,Britz 브리츠인터내셔널 BA-SB20,"정품_64,320","정품_64,320","정품_64,320","정품_64,320","정품_64,320","정품_64,320","정품_63,640","정품_63,640","정품_63,640","정품_63,640","정품_63,640","정품_63,640","정품_64,320"
16237925,Britz 브리츠인터내셔널 BA-UMK120,"정품_23,900","정품_23,900","정품_23,900","정품_23,900","정품_23,900","정품_23,900","정품_23,900","정품_23,900","정품_23,900","정품_23,900","정품_23,900","정품_25,780","정품_23,900"
16237724,Britz 브리츠인터내셔널 BA-UMK90,0,0,0,0,"정품_15,900","정품_15,900","정품_15,900","정품_15,900","정품_15,900","정품_15,900","정품_15,900","정품_15,900","정품_15,900"
1755019,Britz 브리츠인터내셔널 BE-100,"62,150","62,150","62,150","62,150","62,150","62,150","62,150","62,150","62,150","62,150","63,460","63,460","63,460"
13689140,Britz 브리츠인터내셔널 BE-100 Plus,"정품_26,750|중고_25,350","정품_26,750|중고_25,350","정품_26,720|중고_25,350","정품_26,720|중고_25,350","정품_26,720|중고_25,350","정품_26,720|중고_25,350","정품_26,720|중고_25,350","정품_26,720|중고_25,350","정품_26,720|중고_25,350","정품_26,720|중고_25,350","정품_26,720|중고_25,350","정품_26,720|중고_25,350","정품_26,720|중고_25,350"
18842333,Britz 브리츠인터내셔널 BE-300UBT,"정품_49,470","정품_49,450","정품_49,370","정품_49,340","정품_49,340","정품_49,340","정품_49,340","정품_49,460","정품_49,460","정품_49,460","정품_49,460","정품_49,980","정품_49,980"
4882601,Britz 브리츠인터내셔널 BE-AM300,"정품_57,600","정품_57,600","정품_57,600","정품_57,600","정품_57,600","정품_57,600","정품_57,600","정품_57,600","정품_57,600","정품_57,600","정품_57,600","정품_57,600","정품_57,600"
4882538,Britz 브리츠인터내셔널 BE-LM500,"정품_39,800","정품_39,800","정품_39,800","정품_39,800","정품_39,800","정품_39,800","정품_39,800","정품_39,800","정품_39,800","정품_39,800","정품_39,800","정품_39,800","정품_39,800"
5615366,Britz 브리츠인터내셔널 BE-M250,"정품_69,900","정품_69,900","정품_69,900","정품_69,900","정품_69,900","정품_69,900","정품_69,900","정품_69,900","정품_69,900","정품_66,900","정품_66,900","정품_66,900","정품_69,900"
2162991,Britz 브리츠인터내셔널 BE-MP1000BT,"정품_99,000","정품_99,000","정품_99,000","정품_99,000","정품_99,000","정품_99,000","정품_99,000","정품_99,000","정품_99,000","정품_99,000","정품_99,000","정품_99,000","정품_99,000"
17861270,Britz 브리츠인터내셔널 BE-S200U,"정품_15,880","정품_15,880","정품_15,880","정품_15,880","정품_15,880","정품_15,880","정품_15,880","정품_15,880","정품_15,880","정품_15,880","정품_15,880","정품_15,880","정품_15,880"
14612288,Britz 브리츠인터내셔널 BE-STM300,"정품_29,900","정품_29,900","정품_29,900","정품_29,900","정품_29,900","정품_29,900","정품_29,900","정품_29,900","정품_29,900","정품_29,900","정품_29,900","정품_29,900","정품_29,900"
128941,Britz 브리츠인터내셔널 BR-1000A Cuve,"정품_54,240","정품_54,240","정품_54,240","정품_54,240","정품_54,240","정품_54,240","정품_54,240","정품_54,240","정품_54,240","정품_56,300","정품_56,300","정품_56,300","정품_56,300"
1644221,Britz 브리츠인터내셔널 BR-1000A Cuve Black 2,"정품_36,000","정품_36,000","정품_36,000","정품_36,000","정품_36,000","정품_36,000","정품_36,000","정품_36,000","정품_36,000","정품_36,000","정품_36,000","정품_36,000","정품_36,000"
851259,Britz 브리츠인터내셔널 BR-1000A Plus,"정품_68,400","정품_68,400","정품_68,400","정품_68,400","정품_68,400","정품_68,400","정품_68,400","정품_68,400","정품_68,400","정품_68,400","정품_68,400","정품_68,400","정품_68,400"
2744513,Britz 브리츠인터내셔널 BR-1000A2,"정품_69,000","정품_69,000","정품_69,000","정품_69,000","정품_69,000","정품_69,000","정품_69,000","정품_69,000","정품_69,000","정품_78,150","정품_69,000","정품_69,000","정품_79,900"
20226941,Britz 브리츠인터내셔널 BR-1200A BT,"정품_29,900","정품_29,900","정품_29,900","정품_29,900","정품_29,900","정품_29,900","정품_29,900","정품_29,900","정품_29,900","정품_29,900","정품_29,900","정품_29,900","정품_29,900"
16408466,Britz 브리츠인터내셔널 BR-1300BT,"정품_83,710","정품_83,710","정품_83,710","정품_83,710","정품_83,710","정품_83,710","정품_83,700","정품_83,700","정품_83,710","정품_83,710","정품_83,710","정품_83,710","정품_89,000"
2900001,Britz 브리츠인터내셔널 BR-1700BT,"정품_280,910","정품_280,910","정품_280,910","정품_280,910","정품_280,910","정품_280,910","정품_277,950","정품_277,950","정품_277,950","정품_277,950","정품_277,950","정품_277,950","정품_280,910"
6493426,Britz 브리츠인터내셔널 BR-1900DB,"정품_271,900","정품_271,900","정품_271,900","정품_271,900","정품_271,900","정품_271,900","정품_271,900","정품_271,900","정품_271,900","정품_271,900","정품_271,900","정품_271,900","정품_271,900"
9514704,Britz 브리츠인터내셔널 BR-3000 Pro,"정품_796,100","정품_796,100","정품_796,100","정품_796,100","정품_796,100","정품_796,100","정품_796,100","정품_796,100","정품_796,100","정품_796,100","정품_796,100","정품_796,100","정품_796,100"
2348973,Britz 브리츠인터내셔널 BR-3300 Formular,0,0,0,0,0,0,0,0,0,0,"정품_109,000","정품_109,000","정품_109,000"
3610627,Britz 브리츠인터내셔널 BR-3300 FormularPlus,"정품_79,900","정품_79,900","정품_79,900","정품_79,900","정품_79,900","정품_79,900","정품_79,900","정품_79,900","정품_79,900","정품_79,900","정품_79,900","정품_79,900","정품_79,900"
2704718,Britz 브리츠인터내셔널 BR-3350 Soap,"정품_29,900","정품_29,900","정품_29,900","정품_29,900","정품_29,900","정품_29,900","정품_29,900","정품_29,900","정품_29,900","정품_29,900","정품_29,900","정품_29,900","정품_29,900"
6181691,Britz 브리츠인터내셔널 BR-4390BT,"정품_399,900","정품_399,900","정품_399,900","정품_399,900","정품_399,900","정품_399,900","정품_399,900","정품_399,900","정품_399,900","정품_399,900","정품_399,900","정품_399,900","정품_399,900"
431688,Britz 브리츠인터내셔널 BR-Coupe,"정품_18,020","정품_18,020","정품_18,020","정품_18,020","정품_18,020","정품_18,020","정품_18,020","정품_18,020","정품_18,020","정품_18,020","정품_18,020","정품_18,030","정품_18,020"
11443749,Britz 브리츠인터내셔널 BR-GS7000,"정품_279,000","정품_279,000","정품_279,000","정품_279,000","정품_279,000","정품_279,000","정품_279,000","정품_279,000","정품_279,000","정품_279,000","정품_279,000","정품_201,600","정품_279,000"
16246670,Britz 브리츠인터내셔널 BR-JB5608,"정품_110,000","정품_110,000","정품_110,000","정품_110,000","정품_110,000","정품_110,000","정품_110,000","정품_110,000","정품_110,000","정품_110,000","정품_110,000","정품_110,000","정품_110,000"
11480091,Britz 브리츠인터내셔널 BR-M120,"34,870","34,870","37,490","37,490","37,490","37,490","37,490","37,490","37,490","37,490","37,490","37,490","37,490"
58019012,Britz 브리츠인터내셔널 BR-M500,"59,900","59,900","59,900","59,900","59,900","59,900","59,900","59,900","59,900","59,900","59,900","59,900","59,900"
78528623,Britz 브리츠인터내셔널 BR-MARK2,"정품_59,900","정품_59,900","정품_59,900","정품_59,900","정품_59,900","정품_59,900","정품_59,900","정품_59,900","정품_59,900","정품_59,900","정품_59,900","정품_59,900","정품_59,900"
29765441,Britz 브리츠인터내셔널 BR-MARK5,"정품_208,000","정품_208,000","정품_208,000","정품_208,000","정품_208,000","정품_208,000","정품_208,000","정품_208,000","정품_208,000","정품_208,000","정품_208,000","정품_208,000","정품_208,000"
13114739,Britz 브리츠인터내셔널 BR-MEC10,"정품_39,800","정품_39,800","정품_39,800","정품_39,800","정품_39,800","정품_39,800","정품_39,800","정품_39,800","정품_39,800","정품_39,800","정품_39,800","정품_39,800","정품_39,800"
16304156,Britz 브리츠인터내셔널 BR-MEC2000,"정품_363,090","정품_363,090","정품_363,090","정품_363,090","정품_363,090","정품_363,090","정품_363,090","정품_363,090","정품_363,090","정품_363,090","정품_363,090","정품_261,900","정품_363,090"
32102900,Britz 브리츠인터내셔널 BR-MICBAR,"정품_51,500","정품_51,500","정품_51,500","정품_51,500","정품_51,500","정품_51,500","정품_51,500","정품_51,500","정품_51,500","정품_51,500","정품_51,500","정품_53,250","정품_51,500"
5252735,Britz 브리츠인터내셔널 BR-MP2200,"정품_72,000","정품_72,000","정품_72,000","정품_72,000","정품_72,000","정품_72,000","정품_72,000","정품_72,000","정품_72,000","정품_72,000","정품_72,000","정품_72,000","정품_72,000"
20719118,Britz 브리츠인터내셔널 BR-NT93BT,"정품_65,000","정품_65,000","정품_65,000","정품_65,000","정품_65,000","정품_65,000","정품_65,000","정품_65,000","정품_65,000","정품_65,000","정품_65,000","정품_65,000","정품_65,000"
5873557,Britz 브리츠인터내셔널 BR-Orion Plus,"정품_90,340","정품_90,340","정품_90,340","정품_90,340","정품_90,340","정품_90,340","정품_90,340","정품_90,340","정품_90,340","정품_90,340","정품_90,340","정품_90,340","정품_90,340"
30078185,Britz 브리츠인터내셔널 BR-ST202,"29,900","29,900","29,900","29,900","29,900","29,900","29,900","29,900","29,900","29,900","29,900","29,900","29,900"
18557882,Britz 브리츠인터내셔널 BR-T10,"정품_84,530","정품_84,530","정품_84,530","정품_84,410","정품_84,410","정품_84,300","정품_84,300","정품_84,180","정품_84,180","정품_84,180","정품_84,060","정품_83,940","정품_83,940"
18387668,Britz 브리츠인터내셔널 BR-T9,"정품_77,490","정품_77,480","정품_77,390","정품_77,370","정품_77,370","정품_77,360","정품_77,990","정품_77,990","정품_77,990","정품_77,990","정품_77,930","정품_77,900","정품_77,900"
17873510,Britz 브리츠인터내셔널 BR-Vbutton,"정품_119,000|중고_100,700","정품_119,000|중고_100,700","정품_119,000|중고_100,700","정품_119,000|중고_100,700","정품_119,000|중고_100,700","정품_119,000|중고_100,700","정품_119,000|중고_100,700","정품_119,000|중고_100,700","정품_119,000|중고_100,700","정품_116,000|중고_100,700","정품_116,000|중고_100,700","정품_119,000|중고_100,700","정품_119,000|중고_100,700"
3670542,Britz 브리츠인터내셔널 BR-istana,"정품_23,320","정품_23,320","정품_23,320","정품_23,320","정품_23,320","정품_23,320","정품_23,320","정품_23,320","정품_23,320","정품_23,890","정품_23,890","정품_23,860","정품_23,800"
5183770,Britz 브리츠인터내셔널 BZ-A20 Super Moon,0,0,0,0,"정품_43,000","정품_43,000","정품_43,000","정품_43,000","정품_43,000","정품_43,000","정품_43,000","정품_43,000","정품_43,000"
6931762,Britz 브리츠인터내셔널 BZ-A50,"38,900","38,900","38,900","38,900","38,900","38,900","38,900","38,900","38,900","38,900","38,900","38,900","38,900"
17024162,Britz 브리츠인터내셔널 BZ-A6,"정품_25,800|중고_18,700","정품_25,800|중고_18,700","정품_25,800|중고_18,700","정품_27,500|중고_18,700","정품_27,500|중고_18,700","정품_27,500|중고_18,700","정품_26,100|중고_18,700","정품_27,500|중고_18,700","정품_26,100|중고_18,700","정품_26,100|중고_18,700","정품_26,100|중고_18,700","정품_26,100|중고_18,700","정품_24,000|중고_18,700"
4131044,Britz 브리츠인터내셔널 BZ-A650 SoundCream,"정품_33,300","정품_33,300","정품_33,300","정품_33,300","정품_33,300","정품_33,300","정품_33,300","정품_33,300","정품_33,300","정품_33,300","정품_33,300","정품_33,300","정품_33,300"
4236195,Britz 브리츠인터내셔널 BZ-A660 SoundDome,"정품_24,330","정품_24,330","정품_24,330","정품_24,330","정품_24,330","정품_24,330","정품_24,330","정품_24,330","정품_24,330","정품_24,600","정품_24,600","정품_24,600","정품_24,600"
16751516,Britz 브리츠인터내셔널 BZ-A9,"28,000","28,000","28,000","28,000","28,000","28,000","28,000","28,000","28,000","28,000","28,000","28,000","28,000"
37932401,Britz 브리츠인터내셔널 BZ-AK45,"정품_30,090","정품_31,900","정품_31,900","정품_31,900","정품_31,900","정품_31,900","정품_31,900","정품_31,900","정품_31,900","정품_31,900","정품_31,900","정품_34,780","정품_31,900"
91037879,Britz 브리츠인터내셔널 BZ-AeroBar,"정품_61,040","정품_61,030","정품_61,030","정품_61,020","정품_61,020","정품_61,010","정품_61,010","정품_61,000","정품_61,000","정품_60,990","정품_60,990","정품_60,980","정품_60,980"
95283662,Britz 브리츠인터내셔널 BZ-B1,"정품_59,900","정품_59,900","정품_59,900","정품_59,900","정품_59,900","정품_59,900","정품_59,900","정품_59,900","정품_59,900","정품_59,900","정품_59,900","정품_59,900","정품_59,900"
5563968,Britz 브리츠인터내셔널 BZ-BT662,"정품_69,900","정품_69,900","정품_69,900","정품_69,900","정품_69,900","정품_69,900","정품_69,900","정품_69,900","정품_69,900","정품_69,900","정품_69,900","정품_69,900","정품_69,900"
11472486,Britz 브리츠인터내셔널 BZ-CM7,"35,050","35,050","35,050","35,050","35,050","35,050","35,050","35,050","35,050","35,050","35,050","35,050","35,050"
7366384,Britz 브리츠인터내셔널 BZ-CM880,"48,800","48,800","48,800","48,800","48,800","48,800","48,800","48,800","48,800","48,800","48,800","48,800","48,800"
64296551,Britz 브리츠인터내셔널 BZ-CML300,"정품_99,000|중고_91,080","정품_99,000|중고_91,080","정품_99,000|중고_91,080","정품_99,000|중고_91,080","정품_99,000|중고_91,080","정품_99,000|중고_91,080","정품_99,000|중고_91,080","정품_99,000|중고_91,080","정품_99,000|중고_91,080","정품_99,000|중고_91,080","정품_96,000|중고_88,320","정품_99,000|중고_91,080","정품_99,000|중고_91,080"
2785778,Britz 브리츠인터내셔널 BZ-G20 Cone,"정품_19,800","정품_19,800","정품_19,800","정품_19,800","정품_19,800","정품_19,800","정품_19,800","정품_19,800","정품_19,800","정품_19,800","정품_19,800","정품_19,800","정품_19,800"
95286752,Britz 브리츠인터내셔널 BZ-GBUTTON,"정품_117,770","정품_117,760","정품_117,760","정품_117,760","정품_117,750","정품_117,740","정품_117,740","정품_117,730","정품_117,730","정품_117,720","정품_117,660","정품_117,580","정품_117,520"
41213264,Britz 브리츠인터내셔널 BZ-GM10,"정품_26,860","정품_26,860","정품_26,860","정품_26,860","정품_26,860","정품_26,860","정품_26,860","정품_26,860","정품_26,870","정품_26,870","정품_26,870","정품_26,870","정품_26,870"
17926562,Britz 브리츠인터내셔널 BZ-GX35,"58,990","58,990","58,990","58,990","58,990","58,990","58,990","58,990","58,990","58,990","58,990","58,990","58,990"
18096314,Britz 브리츠인터내셔널 BZ-GX38,"68,900","68,900","68,900","68,900","68,900","68,900","68,900","68,900","68,900","68,900","68,900","68,900","68,900"
27576500,Britz 브리츠인터내셔널 BZ-GX400,"정품_74,890","정품_74,890","정품_74,890","정품_74,850","정품_74,850","정품_74,890","정품_74,890","정품_74,890","정품_74,890","정품_74,890","정품_74,890","정품_74,890","정품_74,890"
91767050,Britz 브리츠인터내셔널 BZ-HMM,"정품_29,900","정품_29,900","정품_29,900","정품_29,900","정품_29,900","정품_29,900","정품_29,900","정품_29,900","정품_29,900","정품_29,900","정품_29,900","정품_29,900","정품_29,900"
99944177,Britz 브리츠인터내셔널 BZ-HMR,"정품_29,800","정품_29,800","정품_29,800","정품_29,800","정품_29,800","정품_29,800","정품_29,800","정품_29,800","정품_29,800","정품_29,800","정품_29,800","정품_29,800","정품_29,800"
16048862,Britz 브리츠인터내셔널 BZ-HT400,"정품_35,530","정품_35,530","정품_35,530","정품_35,530","정품_35,530","정품_35,530","정품_35,530","정품_35,530","정품_35,530","정품_35,530","정품_36,270","정품_36,270","정품_36,270"
5055835,Britz 브리츠인터내셔널 BZ-IPD622BT,"정품_79,900","정품_79,900","정품_79,900","정품_79,900","정품_79,900","정품_79,900","정품_79,900","정품_79,900","정품_79,900","정품_76,900","정품_76,900","정품_79,900","정품_79,900"
6001191,Britz 브리츠인터내셔널 BZ-JB5606,"정품_139,000","정품_139,000","정품_139,000","정품_139,000","정품_139,000","정품_139,000","정품_139,000","정품_139,000","정품_139,000","정품_136,000","정품_137,490","정품_137,490","정품_138,990"
7287136,Britz 브리츠인터내셔널 BZ-JB5607,"191,700","191,700","191,700","191,700","191,700","191,700","191,700","191,700","191,700","191,700","191,700","191,700","191,700"
19730924,Britz 브리츠인터내셔널 BZ-JB5609PT,"199,000","199,000","199,000","199,000","199,000","199,000","199,000","199,000","199,000","199,000","199,000","199,000","199,000"
74338304,Britz 브리츠인터내셔널 BZ-JB6800,"정품_159,000","정품_159,000","정품_159,000","정품_159,000","정품_159,000","정품_159,000","정품_159,000","정품_159,000","정품_159,000","정품_156,000","정품_156,000","정품_156,000","정품_156,000"
104981273,Britz 브리츠인터내셔널 BZ-JB8000,"매트블랙, 정품_240,270|딥그린, 정품_240,270","매트블랙, 정품_240,270|딥그린, 정품_240,270","매트블랙, 정품_240,270|딥그린, 정품_240,270","매트블랙, 정품_240,270|딥그린, 정품_240,270","매트블랙, 정품_240,270|딥그린, 정품_240,270","매트블랙, 정품_240,270|딥그린, 정품_240,270","매트블랙, 정품_240,270|딥그린, 정품_240,270","매트블랙, 정품_247,800|딥그린, 정품_247,800","매트블랙, 정품_247,800|딥그린, 정품_247,800","매트블랙, 정품_240,270|딥그린, 정품_240,270","매트블랙, 정품_240,150|딥그린, 정품_240,150","매트블랙, 정품_240,150|딥그린, 정품_240,150","매트블랙, 정품_240,150|딥그린, 정품_240,150"
104981213,Britz 브리츠인터내셔널 BZ-JB8000,"매트블랙, 정품_240,270|딥그린, 정품_240,270","매트블랙, 정품_240,270|딥그린, 정품_240,270","매트블랙, 정품_240,270|딥그린, 정품_240,270","매트블랙, 정품_240,270|딥그린, 정품_240,270","매트블랙, 정품_240,270|딥그린, 정품_240,270","매트블랙, 정품_240,270|딥그린, 정품_240,270","매트블랙, 정품_240,270|딥그린, 정품_240,270","매트블랙, 정품_247,800|딥그린, 정품_247,800","매트블랙, 정품_247,800|딥그린, 정품_247,800","매트블랙, 정품_240,270|딥그린, 정품_240,270","매트블랙, 정품_240,150|딥그린, 정품_240,150","매트블랙, 정품_240,150|딥그린, 정품_240,150","매트블랙, 정품_240,150|딥그린, 정품_240,150"
108227615,Britz 브리츠인터내셔널 BZ-JB8100,"정품, 다크그린_147,840|정품, 매트블랙_147,840","정품, 다크그린_147,840|정품, 매트블랙_147,840","정품, 다크그린_147,840|정품, 매트블랙_147,840","정품, 다크그린_147,840|정품, 매트블랙_147,840","정품, 다크그린_147,840|정품, 매트블랙_147,840","정품, 다크그린_147,840|정품, 매트블랙_147,840","정품, 다크그린_147,840|정품, 매트블랙_147,840","정품, 다크그린_147,840|정품, 매트블랙_147,840","정품, 다크그린_147,840|정품, 매트블랙_147,840","정품, 다크그린_147,840|정품, 매트블랙_147,840","정품, 다크그린_147,840|정품, 매트블랙_147,840","정품, 다크그린_147,840|정품, 매트블랙_147,840","정품, 다크그린_147,840|정품, 매트블랙_147,840"
77283119,Britz 브리츠인터내셔널 BZ-JB9700,"정품_134,830","정품_134,830","정품_134,830","정품_134,830","정품_134,830","정품_134,830","정품_134,830","정품_134,830","정품_134,830","정품_134,830","정품_134,830","정품_134,830","정품_139,000"
72295778,Britz 브리츠인터내셔널 BZ-JE100,"정품_68,900","정품_68,900","정품_68,900","정품_68,900","정품_68,900","정품_68,900","정품_68,900","정품_68,900","정품_68,900","정품_68,900","정품_68,900","정품_68,900","정품_68,900"
73890392,Britz 브리츠인터내셔널 BZ-L1,"정품_17,600","정품_17,600","정품_17,600","정품_17,600","정품_17,600","정품_17,600","정품_17,600","정품_17,600","정품_17,600","정품_17,600","정품_17,600","정품_17,670","정품_17,600"
18674327,Britz 브리츠인터내셔널 BZ-LF11,"정품_32,360","정품_32,360","정품_32,360","정품_32,360","정품_32,360","정품_32,360","정품_32,360","정품_32,360","정품_32,360","정품_32,360","정품_34,790","정품_34,790","정품_34,790"
20708330,Britz 브리츠인터내셔널 BZ-LT50SP,"29,000","29,000","29,000","29,000","29,000","29,000","29,000","29,000","29,000","29,000","29,000","29,000","29,000"
75377888,Britz 브리츠인터내셔널 BZ-LV2200,"정품_70,000","정품_70,000","정품_70,000","정품_78,050","정품_74,470","정품_72,750","정품_78,050","정품_78,050","정품_74,650","정품_71,310","정품_71,230","정품_78,050","정품_76,240"
2752516,Britz 브리츠인터내셔널 BZ-M300,"정품_44,990","정품_44,990","정품_44,990","정품_44,990","정품_44,990","정품_44,990","정품_44,990","정품_44,990","정품_44,990","정품_44,990","정품_44,990","정품_44,990","정품_44,990"
3798155,Britz 브리츠인터내셔널 BZ-M4060,"정품_79,000","정품_79,000","정품_79,000","정품_79,000","정품_79,000","정품_79,000","정품_79,000","정품_79,000","정품_79,000","정품_79,000","정품_79,000","정품_79,000","정품_79,000"
4000726,Britz 브리츠인터내셔널 BZ-M4180,"정품_79,190","정품_79,190","정품_79,190","정품_79,190","정품_79,190","정품_79,190","정품_79,190","정품_79,190","정품_79,190","정품_79,190","정품_79,190","정품_79,190","정품_79,190"
4577611,Britz 브리츠인터내셔널 BZ-MAB16 BasketBall,"정품_17,000","정품_17,000","정품_17,000","정품_17,000","정품_17,000","정품_17,000","정품_17,000","정품_17,000","정품_17,000","정품_17,000","정품_17,000","정품_17,000","정품_17,000"
4577833,Britz 브리츠인터내셔널 BZ-MAB17 TennisBall,"정품_17,000","정품_17,000","정품_17,000","정품_17,000","정품_17,000","정품_17,000","정품_17,000","정품_17,000","정품_17,000","정품_17,000","정품_17,000","정품_17,000","정품_17,000"
4404148,Britz 브리츠인터내셔널 BZ-MAB18 FootBall,"정품_17,000","정품_17,000","정품_17,000","정품_17,000","정품_17,000","정품_17,000","정품_17,000","정품_17,000","정품_17,000","정품_17,000","정품_17,000","정품_17,000","정품_17,000"
70333292,Britz 브리츠인터내셔널 BZ-MCK300,"정품_59,000","정품_59,000","정품_59,000","정품_59,000","정품_59,000","정품_59,000","정품_59,000","정품_59,000","정품_59,000","정품_59,000","정품_56,000","정품_59,000","정품_59,000"
77624843,Britz 브리츠인터내셔널 BZ-MG9,"정품_39,900","정품_39,900","정품_39,900","정품_39,900","정품_39,900","정품_39,900","정품_39,900","정품_39,900","정품_39,900","정품_39,900","정품_39,900","정품_39,900","정품_39,900"
100761032,Britz 브리츠인터내셔널 BZ-MK22,"정품_29,000","정품_29,000","정품_29,000","정품_29,000","정품_29,000","정품_29,000","정품_29,000","정품_29,000","정품_29,000","정품_29,000","정품_29,000","정품_29,000","정품_29,900"
73949177,Britz 브리츠인터내셔널 BZ-MK310,"39,900","39,900","39,900","39,900","39,900","39,900","39,900","39,900","39,900","37,100","39,900","39,900","39,900"
97777922,Britz 브리츠인터내셔널 BZ-MK330,"정품_54,800","정품_54,800","정품_54,800","정품_54,800","정품_54,800","정품_54,800","정품_54,800","정품_54,800","정품_54,800","정품_54,800","정품_54,800","정품_54,800","정품_54,800"
93499970,Britz 브리츠인터내셔널 BZ-MK88,"정품_44,500","정품_44,500","정품_44,500","정품_44,500","정품_44,500","정품_44,500","정품_44,500","정품_44,500","정품_44,500","정품_44,500","정품_44,500","정품_44,500","정품_44,500"
77621684,Britz 브리츠인터내셔널 BZ-MQ3,"정품_96,000","정품_96,000","정품_96,000","정품_96,000","정품_96,000","정품_96,000","정품_96,000","정품_96,000","정품_96,000","정품_93,000","정품_91,000","정품_96,000","정품_96,000"
55452761,Britz 브리츠인터내셔널 BZ-MQ5,"86,900","86,900","86,900","86,900","86,900","86,900","86,530","86,530","86,530","83,900","86,530","86,530","86,900"
14690153,Britz 브리츠인터내셔널 BZ-MS2000,"정품_29,200","정품_29,200","정품_29,200","정품_29,200","정품_29,200","정품_29,200","정품_29,200","정품_29,200","정품_29,200","정품_29,200","정품_29,200","정품_32,900","정품_29,200"
16876340,Britz 브리츠인터내셔널 BZ-MV100,"49,000","49,000","49,000","49,000","49,000","49,000","49,000","49,000","49,000","49,000","49,000","49,000","49,000"
30095999,Britz 브리츠인터내셔널 BZ-MV3000,"52,720","52,710","52,710","52,700","52,700","52,690","52,690","52,680","52,680","52,670","52,670","52,660","52,660"
18006065,Britz 브리츠인터내셔널 BZ-MV400,"174,040","174,040","174,040","174,040","174,040","174,040","174,040","174,040","174,040","174,040","174,040","174,040","174,040"
19937360,Britz 브리츠인터내셔널 BZ-MV5,"69,630","69,630","69,630","69,630","69,630","69,630","68,900","68,900","68,900","68,900","68,900","68,900","69,630"
19033247,Britz 브리츠인터내셔널 BZ-MV5000,"70,580","70,580","70,580","70,580","70,580","70,580","70,580","70,580","70,580","70,580","70,580","70,580","70,580"
27861893,Britz 브리츠인터내셔널 BZ-MX2000,"25,900","25,900","25,900","25,900","25,900","25,900","25,900","25,900","25,900","25,900","25,900","25,900","25,900"
18584837,Britz 브리츠인터내셔널 BZ-MX2100,"36,000","36,000","36,000","36,000","36,000","36,000","36,000","36,000","36,000","36,000","36,000","36,000","36,000"
19033508,Britz 브리츠인터내셔널 BZ-MX2700,"59,990","59,990","59,990","59,990","59,990","59,990","59,990","59,990","59,990","59,990","59,990","60,130","59,990"
18636776,Britz 브리츠인터내셔널 BZ-MX2800,"74,000","74,000","74,000","74,000","74,000","74,000","74,000","74,000","74,000","74,000","74,000","74,000","74,000"
101011685,Britz 브리츠인터내셔널 BZ-NQ26,"정품_69,000","정품_69,000","정품_69,000","정품_69,000","정품_69,000","정품_69,000","정품_69,000","정품_69,000","정품_69,000","정품_69,000","정품_69,000","정품_69,000","정품_69,000"
13115006,Britz 브리츠인터내셔널 BZ-NS10BT,"정품_114,000","정품_114,000","정품_114,000","정품_114,000","정품_114,000","정품_114,000","정품_114,000","정품_114,000","정품_114,000","정품_114,000","정품_114,000","정품_114,000","정품_114,000"
30738986,Britz 브리츠인터내셔널 BZ-NT22,"정품_39,900|중고_31,920","정품_39,900|중고_31,920","정품_39,900|중고_31,920","정품_39,900","정품_39,900","정품_39,900","정품_39,900","정품_39,900","정품_39,900","정품_39,900","정품_39,900","정품_39,900","정품_39,900"
4825595,Britz 브리츠인터내셔널 BZ-P4000BT,"정품_44,870","정품_44,870","정품_44,870","정품_44,870","정품_44,870","정품_44,870","정품_44,870","정품_44,870","정품_44,870","정품_44,870","정품_44,870","정품_44,870","정품_44,870"
75378122,Britz 브리츠인터내셔널 BZ-Q230K,"정품_54,900","정품_54,900","정품_54,900","정품_54,900","정품_54,900","정품_54,900","정품_54,900","정품_54,900","정품_54,900","정품_54,900","정품_54,900","정품_54,900","정품_54,900"
17871116,Britz 브리츠인터내셔널 BZ-R800BT,"48,290","48,290","48,290","48,290","48,290","48,290","48,290","48,290","48,290","46,800","46,800","48,290","48,290"
16279403,Britz 브리츠인터내셔널 BZ-REC200,"33,890","33,890","33,890","33,890","33,890","33,890","33,890","33,890","33,890","33,890","33,890","33,890","33,890"
72298895,Britz 브리츠인터내셔널 BZ-RK101,"정품_86,600","정품_86,600","정품_86,600","정품_86,600","정품_86,600","정품_86,600","정품_86,600","정품_86,600","정품_86,600","정품_83,900","정품_86,600","정품_86,600","정품_86,600"
28187069,Britz 브리츠인터내셔널 BZ-RV43,"32,280","32,280","32,280","32,280","32,280","32,280","32,280","32,280","32,280","32,280","32,280","32,280","32,280"
33440084,Britz 브리츠인터내셔널 BZ-S1,"58,230","58,230","58,230","58,230","58,230","58,230","58,230","58,230","58,230","58,230","58,230","58,230","58,230"
6413724,Britz 브리츠인터내셔널 BZ-S2018,"정품_166,150","정품_166,150","정품_166,150","정품_166,150","정품_166,150","정품_166,150","정품_166,150","정품_166,150","정품_166,150","정품_166,150","정품_166,150","정품_166,150","정품_166,150"
6160755,Britz 브리츠인터내셔널 BZ-SB8100,"61,900","61,900","61,900","61,900","61,900","61,900","61,900","61,900","61,900","61,900","61,900","61,900","61,900"
12512135,Britz 브리츠인터내셔널 BZ-SL10,"정품_30,300","정품_30,720","정품_30,300","정품_30,720","정품_30,700","정품_30,700","정품_30,700","정품_30,700","정품_30,700","정품_30,700","정품_30,700","정품_30,700","정품_30,700"
18270002,Britz 브리츠인터내셔널 BZ-SL2140,"정품_25,120","정품_25,110","정품_25,090","정품_25,080","정품_25,060","정품_25,050","정품_25,030","정품_24,970","정품_24,960","정품_24,900","정품_24,910","정품_24,910","정품_24,910"
16877105,Britz 브리츠인터내셔널 BZ-SL30,"정품_118,000","정품_118,000","정품_118,000","정품_118,000","정품_118,000","정품_118,000","정품_118,000","정품_118,000","정품_118,000","정품_118,000","정품_118,000","정품_118,000","정품_118,000"
13400534,Britz 브리츠인터내셔널 BZ-SL4,"블랙_28,900|화이트_28,900","블랙_28,900|화이트_28,900","블랙_28,900|화이트_28,900","블랙_28,900|화이트_28,900","블랙_28,900|화이트_28,900","블랙_28,900|화이트_28,900","블랙_28,900|화이트_28,900","블랙_28,900|화이트_28,900","블랙_28,900|화이트_28,900","블랙_28,900|화이트_28,900","블랙_28,900|화이트_28,900","블랙_28,900|화이트_28,900","블랙_28,900|화이트_28,900"
12658382,Britz 브리츠인터내셔널 BZ-SL7 Bluetooth,"정품_38,310","정품_38,310","정품_38,310","정품_38,310","정품_38,310","정품_38,310","정품_38,310","정품_38,310","정품_38,310","정품_38,310","정품_38,310","정품_38,310","정품_38,310"
67577771,Britz 브리츠인터내셔널 BZ-SL9,"정품_22,900","정품_22,900","정품_22,900","정품_22,900","정품_22,900","정품_22,900","정품_22,900","정품_22,900","정품_22,900","정품_22,900","정품_22,900","정품_22,900","정품_22,900"
31959404,Britz 브리츠인터내셔널 BZ-SP200X,"정품_29,800","정품_29,800","정품_29,800","정품_29,800","정품_29,800","정품_29,800","정품_29,800","정품_29,800","정품_29,800","정품_29,800","정품_29,800","정품_29,800","정품_29,800"
11640404,Britz 브리츠인터내셔널 BZ-SP20BT,"정품_117,331","정품_117,331","정품_116,571","정품_116,571","정품_116,571","정품_116,571","정품_116,571","정품_116,571","정품_116,871","정품_116,871","정품_117,511","정품_116,571","정품_116,571"
19609472,Britz 브리츠인터내셔널 BZ-SP300X,"정품_26,900","정품_26,900","정품_25,900","정품_52,900","정품_25,900","정품_25,900","정품_26,900","정품_26,900","정품_26,900","정품_26,900","정품_26,900","정품_26,400","정품_26,400"
16279250,Britz 브리츠인터내셔널 BZ-SP30BT,"정품_101,150","정품_101,150","정품_101,150","정품_101,150","정품_101,150","정품_101,150","정품_101,150","정품_101,150","정품_101,150","정품_101,150","정품_101,150","정품_101,140","정품_101,140"
5933715,Britz 브리츠인터내셔널 BZ-SP600X,"블랙_66,790","블랙_66,790","블랙_66,790","블랙_66,790","블랙_66,790","블랙_66,790","블랙_66,790","블랙_66,790","블랙_66,790","블랙_66,790","블랙_66,790","블랙_66,790",0
18700832,Britz 브리츠인터내셔널 BZ-SP700X,"정품_46,900","정품_46,900","정품_46,900","정품_46,900","정품_46,900","정품_46,900","정품_46,900","정품_46,900","정품_46,900","정품_46,900","정품_46,900","정품_46,900","정품_46,900"
104988416,Britz 브리츠인터내셔널 BZ-SV101,"정품_39,800","정품_39,800","정품_39,800","정품_39,800","정품_39,800","정품_39,800","정품_39,800","정품_39,800","정품_39,800","정품_39,800","정품_39,800","정품_39,800","정품_39,800"
62164481,Britz 브리츠인터내셔널 BZ-T1BT,"정품_45,900","정품_45,900","정품_45,900","정품_45,900","정품_45,900","정품_45,900","정품_45,900","정품_45,900","정품_45,900","정품_45,900","정품_45,900","정품_48,300","정품_45,900"
28240379,Britz 브리츠인터내셔널 BZ-T200BT,"45,900","45,900","45,900","45,900","45,900","45,900","45,900","45,900","45,900","45,900","45,900","45,900","45,900"
122680167,Britz 브리츠인터내셔널 BZ-T900BT,"정품_72,790","정품_72,780","정품_72,700","정품_72,700","정품_72,700","정품_72,690","정품_72,690","정품_72,680","정품_72,680","정품_72,670","정품_72,670","정품_72,660","정품_72,660"
92108927,Britz 브리츠인터내셔널 BZ-TBUTTON,"정품_67,420","정품_67,420","정품_67,420","정품_67,420","정품_67,420","정품_67,420","정품_67,420","정품_67,420","정품_68,820","정품_68,820","정품_65,000","정품_68,820","정품_68,820"
78847199,Britz 브리츠인터내셔널 BZ-TK1,"정품_20,900","정품_20,900","정품_20,900","정품_20,900","정품_20,900","정품_20,900","정품_24,690","정품_24,690","정품_24,690","정품_24,690","정품_24,690","정품_23,990","정품_23,990"
104626739,Britz 브리츠인터내셔널 BZ-TK3,"정품_54,500","정품_54,500","정품_54,500","정품_54,500","정품_54,500","정품_54,500","정품_54,500","정품_54,500","정품_54,500","정품_51,800","정품_54,500","정품_54,500","정품_54,500"
106753808,Britz 브리츠인터내셔널 BZ-TK7,"정품_84,900","정품_84,900","정품_84,900","정품_84,900","정품_84,900","정품_84,900","정품_84,900","정품_84,900","정품_84,900","정품_81,900","정품_84,900","정품_84,900","정품_84,900"
9471066,Britz 브리츠인터내셔널 BZ-TP160BT,"정품_198,000","정품_198,000","정품_198,000","정품_198,000","정품_198,000","정품_198,000","정품_198,000","정품_198,000","정품_198,000","정품_198,000","정품_198,000","정품_198,000","정품_198,000"
78096272,Britz 브리츠인터내셔널 BZ-TX11,"정품_74,890","정품_74,890","정품_74,890","정품_74,890","정품_73,030","정품_73,030","정품_73,030","정품_73,030","정품_73,030","정품_73,030","정품_69,900","정품_73,030","정품_73,030"
58018718,Britz 브리츠인터내셔널 BZ-UBB2,"109,000","109,000","109,000","109,000","109,000","109,000","108,500","108,500","108,500","108,500","106,000","108,500","108,510"
53524748,Britz 브리츠인터내셔널 BZ-UP10,"29,900","29,900","29,900","29,900","29,900","29,900","29,900","29,900","29,900","29,900","29,900","29,900","29,900"
63272363,Britz 브리츠인터내셔널 BZ-UX22,"81,000","81,000","81,000","81,000","81,000","81,000","81,000","81,000","81,000","81,000","81,000","81,000","81,000"
33440501,Britz 브리츠인터내셔널 BZ-UX33,"정품_61,540","정품_61,540","정품_61,540","정품_61,420","정품_61,420","정품_61,310","정품_61,310","정품_61,310","정품_61,310","정품_61,310","정품_61,190","정품_61,070","정품_61,070"
77208809,Britz 브리츠인터내셔널 BZ-V1,"정품_56,620|중고_50,280","정품_56,620|중고_50,370","정품_56,620|중고_50,370","정품_57,250|중고_50,370","정품_57,250|중고_50,370","정품_57,250|중고_50,280","정품_53,820|중고_50,280","정품_53,820|중고_49,160","정품_53,820|중고_49,430","정품_53,820|중고_49,410","정품_53,820|중고_49,410","정품_53,820|중고_49,430","정품_53,820|중고_49,430"
16564496,Britz 브리츠인터내셔널 BZ-V990S,"69,400","69,400","69,400","69,400","69,400","69,400","69,400","69,400","69,400","69,400","69,400","69,400","69,400"
77383067,Britz 브리츠인터내셔널 BZ-WK1,"정품_25,030","정품_25,030","정품_25,030","정품_25,030","정품_29,600","정품_29,600","정품_29,600","정품_29,600","정품_29,600","정품_29,600","정품_29,600","정품_29,600","정품_29,600"
100696325,Britz 브리츠인터내셔널 BZ-WM8,"정품_60,000","정품_60,000","정품_60,000","정품_59,990","정품_60,000","정품_60,000","정품_60,000","정품_60,000","정품_60,000","정품_60,000","정품_60,000","정품_60,000","정품_60,000"
103453337,Britz 브리츠인터내셔널 BZ-WX3,"정품_64,500","정품_64,500","정품_64,500","정품_64,500","정품_64,500","정품_64,500","정품_64,500","정품_64,500","정품_64,500","정품_64,500","정품_64,500","정품_64,500","정품_64,500"
103453346,Britz 브리츠인터내셔널 BZ-WX9,"정품_119,590","정품_119,590","정품_119,590","정품_119,590","정품_119,590","정품_119,590","정품_119,590","정품_119,590","정품_119,590","정품_116,800","정품_116,800","정품_116,800","정품_116,800"
8201950,Britz 브리츠인터내셔널 MVtube5,"81,250","81,250","81,250","81,250","81,250","81,250","81,250","81,250","81,250","81,250","82,940","82,940","82,940"
8764622,Britz 브리츠인터내셔널 Phono 2,"정품_54,140","정품_54,140","정품_54,140","정품_54,140","정품_54,140","정품_54,140","정품_54,140","정품_54,140","정품_54,140","정품_54,140","정품_54,140","정품_54,140","정품_54,140"
9621933,Britz 브리츠인터내셔널 Vtube180,"정품_469,000","정품_469,000","정품_469,000","정품_469,000","정품_469,000","정품_469,000","정품_469,000","정품_469,000","정품_469,000","정품_469,000","정품_469,000","정품_469,000","정품_469,000"
6227256,Britz 브리츠인터내셔널 Vtube30,"정품_151,330|중고_121,770","정품_151,330|중고_121,770","정품_151,330|중고_121,770","정품_151,330|중고_123,750","정품_151,330|중고_123,750","정품_151,330","정품_151,330","정품_151,330","정품_151,330","정품_151,330","정품_151,330","정품_151,330","정품_151,330"
10858014,Britz 브리츠인터내셔널 Vtube35,"정품_182,130","정품_182,130","정품_182,130","정품_182,130","정품_182,130","정품_182,130","정품_182,130","정품_182,130","정품_182,130","정품_182,130","정품_182,130","정품_182,130","정품_182,130"
12607364,Britz 브리츠인터내셔널 Vtube40,"정품_122,320","정품_122,320","정품_122,320","정품_122,320","정품_122,320","정품_122,320","정품_122,320","정품_122,320","정품_122,320","정품_122,320","정품_122,320","정품_122,320","정품_122,320"
19192703,Britz 브리츠인터내셔널 Vtube70,"정품_251,230","정품_251,230","정품_251,230","정품_251,230","정품_251,230","정품_251,230","정품_251,230","정품_251,230","정품_251,230","정품_251,230","정품_251,230","정품_251,230","정품_251,230"
3363509,Britz 브리츠인터내셔널 Z2100 Pinacle 2,"정품_27,500","정품_27,500","정품_27,500","정품_27,500","정품_27,500","정품_27,500","정품_27,500","정품_27,500","정품_27,500","정품_27,500","정품_27,500","정품_29,900","정품_27,500"
12692576,Britz 브리츠인터내셔널 Z2100BT Edition,"정품_43,670","정품_43,670","정품_43,670","정품_43,670","정품_43,670","정품_43,670","정품_43,670","정품_43,670","정품_43,670","정품_43,670","정품_43,670","정품_43,670","정품_43,670"
9934761,Britz 브리츠인터내셔널 Z2200 Cheek,"정품_27,490","정품_27,490","정품_27,490","정품_27,490","정품_27,490","정품_27,490","정품_27,490","정품_27,490","정품_27,490","정품_27,490","정품_27,490","정품_29,250","정품_27,490"
10946265,Britz 브리츠인터내셔널 e25 Luna Eclipse,"정품_245,000","정품_245,000","정품_245,000","정품_245,000","정품_245,000","정품_245,000","정품_245,000","정품_245,000","정품_245,000","정품_245,000","정품_245,000","정품_245,000","정품_245,000"
109482896,Britz 브리츠인터내셔널 라이트바,"정품_47,980","정품_47,980","정품_47,980","정품_47,980","정품_47,980","정품_47,980","정품_47,980","정품_47,980","정품_47,980","정품_47,980","정품_47,980","정품_47,980","정품_47,980"
146457,CAMAC CMK 3040DX,"정품_49,310","정품_49,310","정품_49,310","정품_49,310","정품_49,310","정품_49,310","정품_49,310","정품_49,310","정품_49,310","정품_49,310","정품_49,310","정품_49,310","정품_49,310"
705470,CAMAC CMK 808N USB,"정품_19,880","정품_19,880","정품_19,880","정품_19,880","정품_19,880","정품_19,880","정품_19,880","정품_19,880","정품_19,880","정품_19,880","정품_19,880","정품_19,880","정품_19,880"
297257,CAMAC CMK 858 USB,"정품_6,260","정품_6,260","정품_6,250","정품_6,250","정품_6,250","정품_6,250","정품_6,250","정품_6,380","정품_6,380","정품_6,380","정품_6,380","정품_6,380","정품_6,380"
948220,CAMAC CMK-2030D,"정품_67,680","정품_67,680","정품_67,680","정품_67,680","정품_67,680","정품_67,680","정품_67,680","정품_67,680","정품_67,680","정품_67,680","정품_69,090","정품_69,090","정품_69,090"
953897,CAMAC CMK-2030R,"정품_29,990","정품_29,990","정품_29,990","정품_29,990","정품_29,990","정품_29,990","정품_29,990","정품_29,990","정품_29,990","정품_29,990","정품_29,990","정품_29,990","정품_29,990"
2761112,CAMAC CMK-208,"블랙_4,890|오렌지_4,190","블랙_4,890|오렌지_4,190","블랙_4,890|오렌지_4,190","블랙_4,890|오렌지_4,190","블랙_4,890|오렌지_4,190","블랙_4,890|오렌지_4,190","블랙_4,890|오렌지_4,190","블랙_4,890|오렌지_4,190","블랙_4,890|오렌지_4,190","블랙_4,890|오렌지_4,190","블랙_4,890|오렌지_4,190","블랙_4,890|오렌지_4,190","블랙_4,890|오렌지_4,190"
2935260,CAMAC CMK-30K Click Soundbar,"AC전원_11,780","AC전원_11,780","AC전원_11,780","AC전원_11,780","AC전원_11,780","AC전원_11,780","AC전원_11,780","AC전원_11,780","AC전원_11,780","AC전원_11,780","AC전원_11,780","AC전원_11,780","AC전원_11,780"
11549105,CAMAC CMK-30KK AC,"정품_14,790","정품_14,790","정품_14,790","정품_14,790","정품_14,790","정품_14,790","정품_14,790","정품_14,790","정품_14,790","정품_14,790","정품_14,790","정품_14,790","정품_14,790"
11549078,CAMAC CMK-30KK USB,"정품_14,190","정품_14,190","정품_14,190","정품_14,190","정품_14,190","정품_14,190","정품_14,190","정품_14,190","정품_14,190","정품_14,190","정품_14,190","정품_14,190","정품_14,190"
11549024,CAMAC CMK-30KKK USB BT,"정품_17,050","정품_17,050","정품_17,050","정품_17,050","정품_17,050","정품_17,050","정품_17,050","정품_17,050","정품_17,050","정품_17,050","정품_17,050","정품_17,050","정품_17,050"
2935241,CAMAC CMK-30M Click SoundBar,"AC전원_13,170|USB전원_9,900","AC전원_13,170|USB전원_9,900","AC전원_13,170|USB전원_9,900","AC전원_13,170|USB전원_9,900","AC전원_13,170|USB전원_9,900","AC전원_13,170|USB전원_9,900","AC전원_13,170|USB전원_9,900","AC전원_13,170|USB전원_9,900","AC전원_13,170|USB전원_9,900","AC전원_13,170|USB전원_9,900","AC전원_13,170|USB전원_9,900","AC전원_13,170|USB전원_9,900","AC전원_13,170|USB전원_9,900"
4850483,CAMAC CMK-40CBS,"정품_6,500","정품_6,500","정품_6,500","정품_6,500","정품_6,500","정품_6,500","정품_6,500","정품_6,500","정품_6,500","정품_6,500","정품_6,500","정품_6,500","정품_6,500"
1703376,CAMAC CMK-5050,"정품_9,480","정품_9,480","정품_9,480","정품_9,480","정품_9,480","정품_9,480","정품_9,480","정품_9,480","정품_9,330","정품_9,330","정품_9,330","정품_9,330","정품_9,330"
2347370,CAMAC CMK-5100 USB,"블랙_14,550|화이트_14,960","블랙_14,550|화이트_14,960","블랙_14,550|화이트_14,960","블랙_14,550|화이트_14,960","블랙_14,550|화이트_14,960","블랙_14,550|화이트_14,960","블랙_14,550|화이트_14,960","블랙_14,550|화이트_14,960","블랙_14,550|화이트_14,960","블랙_14,550|화이트_14,960","블랙_14,550|화이트_14,960","블랙_14,550|화이트_14,960","블랙_14,550|화이트_14,960"
34389395,CAMAC CMK-525,"정품_8,870","정품_8,870","정품_8,870","정품_8,870","정품_8,870","정품_8,870","정품_8,870","정품_8,870","정품_8,870","정품_8,870","정품_8,870","정품_8,870","정품_8,870"
78238763,CAMAC CMK-575,"정품_14,030|중고_14,310","정품_14,030|중고_14,310","정품_14,030|중고_14,310","정품_14,040|중고_14,310","정품_14,040|중고_14,310","정품_14,040|중고_14,310","정품_14,040|중고_14,310","정품_14,040|중고_14,310","정품_14,040|중고_14,310","정품_14,040|중고_14,310","정품_14,040|중고_14,310","정품_14,040|중고_14,310","정품_13,500|중고_14,310"
4509454,CAMAC CMK-70CBS,"정품_14,230","정품_14,200","정품_14,200","정품_14,190","정품_14,190","정품_14,180","정품_14,090","정품_14,070","정품_14,070","정품_14,060","정품_13,970","정품_13,950","정품_13,950"
5890505,CAMAC CMK-727,"USB전원_12,850|AC전원_14,600|벌크, AC전원_14,010","USB전원_12,890|AC전원_14,560|벌크, AC전원_14,010","USB전원_12,890|AC전원_14,560|벌크, AC전원_14,010","USB전원_12,890|AC전원_14,560|벌크, AC전원_14,010","USB전원_12,850|AC전원_14,550|벌크, AC전원_14,010","USB전원_12,890|AC전원_14,550|벌크, AC전원_14,010","USB전원_12,890|AC전원_14,550|벌크, AC전원_14,010","USB전원_12,880|AC전원_14,870|벌크, AC전원_14,010","USB전원_12,850|AC전원_14,870|벌크, AC전원_14,010","USB전원_12,890|AC전원_14,870|벌크, AC전원_14,010","USB전원_12,890|AC전원_14,850|벌크, AC전원_14,010","USB전원_12,860|AC전원_14,880|벌크, AC전원_14,010","USB전원_12,850|AC전원_14,880|벌크, AC전원_14,010"
911828,CAMAC CMK-858 II USB,"정품_9,910","정품_9,910","정품_9,910","정품_9,910","정품_9,910","정품_9,910","정품_9,820","정품_9,820","정품_9,820","정품_9,820","정품_9,820","정품_9,820","정품_9,910"
943519,CAMAC CMK-878 USB,"정품_6,500","정품_6,500","정품_6,500","정품_6,500","정품_6,500","정품_6,500","정품_6,500","정품_6,500","정품_6,500","정품_6,500","정품_6,500","정품_6,500","정품_6,500"
16417793,CAMAC CMK-929,0,0,0,0,0,0,0,0,0,0,0,0,"정품_22,000"
13013606,CAMAC CMK-M101A,"33,000","33,000","33,000","33,000",0,0,0,0,0,0,0,0,0
9650724,CAMAC K-2,"AC전원, 정품_22,560|USB전원, 정품_13,450|벌크_13,190","AC전원, 정품_22,560|USB전원, 정품_13,450|벌크_13,190","AC전원, 정품_22,560|USB전원, 정품_13,450|벌크_13,190","AC전원, 정품_22,560|USB전원, 정품_13,450|벌크_13,190","AC전원, 정품_22,560|USB전원, 정품_13,450|벌크_13,190","AC전원, 정품_22,560|USB전원, 정품_13,450|벌크_13,190","AC전원, 정품_22,560|USB전원, 정품_13,450|벌크_13,190","AC전원, 정품_22,560|USB전원, 정품_13,450|벌크_13,190","AC전원, 정품_22,560|USB전원, 정품_13,450|벌크_13,190","AC전원, 정품_22,560|USB전원, 정품_13,450|벌크_13,190","AC전원, 정품_23,040|USB전원, 정품_13,450|벌크_13,190","AC전원, 정품_23,040|USB전원, 정품_13,450|벌크_13,820","AC전원, 정품_23,040|USB전원, 정품_13,450|벌크_13,820"
96986168,CAMAC VIVOX-1050,"정품_7,800","정품_7,800","정품_7,800","정품_7,800","정품_7,800","정품_7,800","정품_7,800","정품_7,800","정품_7,800","정품_7,800","정품_7,800","정품_7,800","정품_7,800"
4392603,CERWIN VEGA XD3,"정품_74,990","정품_74,990","정품_74,990","정품_74,990","정품_74,990","정품_74,990","정품_74,990","정품_74,990","정품_74,990","정품_74,990","정품_74,990","정품_74,990","정품_74,990"
27501842,COLORFUL MOON CSP-5204,"정품_38,470","정품_38,440","정품_38,440","정품_38,440","정품_38,340","정품_38,330","정품_38,330","정품_38,990","정품_38,990","정품_38,990","정품_38,990","정품_38,990","정품_38,990"
15844988,COUGAR SCREAMER-X,"186,190","186,190",0,0,0,0,0,0,0,0,0,0,0
11914438,COX CBM02,"정품_39,900","정품_39,900","정품_39,900","정품_39,900","정품_39,900","정품_39,900","정품_39,900","정품_39,900","정품_39,900","정품_39,900","정품_39,900","정품_39,900","정품_39,900"
12011414,COX CPS300,"정품_22,800","정품_22,800","정품_22,800","정품_22,800","정품_22,800","정품_22,800","정품_22,800","정품_22,800","정품_22,800","정품_22,800","정품_22,800","정품_22,800","정품_22,800"
95001209,COX CSB05,"블랙_7,300|","블랙_7,300|","블랙_7,300|","블랙_7,300|","블랙_7,300|","블랙_7,300|","블랙_7,300|","블랙_7,300|","블랙_7,300|","블랙_7,300|","블랙_7,300|","블랙_7,300|","블랙_7,300|"
15225872,COX CSB100 BT,"정품_142,050","정품_142,050","정품_142,050","정품_142,050","정품_142,050","정품_142,050","정품_142,050","정품_142,050","정품_142,050","정품_142,050","정품_142,050","정품_142,050","정품_142,050"
73891460,COX CSB200,"정품_13,500","정품_13,500","정품_13,500","정품_13,500","정품_13,500","정품_13,500","정품_13,500","정품_13,500","정품_13,500","정품_13,500","정품_13,500","정품_13,500","정품_13,500"
78846362,COX CSB30,"블랙_15,000|화이트_15,000|핑크_15,000|중고_13,650","블랙_15,000|화이트_15,000|핑크_15,000|중고_13,650","블랙_15,000|화이트_15,000|핑크_15,000|중고_13,650","블랙_15,000|화이트_15,000|핑크_15,000|중고_13,650","블랙_15,000|화이트_15,000|핑크_15,000|중고_13,650","블랙_15,000|화이트_15,000|핑크_15,000","블랙_15,000|화이트_15,000|핑크_15,000","블랙_15,000|화이트_15,000|핑크_15,000","블랙_15,000|화이트_15,000|핑크_15,000","블랙_15,000|화이트_15,000|핑크_15,000","블랙_15,000|화이트_15,000|핑크_15,000","블랙_15,000|화이트_15,000|핑크_15,000","블랙_15,000|화이트_15,000|핑크_15,000"
14000387,COX CSB30 BT,"정품_48,990","정품_48,990","정품_48,990","정품_48,990","정품_48,990","정품_60,000","정품_60,000","정품_36,946,000","정품_36,946,000","정품_36,946,000","정품_36,946,000","정품_36,946,000","정품_36,946,000"
79426523,COX CSB300,"정품_11,000","정품_11,000","정품_11,000","정품_11,000","정품_11,000","정품_11,000","정품_11,000","정품_11,000","정품_11,000","정품_11,000","정품_11,000","정품_11,000","정품_11,000"
122698053,COX CSB40 6W USB 사운드바,"블랙_22,500|화이트_22,500","블랙_22,500|화이트_22,500","블랙_22,500|화이트_22,500","블랙_22,500|화이트_22,500","블랙_22,500|화이트_22,500","블랙_22,500|화이트_22,500","블랙_22,500|화이트_22,500","블랙_22,500|화이트_22,500","블랙_22,500|화이트_22,500","블랙_22,500|화이트_22,500","블랙_22,500|화이트_22,500","블랙_22,500|화이트_22,500","블랙_22,500|화이트_22,500"
79560929,COX CSB400,"정품_17,300","정품_16,900","정품_16,900","정품_16,900","정품_16,900","정품_16,900","정품_16,900","정품_16,900","정품_16,900","정품_16,900","정품_16,900","정품_16,900","정품_16,900"
34735532,COX CSB60,"정품_12,000","정품_12,000","정품_12,000","정품_12,000","정품_12,000","정품_12,000","정품_12,000","정품_12,000","정품_12,000","정품_12,000","정품_12,000","정품_12,000","정품_12,000"
995542,Creative GIGAWORKS T20 II,"정품_255,920|해외구매_132,770","정품_255,920|해외구매_132,770","정품_255,920|해외구매_132,770","정품_255,920|해외구매_132,770","정품_255,920|해외구매_132,770","정품_255,920|해외구매_132,770","정품_255,920|해외구매_132,770","정품_255,920|해외구매_132,770","정품_255,920|해외구매_132,770","정품_255,920|해외구매_132,770","정품_255,920|해외구매_132,770","정품_255,920|해외구매_132,770","정품_255,920|해외구매_132,770"
995534,Creative GIGAWORKS T40 II,"정품_158,930|해외구매_175,730","정품_158,930|해외구매_175,730","정품_158,930|해외구매_178,450","정품_158,930|해외구매_178,450","정품_158,930|해외구매_178,470","정품_158,930|해외구매_178,470","정품_158,000|해외구매_183,430","정품_158,000|해외구매_183,430","정품_158,000|해외구매_165,760","정품_158,000|해외구매_156,720","정품_158,000|해외구매_156,720","정품_158,000|해외구매_156,720","정품_158,000|해외구매_156,720"
122658608,Creative MUVO Flex,"해외구매_52,440","해외구매_53,620","해외구매_53,620","해외구매_53,620","해외구매_53,620","해외구매_63,840","해외구매_63,840","해외구매_64,530","해외구매_64,530","해외구매_63,840","해외구매_63,840","해외구매_64,530","해외구매_64,530"
7490038,Creative PEBBLE 2.0,"블랙_25,410|화이트_25,410|해외구매_29,450","블랙_24,420|화이트_24,420|해외구매_29,450","블랙_24,420|화이트_24,420|해외구매_29,450","블랙_24,420|화이트_24,420|해외구매_29,450","블랙_25,410|화이트_25,410|해외구매_29,450","블랙_24,420|화이트_24,420|해외구매_29,450","블랙_25,410|화이트_25,410|해외구매_36,760","블랙_25,410|화이트_25,410|해외구매_36,760","블랙_25,410|화이트_25,410|해외구매_36,760","블랙_25,420|화이트_25,420|해외구매_36,760","블랙_27,930|화이트_27,930|해외구매_36,760","블랙_28,980|화이트_29,500|해외구매_36,760","블랙_28,980|화이트_29,500|해외구매_36,760"
74416382,Creative PEBBLE NOVA,"정품_371,070","정품_371,070","정품_371,070","정품_371,070","정품_390,090","정품_390,090","정품_390,090","정품_390,090","정품_390,090","정품_390,090","정품_390,090","정품_281,700","정품_390,090"
10255980,Creative PEBBLE PLUS,"정품_39,900|해외구매_65,350","정품_39,900|해외구매_66,020","정품_39,900|해외구매_66,020","정품_39,900|해외구매_67,050","정품_39,900|해외구매_67,050","정품_39,900|해외구매_67,050","정품_39,900|해외구매_74,910","정품_39,900|해외구매_74,910","정품_39,900|해외구매_74,550","정품_39,900|해외구매_74,550","정품_39,900|해외구매_74,250","정품_39,900|해외구매_73,850","정품_39,900|해외구매_73,850"
19064918,Creative PEBBLE PRO,"블랙_82,770|화이트_82,770|그린_88,110|벌크_91,340|해외구매_62,600","블랙_82,770|화이트_82,770|그린_88,110|벌크_91,310|해외구매_62,600","블랙_82,770|화이트_82,770|그린_88,110|벌크_91,310|해외구매_63,770","블랙_82,770|화이트_82,770|그린_88,110|벌크_91,310|해외구매_63,770","블랙_88,350|화이트_85,440|그린_89,000|벌크_91,210|해외구매_63,160","블랙_85,440|화이트_85,440|그린_89,000|벌크_91,200|해외구매_63,160","블랙_85,440|화이트_85,440|그린_89,000|벌크_91,200|해외구매_63,020","블랙_85,440|화이트_85,440|그린_89,000|벌크_92,060|해외구매_63,020","블랙_85,440|화이트_85,440|그린_89,000|벌크_92,060|해외구매_63,030","블랙_85,440|화이트_85,440|그린_89,000|벌크_92,060|해외구매_60,000","블랙_85,440|화이트_85,440|그린_88,350|벌크_92,060|해외구매_60,000","블랙_65,000|화이트_64,000|그린_89,000|벌크_93,050|해외구매_60,000","블랙_65,000|화이트_64,000|그린_89,000|벌크_93,050|해외구매_60,000"
63420431,Creative PEBBLE SE,"블랙_30,590|화이트_30,590|해외구매_41,520","블랙_30,590|화이트_30,590|해외구매_41,520","블랙_30,590|화이트_30,590|해외구매_45,840","블랙_30,590|화이트_30,590|해외구매_45,840","블랙_31,590|화이트_31,590|해외구매_45,840","블랙_31,590|화이트_31,590|해외구매_45,840","블랙_31,590|화이트_31,590|해외구매_39,340","블랙_31,590|화이트_31,590|해외구매_44,100","블랙_31,590|화이트_31,590|해외구매_44,100","블랙_30,590|화이트_30,590|해외구매_44,100","블랙_31,590|화이트_31,590|해외구매_44,100","블랙_21,900|화이트_21,900|해외구매_44,100","블랙_21,900|화이트_21,900|해외구매_44,100"
9864111,Creative PEBBLE V2,"정품_30,900|병행수입_29,690|해외구매_30,560","정품_34,900|병행수입_29,690|해외구매_30,560","정품_34,900|병행수입_29,690|해외구매_30,560","정품_29,900|병행수입_29,690|해외구매_30,560","정품_29,900|병행수입_29,690|해외구매_30,560","정품_29,900|병행수입_29,690|해외구매_30,560","정품_29,900|병행수입_29,690|해외구매_30,560","정품_29,900|병행수입_29,890|해외구매_30,560","정품_29,900|병행수입_29,890|해외구매_30,560","정품_29,900|병행수입_29,890|해외구매_30,560","정품_29,900|병행수입_29,890|해외구매_30,560","정품_29,900|병행수입_29,890|해외구매_30,560","정품_29,900|병행수입_29,890|해외구매_30,560"
12423611,Creative PEBBLE V3,"블랙_51,900|화이트_55,160|병행수입_41,930|해외구매_51,900","블랙_51,900|화이트_54,170|병행수입_41,920|해외구매_51,900","블랙_51,900|화이트_54,170|병행수입_43,480|해외구매_51,900","블랙_51,900|화이트_54,170|병행수입_43,450|해외구매_51,900","블랙_51,900|화이트_55,160|병행수입_43,350|해외구매_51,900","블랙_51,900|화이트_54,170|병행수입_43,330|해외구매_51,900","블랙_51,900|화이트_55,160|병행수입_43,330|해외구매_51,900","블랙_51,900|화이트_55,160|병행수입_43,320|해외구매_51,900","블랙_51,900|화이트_55,160|병행수입_43,230|해외구매_51,900","블랙_51,900|화이트_55,170|병행수입_43,200|해외구매_51,900","블랙_51,900|화이트_64,900|병행수입_43,110|해외구매_51,900","블랙_51,900|화이트_64,900|병행수입_43,060|해외구매_51,900","블랙_51,900|화이트_64,900|병행수입_43,000|해외구매_51,900"
59750039,Creative PEBBLE X,"정품_110,670|해외구매_157,900","정품_110,670|해외구매_157,900","정품_110,670|해외구매_157,900","정품_110,670|해외구매_157,900","정품_119,000|해외구매_157,900","정품_119,000|해외구매_157,900","정품_119,000|해외구매_157,900","정품_117,750|해외구매_157,900","정품_119,000|해외구매_163,790","정품_116,000|해외구매_163,790","정품_116,000|해외구매_163,790","정품_116,000|해외구매_162,330","정품_116,000|해외구매_162,330"
59749895,Creative PEBBLE X PLUS,"정품_149,000|해외구매_168,470","정품_149,000|해외구매_168,470","정품_149,000|해외구매_168,470","정품_149,000|해외구매_168,470","정품_149,000|해외구매_168,470","정품_149,000|해외구매_168,470","정품_149,000|해외구매_168,470","정품_149,000|해외구매_168,470","정품_149,000|해외구매_168,470","정품_149,000|해외구매_168,470","정품_149,000|해외구매_168,470","정품_149,000|해외구매_168,470","정품_148,040|해외구매_168,470"
18406727,Creative STAGE AIR V2,"정품_62,700|해외구매_75,700|벌크_59,190","정품_62,700|해외구매_75,700|벌크_59,180","정품_62,700|해외구매_75,700|벌크_59,180","정품_62,700|해외구매_75,700|벌크_59,170","정품_62,700|해외구매_75,700|벌크_59,170","정품_62,700|해외구매_75,700|벌크_59,170","정품_62,700|해외구매_75,700|벌크_59,170","정품_62,700|해외구매_75,700|벌크_59,160","정품_62,700|해외구매_75,700|벌크_59,160","정품_62,700|해외구매_75,700|벌크_59,160","정품_62,700|해외구매_75,700|벌크_59,160","정품_62,700|해외구매_75,700|벌크_59,150","정품_62,700|해외구매_75,700|벌크_59,150"
75538598,Creative STAGE SE,"해외구매_122,640","해외구매_122,640","해외구매_121,460","해외구매_121,460","해외구매_121,330","해외구매_121,330","해외구매_121,330","해외구매_121,330","해외구매_121,330","해외구매_121,330","해외구매_121,330","해외구매_121,330","해외구매_121,330"
31371158,Creative STAGE SE MINI,"정품_37,100|해외구매_50,680","정품_37,100|해외구매_50,680","정품_37,100|해외구매_50,680","정품_37,100|해외구매_50,680","정품_37,100|해외구매_50,680","정품_37,100|해외구매_104,000","정품_37,100|해외구매_104,000","정품_37,100|해외구매_109,090","정품_37,100|해외구매_109,090","정품_37,100|해외구매_109,090","정품_37,100|해외구매_109,090","정품_37,100|해외구매_109,090","정품_37,100|해외구매_109,090"
10266726,Creative T100,"정품_169,000|해외구매_107,630","정품_169,000|해외구매_107,630","정품_169,000|해외구매_107,630","정품_169,000|해외구매_107,630","정품_169,000|해외구매_107,630","정품_169,000|해외구매_107,630","정품_169,000|해외구매_107,630","정품_169,000|해외구매_108,800","정품_169,000|해외구매_108,800","정품_169,000|해외구매_108,800","정품_169,000|해외구매_108,740","정품_169,000|해외구매_108,720","정품_169,000|해외구매_108,720"
15244412,Creative T60,"정품_119,970|해외구매_120,960","정품_119,970|해외구매_120,960","정품_119,970|해외구매_124,090","정품_119,970|해외구매_124,090","정품_119,970|해외구매_124,090","정품_119,970|해외구매_124,090","정품_119,970|해외구매_124,090","정품_119,970|해외구매_126,840","정품_119,970|해외구매_126,840","정품_119,970|해외구매_125,530","정품_129,000|해외구매_125,530","정품_129,000|해외구매_125,520","정품_129,000|해외구매_125,520"
9657900,Creative 사운드 블라스터 AE-7,"정품_296,670|해외구매_304,050","정품_296,670|해외구매_304,050","정품_296,670|해외구매_309,020","정품_296,670|해외구매_309,020","정품_315,270|해외구매_309,020","정품_315,270|해외구매_309,020","정품_315,270|해외구매_309,020","정품_315,270|해외구매_309,020","정품_315,270|해외구매_309,380","정품_319,000|해외구매_309,380","정품_316,000|해외구매_309,380","정품_319,000|해외구매_308,660","정품_319,000|해외구매_308,650"
9658026,Creative 사운드 블라스터 AE-9,"정품_469,000|해외구매_662,410","정품_469,000|해외구매_662,410","정품_469,000|해외구매_662,410","정품_469,000|해외구매_662,410","정품_469,000|해외구매_662,410","정품_469,000|해외구매_662,410","정품_469,000|해외구매_662,410","정품_469,000|해외구매_662,410","정품_469,000|해외구매_662,410","정품_469,000|해외구매_662,410","정품_469,000|해외구매_662,410","정품_469,000|해외구매_662,410","정품_469,000|해외구매_662,410"
2319779,Creative 사운드 블라스터 AUDIGY FX,"정품_74,370|해외구매_87,050","정품_74,370|해외구매_87,050","정품_74,370|해외구매_87,050","정품_74,370|해외구매_87,050","정품_74,370|해외구매_87,050","정품_74,370|해외구매_87,050","정품_74,370|해외구매_87,050","정품_74,370|해외구매_87,050","정품_74,370|해외구매_93,500","정품_74,370|해외구매_93,500","정품_74,370|해외구매_93,500","정품_74,370|해외구매_93,500","정품_74,370|해외구매_93,500"
122645382,Creative 사운드 블라스터 AUDIGY FX PRO,"해외구매_108,300","해외구매_108,300","해외구매_111,110","해외구매_111,110","해외구매_111,110","해외구매_113,080","해외구매_114,400","해외구매_114,400","해외구매_114,400","해외구매_114,400","해외구매_114,400","해외구매_114,400","해외구매_114,400"
62069486,Creative 사운드 블라스터 AUDIGY FX V2,"정품_69,000|해외구매_73,640","정품_68,990|해외구매_75,540","정품_68,990|해외구매_75,540","정품_68,990|해외구매_75,540","정품_69,000|해외구매_75,540","정품_69,000|해외구매_75,540","정품_69,000|해외구매_75,540","정품_68,280|해외구매_75,050","정품_69,000|해외구매_75,050","정품_69,000|해외구매_77,640","정품_69,000|해외구매_77,630","정품_69,000|해외구매_76,920","정품_69,000|해외구매_76,920"
13928657,Creative 사운드 블라스터 AUDIGY RX,"해외구매_135,160","해외구매_135,130","해외구매_135,130","해외구매_135,120","해외구매_135,120","해외구매_135,130","해외구매_135,270","해외구매_135,270","해외구매_135,270","해외구매_135,270","해외구매_135,270","해외구매_135,270","해외구매_135,270"
10208709,Creative 사운드 블라스터 Audigy 6 USB 사운드카드,"해외구매_202,360","해외구매_202,360","해외구매_202,360","해외구매_202,360","해외구매_202,360","해외구매_202,360","해외구매_202,360","해외구매_202,360","해외구매_202,360","해외구매_202,360","해외구매_202,360","해외구매_202,360","해외구매_202,360"
16149422,Creative 사운드 블라스터 G3,"벌크_105,990|해외구매_86,010","벌크_108,990|해외구매_86,010","벌크_108,990|해외구매_85,190","벌크_108,990|해외구매_85,190","벌크_109,000|해외구매_85,190","벌크_109,000|해외구매_85,190","벌크_109,000|해외구매_85,190","벌크_109,000|해외구매_85,190","벌크_109,000|해외구매_85,190","벌크_109,000|해외구매_85,190","벌크_109,000|해외구매_85,190","벌크_109,000|해외구매_85,190","벌크_109,000|해외구매_85,190"
71973095,Creative 사운드 블라스터 G8,"정품_222,270|","정품_222,270|","정품_222,270|","정품_189,000|","정품_188,000|","정품_189,000|","정품_189,000|","정품_189,000|","정품_189,000|","정품_189,000|","정품_189,000|","정품_189,000|","정품_189,000|"
14490932,Creative 사운드 블라스터 GC7,"정품_219,000|벌크_146,500|해외구매_196,010","정품_219,000|벌크_146,500|해외구매_201,350","정품_219,000|벌크_146,500|해외구매_201,350","정품_219,000|벌크_146,500|해외구매_201,350","정품_219,000|벌크_146,500|해외구매_201,350","정품_219,000|벌크_146,500|해외구매_203,520","정품_219,000|벌크_146,500|해외구매_203,410","정품_219,000|벌크_146,500|해외구매_201,410","정품_219,000|벌크_146,500|해외구매_201,410","정품_219,000|벌크_146,500|해외구매_201,410","정품_219,000|벌크_146,500|해외구매_201,410","정품_219,000|벌크_146,500|해외구매_200,520","정품_219,000|벌크_146,500|해외구매_200,520"
62568881,Creative 사운드 블라스터 GS3,"블랙_54,870|화이트_54,870","블랙_54,870|화이트_54,870","블랙_54,870|화이트_54,870","블랙_54,870|화이트_54,870","블랙_59,000|화이트_59,000","블랙_58,000|화이트_58,000","블랙_58,380|화이트_58,380","블랙_58,380|화이트_58,380","블랙_59,000|화이트_59,000","블랙_56,000|화이트_56,000","블랙_59,000|화이트_59,000","블랙_59,000|화이트_59,000","블랙_59,000|화이트_59,000"
76462880,Creative 사운드 블라스터 GS5,"정품_110,670","정품_110,670","정품_110,670","정품_110,670","정품_114,240","정품_114,240","정품_114,240","정품_114,240","정품_114,240","정품_114,240","정품_114,240","정품_114,240","정품_114,240"
27866360,Creative 사운드 블라스터 KATANA SE,"정품_399,000|해외구매_460,330","정품_399,000|해외구매_460,330","정품_399,000|해외구매_460,330","정품_399,000|해외구매_460,330","정품_399,000|해외구매_460,330","정품_399,000|해외구매_460,330","정품_399,000|해외구매_460,330","정품_399,000|해외구매_460,330","정품_399,000|해외구매_460,330","정품_399,000|해외구매_460,330","정품_399,000|해외구매_460,330","정품_399,000|해외구매_460,330","정품_399,000|해외구매_460,330"
15884300,Creative 사운드 블라스터 KATANA V2,"해외구매_841,600","해외구매_841,600","해외구매_841,600","해외구매_841,600","해외구매_841,600","해외구매_841,600","해외구매_841,600","해외구매_841,600","해외구매_841,600","해외구매_841,600","해외구매_841,600","해외구매_841,600","해외구매_841,600"
19709639,Creative 사운드 블라스터 KATANA V2X,"정품_352,470|해외구매_617,000","정품_352,470|해외구매_567,640","정품_352,470|해외구매_617,000","정품_352,470|해외구매_567,640","정품_371,070|해외구매_531,380","정품_371,070|해외구매_531,380","정품_371,070|해외구매_531,380","정품_371,070|해외구매_531,390","정품_371,070|해외구매_574,570","정품_379,000|해외구매_567,640","정품_379,000|해외구매_574,570","정품_379,000|해외구매_574,570","정품_379,000|해외구매_574,570"
17111870,Creative 사운드 블라스터 PLAY! 3,"해외구매_24,370","해외구매_25,000","해외구매_25,000","해외구매_25,000","해외구매_25,000","해외구매_27,420","해외구매_25,000","해외구매_24,830","해외구매_24,830","해외구매_21,820","해외구매_22,260","해외구매_27,420","해외구매_27,420"
13703840,Creative 사운드 블라스터 PLAY! 4,"해외구매_93,600","해외구매_93,600","해외구매_93,600","해외구매_93,600","해외구매_93,600","해외구매_93,600","해외구매_93,600","해외구매_93,600","해외구매_93,600","해외구매_93,600","해외구매_93,600","해외구매_93,600","해외구매_93,600"
2006338,Creative 사운드 블라스터 X-Fi Surround 5.1 Pro,"해외구매_125,140","해외구매_125,140","해외구매_125,140","해외구매_118,820","해외구매_118,820","해외구매_118,820","해외구매_118,820","해외구매_118,820","해외구매_118,820","해외구매_118,820","해외구매_118,820","해외구매_118,820","해외구매_118,820"
1000149,Creative 사운드 블라스터 X-Fi TITANIUM,"해외구매_103,950","해외구매_103,950","해외구매_103,950","해외구매_103,950","해외구매_103,950","해외구매_103,950","해외구매_103,950","해외구매_103,950","해외구매_103,950","해외구매_103,950","해외구매_103,950","해외구매_103,950","해외구매_103,950"
18331331,Creative 사운드 블라스터 X1,"정품_99,000|해외구매_92,000","정품_99,000|해외구매_92,000","정품_99,000|해외구매_92,000","정품_99,000|해외구매_92,000","정품_99,000|해외구매_92,000","정품_99,000|해외구매_92,000","정품_99,000|해외구매_92,000","정품_99,000|해외구매_92,000","정품_99,000|해외구매_92,000","정품_99,000|해외구매_92,000","정품_99,000|해외구매_92,000","정품_99,000|해외구매_92,000","정품_99,000|해외구매_92,000"
10066413,Creative 사운드 블라스터 X3,"정품_189,000|해외구매_210,900","정품_189,000|해외구매_210,900","정품_189,000|해외구매_210,900","정품_189,000|해외구매_210,900","정품_189,000|해외구매_210,900","정품_189,000|해외구매_210,900","정품_189,000|해외구매_210,900","정품_189,000|해외구매_210,900","정품_189,000|해외구매_210,900","정품_189,000|해외구매_210,900","정품_189,000|해외구매_210,900","정품_189,000|해외구매_210,900","정품_189,000|해외구매_210,900"
17090699,Creative 사운드 블라스터 X4,"정품_189,000|해외구매_187,900","정품_189,000|해외구매_187,900","정품_198,980|해외구매_187,900","정품_198,980|해외구매_187,900","정품_198,980|해외구매_187,900","정품_199,000|해외구매_187,900","정품_199,000|해외구매_187,900","정품_199,000|해외구매_187,900","정품_199,000|해외구매_187,900","정품_196,000|해외구매_187,900","정품_199,000|해외구매_187,900","정품_199,000|해외구매_187,900","정품_199,000|해외구매_187,900"
18356327,Creative 사운드 블라스터 Z SE,"정품_144,610|해외구매_143,270","정품_144,610|해외구매_143,270","정품_144,610|해외구매_143,270","정품_144,610|해외구매_148,000","정품_144,610|해외구매_148,000","정품_144,610|해외구매_143,270","정품_144,610|해외구매_143,270","정품_144,610|해외구매_127,800","정품_144,610|해외구매_127,800","정품_144,610|해외구매_143,270","정품_144,610|해외구매_143,270","정품_144,610|해외구매_143,270","정품_144,610|해외구매_143,270"
11786317,Creative 사운드 블라스터X AE-5 PLUS,"정품_199,000|해외구매_213,120","정품_199,000|해외구매_213,120","정품_199,000|해외구매_213,120","정품_199,000|해외구매_213,120","정품_199,000|해외구매_213,120","정품_199,000|해외구매_213,120","정품_199,000|해외구매_213,120","정품_199,000|해외구매_213,120","정품_199,000|해외구매_213,120","정품_199,000|해외구매_213,120","정품_199,000|해외구매_213,120","정품_199,000|해외구매_213,120","정품_199,000|해외구매_213,120"
58116743,Creative 사운드 블라스터X AE-5 PLUS 퓨어 에디션,"해외구매_356,750","해외구매_356,750","해외구매_356,750","해외구매_356,750","해외구매_356,750","해외구매_356,750","해외구매_356,750","해외구매_356,750","해외구매_356,750","해외구매_356,750","해외구매_356,760","해외구매_356,760","해외구매_356,760"
122717038,Creative 사운드 블라스터X AE-X PCI-e,"정품_296,670|","정품_296,670|","정품_296,670|","정품_296,670|","정품_296,670|","정품_296,670|","정품_296,670|","정품_296,670|","정품_296,670|","정품_296,670|","정품_315,000|","정품_315,000|","정품_315,000|"
15102971,Creative 사운드 블라스터X G1,"해외구매_112,800","해외구매_112,800","해외구매_111,600","해외구매_111,600","해외구매_111,600","해외구매_111,600","해외구매_111,600","해외구매_111,600","해외구매_111,600","해외구매_111,600","해외구매_111,600","해외구매_111,600","해외구매_111,600"
4089659,Creative 사운드 블라스터X G5,"해외구매_280,920","해외구매_280,890","해외구매_280,890","해외구매_280,890","해외구매_280,820","해외구매_280,810","해외구매_280,710","해외구매_280,690","해외구매_280,690","해외구매_280,680","해외구매_280,590","해외구매_280,570","해외구매_280,570"
6398846,Creative 사운드 블라스터X G6,"정품_199,000|병행수입_139,900|해외구매_171,500","정품_199,000|병행수입_139,900|해외구매_171,500","정품_199,000|병행수입_139,900|해외구매_171,500","정품_199,000|병행수입_139,900|해외구매_171,500","정품_199,000|병행수입_139,900|해외구매_171,500","정품_199,000|병행수입_139,900|해외구매_171,500","정품_199,000|병행수입_139,900|해외구매_171,500","정품_199,000|병행수입_139,900|해외구매_171,500","정품_199,000|병행수입_239,700|해외구매_171,500","정품_199,000|병행수입_239,700|해외구매_171,500","정품_199,000|병행수입_239,700|해외구매_171,500","정품_199,000|병행수입_239,700|해외구매_171,500","정품_199,000|병행수입_239,270|해외구매_171,500"
106765664,Creative 사운드 블라스터X G6 USB-C,"정품_203,670|해외구매_344,110","정품_203,670|해외구매_344,110","정품_203,670|해외구매_344,110","정품_203,670|해외구매_344,110","정품_170,000|해외구매_344,110","정품_170,000|해외구매_344,110","정품_170,000|해외구매_344,110","정품_219,000|해외구매_344,110","정품_219,000|해외구매_344,110","정품_219,000|해외구매_344,110","정품_219,000|해외구매_344,110","정품_219,000|해외구매_344,110","정품_219,000|해외구매_344,110"
13398188,Creative 사운드 블라스터X KATANA,"해외구매_398,080","해외구매_398,080","해외구매_398,080","해외구매_398,080","해외구매_398,080","해외구매_398,080","해외구매_398,080","해외구매_398,080","해외구매_398,080","해외구매_398,080","해외구매_398,080","해외구매_398,080","해외구매_398,080"
13016444,DA-BL10,"정품_20,010","정품_20,010","정품_20,010","정품_20,010","정품_20,010","정품_20,010","정품_20,010","정품_20,010","정품_20,010","정품_20,010","정품_20,010","정품_20,010","정품_20,010"
3859709,DELL AC511,"해외구매_59,200","해외구매_59,200","해외구매_59,200","해외구매_59,200","해외구매_59,200","해외구매_59,200","해외구매_59,200","해외구매_59,200","해외구매_59,200","해외구매_59,200","해외구매_59,200","해외구매_59,200","해외구매_59,200"
13537943,DELL AC511M,"해외구매_62,350","해외구매_70,420","해외구매_70,420","해외구매_70,420","해외구매_62,350","해외구매_70,420","해외구매_62,350","해외구매_70,420","해외구매_62,350","해외구매_70,000","해외구매_62,350","해외구매_62,350","해외구매_62,350"
12583628,DELL SB521A,"정품_53,890|해외구매_67,100","정품_53,890|해외구매_67,100","정품_53,890|해외구매_67,100","정품_53,890|해외구매_67,100","정품_53,890|해외구매_67,100","정품_53,890|해외구매_67,100","정품_53,890|해외구매_67,100","정품_53,890|해외구매_67,100","정품_53,890|해외구매_67,100","정품_53,890|해외구매_67,100","정품_53,890|해외구매_67,100","정품_53,890|해외구매_67,100","정품_53,890|해외구매_67,100"
16985795,DELL SB522A,"정품_117,000|해외구매_113,100","정품_117,000|해외구매_113,100","정품_117,000|해외구매_113,100","정품_117,000|해외구매_113,100","정품_117,000|해외구매_113,100","정품_117,000|해외구매_113,100","정품_117,000|해외구매_113,100","정품_117,000|해외구매_113,100","정품_117,000|해외구매_113,100","정품_117,000|해외구매_113,100","정품_117,000|해외구매_113,100","정품_117,000|해외구매_113,100","정품_117,000|해외구매_113,100"
9524229,E&W APOLLO,"118,500","118,500","118,500","118,500","118,500","118,500","118,500","118,500","118,500","118,500","118,500","118,500","118,500"
89605562,EBUFF EBS-SG1,"블랙_6,790|화이트_7,620","블랙_6,790|화이트_7,620","블랙_6,790|화이트_7,620","블랙_6,790|화이트_7,620","블랙_6,790|화이트_7,620","블랙_6,790|화이트_7,630","블랙_6,790|화이트_7,630","블랙_6,790|화이트_7,630","블랙_6,790|화이트_7,630","블랙_6,790|화이트_7,630","블랙_6,790|화이트_7,630","블랙_6,790|화이트_7,630","블랙_6,790|화이트_7,630"
104964722,EBUFF EBS-SG2,"정품_8,900","정품_8,900","정품_8,900","정품_8,900","정품_8,900","정품_8,900","정품_8,900","정품_8,900","정품_8,900","정품_8,900","정품_8,900","정품_8,900","정품_8,900"
104964800,EBUFF EBS-SG3,"블랙_13,500|화이트_13,500","블랙_13,500|화이트_13,500","블랙_13,500|화이트_13,500","블랙_13,500|화이트_13,500","블랙_13,500|화이트_13,500","블랙_13,500|화이트_13,500","블랙_13,500|화이트_13,500","블랙_13,500|화이트_13,500","블랙_13,500|화이트_13,500","블랙_13,500|화이트_13,500","블랙_13,500|화이트_13,500","블랙_13,500|화이트_13,500","블랙_13,500|화이트_13,500"
12666605,ENZER EN-WM5,"정품_247,880","정품_247,880","정품_247,880","정품_247,880","정품_247,880","정품_247,880","정품_247,880","정품_247,880","정품_247,880","정품_247,880","정품_247,880","정품_247,880","정품_247,880"
14540495,EPOS 젠하이저 B20 USB,"276,000","276,000","276,000","276,000","276,000","276,000",0,0,0,0,0,0,0
12598172,EPOS 젠하이저 GSX300 게이밍 외장 사운드 카드,"정품_198,000|해외구매_152,280","정품_198,000|해외구매_152,280","정품_198,000|해외구매_152,280","정품_198,000|해외구매_152,280","정품_198,000|해외구매_152,280","정품_198,000|해외구매_152,280","정품_198,000|해외구매_152,280","정품_198,000|해외구매_152,280","정품_198,000|해외구매_152,280","정품_198,000|해외구매_152,280","정품_198,000|해외구매_152,280","정품_198,000|해외구매_152,280","정품_198,000|해외구매_152,280"
89606831,ESSAGER ES-OTG21,"A타입 단일포트_7,280|A타입 듀얼포트_7,000","A타입 단일포트_7,280|A타입 듀얼포트_7,000","A타입 단일포트_7,280|A타입 듀얼포트_7,000","A타입 단일포트_7,280|A타입 듀얼포트_7,000","A타입 단일포트_7,270|A타입 듀얼포트_7,000","A타입 단일포트_7,270|A타입 듀얼포트_7,000","A타입 단일포트_7,270|A타입 듀얼포트_7,000","A타입 단일포트_7,250|A타입 듀얼포트_7,000","A타입 단일포트_7,250|A타입 듀얼포트_7,000","A타입 단일포트_7,250|A타입 듀얼포트_7,000","A타입 단일포트_7,250|A타입 듀얼포트_7,000","A타입 단일포트_7,250|A타입 듀얼포트_7,000","A타입 단일포트_7,250|A타입 듀얼포트_7,000"
12983975,EWA A106,"해외구매_23,900","해외구매_23,900","해외구매_23,900","해외구매_23,900","해외구매_23,900","해외구매_23,900","해외구매_23,900","해외구매_23,900","해외구매_23,900","해외구매_23,900","해외구매_23,900","해외구매_23,900","해외구매_23,900"
12858593,EWA A106 Pro,"해외구매_24,480","해외구매_24,480","해외구매_24,480","해외구매_24,480","해외구매_24,480","해외구매_16,940","해외구매_16,940","해외구매_16,940","해외구매_16,940","해외구매_16,940","해외구매_16,940","해외구매_16,940","해외구매_16,940"
12985181,EWA A115 스피커,"해외구매_51,780","해외구매_51,780","해외구매_51,780","해외구매_51,780","해외구매_51,780","해외구매_51,780","해외구매_51,780","해외구매_51,780","해외구매_51,780","해외구매_51,780","해외구매_51,780","해외구매_51,780","해외구매_51,780"
2303857,EXGEAR XGS955,"18,410","18,410","18,410","18,410","18,410","18,410","18,410","18,410","18,410","18,410","18,410","18,410","18,410"
12384245,Elgato WAVE 1,0,0,"해외구매_359,000","해외구매_359,000","해외구매_359,000","해외구매_359,000","해외구매_359,000","해외구매_359,000","해외구매_359,000","해외구매_359,000","해외구매_359,000","해외구매_359,000","해외구매_359,000"
12381776,Elgato WAVE 3,"블랙_231,060|화이트_242,000|벌크_166,290|해외구매_188,280","블랙_231,060|화이트_242,000|벌크_166,260|해외구매_188,280","블랙_231,060|화이트_242,000|벌크_166,260|해외구매_190,820","블랙_231,060|화이트_242,000|벌크_166,260|해외구매_190,820","블랙_175,500|화이트_242,000|벌크_166,160|해외구매_190,620","블랙_175,500|화이트_242,000|벌크_166,140|해외구매_190,620","블랙_175,500|화이트_242,000|벌크_166,140|해외구매_190,620","블랙_175,500|화이트_242,000|벌크_166,130|해외구매_190,620","블랙_175,500|화이트_242,000|벌크_166,040|해외구매_190,620","블랙_175,500|화이트_242,000|벌크_166,020|해외구매_190,620","블랙_175,500|화이트_242,000|벌크_166,020|해외구매_190,620","블랙_175,500|화이트_242,000|벌크_165,990|해외구매_190,620","블랙_175,500|화이트_242,000|벌크_165,930|해외구매_190,620"
122651693,Elgato WAVE NEO,"병행수입_67,890|정품_128,180|해외구매_105,130","병행수입_67,890|정품_128,180|해외구매_105,130","병행수입_67,800|정품_128,180|해외구매_105,130","병행수입_67,770|정품_128,180|해외구매_105,130","병행수입_67,670|정품_128,180|해외구매_105,130","병행수입_67,660|정품_128,180|해외구매_105,130","병행수입_67,800|정품_128,180|해외구매_105,130","병행수입_67,800|정품_128,180|해외구매_105,130","병행수입_67,800|정품_128,180|해외구매_105,130","병행수입_67,800|정품_128,180|해외구매_105,130","병행수입_67,740|정품_128,180|해외구매_105,130","병행수입_67,710|정품_128,180|해외구매_105,130","병행수입_67,710|정품_128,180|해외구매_105,130"
122650246,Elgato Wave 3 MK2,"정품_260,590|","정품_260,590|","정품_260,590|","정품_260,590|","정품_262,000|","정품_262,000|","정품_262,000|","정품_262,000|","정품_262,000|","정품_262,000|","정품_262,000|","정품_262,000|","정품_262,000|"
16119659,F&D H40BT,"정품_131,990","정품_131,960","정품_131,820","정품_131,740","정품_131,640","정품_131,610","정품_131,480","정품_131,450","정품_131,360","정품_131,340","정품_131,280","정품_131,190","정품_131,130"
11352204,F&D R218,"정품_102,190","정품_102,190","정품_102,190","정품_102,190","정품_102,190","정품_102,190","정품_102,190","정품_102,190","정품_102,190","정품_102,190","정품_102,190","정품_102,190","정품_102,190"
94205555,F&D RW20,"정품_59,000","정품_59,000","정품_56,000","정품_56,000","정품_56,000","정품_59,000","정품_59,000","정품_59,000","정품_59,000","정품_59,000","정품_59,000","정품_59,000","정품_59,000"
16120004,F&D V720,"정품_21,350","정품_21,350","정품_21,350","정품_21,350","정품_21,350","정품_21,350","정품_21,350","정품_21,350","정품_21,350","정품_21,350","정품_21,350","정품_21,350","정품_21,350"
99890474,FHG DAC 7.1,"해외구매_82,170","해외구매_82,170","해외구매_82,170","해외구매_82,170","해외구매_82,170","해외구매_82,170","해외구매_82,170","해외구매_82,170","해외구매_82,170","해외구매_82,170","해외구매_82,170","해외구매_82,170","해외구매_82,170"
89863589,FIFINE Technology A20,"정품_62,730|해외구매_80,200","정품_62,730|해외구매_80,200","정품_62,730|해외구매_80,200","정품_62,730|해외구매_80,200","정품_62,730|해외구매_80,200","정품_62,730|해외구매_77,330","정품_62,730|해외구매_77,330","정품_62,730|해외구매_77,330","정품_62,730|해외구매_77,330","정품_62,730|해외구매_76,640","정품_62,730|해외구매_76,640","정품_62,730|해외구매_76,640","정품_62,730|해외구매_76,640"
14842562,FIFINE Technology K050,"정품_12,950|해외구매_35,360","정품_12,950|해외구매_35,360","정품_12,950|해외구매_35,360","정품_12,950|해외구매_35,360","정품_12,950|해외구매_35,360","정품_12,950|해외구매_35,360","정품_12,950|해외구매_35,360","정품_12,950|해외구매_35,360","정품_12,950|해외구매_37,620","정품_12,950|해외구매_37,620","정품_12,950|해외구매_37,620","정품_12,950|해외구매_37,620","정품_12,950|해외구매_37,620"
8697116,FIFINE Technology K052,"정품_51,990|해외구매_33,800","정품_51,990|해외구매_33,800","정품_51,990|해외구매_33,800","정품_51,990|해외구매_33,800","정품_51,990|해외구매_33,800","정품_51,990|해외구매_33,800","정품_51,990|해외구매_33,800","정품_51,990|해외구매_33,800","정품_51,990|해외구매_33,800","정품_51,990|해외구매_34,600","정품_51,990|해외구매_34,600","정품_51,990|해외구매_34,600","정품_51,990|해외구매_34,600"
16549799,FIFINE Technology K668,"정품_31,240","정품_31,240","정품_31,240","정품_31,240","정품_31,240","정품_31,240","정품_31,240","정품_31,240","정품_31,240","정품_33,590","정품_33,590","정품_33,590","정품_33,590"
11549231,FIFINE Technology K669B,"정품_50,000|+ 스탠드_53,940|해외구매_30,890","정품_50,000|+ 스탠드_53,940|해외구매_30,890","정품_50,000|+ 스탠드_53,940|해외구매_30,890","정품_50,000|+ 스탠드_53,940|해외구매_30,890","정품_50,000|+ 스탠드_53,940|해외구매_30,890","정품_50,000|+ 스탠드_53,940|해외구매_30,890","정품_50,000|+ 스탠드_53,940|해외구매_30,890","정품_50,000|+ 스탠드_53,940|해외구매_30,890","정품_50,000|+ 스탠드_53,940|해외구매_30,890","정품_50,000|+ 스탠드_54,520|해외구매_30,010","정품_50,000|+ 스탠드_54,520|해외구매_30,890","정품_50,000|+ 스탠드_54,520|해외구매_30,890","정품_50,000|+ 스탠드_54,520|해외구매_30,890"
13089014,FIFINE Technology K670,"정품_46,220|해외구매_73,440","정품_46,220|해외구매_73,440","정품_46,220|해외구매_73,440","정품_46,220|해외구매_73,440","정품_46,220|해외구매_73,440","정품_46,220|해외구매_73,440","정품_46,220|해외구매_73,440","정품_46,220|해외구매_73,440","정품_46,220|해외구매_73,440","정품_49,690|해외구매_73,440","정품_49,690|해외구매_73,440","정품_49,690|해외구매_73,440","정품_49,690|해외구매_73,440"
13330046,FIFINE Technology K678,"정품_100,440|해외구매_68,310","정품_100,440|해외구매_68,310","정품_100,440|해외구매_68,310","정품_100,440|해외구매_68,310","정품_100,440|해외구매_68,310","정품_100,440|해외구매_68,310","정품_100,440|해외구매_68,310","정품_100,440|해외구매_68,310","정품_100,440|해외구매_68,310","정품_107,990|해외구매_72,100","정품_107,990|해외구매_72,100","정품_107,990|해외구매_72,100","정품_107,990|해외구매_72,100"
14190236,FIFINE Technology K683A,"79,000","79,000","79,000","79,000","79,000","79,000","79,000","79,000","79,000","79,000","79,000","79,000","79,000"
13330730,FIFINE Technology K690,"정품_96,340","정품_96,340","정품_96,340","정품_96,340","정품_96,340","정품_96,340","정품_96,340","정품_96,340","정품_96,340","정품_98,010","정품_98,010","정품_98,010","정품_98,010"
13335941,FIFINE Technology K780A,"59,890","59,890","59,890","59,890","59,890","59,890","59,890","59,890","59,890","64,390","64,390","64,390","64,390"
74998817,FIFINE Technology Q6,"정품_55,370","정품_55,370","정품_55,370","정품_55,370","정품_55,370","정품_55,370","정품_55,370","정품_55,370","정품_55,370","정품_55,370","정품_55,370","정품_55,370","정품_55,370"
13335812,FIFINE Technology T670,"정품_81,840","정품_81,840","정품_81,840","정품_81,840","정품_81,840","정품_81,840","정품_81,840","정품_81,840","정품_81,840","정품_86,910","정품_85,410","정품_85,410","정품_85,410"
16302869,FIFINE Technology T683,"정품_63,790|해외구매_163,000","정품_63,790|해외구매_163,000","정품_63,790|해외구매_163,000","정품_63,790|해외구매_163,000","정품_63,790|해외구매_140,600","정품_63,790|해외구매_140,600","정품_63,790|해외구매_140,600","정품_63,790|해외구매_140,600","정품_63,790|해외구매_140,600","정품_68,590|해외구매_140,600","정품_68,590|해외구매_140,600","정품_68,590|해외구매_140,600","정품_68,590|해외구매_140,600"
85622207,FOREV FV-V198,"정품_25,520","정품_25,520","정품_25,520","정품_25,520","정품_25,520","정품_25,520","정품_25,520","정품_25,520","정품_25,520","정품_25,520","정품_25,520","정품_25,520","정품_25,520"
2860598,FREECOM TOUGH SPEAKER,0,0,0,0,"정품_37,360","정품_37,360","정품_37,360","정품_37,360","정품_37,360","정품_37,360","정품_37,360","정품_37,360","정품_37,360"
98227715,FiiO SA1,"정품_287,000|해외구매_188,100","정품_287,000|해외구매_188,100","정품_287,000|해외구매_188,100","정품_287,000|해외구매_188,100","정품_287,000|해외구매_188,100","정품_287,000|해외구매_188,100","정품_287,000|해외구매_188,100","정품_287,000|해외구매_188,100","정품_287,000|해외구매_188,100","정품_287,000|해외구매_188,100","정품_287,000|해외구매_188,100","정품_287,000|해외구매_188,100","정품_287,000|해외구매_188,100"
21503735,FiiO SP3,"해외구매_312,864","해외구매_312,864","해외구매_312,864","해외구매_312,864","해외구매_312,864","해외구매_315,900","해외구매_315,900","해외구매_315,900","해외구매_315,900","해외구매_315,900","해외구매_315,900","해외구매_315,900","해외구매_315,900"
76512308,FiiO SP3 BT,"해외구매_520,900","해외구매_520,900","해외구매_516,600","해외구매_516,600","해외구매_516,050","해외구매_516,050","해외구매_516,050","해외구매_516,050","해외구매_516,050","해외구매_516,050","해외구매_516,050","해외구매_516,050","해외구매_516,050"
31407887,GDEVIL GSB-600,"정품_17,520","정품_17,520","정품_17,520","정품_17,520","정품_17,520","정품_17,520","정품_17,520","정품_17,520","정품_17,520","정품_17,520","정품_17,520","정품_17,520","정품_17,520"
17721533,GODOX UMic10,"정품_163,480","정품_163,480","정품_162,930","정품_162,930","정품_162,930","정품_162,930","정품_162,930","정품_162,930","정품_162,930","정품_162,930","정품_162,930","정품_162,930","정품_162,930"
17721476,GODOX UMic12,"149,940","149,940","149,430","149,430","149,430","149,430","149,430","149,430","149,430","149,430","149,430","149,430","149,430"
11317515,HDC영창 커즈와일 KM1U,"57,000","57,000","57,000","57,000","57,000","57,000","57,000","57,000","57,000","57,000","57,000","57,000","57,000"
11317017,HDC영창 커즈와일 KM2U,"98,000","98,000","98,000","98,000","98,000","98,000","98,000","98,000","98,000","98,000","98,000","98,000","98,000"
13009085,HK-5007,"정품_12,690|해외구매_14,200","정품_12,690|해외구매_14,200","정품_12,690|해외구매_14,200","정품_12,690|해외구매_14,200","정품_12,690|해외구매_14,200","정품_12,690|해외구매_14,200","정품_12,690|해외구매_14,200","정품_12,690|해외구매_14,200","정품_12,690|해외구매_12,960","정품_12,690|해외구매_12,960","정품_12,690|해외구매_12,960","정품_12,680|해외구매_12,960","정품_12,680|해외구매_12,960"
46103384,HOCO HC22,"해외구매_29,500","해외구매_29,500","해외구매_29,500","해외구매_29,500","해외구매_29,500","해외구매_29,500","해외구매_29,500","해외구매_29,500","해외구매_29,500","해외구매_29,500","해외구매_29,500","해외구매_29,500","해외구매_29,500"
89863676,HONK HK-5008,"정품_20,670|해외구매_18,890","정품_20,670|해외구매_18,890","정품_20,670|해외구매_18,710","정품_20,670|해외구매_18,710","정품_20,670|해외구매_18,690","정품_20,670|해외구매_18,690","정품_20,670|해외구매_18,690","정품_20,670|해외구매_18,690","정품_20,670|해외구매_18,690","정품_21,900|해외구매_18,690","정품_20,670|해외구매_18,690","정품_20,670|해외구매_18,690","정품_20,670|해외구매_18,690"
89605598,HONK HK-5013,0,0,0,0,0,0,"정품_27,900","정품_27,900","정품_27,900","정품_27,900","정품_27,900","정품_27,900","정품_27,900"
54328892,HOPESTAR H60,"해외구매_80,100","해외구매_80,100","해외구매_80,100","해외구매_80,100","해외구매_80,100","해외구매_80,100","해외구매_80,100","해외구매_80,100","해외구매_80,100","해외구매_80,100","해외구매_80,100","해외구매_80,100","해외구매_80,100"
14000060,HP DHE-6000,"정품_9,600","정품_9,600","정품_9,600","정품_9,600","정품_10,000","정품_10,000","정품_9,600","정품_9,600","정품_9,600","정품_9,600","정품_9,500","정품_9,500","정품_9,500"
14002049,HP DHE-6001,"정품_41,140","정품_41,140","정품_41,140","정품_41,140","정품_41,140","정품_41,140","정품_41,140","정품_41,140","정품_41,140","정품_41,140","정품_41,140","정품_41,140","정품_41,140"
14006231,HP DHE-6002,"정품_44,300","정품_44,300","정품_44,300","정품_44,300",0,0,0,0,0,0,0,0,0
14980322,HP DHE-6003,"정품_52,500|해외구매_139,410","정품_52,500|해외구매_139,410",0,0,"정품_52,500|해외구매_139,410","정품_52,500|해외구매_139,410","정품_52,500|해외구매_139,410","정품_52,500|해외구매_139,410","정품_52,500|해외구매_139,410","정품_52,500|해외구매_139,410","정품_52,500|해외구매_139,410","정품_52,500|해외구매_139,410","정품_52,500|해외구매_139,410"
18150407,HP S101,"정품_29,900","정품_29,900","정품_29,900","정품_29,900","정품_29,900","정품_29,900","정품_29,900","정품_29,900","정품_29,900","정품_29,900","정품_29,900","정품_29,900","정품_29,900"
18423785,HP Z G3 컨퍼런싱 스피커 바,0,0,0,0,"정품_129,900","정품_129,900","정품_129,900","정품_129,900","정품_129,900","정품_129,900","정품_129,900","정품_129,900","정품_129,900"
96314438,Haomuren 콘덴서 붐 암 마이크 키트,"해외구매_29,200","해외구매_29,200","해외구매_29,200","해외구매_29,160","해외구매_29,160","해외구매_29,200","해외구매_29,200","해외구매_29,200","해외구매_29,200","해외구매_29,200","해외구매_29,200","해외구매_29,200","해외구매_29,200"
8146546,HyperX QuadCast,"해외구매_199,800","해외구매_199,800","해외구매_199,800","해외구매_199,800","해외구매_199,800","해외구매_199,800","해외구매_199,800","해외구매_199,800","해외구매_199,800","해외구매_199,800","해외구매_199,800","해외구매_199,800","해외구매_199,800"
12902381,HyperX QuadCast S,"정품_132,780|해외구매_149,000","정품_132,780|해외구매_149,000","정품_132,780|해외구매_149,000","정품_132,780|해외구매_149,000","정품_132,780|해외구매_149,000","정품_132,780|해외구매_149,000","정품_132,780|해외구매_149,000","정품_132,780|해외구매_149,000","정품_132,780|해외구매_149,000","정품_132,780|해외구매_149,000","정품_132,780|해외구매_149,000","정품_132,780|해외구매_149,000","정품_132,780|해외구매_149,000"
15818270,HyperX SoloCast,"해외구매_57,690","해외구매_57,690","해외구매_57,690","해외구매_57,660","해외구매_57,690","해외구매_57,690","해외구매_57,690","해외구매_57,700","해외구매_57,690","해외구매_57,690","해외구매_57,690","해외구매_57,690","해외구매_57,690"
7344424,ICON U24,"252,050","252,050","252,050","252,050","252,050","252,050","252,050","252,050","252,050","252,050","252,050","252,050","252,050"
19189394,INFRASONIC UFO GX,"26,000","26,000","26,000","26,000","26,000","26,000","26,000","26,000","26,000","26,000","26,000","26,000","26,000"
11056581,INFRASONIC UFO Mini,"정품_75,900|+ 관절 스탠드_89,900|+ 탁상용 스탠드_112,900","정품_75,900|+ 관절 스탠드_89,900|+ 탁상용 스탠드_112,900","정품_75,900|+ 관절 스탠드_89,900|+ 탁상용 스탠드_112,900","정품_75,900|+ 관절 스탠드_89,900|+ 탁상용 스탠드_112,900","정품_75,900|+ 관절 스탠드_89,900|+ 탁상용 스탠드_112,900","정품_75,900|+ 관절 스탠드_89,900|+ 탁상용 스탠드_112,900","정품_75,900|+ 관절 스탠드_89,900|+ 탁상용 스탠드_112,900","정품_75,900|+ 관절 스탠드_89,900|+ 탁상용 스탠드_112,900","정품_75,900|+ 관절 스탠드_89,900|+ 탁상용 스탠드_112,900","정품_75,900|+ 관절 스탠드_89,900|+ 탁상용 스탠드_112,900","정품_75,900|+ 관절 스탠드_89,900|+ 탁상용 스탠드_112,900","정품_75,900|+ 관절 스탠드_89,900|+ 탁상용 스탠드_112,900","정품_75,900|+ 관절 스탠드_89,900|+ 탁상용 스탠드_112,900"
4351481,INFRASONIC UFO Pro,"정품_272,650","정품_272,650","정품_272,650","정품_272,650","정품_272,650","정품_272,650","정품_272,650","정품_272,650","정품_272,650","정품_272,650","정품_272,650","정품_272,650","정품_272,650"
20718734,INFRASONIC UFO Ring Light Kit,"정품_69,900","정품_69,900","정품_69,900","정품_69,900",0,0,0,0,0,0,0,0,0
5465993,INFRASONIC UFO 블랙 에디션,"정품_170,450","정품_170,450","정품_170,450","정품_170,420","정품_170,450","정품_170,450","정품_170,450","정품_170,450","정품_170,450","정품_170,450","정품_170,450","정품_170,450","정품_170,450"
6857683,INFRASONIC UFO# 블랙 에디션,"정품_165,700","정품_165,700","정품_165,700","정품_165,700","정품_165,700","정품_165,700","정품_165,700","정품_165,700","정품_165,700","정품_165,700","정품_165,700","정품_165,700","정품_165,700"
4318365,INNO Flask 2.0,"정품_145,000","정품_145,000",0,0,"정품_145,000","정품_145,000","정품_145,000","정품_145,000","정품_145,000","정품_145,000","정품_145,000","정품_145,000","정품_145,000"
28131368,JAVIS BLING BOLIF,"11,840","11,840","11,840","11,840","11,840","11,840","11,840","11,840","11,840","11,840","11,840","11,830","11,830"
29871338,JBL Authentics 200,"정품_273,990|해외구매_342,230","정품_273,990|해외구매_342,230","정품_273,990|해외구매_338,950","정품_286,500|해외구매_338,950","정품_286,490|해외구매_338,590","정품_286,490|해외구매_338,590","정품_273,990|해외구매_338,590","정품_286,490|해외구매_338,590","정품_273,990|해외구매_338,590","정품_273,990|해외구매_338,590","정품_294,710|해외구매_338,590","정품_294,710|해외구매_338,590","정품_294,710|해외구매_338,590"
28862963,JBL Authentics 300,"정품_399,200|해외구매_535,990","정품_399,200|해외구매_548,210","정품_399,200|해외구매_542,970","정품_409,110|해외구매_542,970","정품_409,110|해외구매_542,390","정품_409,110|해외구매_542,390","정품_409,110|해외구매_542,390","정품_409,110|해외구매_542,390","정품_409,110|해외구매_542,390","정품_409,110|해외구매_542,390","정품_409,110|해외구매_542,390","정품_409,110|해외구매_542,390","정품_397,150|해외구매_542,390"
29665910,JBL Authentics 500,"정품_553,990|+ 스탠드_658,000|+ SPINNER BT_1,009,000|해외구매_749,890","정품_556,950|+ 스탠드_658,000|+ SPINNER BT_1,009,000|해외구매_749,890","정품_556,950|+ 스탠드_658,000|+ SPINNER BT_1,009,000|해외구매_749,890","정품_556,950|+ 스탠드_658,000|+ SPINNER BT_1,009,000|해외구매_749,890","정품_556,950|+ 스탠드_658,000|+ SPINNER BT_1,009,000|해외구매_749,890","정품_527,120|+ 스탠드_658,000|+ SPINNER BT_1,009,000|해외구매_749,890","정품_540,000|+ 스탠드_658,000|+ SPINNER BT_1,009,000|해외구매_749,890","정품_556,950|+ 스탠드_658,000|+ SPINNER BT_1,009,000|해외구매_749,890","정품_556,950|+ 스탠드_658,000|+ SPINNER BT_1,009,000|해외구매_749,890","정품_556,950|+ 스탠드_658,000|+ SPINNER BT_1,009,000|해외구매_749,890","정품_556,950|+ 스탠드_658,000|+ SPINNER BT_1,009,000|해외구매_749,890","정품_556,950|+ 스탠드_658,000|+ SPINNER BT_1,009,000|해외구매_749,900","정품_556,950|+ 스탠드_658,000|+ SPINNER BT_1,009,000|해외구매_749,900"
8662382,JBL CHARGE 4,"해외구매_207,450","해외구매_207,450","해외구매_207,450","해외구매_207,450","해외구매_207,450","해외구매_207,450","해외구매_207,450","해외구매_207,450","해외구매_207,460","해외구매_207,460","해외구매_207,460","해외구매_207,450","해외구매_207,450"
15252161,JBL CHARGE 5,"정품_125,760|해외구매_138,710","정품_113,980|해외구매_138,710","정품_113,980|해외구매_138,710","정품_113,980|해외구매_138,710","정품_113,980|해외구매_138,710","정품_113,980|해외구매_138,710","정품_113,980|해외구매_138,710","정품_113,980|해외구매_138,710","정품_113,980|해외구매_138,710","정품_113,980|해외구매_138,710","정품_113,980|해외구매_138,710","정품_113,980|해외구매_138,710","정품_113,980|해외구매_138,710"
91189040,JBL CHARGE 6,"정품_185,703|해외구매_199,190","정품_185,703|해외구매_199,190","정품_185,703|해외구매_184,730","정품_175,703|해외구매_198,760","정품_181,693|해외구매_199,190","정품_181,693|해외구매_199,190","정품_181,693|해외구매_199,190","정품_181,693|해외구매_199,190","정품_181,693|해외구매_199,190","정품_177,670|해외구매_199,190","정품_181,693|해외구매_199,200","정품_177,670|해외구매_199,190","정품_177,670|해외구매_199,190"
19713350,JBL CHARGE ESSENTIAL 2,"해외구매_117,200","해외구매_117,200","해외구매_117,200","해외구매_117,200","해외구매_117,200","해외구매_117,200","해외구매_117,200","해외구매_117,200","해외구매_117,200","해외구매_117,200","해외구매_117,200","해외구매_117,200","해외구매_117,200"
13559384,JBL CLIP 4,"정품_59,900|해외구매_52,800","정품_59,900|해외구매_52,800","정품_59,900|해외구매_52,800","정품_59,900|해외구매_52,800","정품_59,900|해외구매_52,800","정품_59,900|해외구매_52,800","정품_59,900|해외구매_52,800","정품_59,900|해외구매_52,800","정품_59,900|해외구매_52,800","정품_59,900|해외구매_52,800","정품_59,900|해외구매_52,800","정품_59,900|해외구매_52,800","정품_59,900|해외구매_52,800"
20757419,JBL CLIP 4 ECO,"정품_59,900|해외구매_94,720","정품_59,900|해외구매_94,720","정품_59,900|해외구매_94,720","정품_59,900|해외구매_94,720","정품_59,900|해외구매_94,720","정품_59,900|해외구매_94,720","정품_59,900|해외구매_94,720","정품_59,900|해외구매_94,720","정품_59,900|해외구매_94,720","정품_59,900|해외구매_94,720","정품_59,900|해외구매_94,720","정품_59,900|해외구매_94,720","정품_59,900|해외구매_94,720"
70770602,JBL CLIP 5,"정품_64,900|해외구매_60,300","정품_64,900|해외구매_60,300","정품_64,900|해외구매_60,300","정품_60,669|해외구매_60,300","정품_62,692|해외구매_60,300","정품_62,692|해외구매_60,300","정품_62,692|해외구매_60,300","정품_62,692|해외구매_60,300","정품_62,692|해외구매_60,300","정품_62,692|해외구매_60,300","정품_62,692|해외구매_60,300","정품_62,692|해외구매_60,300","정품_62,692|해외구매_60,300"
9775464,JBL FLIP 5,"해외구매_139,210","해외구매_139,210","해외구매_139,210","해외구매_139,210","해외구매_139,730","해외구매_139,730","해외구매_139,730","해외구매_139,730","해외구매_139,730","해외구매_139,730","해외구매_138,900","해외구매_138,900","해외구매_138,900"
16764821,JBL FLIP 6,"정품_136,540|해외구매_115,520","정품_136,540|해외구매_115,520","정품_136,540|해외구매_115,520","정품_136,540|해외구매_115,520","정품_136,530|해외구매_115,520","정품_136,530|해외구매_115,520","정품_136,530|해외구매_115,520","정품_136,530|해외구매_115,520","정품_119,000|해외구매_115,520","정품_119,000|해외구매_115,520","정품_119,000|해외구매_115,520","정품_119,000|해외구매_115,520","정품_136,540|해외구매_115,520"
91189589,JBL FLIP 7,"정품_120,000|해외구매_151,110","정품_118,910|해외구매_151,110","정품_120,000|해외구매_149,670","정품_120,000|해외구매_149,670","정품_120,000|해외구매_149,500","정품_120,000|해외구매_149,500","정품_120,000|해외구매_149,500","정품_120,000|해외구매_149,500","정품_118,910|해외구매_149,500","정품_115,910|해외구매_149,500","정품_118,910|해외구매_149,500","정품_118,910|해외구매_149,500","정품_118,910|해외구매_149,500"
18988895,JBL FLIP ESSENTIAL 2 JBLFLIPES2,"해외구매_226,000","해외구매_226,000","해외구매_226,000","해외구매_226,000","해외구매_226,000","해외구매_226,000","해외구매_226,000","해외구매_226,000","해외구매_226,000","해외구매_226,000","해외구매_226,000","해외구매_226,000","해외구매_226,000"
6255722,JBL GO 2,"해외구매_24,090","해외구매_24,090","해외구매_24,090","해외구매_24,090","해외구매_24,090","해외구매_24,090","해외구매_24,090","해외구매_24,090","해외구매_24,090","해외구매_24,090","해외구매_24,090","해외구매_24,090","해외구매_24,090"
12721577,JBL GO 3,"정품_57,800|해외구매_35,010","정품_57,800|해외구매_35,010","정품_57,800|해외구매_35,010","정품_57,800|해외구매_35,010","정품_57,800|해외구매_35,010","정품_57,800|해외구매_35,010","정품_57,800|해외구매_35,010","정품_57,800|해외구매_35,010","정품_57,800|해외구매_35,010","정품_57,800|해외구매_35,010","정품_57,800|해외구매_35,010","정품_57,800|해외구매_35,010","정품_57,800|해외구매_35,010"
20757629,JBL GO 3 ECO,"해외구매_73,890","해외구매_73,890","해외구매_73,890","해외구매_73,890","해외구매_73,890","해외구매_73,890","해외구매_73,890","해외구매_73,890","해외구매_73,890","해외구매_73,890","해외구매_75,460","해외구매_75,460","해외구매_75,460"
59927300,JBL GO 4,"정품_47,830|해외구매_33,120","정품_47,830|해외구매_33,120","정품_47,830|해외구매_34,100","정품_45,952|해외구매_34,100","정품_45,952|해외구매_34,100","정품_46,260|해외구매_32,120","정품_46,260|해외구매_32,120","정품_46,260|해외구매_32,120","정품_46,260|해외구매_32,120","정품_46,260|해외구매_33,110","정품_46,260|해외구매_33,110","정품_46,260|해외구매_33,100","정품_46,260|해외구매_33,100"
122629658,JBL GO 4 DUO,"정품_69,780","정품_69,780","정품_69,780","정품_69,034","정품_69,034","정품_69,034","정품_69,034","정품_69,034","정품_68,480","정품_68,480","정품_69,034","정품_69,034","정품_69,034"
122727892,JBL GO 5,"정품_52,360|","정품_52,360|","정품_52,360|","정품_51,930|","정품_51,930|","정품_51,930|","정품_51,930|","정품_51,930|","정품_51,930|","정품_51,930|","정품_51,930|","정품_51,930|","정품_51,930|"
101069972,JBL GRIP,"정품_90,200|해외구매_113,490","정품_90,200|해외구매_113,490","정품_88,400|해외구매_113,490","정품_84,759|해외구매_113,490","정품_88,400|해외구매_113,490","정품_88,400|해외구매_113,490","정품_88,400|해외구매_113,490","정품_88,400|해외구매_113,490","정품_79,000|해외구매_113,490","정품_79,000|해외구매_113,490","정품_90,200|해외구매_113,500","정품_90,200|해외구매_113,490","정품_88,400|해외구매_113,490"
94518662,JBL HORIZON 3,"정품_145,120|","정품_145,120|","정품_145,120|","정품_149,800|","정품_149,800|","정품_149,800|","정품_149,800|","정품_149,800|","정품_149,800|","정품_149,800|","정품_149,800|","정품_149,800|","정품_149,800|"
32774366,JBL L42ms,"정품_2,133,600","정품_2,133,600","정품_2,133,600","정품_2,133,600","정품_2,133,600","정품_2,133,600","정품_2,133,600","정품_2,133,600","정품_2,133,600","정품_2,133,600","정품_2,133,600","정품_2,133,600","정품_2,133,600"
17274608,JBL L75ms,"정품_1,405,090|+ 스탠드_1,859,000","정품_1,405,090|+ 스탠드_1,859,000","정품_1,405,090|+ 스탠드_1,859,000","정품_1,395,090|+ 스탠드_1,859,000","정품_1,395,090|+ 스탠드_1,859,000","정품_1,395,090|+ 스탠드_1,859,000","정품_1,395,090|+ 스탠드_1,859,000","정품_1,395,090|+ 스탠드_1,859,000","정품_1,395,090|+ 스탠드_1,859,000","정품_1,395,090|+ 스탠드_1,859,000","정품_1,395,090|+ 스탠드_1,859,000","정품_1,395,090|+ 스탠드_1,859,000","정품_1,395,090|+ 스탠드_1,859,000"
53741849,JBL PS3500,"해외구매_75,780","해외구매_75,780","해외구매_75,780","해외구매_75,780","해외구매_75,780","해외구매_75,780","해외구매_75,780","해외구매_75,780","해외구매_75,780","해외구매_75,780","해외구매_75,780","해외구매_75,780","해외구매_75,780"
5433235,JBL PULSE 3,"해외구매_309,164","해외구매_309,164","해외구매_309,164","해외구매_309,164","해외구매_309,164","해외구매_309,164","해외구매_312,159","해외구매_312,159","해외구매_311,493","해외구매_311,493","해외구매_311,493","해외구매_309,829","해외구매_309,829"
10457961,JBL PULSE 4,"해외구매_231,420","해외구매_231,420","해외구매_234,200","해외구매_234,200","해외구매_234,180","해외구매_234,180","해외구매_234,180","해외구매_234,180","해외구매_234,180","해외구매_234,180","해외구매_234,180","해외구매_234,180","해외구매_234,180"
27816683,JBL PULSE 5,"해외구매_425,600","해외구매_425,600","해외구매_425,600","해외구매_425,600","해외구매_425,600","해외구매_425,600","해외구매_425,600","해외구매_425,600","해외구매_425,600","해외구매_425,600","해외구매_425,600","해외구매_425,600","해외구매_425,600"
32777609,JBL QUANTUM STREAM,"해외구매_88,190","해외구매_88,190",0,0,0,0,0,0,0,0,0,0,"해외구매_88,190"
77378747,JBL QUANTUM STREAM TALK,"정품_53,590|해외구매_83,700","정품_53,590|해외구매_83,700","정품_53,590|해외구매_83,700","정품_49,300|해외구매_83,700","정품_51,950|해외구매_83,700","정품_51,950|해외구매_83,700","정품_51,950|해외구매_83,700","정품_51,950|해외구매_83,700","정품_51,950|해외구매_83,700","정품_51,950|해외구매_83,700","정품_51,950|해외구매_83,700","정품_51,950|해외구매_83,700","정품_51,950|해외구매_83,700"
12698519,JBL Quantum DUO,"해외구매_395,100","해외구매_395,100","해외구매_395,100","해외구매_395,100","해외구매_371,170","해외구매_364,170","해외구매_381,100","해외구매_374,100","해외구매_374,100","해외구매_416,100",0,0,0
103517243,JBL TUNER 3,"정품_132,090","정품_132,090","정품_132,090","정품_122,135","정품_126,397","정품_126,397","정품_126,397","정품_126,397","정품_126,397","정품_126,397","정품_126,397","정품_126,397","정품_126,397"
13647731,JBL TUNER XL,"정품_189,630","정품_189,630","정품_189,560","정품_189,530","정품_199,190","정품_199,190","정품_199,190","정품_199,190","정품_199,190","정품_199,190","정품_199,190","정품_199,190","정품_199,190"
18994994,JBL WIND 3S,"정품_223,200|해외구매_122,580","정품_223,200|해외구매_127,800","정품_223,200|해외구매_127,800","정품_223,200|해외구매_127,800","정품_223,200|해외구매_122,580","정품_223,200|해외구매_127,800","정품_223,200|해외구매_127,800","정품_223,200|해외구매_127,790","정품_223,200|해외구매_122,580","정품_223,200|해외구매_127,800","정품_223,200|해외구매_127,800","정품_223,200|해외구매_125,180","정품_223,200|해외구매_122,580"
63469253,JBL XTREME 4,"정품_347,600|해외구매_304,650","정품_347,600|해외구매_304,650","정품_347,600|해외구매_304,650","정품_343,280|해외구매_307,790","정품_336,500|해외구매_307,790","정품_343,280|해외구매_307,790","정품_336,500|해외구매_308,130","정품_347,600|해외구매_310,450","정품_343,280|해외구매_305,320","정품_343,280|해외구매_305,320","정품_343,280|해외구매_303,540","정품_343,280|해외구매_303,540","정품_343,280|해외구매_303,540"
14215586,JK네트웍스 SC20095-2 사운드카드,"정품_9,490","정품_9,490","정품_9,490","정품_9,490","정품_9,490","정품_9,490","정품_9,490","정품_9,490","정품_9,490","정품_9,490","정품_9,490","정품_9,490","정품_9,490"
6512110,JTORY JT2,"25,000","25,000","25,000","25,000","25,000","25,000","25,000","25,000","25,000","25,000","25,000","25,000","25,000"
100329056,JTS JS-1P,"정품_650,000","정품_650,000","정품_650,000","정품_649,990","정품_649,990","정품_649,990","정품_649,990","정품_649,990","정품_649,990","정품_649,990","정품_649,990","정품_649,990","정품_649,990"
100329182,JTS JS-1P PLUS,"정품_840,000","정품_840,000","정품_840,000","정품_840,000","정품_840,000","정품_840,000","정품_840,000","정품_840,000","정품_840,000","정품_840,000","정품_840,000","정품_840,000","정품_840,000"
100386920,Jeecoo A40,"해외구매_48,600","해외구매_48,600","해외구매_48,600","해외구매_48,600","해외구매_48,600","해외구매_48,600","해외구매_48,600","해외구매_48,600","해외구매_48,600","해외구매_48,600","해외구매_48,600","해외구매_48,600","해외구매_48,600"
100386482,Jeecoo M20,"해외구매_22,630","해외구매_22,630","해외구매_22,410","해외구매_22,410","해외구매_22,410","해외구매_22,410","해외구매_22,410","해외구매_22,410","해외구매_22,410","해외구매_22,410","해외구매_22,410","해외구매_22,410","해외구매_22,410"
99638690,KEF MUO,"정품_365,980","정품_365,980","정품_365,980","정품_365,980","정품_365,980","정품_365,980","정품_365,970","정품_365,970","정품_365,970","정품_366,600","정품_366,600","정품_364,330","정품_360,000"
15081728,KH바텍 BTS 타이니탄 미니 블루투스 스피커,"RM_49,000|진_49,000|슈가_49,000|제이홉_49,000|지민_31,860||","RM_49,000|진_49,000|슈가_49,000|제이홉_49,000|지민_31,860||","RM_49,000|진_49,000|슈가_49,000|제이홉_49,000|지민_31,860||","RM_49,000|진_49,000|슈가_49,000|제이홉_49,000|지민_31,860||","RM_49,000|진_49,000|슈가_49,000|제이홉_49,000|지민_31,860||","RM_49,000|진_49,000|슈가_49,000|제이홉_49,000|지민_31,860||","RM_49,000|진_49,000|슈가_49,000|제이홉_49,000|지민_31,860||","RM_49,000|진_49,000|슈가_49,000|제이홉_49,000|지민_31,860||","RM_49,000|진_49,000|슈가_49,000|제이홉_49,000|지민_31,860||","RM_49,000|진_49,000|슈가_49,000|제이홉_49,000|지민_31,860||","RM_49,000|진_49,000|슈가_49,000|제이홉_49,000|지민_31,860||","RM_49,000|진_49,000|슈가_49,000|제이홉_49,000|지민_31,860||","RM_49,000|진_49,000|슈가_49,000|제이홉_49,000|지민_31,860||"
19525349,KKACHI G1,"19,900","19,900","19,900","19,900","19,900","19,900","19,900","19,900","19,900","19,900","19,900","19,900","19,900"
20776271,KT CS 데이니즈 LED 블루투스 스피커,"59,000","59,000","59,000","59,000","59,000","59,000","59,000","59,000","59,000","59,000","59,000","59,000","59,000"
21687503,LEXON MINO+ LA125,"정품_40,000","정품_40,000","정품_40,000","정품_40,000","정품_40,000","정품_40,000","정품_40,000","정품_40,000","정품_40,000","정품_40,000","정품_40,000","정품_40,000","정품_40,000"
7027351,LEXON TERRACE,"132,000","132,000","132,000","132,000","132,000","132,000","132,000","132,000","132,000","132,000","132,000","132,000","132,000"
15659276,LEXON TYKHO 3 LA119,"해외구매_74,380","해외구매_74,380","해외구매_74,380","해외구매_66,960","해외구매_66,960","해외구매_66,960","해외구매_66,960","해외구매_66,960","해외구매_66,960","해외구매_66,960","해외구매_66,960","해외구매_66,960","해외구매_66,960"
31343348,LEXON X 키스 해링 TYKHO 3 LA119,"92,000","92,000","92,000","92,000","92,000","92,000","92,000","92,000","92,000","92,000","92,000","92,000","92,000"
4237557,LG전자 PH1 무드,"정품_130,000","정품_130,000","정품_130,000","정품_130,000","정품_130,000","정품_130,000","정품_130,000","정품_130,000","정품_130,000","정품_130,000","정품_130,000","정품_130,000","정품_130,000"
29878877,LG전자 스탠바이미 스피커 XT7S,"207,760","207,760","207,760","207,760","206,890","206,890","206,890","206,890","206,890","206,890","206,890","206,890","206,890"
15247499,LG전자 엑스붐 360 RP4,"497,990","497,990","497,990","497,990","497,990","498,000","498,000","498,000","498,000","498,000","497,990","497,990","497,990"
48646313,LG전자 엑스붐 360 XO2T,"정품_255,290|해외구매_172,960","정품_255,290|해외구매_172,960","정품_255,290|해외구매_172,960","정품_255,290|해외구매_172,960","정품_255,290|해외구매_172,960","정품_255,290|해외구매_172,960","정품_255,290|해외구매_172,960","정품_255,290|해외구매_172,960","정품_255,290|해외구매_172,960","정품_255,290|해외구매_172,960","정품_255,290|해외구매_172,960","정품_255,290|해외구매_172,960","정품_255,290|해외구매_172,960"
17815205,LG전자 엑스붐 360 XO3Q,"403,450","403,450","403,360","403,330","403,330","403,330","403,230","403,210","403,210","403,200","403,110","403,090","403,090"
11751497,LG전자 엑스붐 고 PL2,"정품_248,300","정품_248,300","정품_248,300","정품_248,300","정품_248,300","정품_248,300","정품_248,300","정품_248,300","정품_248,300","정품_248,300","정품_248,300","정품_248,300","정품_248,300"
11750723,LG전자 엑스붐 고 PL7,"해외구매_275,990","해외구매_275,990","해외구매_275,990","해외구매_275,990","해외구매_275,990","해외구매_275,990","해외구매_275,990","해외구매_275,990","해외구매_275,990","해외구매_275,990","해외구매_275,990","해외구매_275,990","해외구매_275,990"
62173646,LG전자 엑스붐 고 XG2,"정품_61,430|해외구매_42,130","정품_61,430|해외구매_45,970","정품_61,430|해외구매_45,970","정품_61,430|해외구매_45,970","정품_61,430|해외구매_42,130","정품_61,430|해외구매_45,970","정품_61,430|해외구매_45,970","정품_61,440|해외구매_45,960","정품_61,440|해외구매_42,130","정품_61,440|해외구매_45,970","정품_62,390|해외구매_45,970","정품_62,390|해외구매_45,000","정품_62,390|해외구매_42,130"
18848132,LG전자 엑스붐 고 XG5Q,"248,790","248,790","248,790","248,790","248,790","248,790","248,790","248,790","248,790","248,790","248,790","248,790","248,790"
17868266,LG전자 엑스붐 고 XG7Q,"252,190","252,190","252,190","252,190","252,190","252,190","252,190","252,190","252,190","252,190","252,190","252,190","252,190"
80547269,LG전자 엑스붐 그랩,"정품_110,000|중고_150,000","정품_110,000|중고_150,000","정품_110,000|중고_150,000","정품_110,000|중고_149,990","정품_110,000|중고_150,000","정품_110,000|중고_150,000","정품_110,000|중고_150,000","정품_110,000|중고_150,000","정품_110,000|중고_150,000","정품_110,000|중고_150,000","정품_110,000|중고_150,000","정품_110,000|중고_150,000","정품_110,000|중고_150,000"
122658442,LG전자 엑스붐 락,"정품_82,850","정품_82,850","정품_82,850","정품_82,850","정품_82,850","정품_82,850","정품_82,850","정품_82,850","정품_82,850","정품_82,850","정품_82,850","정품_82,850","정품_82,850"
122658510,LG전자 엑스붐 미니,"정품_61,080","정품_61,080","정품_61,080","정품_61,080","정품_61,080","정품_61,080","정품_61,080","정품_61,080","정품_61,080","정품_61,080","정품_61,080","정품_61,080","정품_61,080"
80548100,LG전자 엑스붐 바운스,"정품_217,390","정품_217,390","정품_217,390","정품_217,390","정품_217,400","정품_220,800","정품_217,390","정품_217,390","정품_217,390","정품_220,800","정품_217,390","정품_217,390","정품_217,400"
16473329,LG전자 울트라기어 GP3,"정품_398,990","정품_398,990","정품_398,990","정품_398,990","정품_398,990","정품_398,990","정품_398,990","정품_398,990","정품_398,990","정품_398,990","정품_398,990","정품_398,990","정품_398,990"
15664028,LG전자 울트라기어 GP9,"정품_325,000","정품_325,000","정품_325,000","정품_325,000","정품_325,000","정품_325,000","정품_325,000","정품_325,000","정품_325,000","정품_325,000","정품_325,000","정품_325,000","정품_325,000"
9918060,MACH-888,"28,810","28,810","28,810","28,810","28,810","28,810","28,810","28,810","28,810","28,810","28,810","28,810","28,810"
16614107,MATA STUDIO C10,"정품_39,900","정품_39,900","정품_39,900|중고_36,300","정품_39,900|중고_31,920","정품_39,900|중고_31,920","정품_39,900|중고_34,710","정품_39,900|중고_34,710","정품_39,900|중고_36,300","정품_39,900|중고_36,300","정품_39,900","정품_39,900|중고_36,300","정품_39,900|중고_34,710","정품_39,900|중고_34,710"
18148241,MAXTILL GM-BT100S,"정품_22,470","정품_22,470","정품_22,470","정품_22,470","정품_22,470","정품_22,470","정품_22,470","정품_22,470","정품_22,470","정품_22,470","정품_22,470","정품_22,470","정품_22,470"
18212438,MAXTILL GM-BT200S,"정품_19,900","정품_19,900","정품_19,900","정품_15,920","정품_15,920","정품_15,920","정품_15,920","정품_15,920","정품_15,920","정품_15,920","정품_15,920","정품_15,920","정품_15,920"
18302249,MAXTILL GM-BT300S,"정품_22,410","정품_22,410","정품_22,410","정품_22,410","정품_22,410","정품_22,410","정품_22,410","정품_22,410","정품_22,410","정품_22,410","정품_22,410","정품_22,410","정품_22,410"
40021274,MAXTILL GM-MPS10,"4,850","4,850","4,850","4,850","4,850","4,850","4,850","4,850","4,850","4,900","4,900","4,900","4,900"
45996785,MAXTILL SB-007,"정품_12,480","정품_12,480","정품_12,480","정품_11,150","정품_11,150","정품_11,150","정품_11,150","정품_11,150","정품_11,150","정품_11,150","정품_11,150","정품_11,150","정품_11,150"
4036417,MAXTILL SB-100,"정품_15,000|화이트_48,180","정품_15,000|화이트_48,180","정품_15,000|화이트_48,180","정품_15,000|화이트_48,180","정품_15,000|화이트_48,180","정품_15,000|화이트_48,180","정품_15,000|화이트_48,180","정품_15,000|화이트_48,180","정품_15,000|화이트_48,180","정품_15,000|화이트_48,180","정품_15,000|화이트_48,180","정품_15,000|화이트_48,180","정품_15,000|화이트_48,180"
4974330,MAXTILL SB-200,"블랙_18,950|블랙, AC전원_17,180|화이트_18,690","블랙_18,950|블랙, AC전원_17,180|화이트_18,690","블랙_18,950|블랙, AC전원_17,180|화이트_18,690","블랙_18,950|블랙, AC전원_17,180|화이트_18,690","블랙_18,950|블랙, AC전원_17,180|화이트_18,690","블랙_18,950|블랙, AC전원_17,190|화이트_18,690","블랙_18,950|블랙, AC전원_17,190|화이트_18,690","블랙_18,950|블랙, AC전원_17,190|화이트_18,690","블랙_18,950|블랙, AC전원_17,190|화이트_18,690","블랙_18,950|블랙, AC전원_17,190|화이트_18,690","블랙_18,950|블랙, AC전원_17,190|화이트_18,690","블랙_18,950|블랙, AC전원_17,190|화이트_18,690","블랙_18,950|블랙, AC전원_17,190|화이트_18,690"
18674543,MAXTILL SB-200 PLUS RGB,"정품_26,900","정품_26,900","정품_26,900","정품_21,900","정품_21,900","정품_21,900","정품_21,900","정품_21,900","정품_21,900","정품_21,900","정품_21,900","정품_21,900","정품_21,900"
99741116,MAXTILL SB-200 PRO AC,"정품_28,020","정품_28,020","정품_28,020","정품_21,900","정품_21,900","정품_21,900","정품_21,900","정품_19,800","정품_19,800","정품_19,800","정품_19,800","정품_19,800","정품_19,800"
52065533,MAXTILL SB-500,"정품_18,880","정품_18,880","정품_18,880","정품_18,880","정품_18,880","정품_18,880","정품_18,880","정품_18,880","정품_18,880","정품_18,880","정품_18,880","정품_18,880","정품_18,880"
13923455,MAXTILL TIARA-500,"93,060","93,060","93,060","93,060","93,060","93,060","93,060","81,320","81,320","81,320","81,320","81,320","81,320"
28130771,MIFA A10+,"해외구매_34,870","해외구매_34,870","해외구매_34,870","해외구매_34,870","해외구매_34,870","해외구매_34,870","해외구매_34,870","해외구매_34,870","해외구매_34,870","해외구매_34,870","해외구매_34,870","해외구매_34,870","해외구매_34,870"
16167830,MIFA A90,"해외구매_86,000","해외구매_86,000","해외구매_86,000","해외구매_84,510","해외구매_84,510","해외구매_84,510","해외구매_84,510","해외구매_84,510","해외구매_84,510","해외구매_84,510","해외구매_84,510","해외구매_84,510","해외구매_84,510"
32108303,MIFA 와일드 박스,"해외구매_175,610","해외구매_175,610","해외구매_175,610","해외구매_175,610","해외구매_175,610","해외구매_175,610","해외구매_175,610","해외구매_175,610","해외구매_175,610","해외구매_175,610","해외구매_175,610","해외구매_175,610","해외구매_175,610"
57508103,MIFA 쿠디 와일드 캠핑,"204,470","201,470","201,470","201,470","203,850","203,850","203,850","203,850","200,850","200,850","200,850","200,850","203,850"
57507896,MIFA 쿠디 탱고,"159,000","159,000","159,000","159,000","129,000","129,000","129,000","129,000","129,000","129,000","129,000","129,000","129,000"
54816899,MLOVE P1,"해외구매_34,000","해외구매_34,000","해외구매_34,000","해외구매_34,000","해외구매_34,000","해외구매_34,000","해외구매_34,000","해외구매_34,000","해외구매_34,000","해외구매_34,000","해외구매_34,000","해외구매_34,000","해외구매_34,000"
61845248,MONKA SG-500,"정품_42,670","정품_42,670","정품_42,670","정품_41,310","정품_41,310","정품_41,310","정품_41,300","정품_41,300","정품_41,300","정품_41,300","정품_41,300","정품_41,300","정품_41,300"
7467715,MPIO B3800,"74,260","74,260","74,260","74,340","74,340","74,260","74,260","74,260","74,260","74,260","74,260","74,260","74,260"
3075725,MPLUV MB-V2,"정품_53,680","정품_53,740","정품_53,690","정품_53,690","정품_53,680","정품_53,680","정품_53,680","정품_54,270","정품_54,270","정품_54,270","정품_54,230","정품_54,210","정품_54,210"
3072783,MPLUV MB-V3,"정품_65,690","정품_65,690","정품_65,690","정품_65,690","정품_67,230","정품_67,230","정품_67,670","정품_67,670","정품_67,670","정품_67,670","정품_67,670","정품_67,670","정품_67,670"
20631407,MUZEN OTR 메탈 블루투스 스피커 MW-2AI,"정품_137,180|해외구매_84,990","정품_137,180|해외구매_84,990","정품_137,180|해외구매_84,990","정품_137,180|해외구매_84,990","정품_137,180|해외구매_84,990","정품_137,180|해외구매_84,990","정품_137,180|해외구매_84,990","정품_137,180|해외구매_84,990","정품_137,180|해외구매_84,990","정품_137,180|해외구매_84,990","정품_137,180|해외구매_84,990","정품_137,180|해외구매_84,990","정품_137,180|해외구매_84,990"
20632001,MUZEN X 라인프렌즈 OTR 메탈 블루투스 스피커 MW-2AI,"본품, 정품_145,560|본품+무드등, 정품_149,400","본품, 정품_145,560|본품+무드등, 정품_149,400","본품, 정품_145,560|본품+무드등, 정품_149,400","본품, 정품_145,560|본품+무드등, 정품_149,400","본품, 정품_145,560|본품+무드등, 정품_149,400","본품, 정품_145,560|본품+무드등, 정품_149,400","본품, 정품_145,560|본품+무드등, 정품_149,400","본품, 정품_145,560|본품+무드등, 정품_149,400","본품, 정품_145,560|본품+무드등, 정품_149,400","본품, 정품_145,560|본품+무드등, 정품_149,400","본품, 정품_145,560|본품+무드등, 정품_149,400","본품, 정품_145,560|본품+무드등, 정품_149,400","본품, 정품_145,560|본품+무드등, 정품_149,400"
19530683,MUZEN 사이버 큐브 스탠다드,"정품_89,000|해외구매_182,170","정품_89,000|해외구매_182,170","정품_89,000|해외구매_182,170","정품_89,000|해외구매_182,170","정품_89,000|해외구매_182,170","정품_89,000|해외구매_182,170","정품_89,000|해외구매_182,170","정품_89,000|해외구매_182,170","정품_89,000|해외구매_182,170","정품_89,000|해외구매_182,170","정품_89,000|해외구매_182,170","정품_89,000|해외구매_182,170","정품_89,000|해외구매_182,170"
19530851,MUZEN 사이버 큐브 프리미엄,"정품_107,100|해외구매_162,700","정품_107,100|해외구매_162,700","정품_107,100|해외구매_165,220","정품_107,100|해외구매_165,220","정품_107,100|해외구매_165,240","정품_107,100|해외구매_165,240","정품_107,100|해외구매_164,320","정품_107,100|해외구매_164,320","정품_107,100|해외구매_163,510","정품_119,000|해외구매_163,510","정품_119,000|해외구매_162,860","정품_119,000|해외구매_162,860","정품_119,000|해외구매_161,980"
27865727,MUZEN 스티커 스피커 MW-Q1I,"정품_33,750|해외구매_16,520","정품_33,750|해외구매_16,520","정품_33,750|해외구매_16,520","정품_33,750|해외구매_16,520","정품_33,750|해외구매_16,520","정품_33,750|해외구매_16,520","정품_32,910|해외구매_16,520","정품_32,910|해외구매_16,520","정품_32,910|해외구매_16,520","정품_32,910|해외구매_16,520","정품_32,910|해외구매_16,520","정품_32,910|해외구매_16,520","정품_32,910|해외구매_16,520"
20615636,MUZEN 와일드 고,"정품_67,490|해외구매_112,970","정품_67,490|해외구매_115,510","정품_67,490|해외구매_115,510","정품_67,490|해외구매_115,510","정품_67,490|해외구매_115,510","정품_67,490|해외구매_115,790","정품_67,490|해외구매_115,790","정품_67,490|해외구매_115,790","정품_67,490|해외구매_115,790","정품_67,490|해외구매_115,790","정품_67,490|해외구매_115,790","정품_67,490|해외구매_115,790","정품_67,490|해외구매_115,790"
15135032,MUZEN 와일드 미니,"정품_94,100|해외구매_104,410","정품_104,800|해외구매_104,410","정품_94,100|해외구매_104,410","정품_104,800|해외구매_104,410","정품_94,100|해외구매_104,410","정품_94,100|해외구매_104,410","정품_94,100|해외구매_104,410","정품_94,100|해외구매_104,410","정품_94,100|해외구매_104,410","정품_94,100|해외구매_104,410","정품_94,100|해외구매_104,410","정품_94,100|해외구매_104,410","정품_94,100|해외구매_104,410"
68787134,MUZEN 와일드 미니 2.0,"74,000","74,000","74,000","74,000","74,000","74,000","74,000","74,000","74,000","74,000","74,000","74,000","74,000"
99739562,MUZEN 와일드 미니 3.0,"정품_125,300","정품_125,300","정품_125,300","정품_125,300","정품_125,300","정품_125,300","정품_125,300","정품_125,300","정품_125,300","정품_125,300","정품_125,300","정품_125,300","정품_125,300"
6256319,MXL Studio One Red Dot USB,"정품_99,000","정품_99,000","정품_99,000","정품_99,000","정품_99,000","정품_99,000","정품_99,000","정품_99,000","정품_99,000","정품_99,000","정품_99,000","정품_99,000","정품_99,000"
1776820,MXL Tempo,"정품_99,000","정품_99,000","정품_99,000","정품_99,000","정품_99,000","정품_99,000","정품_99,000","정품_99,000","정품_99,000","정품_99,000","정품_99,000","정품_99,000","정품_99,000"
18254156,Mackie CR StealthBar,"정품_220,000|해외구매_96,000","정품_220,000|해외구매_96,000","정품_220,000|해외구매_99,000","정품_220,000|해외구매_99,000","정품_220,000|해외구매_96,000","정품_220,000|해외구매_99,000","정품_220,000|해외구매_96,000","정품_220,000|해외구매_96,000","정품_220,000|해외구매_96,000","정품_220,000|해외구매_96,000","정품_220,000|해외구매_96,000","정품_220,000|해외구매_96,000","정품_220,000|해외구매_99,000"
20400125,Mackie CR2-X CUBE,"정품_159,000|해외구매_242,730","정품_159,000|해외구매_242,730","정품_159,000|해외구매_242,990","정품_159,000|해외구매_242,730","정품_159,000|해외구매_246,520","정품_159,000|해외구매_246,520","정품_159,000|해외구매_246,520","정품_159,000|해외구매_246,520","정품_159,000|해외구매_243,940","정품_159,000|해외구매_243,940","정품_159,000|해외구매_243,940","정품_159,000|해외구매_243,940","정품_159,000|해외구매_239,730"
11014167,Morui MR-BTS01,"9,000","9,000","9,000","9,000","9,000","9,000","9,000","9,000","9,000","9,000","9,000","9,000","9,000"
77459684,NZXT Capsule Elite,"정품_119,000|해외구매_76,440","정품_119,000|해외구매_76,440","정품_119,000|해외구매_76,440","정품_119,000|해외구매_76,870","정품_119,000|해외구매_72,890","정품_119,000|해외구매_72,890","정품_119,000|해외구매_72,870","정품_119,000|해외구매_72,870","정품_119,000|해외구매_72,120","정품_119,000|해외구매_72,120","정품_119,000|해외구매_75,980","정품_119,000|해외구매_75,980","정품_119,000|해외구매_75,980"
95425835,NZXT Relay,"해외구매_77,980","해외구매_79,990","해외구매_79,990","해외구매_79,990","해외구매_79,990","해외구매_100,880","해외구매_100,880","해외구매_100,880","해외구매_100,880","해외구매_100,880","해외구매_101,060","해외구매_101,060","해외구매_101,060"
11312616,ORBIS OSB-1000,"정품_18,000","정품_18,000","정품_18,000","정품_18,000",0,0,0,0,0,0,0,0,0
57291974,OXS S2 사운드바,"정품_199,000","정품_199,000","정품_199,000","정품_199,000","정품_199,000","정품_199,000","정품_199,000","정품_199,000","정품_199,000","정품_199,000","정품_199,000","정품_199,000","정품_199,000"
89606708,OXS Thunder Pro+,"정품_778,290","정품_778,290","정품_778,290","정품_778,290","정품_778,290","정품_778,290","정품_778,290","정품_778,290","정품_778,290","정품_778,290","정품_778,290","정품_560,700","정품_778,290"
96656744,Ortizan C7,"정품_135,900|해외구매_122,810","정품_135,900|해외구매_122,810","정품_135,900|해외구매_121,630","정품_135,900|해외구매_121,630","정품_135,900|해외구매_121,490","정품_135,900|해외구매_121,490","정품_135,900|해외구매_121,490","정품_135,900|해외구매_121,490","정품_135,900|해외구매_121,490","정품_135,900|해외구매_121,490","정품_135,900|해외구매_121,490","정품_135,900|해외구매_121,490","정품_135,900|해외구매_121,490"
99710222,Ortizan X10,"해외구매_42,850","해외구매_42,850","해외구매_42,850","해외구매_42,850","해외구매_42,850","해외구매_42,850","해외구매_42,850","해외구매_42,850","해외구매_42,850","해외구매_42,850","해외구매_42,850","해외구매_42,850","해외구매_42,850"
9787389,PHOENIX RXS-300S,"9,490","9,490","9,490","9,490","9,490","9,490","9,490","9,490","9,490","9,490","9,490","9,490","9,490"
108463493,PILLAR SY-3000PLUS,"정품_11,500","정품_11,500","정품_11,500","정품_11,500","정품_11,500","정품_11,500","정품_11,500","정품_11,500","정품_11,500","정품_11,500","정품_11,500","정품_11,500","정품_11,500"
13522316,PSI코리아 Nutz NC-02,"59,000","59,000","59,000","59,000","59,000","59,000","59,000","52,440","52,440","52,440","52,440","59,000","59,000"
8159572,PSI코리아 Nutz NM-100,"47,040","47,040","47,040","47,040","47,040","47,040","47,040","47,440","47,440","47,440","47,440","47,440","47,440"
13522541,PSI코리아 Nutz NM-100A,"33,890","33,890","33,890","33,890","33,890","33,890","33,890","33,890","33,890","33,890","33,890","33,890","33,890"
13523120,PSI코리아 Nutz UM-100,"48,000","48,000","48,000","48,000",0,0,0,0,0,0,0,0,0
14832224,PSI코리아 Nutz UM-200,"78,800","78,800","78,800","78,800","78,800","78,800","78,800","78,800","78,800","78,900","78,900","78,800","78,800"
14746937,PSI코리아 Nutz UM-300,"69,000","69,000","69,000","69,000","69,000","69,000","69,000","69,000","69,000","69,000","69,000","69,000","69,000"
44765027,Pantheone I,"정품_3,604,880","정품_3,604,880","정품_3,604,880","정품_3,604,880","정품_3,604,880","정품_3,604,880","정품_3,604,880","정품_3,604,880","정품_3,604,880","정품_3,604,880","정품_3,604,880","정품_3,604,880","정품_3,604,880"
65369777,PreSonus Eris 3.5 Gen2,"정품_189,100|해외구매_151,420","정품_189,100|해외구매_151,420","정품_189,100|해외구매_151,420","정품_189,100|해외구매_151,420","정품_189,100|해외구매_151,420","정품_189,100|해외구매_151,420","정품_189,100|해외구매_151,420","정품_189,100|해외구매_151,420","정품_189,100|해외구매_151,420","정품_189,100|해외구매_151,420","정품_189,000|해외구매_151,420","정품_179,000|해외구매_151,420","정품_179,000|해외구매_151,420"
16234157,PreSonus Revelator,"정품_94,000|해외구매_161,810","정품_94,000|해외구매_161,810","정품_94,000|해외구매_161,810","정품_94,000|해외구매_161,810","정품_94,000|해외구매_161,810","정품_94,000|해외구매_161,810","정품_94,000|해외구매_161,810","정품_94,000|해외구매_161,810","정품_94,000|해외구매_161,810","정품_94,000|해외구매_161,810","정품_94,000|해외구매_161,810","정품_94,000|해외구매_161,810","정품_94,000|해외구매_161,810"
98548919,QCY SP2,"정품_18,700|해외구매_30,570","정품_18,700|해외구매_30,560","정품_18,700|해외구매_30,560","정품_18,700|해외구매_30,560","정품_18,700|해외구매_30,560","정품_18,700|해외구매_30,550","정품_18,700|해외구매_30,550","정품_18,700|해외구매_30,540","정품_18,700|해외구매_30,540","정품_18,700|해외구매_30,540","정품_16,800|해외구매_30,540","정품_16,800|해외구매_30,530","정품_16,800|해외구매_30,530"
80201105,QCY SP7,"정품_56,800|해외구매_63,500|중고_46,900","정품_56,800|해외구매_63,500|중고_46,900","정품_56,800|해외구매_63,500|중고_46,900","정품_56,800|해외구매_63,500|중고_46,900","정품_56,800|해외구매_63,500|중고_46,900","정품_56,800|해외구매_63,500|중고_46,900","정품_56,800|해외구매_63,500|중고_46,900","정품_56,800|해외구매_63,500|중고_46,900","정품_56,800|해외구매_63,500|중고_46,900","정품_56,800|해외구매_63,500|중고_46,900","정품_56,800|해외구매_63,500|중고_46,900","정품_56,800|해외구매_63,500|중고_46,900","정품_56,800|해외구매_63,500|중고_46,900"
16113065,QSENN AULA N-107,"정품_16,650","정품_16,650","정품_16,650","정품_16,650","정품_16,650","정품_16,650","정품_16,650","정품_16,650","정품_16,650","정품_16,650","정품_16,650","정품_16,650","정품_16,650"
16107206,QSENN AULA N-169B,"정품_19,900","정품_19,900","정품_19,900","정품_19,900","정품_19,900","정품_19,900","정품_19,900","정품_19,900","정품_19,900","정품_19,900","정품_19,900","정품_19,900","정품_19,900"
16113440,QSENN AULA N-189,"정품_28,900","정품_28,900","정품_28,900","정품_28,900","정품_28,900","정품_28,900","정품_28,900","정품_28,900","정품_28,900","정품_28,900","정품_28,900","정품_28,900","정품_28,900"
16114073,QSENN AULA N-301,"정품_17,900","정품_17,900","정품_17,900","정품_17,900","정품_17,900","정품_17,900","정품_17,900","정품_17,900","정품_17,900","정품_17,900","정품_17,900","정품_17,900","정품_17,900"
19089800,Q어쿠스틱 M20,"정품_1,120,000|해외구매_2,110,200","정품_1,120,000|해외구매_2,110,200","정품_1,120,000|해외구매_2,110,200","정품_1,120,000|해외구매_2,110,200","정품_1,120,000|해외구매_2,110,200","정품_1,120,000|해외구매_2,110,200","정품_1,120,000|해외구매_2,110,200","정품_1,120,000|해외구매_2,110,200","정품_1,120,000|해외구매_2,110,200","정품_1,120,000|해외구매_2,110,200","정품_1,120,000|해외구매_2,110,200","정품_1,120,000|해외구매_2,110,200","정품_1,120,000|해외구매_2,110,200"
5802333,REVO 수퍼 커넥트,"정품_712,500|해외구매_1,445,900","정품_712,500|해외구매_1,445,900","정품_712,500|해외구매_1,445,900","정품_712,500|해외구매_1,445,900","정품_712,500|해외구매_1,445,900","정품_712,500|해외구매_1,445,900","정품_712,500|해외구매_1,445,900","정품_712,500|해외구매_1,445,900","정품_712,500|해외구매_1,445,900","정품_712,500|해외구매_1,445,900","정품_712,500|해외구매_1,445,900","정품_712,500|해외구매_1,445,900","정품_712,500|해외구매_1,445,900"
53781155,RHINO GEAR RG-S10,"정품_2,690","정품_2,690","정품_2,690","정품_2,690","정품_2,690","정품_2,690","정품_2,690","정품_2,690","정품_2,690","정품_2,690","정품_2,690","정품_2,690","정품_2,690"
18371297,RHINO GEAR RG-S100,"정품_9,370","정품_9,370","정품_9,370","정품_9,370","정품_9,370","정품_9,370","정품_9,370","정품_9,370","정품_9,370","정품_9,370","정품_9,370","정품_9,370","정품_9,370"
77277911,RHINO GEAR RG-S20,"정품_6,750","정품_6,750","정품_6,750","정품_6,750","정품_6,750","정품_6,750","정품_6,750","정품_6,750","정품_6,750","정품_6,750","정품_6,750","정품_6,750","정품_6,750"
53781065,RHINO GEAR RG-S50,"정품_7,000","정품_7,000","정품_7,000","정품_7,000","정품_7,000","정품_7,000","정품_7,000","정품_7,000","정품_7,000","정품_7,000","정품_7,000","정품_7,000","정품_7,000"
76789634,RHINO GEAR RG-S70,"정품_9,400","정품_9,400","정품_9,400","정품_9,400","정품_8,900","정품_9,400","정품_9,400","정품_9,400","정품_9,400","정품_9,400","정품_9,400","정품_9,400","정품_9,400"
2831864,RODE NT-USB,"정품_310,010|+ 관절 스탠드_319,000|해외구매_292,340","정품_309,980|+ 관절 스탠드_319,000|해외구매_292,340","정품_309,980|+ 관절 스탠드_319,000|해외구매_289,230","정품_309,970|+ 관절 스탠드_319,000|해외구매_289,230","정품_309,970|+ 관절 스탠드_319,000|해외구매_289,230","정품_309,960|해외구매_289,230","정품_309,870|해외구매_289,230","정품_309,850|해외구매_289,230","정품_309,760|해외구매_289,230","정품_309,740|해외구매_289,230","정품_309,740|해외구매_289,230","정품_309,710|해외구매_289,230","정품_309,650|해외구매_289,230"
57456752,ROYCHE BTS-150,"9,900","9,900","9,900","9,900","9,900","9,900","9,900","9,900","9,900","9,900","9,900","9,900","9,900"
14824826,ROYCHE BTS-280,"19,270","19,270","19,270","19,270","19,270","19,270","19,270","19,270","19,270","19,280","21,900","21,900","21,900"
28123637,ROYCHE BTS-360,"29,900","29,900","29,900","29,900","29,900","29,900","29,900","22,220","22,220","22,220","22,220","22,220","22,220"
4141183,ROYCHE MUSES BTS-250,"정품_19,900","정품_19,900","정품_19,900","정품_19,900","정품_19,900","정품_19,900","정품_19,900","정품_19,900","정품_19,900","정품_19,900","정품_19,900","정품_19,900","정품_19,900"
54326099,ROYCHE 미니언즈 블루투스 스피커,"101,940","101,940","101,940","101,940","101,940","101,940","101,940","101,940","101,940","101,940","101,940","101,940","101,940"
25643585,ROYCHE 산리오 마이멜로디 쿠로미 액자 스피커,"29,800","29,800","29,800","29,800","29,800","29,800","34,320","36,440","36,440","36,440","36,440","36,440","36,440"
25643294,ROYCHE 잔망루피 블루투스 스피커,"24,900","24,900","24,900","24,900","24,900","24,900","24,900","24,900","24,290","24,290","23,150","23,650","23,650"
25645292,ROYCHE 피너츠 스누피 액자 스피커,0,0,0,0,0,0,0,0,0,0,"173,480","173,480","173,480"
19183430,Razer Leviathan V2,"정품_590,400|해외구매_418,040","정품_590,400|해외구매_418,040","정품_590,400|해외구매_418,040","정품_590,400|해외구매_418,040","정품_590,400|해외구매_421,300","정품_590,400|해외구매_421,300","정품_590,400|해외구매_421,300","정품_590,400|해외구매_421,300","정품_590,400|해외구매_421,300","정품_590,400|해외구매_421,300","정품_590,400|해외구매_421,300","정품_590,400|해외구매_421,300","정품_590,400|해외구매_421,300"
55039451,Razer Leviathan V2 X,"벌크_110,710|정품_168,500|병행수입_206,290|해외구매_153,780","벌크_110,670|정품_168,500|병행수입_206,290|해외구매_153,750","벌크_110,670|정품_168,500|병행수입_206,290|해외구매_153,750","벌크_110,670|정품_168,500|병행수입_206,290|해외구매_153,750","벌크_110,570|정품_168,500|병행수입_206,290|해외구매_153,650","벌크_110,560|정품_168,500|병행수입_206,290|해외구매_153,630","벌크_111,500|정품_168,500|병행수입_206,290|해외구매_153,630","벌크_111,500|정품_168,500|병행수입_210,830|해외구매_153,620","벌크_111,500|정품_149,000|병행수입_210,830|해외구매_153,530","벌크_111,500|정품_149,000|병행수입_210,830|해외구매_153,510","벌크_111,500|정품_149,000|병행수입_210,830|해외구매_153,510","벌크_111,510|정품_149,000|병행수입_213,090|해외구매_153,480","벌크_111,510|정품_149,000|병행수입_213,090|해외구매_153,420"
77083361,Razer Leviathan V2 X 쿠로미,"해외구매_265,880","해외구매_265,850","해외구매_265,760","해외구매_265,730","해외구매_265,630","해외구매_265,600","해외구매_265,510","해외구매_265,480","해외구매_265,390","해외구매_265,360","해외구매_265,270","해외구매_265,220","해외구매_265,160"
5901676,Razer Nommo,"해외구매_150,990","해외구매_154,380","해외구매_154,380","해외구매_154,380","해외구매_154,380","해외구매_156,790","해외구매_156,790","해외구매_156,790","해외구매_156,790","해외구매_155,150","해외구매_155,150","해외구매_155,150","해외구매_155,150"
5901704,Razer Nommo Chroma,"정품_548,290|해외구매_116,550","정품_548,290|해외구매_116,550","정품_548,290|해외구매_116,550","정품_548,290|해외구매_116,550","정품_548,290|해외구매_116,550","정품_548,290|해외구매_116,550","정품_548,290|해외구매_116,550","정품_548,290|해외구매_116,550","정품_548,290|해외구매_116,550","정품_548,290|해외구매_120,430","정품_548,290|해외구매_120,430","정품_548,290|해외구매_120,430","정품_548,290|해외구매_120,430"
20250497,Razer Nommo V2,"정품_397,040|해외구매_441,020","정품_397,040|해외구매_441,020","정품_397,040|해외구매_461,510","정품_397,040|해외구매_461,510","정품_397,050|해외구매_461,510","정품_399,000|해외구매_459,210","정품_399,000|해외구매_459,210","정품_399,000|해외구매_456,960","정품_399,000|해외구매_456,730","정품_396,000|해외구매_455,140","정품_399,000|해외구매_455,140","정품_286,200|해외구매_452,690","정품_399,000|해외구매_452,690"
20250239,Razer Nommo V2 Pro,"정품_599,000|해외구매_896,300","정품_599,000|해외구매_896,300","정품_599,000|해외구매_896,300","정품_599,000|해외구매_896,300","정품_599,000|해외구매_896,300","정품_599,000|해외구매_896,300","정품_599,000|해외구매_896,300","정품_599,000|해외구매_896,300","정품_599,000|해외구매_896,300","정품_599,000|해외구매_896,300","정품_599,000|해외구매_896,300","정품_432,000|해외구매_896,300","정품_599,000|해외구매_896,300"
20249510,Razer Nommo V2 X,"정품_172,700|벌크_164,020|해외구매_294,490","정품_172,700|벌크_163,980|해외구매_294,490","정품_172,700|벌크_163,980|해외구매_294,490","정품_172,700|벌크_163,970|해외구매_294,490","정품_172,700|벌크_163,970|해외구매_294,490","정품_172,700|벌크_163,970|해외구매_294,490","정품_172,700|벌크_163,960|해외구매_294,490","정품_172,700|벌크_163,950|해외구매_294,490","정품_172,700|벌크_163,950|해외구매_294,490","정품_172,700|벌크_163,950|해외구매_294,490","정품_172,700|벌크_163,950|해외구매_294,490","정품_172,700|벌크_163,940|해외구매_294,490","정품_172,700|벌크_163,940|해외구매_294,490"
15761828,Razer SEIREN V2 X,"정품_159,000|해외구매_98,670","정품_159,000|해외구매_98,670","정품_159,000|해외구매_98,850","정품_159,000|해외구매_99,860","정품_159,000|해외구매_101,680","정품_159,000|해외구매_101,680","정품_159,000|해외구매_104,490","정품_159,000|해외구매_104,490","정품_159,000|해외구매_103,980","정품_159,000|해외구매_103,980","정품_159,000|해외구매_103,570","정품_159,000|해외구매_101,900","정품_159,000|해외구매_101,900"
40240196,Razer Seiren V3 Chroma,"블랙_151,250|핑크_159,000|화이트_199,000|해외구매_138,040","블랙_151,250|핑크_159,000|화이트_199,000|해외구매_138,830","블랙_151,250|핑크_159,000|화이트_199,000|해외구매_138,830","블랙_151,250|핑크_159,000|화이트_199,000|해외구매_138,830","블랙_151,250|핑크_159,000|화이트_199,000|해외구매_138,830","블랙_151,250|핑크_159,000|화이트_199,000|해외구매_138,830","블랙_151,250|핑크_159,000|화이트_199,000|해외구매_138,830","블랙_151,250|핑크_159,000|화이트_199,000|해외구매_138,830","블랙_151,250|핑크_159,000|화이트_199,000|해외구매_138,830","블랙_151,250|핑크_159,000|화이트_199,000|해외구매_138,830","블랙_151,250|핑크_159,000|화이트_189,000|해외구매_138,830","블랙_151,250|핑크_159,000|화이트_189,000|해외구매_138,830","블랙_184,240|핑크_189,000|화이트_189,000|해외구매_138,830"
123693477,Razer Seiren V3 Chroma 32비트,"블랙_196,890|화이트_216,670|핑크_216,670","블랙_196,890|화이트_216,670|핑크_216,670","블랙_196,890|화이트_216,670|핑크_216,670","블랙_196,890|화이트_216,670|핑크_216,670","블랙_196,890|화이트_216,670|핑크_216,670","블랙_196,890|화이트_216,670|핑크_216,670","블랙_196,890|화이트_216,670|핑크_216,670","블랙_196,890|화이트_216,670|핑크_216,670","블랙_196,890|화이트_216,670|핑크_216,670","블랙_199,000|화이트_219,000|핑크_219,000","블랙_199,000|화이트_219,000|핑크_219,000","블랙_199,000|화이트_219,000|핑크_219,000","블랙_199,000|화이트_219,000|핑크_219,000"
40240241,Razer Seiren V3 Mini,"블랙_52,800|핑크_78,990|화이트_71,250|병행수입_52,690|해외구매_53,920|","블랙_52,800|핑크_78,990|화이트_52,700|병행수입_52,690|해외구매_53,920|","블랙_52,800|핑크_78,990|화이트_52,700|병행수입_52,690|해외구매_53,920|","블랙_52,800|핑크_78,990|화이트_52,700|병행수입_52,690|해외구매_53,920|","블랙_52,800|핑크_78,990|화이트_52,700|병행수입_52,690|해외구매_50,750|","블랙_52,800|핑크_78,990|화이트_52,700|병행수입_52,700|해외구매_50,750|","블랙_52,800|핑크_78,990|화이트_52,700|병행수입_52,700|해외구매_50,750|","블랙_52,800|핑크_78,990|화이트_52,700|병행수입_52,700|해외구매_50,750|","블랙_52,800|핑크_78,990|화이트_52,700|병행수입_52,700|해외구매_53,920|","블랙_52,800|핑크_79,000|화이트_52,700|병행수입_52,700|해외구매_53,920|","블랙_52,800|핑크_79,000|화이트_52,700|병행수입_52,690|해외구매_53,920|","블랙_52,800|핑크_79,000|화이트_52,700|병행수입_52,690|해외구매_53,920|","블랙_52,800|핑크_79,000|화이트_52,700|병행수입_52,690|해외구매_53,920|"
7661863,Razer Seiren X,"핑크_208,990|해외구매_73,100","핑크_208,990|해외구매_73,100","핑크_208,990|해외구매_73,100","핑크_208,990|해외구매_73,100","핑크_208,990|해외구매_73,100","핑크_208,990|해외구매_73,100","핑크_208,990|해외구매_73,100","핑크_208,990|해외구매_73,100","핑크_208,990|해외구매_73,100","핑크_208,990|해외구매_73,100","핑크_208,990|해외구매_73,100","핑크_208,990|해외구매_73,100","핑크_208,990|해외구매_73,100"
78306779,Redragon ANVIL GS520,"해외구매_45,280","해외구매_45,280","해외구매_45,280","해외구매_45,280","해외구매_45,280","해외구매_45,280","해외구매_45,280","해외구매_45,280","해외구매_45,280","해외구매_45,280","해외구매_45,280","해외구매_45,280","해외구매_45,280"
13838210,Redragon GS550 ORPHEUS,"해외구매_25,240","해외구매_25,240","해외구매_24,990","해외구매_24,990","해외구매_24,960","해외구매_24,960","해외구매_24,960","해외구매_24,960","해외구매_24,960","해외구매_24,960","해외구매_24,960","해외구매_24,960","해외구매_24,960"
19229357,Redragon GS570 Darknets,"해외구매_36,390","해외구매_36,390","해외구매_36,040","해외구매_36,040","해외구매_36,000","해외구매_36,000","해외구매_36,000","해외구매_36,000","해외구매_36,000","해외구매_36,000","해외구매_36,000","해외구매_36,000","해외구매_36,000"
64376771,Rockmia EBS 027,"해외구매_15,240","해외구매_15,240","해외구매_15,240","해외구매_15,240","해외구매_15,240","해외구매_15,240","해외구매_15,240","해외구매_15,240","해외구매_15,240","해외구매_15,240","해외구매_15,240","해외구매_15,240","해외구매_15,240"
6395658,Rolton E500,"해외구매_30,290","해외구매_30,290","해외구매_29,960","해외구매_29,960","해외구매_29,960","해외구매_29,960","해외구매_29,960","해외구매_29,960","해외구매_29,960","해외구매_29,960","해외구매_29,960","해외구매_29,960","해외구매_29,960"
91351655,S-M2100,0,"정품_35,000","정품_35,000","정품_35,000","정품_35,000","정품_35,000","정품_35,000","정품_35,000","정품_35,000","정품_35,000","정품_35,000","정품_35,000","정품_35,000"
12975278,SAFA SBL-101,"17,900","17,900","17,900","17,900","17,900","17,900","17,900","17,900","17,900","17,900","17,900","17,900","17,900"
2861375,SAMSON C01U Pro,"정품_165,340|해외구매_108,990","정품_165,330|해외구매_108,990","정품_165,330|해외구매_108,990","정품_165,320|해외구매_108,990","정품_165,320|해외구매_108,990","정품_165,310|해외구매_108,990","정품_165,310|해외구매_108,990","정품_165,300|해외구매_108,990","정품_165,300|해외구매_108,990","정품_165,290|해외구매_108,990","정품_165,290|해외구매_108,990","정품_165,280|해외구매_108,990","정품_165,280|해외구매_108,990"
1338734,SAMSON C03U,"정품_250,000","정품_250,000","정품_250,000","정품_250,000",0,0,0,0,0,0,0,0,0
8154397,SAMSON G-Track Pro,"해외구매_190,530","해외구매_190,530",0,0,0,0,0,0,0,0,0,0,0
1414425,SAMSON Go Mic,0,0,"정품_160,000|해외구매_180,400","정품_160,000|해외구매_180,400",0,0,0,0,"정품_59,900|해외구매_180,400",0,"정품_59,900|해외구매_180,400","정품_59,900|해외구매_180,400","정품_59,900|해외구매_180,400"
27864470,SAMZHE AC02,"정품_19,900","정품_19,900","정품_19,900","정품_19,900","정품_19,900","정품_19,900","정품_19,900","정품_19,900","정품_19,900","정품_19,900","정품_19,900","정품_19,900","정품_19,900"
54328931,SANAG M13S PRO,"28,860","28,860","28,860","28,860","28,860","28,860","28,860","28,860","28,860","28,860","28,860","28,860","28,860"
14001164,SANSUI P300,"해외구매_92,070","해외구매_92,070","해외구매_92,070","해외구매_92,070","해외구매_92,070","해외구매_92,070","해외구매_92,070","해외구매_92,070","해외구매_92,070","해외구매_92,070","해외구매_92,070","해외구매_92,070","해외구매_92,070"
43532153,SAUNGYU BK3020A,"해외구매_99,820|1통, 해외구매_40,500","해외구매_99,820|1통, 해외구매_40,500","해외구매_99,820|1통, 해외구매_40,500","해외구매_99,820|1통, 해외구매_40,500","해외구매_99,820|1통, 해외구매_40,500","해외구매_99,820|1통, 해외구매_40,500","해외구매_99,820|1통, 해외구매_40,500","해외구매_99,820|1통, 해외구매_40,500","해외구매_99,820|1통, 해외구매_40,500","해외구매_99,820|1통, 해외구매_40,500","해외구매_99,820|1통, 해외구매_40,500","해외구매_99,820|1통, 해외구매_40,500","해외구매_99,820|1통, 해외구매_40,500"
109599437,SAUNGYU BK4020A,"정품_84,990","정품_84,990","정품_84,990","정품_84,990","정품_84,990","정품_84,990","정품_84,990","정품_84,990","정품_84,990","정품_93,000","정품_93,000","정품_89,990","정품_86,390"
3677040,SCOSCHE 붐보틀 H2O,"정품_59,000","정품_59,000","정품_59,000","정품_59,000","정품_59,000","정품_59,000","정품_59,000","정품_59,000","정품_59,000","정품_59,000","정품_59,000","정품_59,000","정품_59,000"
43892270,SE일렉트로닉스 NEOM USB,"정품_172,000|해외구매_342,480","정품_172,000|해외구매_342,480","정품_172,000|해외구매_342,480","정품_172,000|해외구매_342,480","정품_172,000|해외구매_342,480","정품_172,000|해외구매_342,480","정품_172,000|해외구매_342,480","정품_172,000|해외구매_342,480","정품_172,000|해외구매_342,480","정품_172,000|해외구매_342,480","정품_172,000|해외구매_342,480","정품_172,000|해외구매_342,480",0
2435813,SICRON DICE Boom Box,"정품_18,322","정품_18,322","정품_18,322","정품_18,322","정품_18,322","정품_18,322","정품_18,322","정품_18,322","정품_18,322","정품_18,322","정품_18,322","정품_18,322","정품_18,322"
2844976,SICRON ENQ-62,"정품_14,140","정품_14,140","정품_14,140","정품_14,140","정품_14,140","정품_14,140","정품_14,060","정품_14,060","정품_14,060","정품_14,060","정품_14,060","정품_14,060","정품_14,210"
88233551,SKY 붐 A1 IM-A1,"정품_17,980","정품_17,980","정품_17,980","정품_17,980","정품_17,980","정품_17,980","정품_17,980","정품_17,980","정품_17,980","정품_19,760","정품_19,990","정품_19,990","정품_19,990"
28804727,SKY 붐 네온 N1 SKY-BN1,"19,990","19,990","19,990","19,990","19,990","19,990","19,990","19,990","19,990","19,990","19,990","19,990","19,990"
29340536,SKY 붐 네온 N2 SKY-BN2,"10,990","10,990","10,990",0,"10,990","10,990","10,990","10,990","10,990","10,990","10,990","10,990","10,990"
9776532,SMC 에어뮤직 A10,"26,470","26,470","26,470","26,470","26,470","26,470","26,470","26,470","26,470","26,470","26,470","26,470","26,470"
10976784,SMC 에어뮤직 불꽃 SMC-WFB1,"68,900","68,900","68,900","68,900","68,900","68,900","68,900","68,900","68,900","68,900","68,900","68,900","68,900"
122726005,SMSL Nano ONE e스포츠 사운드 카,"80,170","80,170","86,260","86,260","86,260","86,260","86,260","88,180","88,180","88,180","88,120","88,090","87,190"
2433741,SONPRE 손프레 R3BR,0,0,0,0,"정품_75,000","정품_75,000","정품_75,000","정품_75,000","정품_75,000","정품_75,000","정품_75,000","정품_75,000","정품_75,000"
73771199,SONY BRAVIA Theatre U HT-AN7,"해외구매_304,980","해외구매_305,530","해외구매_304,980","해외구매_305,470","해외구매_304,180","해외구매_304,160","해외구매_307,360","해외구매_308,290","해외구매_297,810","해외구매_292,940","해외구매_304,510","해외구매_304,510","해외구매_304,510"
94091711,SONY HT-AX7,"해외구매_589,210","해외구매_589,200","해외구매_589,200","해외구매_589,200","해외구매_589,200","해외구매_589,200","해외구매_601,970","해외구매_600,360","해외구매_600,360","해외구매_600,350","해외구매_606,910","해외구매_604,170","해외구매_604,170"
9343965,SONY LSPX-S2,"해외구매_892,040","해외구매_892,040","해외구매_892,040","해외구매_892,040","해외구매_892,040","해외구매_892,040","해외구매_892,040","해외구매_892,040","해외구매_892,040","해외구매_892,040","해외구매_892,040","해외구매_892,040","해외구매_892,040"
18014567,SONY SRS-NB10,"해외구매_147,370","해외구매_146,340","해외구매_147,250","해외구매_147,230","해외구매_147,230","해외구매_147,220","해외구매_147,130","해외구매_147,110","해외구매_147,110","해외구매_147,100","해외구매_147,010","해외구매_146,990","해외구매_146,990"
13149455,SONY SRS-RA3000,"정품_479,000|해외구매_325,400|중고_346,200","정품_479,000|해외구매_332,710|중고_346,200","정품_479,000|해외구매_332,710|중고_346,200","정품_479,000|해외구매_332,710|중고_346,200","정품_479,000|해외구매_332,710|중고_346,200","정품_479,000|해외구매_337,900|중고_346,200","정품_479,000|해외구매_337,900|중고_346,200","정품_479,000|해외구매_337,900|중고_346,200","정품_479,000|해외구매_337,900|중고_346,200","정품_479,000|해외구매_334,370|중고_346,200","정품_479,000|해외구매_334,370|중고_346,200","정품_479,000|해외구매_334,370|중고_346,200","정품_479,000|해외구매_334,370|중고_346,200"
14078009,SONY SRS-RA5000,"해외구매_866,610","해외구매_866,610","해외구매_866,610","해외구매_866,610","해외구매_866,610","해외구매_866,610","해외구매_866,610","해외구매_866,610","해외구매_866,610","해외구매_866,610","해외구매_866,610","해외구매_866,610","해외구매_866,610"
6429360,SONY SRS-XB01,"해외구매_50,130","해외구매_50,130","해외구매_50,130","해외구매_50,130","해외구매_50,130","해외구매_50,130","해외구매_50,130","해외구매_50,680","해외구매_50,680","해외구매_53,710","해외구매_50,130","해외구매_53,600","해외구매_53,560"
20119403,SONY SRS-XB100,"정품_64,150|중고_55,810|해외구매_56,910","정품_64,150|중고_58,370|해외구매_56,910","정품_64,150|중고_58,370|해외구매_56,910","정품_64,800|해외구매_56,910","정품_64,800|해외구매_56,910","정품_64,800|해외구매_56,910","정품_64,800|해외구매_56,910","정품_59,500|중고_58,960|해외구매_56,910","정품_59,500|중고_58,960|해외구매_56,910","정품_59,500|해외구매_56,910","정품_59,000|중고_58,960|해외구매_56,910","정품_59,000|해외구매_56,910","정품_59,000|중고_58,960|해외구매_56,910"
7675273,SONY SRS-XB12,"정품_109,440|해외구매_107,050","정품_109,440|해외구매_109,440","정품_109,440|해외구매_109,440","정품_109,440|해외구매_109,440","정품_109,440|해외구매_109,440","정품_109,440|해외구매_109,440","정품_109,440|해외구매_109,440","정품_109,440|해외구매_109,440","정품_109,440|해외구매_109,440","정품_109,440|해외구매_109,440","정품_109,440|해외구매_109,440","정품_109,440|해외구매_109,440","정품_109,440|해외구매_109,440"
14300135,SONY SRS-XB13,"정품_107,820|해외구매_74,990","정품_107,820|해외구매_74,990","정품_107,820|해외구매_74,990","정품_107,820|해외구매_74,990","정품_107,820|해외구매_74,990","정품_107,820|해외구매_74,990","정품_107,820|해외구매_74,990","정품_107,820|해외구매_74,990","정품_107,820|해외구매_74,990","정품_107,820|해외구매_74,990","정품_107,820|해외구매_74,990","정품_107,820|해외구매_74,990","정품_107,820|해외구매_74,990"
4818392,SONY SRS-XB20,"정품_88,990","정품_88,990","정품_88,990","정품_88,990","정품_88,990","정품_88,990","정품_88,990","정품_88,990","정품_88,990","정품_88,990","정품_88,990","정품_88,990","정품_88,990"
8091523,SONY SRS-XB22,"해외구매_151,400","해외구매_151,400","해외구매_151,400","해외구매_151,400","해외구매_151,400","해외구매_151,400","해외구매_151,400","해외구매_151,400","해외구매_151,400","해외구매_151,400","해외구매_151,400","해외구매_151,400","해외구매_151,400"
11457738,SONY SRS-XB23,"해외구매_121,440","해외구매_122,500","해외구매_121,440","해외구매_121,440","해외구매_122,900","해외구매_122,900","해외구매_120,030","해외구매_118,800","해외구매_122,900","해외구매_122,900","해외구매_122,900","해외구매_122,320","해외구매_121,440"
12997835,SONY SRS-XB33,"해외구매_252,000","해외구매_252,000","해외구매_252,000","해외구매_252,000","해외구매_252,000","해외구매_252,000","해외구매_252,000","해외구매_252,000","해외구매_252,000","해외구매_252,000","해외구매_252,000","해외구매_252,000","해외구매_252,000"
17435144,SONY SRS-XE200,"정품_249,990|해외구매_120,190","정품_249,990|해외구매_120,190","정품_249,990|해외구매_120,190","정품_249,990|해외구매_122,260","정품_249,990|해외구매_122,260","정품_249,990|해외구매_122,260","정품_249,990|해외구매_122,260","정품_249,990|해외구매_122,260","정품_249,990|해외구매_122,260","정품_249,990|해외구매_122,260","정품_249,990|해외구매_122,260","정품_249,990|해외구매_122,260","정품_249,990|해외구매_122,260"
17435228,SONY SRS-XE300,"정품_198,920|해외구매_136,800|해외리퍼_127,610","정품_198,860|해외구매_136,800|해외리퍼_127,580","정품_198,850|해외구매_136,800|해외리퍼_127,580","정품_198,800|해외구매_136,800|해외리퍼_127,580","정품_198,790|해외구매_136,800|해외리퍼_127,480","정품_198,740|해외구매_136,800|해외리퍼_127,470","정품_198,760|해외구매_136,800|해외리퍼_127,470","정품_198,710|해외구매_136,800|해외리퍼_128,410","정품_198,700|해외구매_136,800|해외리퍼_128,410","정품_198,640|해외구매_136,800|해외리퍼_128,410","정품_198,630|해외구매_136,800|해외리퍼_128,340","정품_198,570|해외구매_136,800|해외리퍼_128,320","정품_198,570|해외구매_136,800|해외리퍼_128,320"
14570897,SONY SRS-XP500,"해외구매_481,590","해외구매_481,590","해외구매_481,590","해외구매_481,590","해외구매_476,090","해외구매_476,090","해외구매_501,290","해외구매_495,680","해외구매_501,190","해외구매_501,170","해외구매_487,190","해외구매_487,190","해외구매_487,190"
47692847,SONY ULT FIELD 1 SRS-ULT10,"정품_117,580|해외구매_114,480","정품_111,020|해외구매_114,410","정품_111,020|해외구매_114,410","정품_111,020|해외구매_114,410","정품_111,020|해외구매_114,400","정품_111,020|해외구매_114,400","정품_111,020|해외구매_114,400","정품_111,020|해외구매_114,400","정품_111,020|해외구매_114,310","정품_111,020|해외구매_114,310","정품_111,010|해외구매_114,310","정품_111,010|해외구매_114,310","정품_111,010|해외구매_114,310"
88206446,SONY ULT FIELD 3,"정품_189,000|해외구매_176,500|해외리퍼비시_153,890","정품_189,000|해외구매_176,500|해외리퍼비시_153,890","정품_189,000|해외구매_176,500|해외리퍼비시_153,890","정품_189,000|해외구매_176,500|해외리퍼비시_153,890","정품_189,000|해외구매_176,500|해외리퍼비시_153,890","정품_189,000|해외구매_176,500|해외리퍼비시_153,890","정품_189,000|해외구매_176,500|해외리퍼비시_153,890","정품_189,000|해외구매_176,500|해외리퍼비시_153,890","정품_189,000|해외구매_176,500|해외리퍼비시_153,890","정품_189,000|해외구매_176,500|해외리퍼비시_153,890","정품_189,000|해외구매_176,500|해외리퍼비시_153,890","정품_189,000|해외구매_176,500|해외리퍼비시_153,890","정품_189,000|해외구매_176,500|해외리퍼비시_153,890"
71643035,SONY 링크버즈 스피커 SRS-LS1,"정품_188,990|해외구매_205,260","정품_188,990|해외구매_205,260","정품_188,990|해외구매_205,260","정품_188,990|해외구매_205,260","정품_188,990|해외구매_205,250","정품_188,990|해외구매_205,250","정품_188,990|해외구매_205,250","정품_188,990|해외구매_205,240","정품_188,990|해외구매_205,240","정품_189,000|해외구매_205,240","정품_189,000|해외구매_205,240","정품_189,000|해외구매_205,230","정품_189,000|해외구매_205,230"
15476267,SONY 크리스탈 사운드 스피커 LSPX-S3,"정품_399,600|해외구매_425,210","정품_398,540|해외구매_434,710","정품_416,190|해외구매_434,710","정품_416,190|해외구매_434,710","정품_416,190|해외구매_434,710","정품_416,190|해외구매_434,710","정품_416,190|해외구매_434,710","정품_416,190|해외구매_436,680","정품_418,840|해외구매_436,680","정품_418,840|해외구매_436,680","정품_418,840|해외구매_436,680","정품_414,740|해외구매_435,700","정품_414,740|해외구매_435,640"
90113921,SUOYANA USB 7.1채널 사운드카드,"정품_4,700","정품_4,700","정품_4,700","정품_4,700","정품_4,700","정품_4,700","정품_4,700","정품_4,700","정품_4,700","정품_4,700","정품_4,700","정품_4,700","정품_4,700"
14917991,Saramonic SR-MV2000,"정품_56,500","정품_56,500","정품_56,500","정품_56,500","정품_56,500","정품_56,500","정품_56,500","정품_56,500","정품_56,500","정품_56,500","정품_56,500","정품_56,500","정품_56,500"
14926778,Saramonic SR-MV7000,"정품_229,500","정품_229,500","정품_229,500","정품_229,500","정품_229,500","정품_229,500","정품_229,500","정품_229,500","정품_229,500","정품_229,500","정품_229,500","정품_229,500","정품_229,500"
3828910,Shen Zhen LUCAS LCB-01,"정품_39,900","정품_39,900","정품_39,900","정품_39,900","정품_39,900","정품_39,900","정품_39,900","정품_39,900","정품_39,900","정품_39,900","정품_39,900","정품_39,900","정품_39,900"
14536031,Smartek KF-PN1002,"54,790","54,790","54,790","54,790","54,790","54,790","54,790","54,790","54,790","54,790","54,790","54,790","54,790"
16362347,Smartek ST-BAR2000,"정품_17,870","정품_17,870","정품_17,870","정품_17,870","정품_17,870","정품_17,870","정품_17,870","정품_17,870","정품_17,870","정품_17,870","정품_17,870","정품_17,870","정품_17,870"
7158931,Smartek STBT-BAR1000,"정품_47,400","정품_47,400","정품_47,400","정품_47,400","정품_47,400","정품_47,400","정품_47,400","정품_47,400","정품_47,400","정품_47,400","정품_47,400","정품_47,400","정품_47,400"
40716068,Smartek STBT-BAR3000,0,0,0,0,"정품_34,500","정품_34,500","정품_34,500","정품_34,500","정품_34,500","정품_34,500","정품_34,500","정품_34,500","정품_37,890"
19285421,Smartek STBT-CS15,"정품_69,000","정품_69,000","정품_69,000","정품_69,000","정품_69,000","정품_69,000","정품_69,000","정품_69,000","정품_69,000","정품_69,000","정품_69,000","정품_69,000","정품_69,000"
60244283,Smartek STBT-CS35,"정품_39,390|중고_34,380","정품_39,390|중고_34,380","정품_39,380|중고_34,380","정품_39,380|중고_34,380","정품_39,370|중고_34,380","정품_39,370|중고_34,380","정품_39,370|중고_34,380","정품_39,510|중고_34,380","정품_39,510|중고_34,380","정품_39,510","정품_39,510","정품_39,510","정품_39,510"
43549238,Smartek STBT-LS1,"1개_19,800","1개_19,800","1개_19,800","1개_19,800","1개_19,800","1개_19,800","1개_19,800","1개_19,800","1개_19,800","1개_19,800","1개_19,800","1개_19,800","1개_19,800"
5232218,Smartek STBT-LS1000,"정품_17,900","정품_17,900","정품_17,900","정품_17,900","정품_17,900","정품_17,900","정품_17,900","정품_17,900","정품_17,900","정품_17,900","정품_17,900","정품_17,900","정품_17,900"
13561766,Smartek STBT-MS100,"22,000","22,980","22,980","22,980","22,980","22,980","22,980","22,980","22,980","22,980","22,980","22,980","22,980"
28273463,Smartek STBT-MS200,"23,740","23,740","23,740","23,740","23,740","23,740","23,740","23,740","23,740","23,740","23,740","23,740","23,740"
28929371,Smartek STBT-MS250,"12,900","12,900","12,900","12,900","12,900","12,900","12,900","12,900","12,900","12,900","12,900","12,900","12,900"
34741157,Smartek STBT-MS300,"19,770","19,770","19,770","19,570","19,570","19,570","19,570","19,770","19,770","19,770","19,770","19,570","19,570"
6194411,Smartek STBT-RS200,0,0,"정품_60,800","정품_60,800","정품_60,800","정품_60,800","정품_60,800","정품_60,800","정품_60,800","정품_60,800","정품_60,800","정품_60,800","정품_60,800"
9416331,Smartek STBT-RS300,"25,400","25,400","25,400","25,400","25,400","25,400","25,400","25,400","25,400","25,400","25,400","25,400","25,400"
8841596,Smartek STBT-S1300,"12,000","12,000","12,000","12,000","12,000","12,000","12,000","12,000","12,000","12,000","12,000","12,000","12,000"
8427291,Smartek STBT-WS100,"17,490","17,490","17,490","17,490","19,800","19,800","19,800","19,800","19,800","19,800","19,800","19,800","19,800"
9821082,Smartek TR-S120,"정품_20,000","정품_20,000","정품_20,000","정품_20,000","정품_20,000","정품_20,000","정품_20,000","정품_20,000","정품_20,000","정품_20,000","정품_20,000","정품_20,000","정품_20,000"
27990266,Smartek 댄싱워터 블루투스 LED 스피커 STBT-FS1,"75,600","75,600","75,600","75,600","75,600","75,600","75,600","75,600","75,600","75,600","75,600","75,600","75,600"
5730026,SonicGearLab 소닉기어 NEO1000 판도라 네오 클래식,"정품_29,800","정품_29,800","정품_29,800","정품_29,800","정품_29,800","정품_29,800","정품_29,800","정품_29,800","정품_29,800","정품_29,800","정품_29,800","정품_29,800","정품_29,800"
7319161,SonicGearLab 소닉기어 타이탄2,"정품_12,890","정품_12,890","정품_12,890","정품_12,890","정품_12,890","정품_12,890","정품_12,890","정품_12,890","정품_12,890","정품_12,890","정품_12,890","정품_12,890","정품_12,890"
5031703,SonicGearLab 소닉기어 타이탄7 BTMI,"정품_58,610","정품_58,610","정품_58,610","정품_58,610","정품_58,610","정품_58,610","정품_58,610","정품_58,610","정품_58,610","정품_58,610","정품_58,610","정품_58,610","정품_58,610"
13471889,SooPii Conch NO.1,"28,110","28,110","28,110","28,110","28,110","28,110","28,110","28,110","28,110","28,110","28,110","28,110","28,110"
19913270,Sudio F2,"정품_119,000","정품_119,000","정품_119,000","정품_119,000","정품_119,000","정품_119,000","정품_119,000","정품_119,000","정품_119,000","정품_119,000","정품_119,000","정품_119,000","정품_119,000"
71504132,Sudio S2,"정품_58,000|해외구매_55,900","정품_58,000|해외구매_55,900","정품_58,000|해외구매_55,900","정품_58,000|해외구매_55,900","정품_58,000|해외구매_55,900","정품_58,000|해외구매_55,900","정품_58,000|해외구매_55,900","정품_58,000|해외구매_55,900","정품_58,000|해외구매_55,900","정품_58,000|해외구매_55,900","정품_58,000|해외구매_72,400","정품_58,000|해외구매_72,400","정품_58,000|해외구매_72,400"
18592904,Sudio 펨티오,"해외구매_91,900","해외구매_91,900","해외구매_91,900","해외구매_91,900","해외구매_91,900","해외구매_91,900","해외구매_91,900","해외구매_91,900","해외구매_91,900","해외구매_91,900","해외구매_91,900","해외구매_91,900","해외구매_91,900"
54329018,T&G TG116C,"해외구매_12,790","해외구매_12,790","해외구매_12,790","해외구매_12,790","해외구매_12,790","해외구매_12,790","해외구매_12,790","해외구매_12,790","해외구매_12,790","해외구매_12,790","해외구매_12,790","해외구매_12,790","해외구매_12,790"
6158501,T&G TG117,"해외구매_13,920","해외구매_13,920","해외구매_13,790","해외구매_13,790","해외구매_13,770","해외구매_13,770","해외구매_13,770","해외구매_13,770","해외구매_13,770","해외구매_13,770","해외구매_13,770","해외구매_13,770","해외구매_13,770"
6977893,T&G TG506,"해외구매_17,800","해외구매_17,800","해외구매_17,800","해외구매_17,800","해외구매_17,800","해외구매_17,800","해외구매_17,800","해외구매_17,800","해외구매_17,800","해외구매_17,800","해외구매_17,800","해외구매_17,800","해외구매_17,800"
6583168,T-SONIC U71S 버추얼 7.1채널 USB 사운드카드 외장형,"정품_8,820","정품_8,820","정품_8,820","정품_8,820","정품_8,820","정품_8,820","정품_9,650","정품_9,020","정품_9,020","정품_9,020","정품_8,890","정품_8,890","정품_8,890"
15419534,TASCAM TM-250U,"정품_80,000|해외구매_143,650","정품_80,000|해외구매_143,650","정품_80,000|해외구매_143,650","정품_80,000|해외구매_143,650","정품_80,000|해외구매_143,650","정품_80,000|해외구매_143,650","정품_80,000|해외구매_143,650","정품_80,000|해외구매_143,650","정품_80,000|해외구매_143,650","정품_80,000|해외구매_143,650","정품_80,000|해외구매_143,650","정품_80,000|해외구매_143,650","정품_80,000|해외구매_143,650"
2457874,TDK A26,"정품_148,530","정품_148,530","정품_148,530","정품_148,530","정품_148,530","정품_148,530","정품_148,530","정품_148,530","정품_148,530","정품_148,530","정품_148,530","정품_148,530","정품_148,530"
2839020,TDK TREK Micro A12,"정품_25,900","정품_25,900","정품_25,900","정품_25,900","정품_25,900","정품_25,900","정품_25,900","정품_25,900","정품_25,900","정품_25,900","정품_25,900","정품_25,900","정품_25,900"
12698021,TGIC컴퓨터 TGS-1500,"정품_2,920","정품_2,920","정품_2,920","정품_2,920","정품_2,800","정품_2,800","정품_2,800","정품_2,800","정품_2,800","정품_2,800","정품_2,800","정품_2,800","정품_2,800"
12697916,TGIC컴퓨터 TGS-747,"정품_11,060","정품_11,060","정품_11,060","정품_11,060","정품_11,060","정품_11,060","정품_11,060","정품_11,060","정품_11,060","정품_11,060","정품_11,060","정품_11,060","정품_11,060"
109482698,TGIC컴퓨터 TGS-BALLADE,"정품_11,090","정품_11,090","정품_21,990","정품_21,990","정품_21,980","정품_21,980","정품_21,980","정품_21,980","정품_24,100","정품_24,100","정품_24,100","정품_24,100","정품_24,100"
12654296,TGIC컴퓨터 TGS-U1,"정품_8,490","정품_8,490","정품_8,490","정품_8,460","정품_8,470","정품_8,500","정품_8,500","정품_8,500","정품_8,500","정품_8,500","정품_8,500","정품_8,500","정품_8,500"
12656792,TGIC컴퓨터 TGS-U2,"정품_9,500","정품_9,500","정품_9,500","정품_9,500","정품_9,500","정품_9,500","정품_9,500","정품_9,500","정품_9,500","정품_9,500","정품_9,500","정품_9,500","정품_9,500"
12656840,TGIC컴퓨터 TGS-U3,"정품_9,500","정품_9,500","정품_9,500","정품_9,500","정품_9,500","정품_9,500","정품_9,500","정품_9,500","정품_9,500","정품_9,500","정품_9,500","정품_9,500","정품_9,500"
42858014,TGIC컴퓨터 TGS-U4,"정품_12,500","정품_12,500","정품_12,500","정품_12,500","정품_12,500","정품_12,500","정품_11,800","정품_11,800","정품_11,800","정품_11,800","정품_11,800","정품_11,800","정품_11,800"
89863655,TGIC컴퓨터 TGS-U5,"정품_6,900","정품_6,900","정품_6,900","정품_6,890","정품_6,900","정품_6,900","정품_6,900","정품_6,760","정품_6,760","정품_6,760","정품_6,760","정품_6,760","정품_6,760"
99736856,TGIC컴퓨터 TGS-U6,"정품_12,000","정품_12,000","정품_12,000","정품_12,000","정품_12,000","정품_12,000","정품_12,000","정품_12,000","정품_12,000","정품_12,000","정품_12,000","정품_12,000","정품_12,000"
14641469,TGIC컴퓨터 TGS-U7,"정품_8,200","정품_8,200","정품_8,200","정품_8,200","정품_8,200","정품_8,200","정품_8,200","정품_8,200","정품_8,200","정품_8,200","정품_8,200","정품_8,200","정품_8,200"
109482476,TGIC컴퓨터 TGS-U8,"정품_10,960","정품_11,090","정품_11,440","정품_11,440","정품_11,440","정품_11,440","정품_11,440","정품_11,440","정품_11,440","정품_11,440","정품_11,440","정품_11,440","정품_11,440"
109482542,TGIC컴퓨터 TGS-U9,"정품_11,430","정품_12,290","정품_12,300","정품_12,300","정품_12,300","정품_12,300","정품_12,300","정품_12,300","정품_12,300","정품_12,300","정품_12,300","정품_12,300","정품_12,300"
12011294,TGS HI-FI 360,"19,900","19,900","19,900","19,900","19,900","19,900","19,900","19,900","19,900","19,900","19,900","19,900","19,900"
6359815,TKDS 마블 블랙팬서 미니 블루투스 스피커,0,0,0,0,0,0,0,0,"75,000","75,000","75,000","75,000","75,000"
7695151,TKDS 마블 아이언 스파이더맨 미니,"71,250","71,250","71,250","71,250","71,250","71,250","70,500","70,500","70,500","70,500","70,500","70,500","71,250"
6390110,TKDS 스타워즈 K-2SO 미니,"69,110","69,110","69,110","69,110","69,110","69,110","69,110","69,110","69,110","69,110","69,110","69,110","69,110"
20746343,TRANSPARENT 라이트 스피커,"블랙, 정품_399,000|화이트, 정품_399,000","블랙, 정품_399,000|화이트, 정품_399,000","블랙, 정품_399,000|화이트, 정품_399,000","블랙, 정품_399,000|화이트, 정품_399,000","블랙, 정품_399,000|화이트, 정품_399,000","블랙, 정품_399,000|화이트, 정품_399,000","블랙, 정품_399,000|화이트, 정품_399,000","블랙, 정품_399,000|화이트, 정품_399,000","블랙, 정품_399,000|화이트, 정품_399,000","블랙, 정품_399,000|화이트, 정품_399,000","블랙, 정품_399,000|화이트, 정품_399,000","블랙, 정품_399,000|화이트, 정품_399,000","블랙, 정품_399,000|화이트, 정품_399,000"
14516519,TRANSPARENT 라지 투명 블루투스 스피커,"정품_1,399,000|해외구매_1,574,330","정품_1,399,000|해외구매_1,574,330","정품_1,399,000|해외구매_1,583,110","정품_1,399,000|해외구매_1,583,110","정품_1,399,000|해외구매_1,583,110","정품_1,399,000|해외구매_1,583,110","정품_1,399,000|해외구매_1,583,110","정품_1,399,000|해외구매_1,583,110","정품_1,399,000|해외구매_1,583,110","정품_1,399,000|해외구매_1,583,110","정품_1,399,000|해외구매_1,570,870","정품_1,399,000|해외구매_1,570,870","정품_1,399,000|해외구매_1,570,870"
14516648,TRANSPARENT 스몰 투명 블루투스 스피커,"정품_575,670|해외구매_690,000","정품_575,670|해외구매_690,000","정품_575,670|해외구매_690,000","정품_575,670|해외구매_690,000","정품_575,670|해외구매_690,000","정품_575,670|해외구매_690,000","정품_575,670|해외구매_690,000","정품_575,670|해외구매_690,000","정품_575,670|해외구매_690,000","정품_575,670|해외구매_690,000","정품_575,670|해외구매_690,000","정품_575,670|해외구매_690,000","정품_575,670|해외구매_690,000"
12885647,TRIBIT MaxSound Plus,"해외구매_172,670","해외구매_172,670","해외구매_172,670","해외구매_172,670","해외구매_172,670","해외구매_172,670","해외구매_172,670","해외구매_172,670","해외구매_172,670","해외구매_172,670","해외구매_172,670","해외구매_172,670","해외구매_172,670"
92190797,TRIBIT StormBox Blast,"정품_247,000|해외구매_235,000","정품_247,000|해외구매_235,000","정품_247,000|해외구매_235,000","정품_247,000|해외구매_235,000","정품_247,000|해외구매_235,000","정품_247,000|해외구매_235,000","정품_247,000|해외구매_235,000","정품_247,000|해외구매_235,000","정품_247,000|해외구매_235,000","정품_247,000|해외구매_235,000","정품_247,000|해외구매_235,000","정품_247,000|해외구매_235,000","정품_244,000|해외구매_235,000"
17342024,TRIBIT StormBox Mirco 2 BTS12,"정품_75,800|해외구매_67,660","정품_75,800|해외구매_67,660","정품_75,800|해외구매_67,660","정품_75,800|해외구매_67,660","정품_75,800|해외구매_67,660","정품_75,800|해외구매_67,660","정품_75,800|해외구매_67,660","정품_75,800|해외구매_67,660","정품_75,800|해외구매_70,660","정품_75,800|해외구매_70,660","정품_75,800|해외구매_70,660","정품_75,800|해외구매_70,660","정품_75,800|해외구매_70,660"
14332322,TRIBIT XSound Go TS-BTS20,"해외구매_40,690","해외구매_40,660","해외구매_40,660","해외구매_40,650","해외구매_40,650","해외구매_40,640","해외구매_40,550","해외구매_40,530","해외구매_40,530","해외구매_40,520","해외구매_40,430","해외구매_40,410","해외구매_40,410"
77222525,TRIBIT XSound Plus 2,"해외구매_66,890","해외구매_66,890","해외구매_66,890","해외구매_66,890","해외구매_66,890","해외구매_66,890","해외구매_66,890","해외구매_66,890","해외구매_66,890","해외구매_66,890","해외구매_66,890","해외구매_66,890","해외구매_66,890"
99894734,The Sound Card V8,"해외구매_13,270","해외구매_13,270","해외구매_13,270","해외구매_13,270","해외구매_13,270","해외구매_13,270","해외구매_13,270","해외구매_13,270","해외구매_13,270","해외구매_13,270","해외구매_13,270","해외구매_13,270","해외구매_13,270"
5588778,Trendwoo Freeman X6 Plus,"정품_40,000","정품_40,000","정품_40,000","정품_40,000","정품_40,000","정품_40,000","정품_40,000","정품_40,000","정품_40,000","정품_40,000","정품_40,000","정품_40,000","정품_40,000"
21437063,UGREEN CM129,"정품_18,900","정품_18,900","정품_18,900","정품_18,900","정품_18,900","정품_18,900","정품_18,900","정품_18,900","정품_18,900","정품_18,900","정품_18,900","정품_18,900","정품_18,900"
17388092,UGREEN CM383,"정품_14,860","정품_14,860","정품_14,860","정품_14,860","정품_14,860","정품_14,860","정품_14,860","정품_14,860","정품_14,860","정품_14,860","정품_14,860","정품_14,860","정품_14,860"
17829176,UGREEN CM477,"정품_16,390","정품_16,390","정품_16,390","정품_16,390","정품_16,390","정품_16,390","정품_16,390","정품_16,390","정품_16,390","정품_16,390","정품_16,390","정품_16,390","정품_16,390"
13460876,VOLT VC7,"1개, 정품_44,000|2개, 정품_88,000","1개, 정품_44,000|2개, 정품_88,000","1개, 정품_44,000|2개, 정품_88,000","1개, 정품_44,000|2개, 정품_88,000",0,"1개, 정품_44,000|2개, 정품_88,000","1개, 정품_44,000|2개, 정품_88,000","1개, 정품_44,000|2개, 정품_88,000","1개, 정품_44,000|2개, 정품_88,000","1개, 정품_44,000|2개, 정품_88,000",0,0,0
94095533,VSONIC MARS,"해외구매_398,000","해외구매_398,000","해외구매_398,000","해외구매_398,000","해외구매_398,000","해외구매_398,000","해외구매_398,000","해외구매_398,000","해외구매_398,000","해외구매_398,000","해외구매_398,000","해외구매_398,000","해외구매_398,000"
122702228,VegGieg VS1000,"정품_11,960","정품_11,960","정품_11,960","정품_11,960","정품_12,650","정품_12,650","정품_12,650","정품_12,650","정품_12,650","정품_12,650","정품_12,650","정품_12,650","정품_12,650"
30030683,WEZEL WZ-S68RGB,"정품_8,900","정품_8,900","정품_8,900","정품_8,900","정품_8,900","정품_8,900","정품_8,900","정품_8,900","정품_8,900","정품_8,900","정품_8,900","정품_8,900","정품_8,900"
54328967,WISETIGER P1S,"해외구매_37,600","해외구매_37,600","해외구매_37,200","해외구매_37,200","해외구매_37,200","해외구매_37,200","해외구매_37,200","해외구매_37,200","해외구매_37,200","해외구매_37,200","해외구매_37,200","해외구매_37,200","해외구매_37,200"
54328820,WISETIGER P3,"해외구매_50,540","해외구매_50,540","해외구매_50,050","해외구매_50,050","해외구매_50,000","해외구매_50,000","해외구매_50,000","해외구매_50,000","해외구매_50,000","해외구매_50,000","해외구매_50,000","해외구매_50,000","해외구매_50,000"
104982314,Wiim Sound 스마트 스트리밍 스피커,"정품_527,240","정품_527,240","정품_527,240","정품_527,240","정품_527,240","정품_527,240","정품_527,240","정품_527,240","정품_527,240","정품_527,240","정품_527,240","정품_527,240","정품_527,240"
4215735,X-Sound BM6,"정품_10,800","정품_10,800","정품_10,800","정품_10,800","정품_10,800","정품_10,800","정품_10,800","정품_10,800","정품_10,800","정품_10,800","정품_10,800","정품_10,800","정품_10,800"
5068341,X-Sound SOUNDBAR K6,"정품_46,190","정품_46,190","정품_46,190","정품_43,430","정품_46,190","정품_46,190","정품_46,190","정품_43,430","정품_46,190","정품_46,190","정품_46,190","정품_46,190","정품_46,190"
4099462,X-Sound XB-550,"정품_21,180","정품_21,180",0,0,0,0,0,0,0,0,0,0,0
15132347,XTRA WCP-180,"43,570","43,570","43,570","43,570","43,570","43,570","43,570","43,570","43,570","43,570","43,570","43,570","43,570"
16469609,XTRA 마카롱 스피커 gni-111,"21,290","21,290","21,290","21,290","21,290","21,290","21,290","21,290","21,290","21,990","21,990","21,990","21,990"
8200939,XTRA 지니 106,"17,800","17,800","17,800","17,800","17,800","17,800","17,800","17,800","17,800","17,800","17,800","17,800","17,800"
4514971,XTRA 지니-101,"정품_28,500","정품_28,500",0,0,"정품_28,500","정품_28,500","정품_28,500","정품_28,500","정품_28,500","정품_28,500","정품_28,500","정품_28,500","정품_28,500"
5905963,XTRA 지니-106,"정품_18,690","정품_18,690","정품_18,690","정품_18,690","정품_18,690","정품_18,690","정품_18,690","정품_18,690","정품_18,690","정품_18,690","정품_18,690","정품_18,690","정품_18,690"
7445836,XTRA 지니-107,"44,800","44,800","44,800","44,800","44,800","44,800","44,800","44,800","44,800","44,800","44,800","44,800","44,800"
18013958,XUKE B-3600,"82,750","82,750","82,750","82,750","82,750","82,750","82,750","82,750","82,750","82,750","82,750","82,750","82,750"
2884265,XUKE B3500,"92,120","92,120","92,120","92,120","92,120","92,120","92,120","92,120","92,120","92,120","92,120","94,070","94,070"
122660193,Xdobo X8 AIR,"해외구매_43,770","해외구매_44,310","해외구매_43,760","해외구매_43,760","해외구매_43,700","해외구매_43,700","해외구매_43,700","해외구매_43,700","해외구매_43,700","해외구매_43,700","해외구매_43,700","해외구매_43,700","해외구매_43,700"
54328694,ZEALOT S49 PRO,"해외구매_34,940","해외구매_34,940","해외구매_34,600","해외구매_34,600","해외구매_34,560","해외구매_34,560","해외구매_34,560","해외구매_34,560","해외구매_34,560","해외구매_34,560","해외구매_34,560","해외구매_34,560","해외구매_34,560"
13462664,ZEALOT S51,"해외구매_33,620","해외구매_33,620","해외구매_33,620","해외구매_33,620","해외구매_33,620","해외구매_33,620","해외구매_33,620","해외구매_33,620","해외구매_33,620","해외구매_33,620","해외구매_33,620","해외구매_33,620","해외구매_33,620"
54328736,ZEALOT S51 PRO,"해외구매_51,600","해외구매_51,600","해외구매_51,600","해외구매_51,600","해외구매_51,600","해외구매_51,600","해외구매_51,600","해외구매_51,600","해외구매_51,600","해외구매_51,600","해외구매_51,600","해외구매_51,600","해외구매_51,600"
54328580,ZEALOT S56,"해외구매_49,610","해외구매_49,610","해외구매_49,610","해외구매_49,610","해외구매_49,610","해외구매_49,610","해외구매_49,610","해외구매_49,610","해외구매_49,610","해외구매_49,610","해외구매_49,610","해외구매_49,610","해외구매_49,610"
59086082,ZEALOT S97,"해외구매_88,290","해외구매_88,290","해외구매_87,450","해외구매_87,450","해외구매_100,950","해외구매_100,950","해외구매_100,950","해외구매_100,950","해외구매_100,950","해외구매_100,950","해외구매_100,950","해외구매_100,950","해외구매_100,950"
28461368,ZealSound K66,"해외구매_29,340","해외구매_29,340","해외구매_29,490","해외구매_29,480","해외구매_29,480","해외구매_29,480","해외구매_29,490","해외구매_29,490","해외구매_29,490","해외구매_29,490","해외구매_29,490","해외구매_29,490","해외구매_29,490"
7878067,Zizzy CMP-3000U SIGNAL,"24,500","24,500","24,500","24,500","24,500","24,500","24,500","24,500","24,500","24,500","24,500","24,500","24,500"
15831359,Zyon Z-BAR20,"정품_17,800","정품_17,800","정품_17,800","정품_17,800","정품_17,800","정품_17,800","정품_17,800","정품_17,800","정품_17,800","정품_17,800","정품_17,800","정품_17,800","정품_17,800"
3981772,awei Y200,"42,700","42,700","42,700","42,700","42,700","42,700","42,700","42,700","42,700","42,700","42,700","42,700","42,700"
103177472,darkFlash darkFlash CanX 블루투스 포터블 스피커,"정품_218,000","정품_218,000","정품_218,000","정품_218,000","정품_218,000","정품_218,000","정품_218,000","정품_218,000","정품_218,000","정품_218,000","정품_213,000","정품_157,500","정품_218,000"
93565574,darkFlash 오페라-5,"정품_35,650","정품_35,650","정품_35,650","정품_35,650","정품_35,650","정품_35,650","정품_35,650","정품_35,650","정품_35,650","정품_35,650","정품_35,650","정품_35,650","정품_35,650"
5229504,hmlink 블루팟,"정품_30,910","정품_30,910","정품_30,910","정품_30,910","정품_30,910","정품_30,910","정품_30,910","정품_30,910","정품_30,910","정품_30,910","정품_30,910","정품_30,910","정품_30,910"
10000374,iLuv 모닝콜2,"정품_16,900","정품_16,900","정품_16,900","정품_16,900","정품_16,900","정품_16,900","정품_16,900","정품_16,900","정품_16,900","정품_16,900","정품_16,900","정품_16,900","정품_16,900"
3130791,jarre AeroSkull Nano,"정품_65,000","정품_65,000","정품_65,000","정품_65,000","정품_65,000","정품_65,000","정품_65,000","정품_65,000","정품_65,000","정품_65,000","정품_65,000","정품_65,000","정품_65,000"
4463361,vifa Oslo,"정품_840,000","정품_840,000","정품_840,000","정품_840,000","정품_840,000","정품_840,000","정품_840,000","정품_840,000","정품_840,000","정품_840,000","정품_840,000","정품_840,000","정품_840,000"
5798509,vifa 레이캬비크,"정품_390,000","정품_390,000","정품_390,000","정품_390,000","정품_390,000","정품_390,000","정품_322,050","정품_322,050","정품_322,050","정품_322,050","정품_322,050","정품_322,050","정품_322,050"
9783450,vifa 시티,"정품_224,860","정품_224,860","정품_224,860","정품_224,860","정품_224,860","정품_224,860","정품_224,860","정품_224,860","정품_224,860","정품_224,860","정품_224,860","정품_224,860","정품_224,860"
6704455,vifa 코펜하겐 2.0,"정품_1,360,000|해외구매_1,525,500","정품_1,360,000|해외구매_1,525,500","정품_1,360,000|해외구매_1,525,500","정품_1,360,000|해외구매_1,525,500","정품_1,360,000|해외구매_1,525,500","정품_1,360,000|해외구매_1,525,500","정품_1,360,000|해외구매_1,525,500","정품_1,360,000|해외구매_1,525,500","정품_1,360,000|해외구매_1,525,500","정품_1,360,000|해외구매_1,525,500","정품_1,360,000|해외구매_1,525,500","정품_1,360,000|해외구매_1,525,500","정품_1,360,000|해외구매_1,525,500"
3388292,vifa 헬싱키,"정품_616,000|해외구매_546,600","정품_616,000|해외구매_546,600","정품_616,000|해외구매_541,860","정품_616,000|해외구매_541,860","정품_616,000|해외구매_541,280","정품_616,000|해외구매_541,280","정품_616,000|해외구매_541,280","정품_616,000|해외구매_541,280","정품_616,000|해외구매_541,280","정품_616,000|해외구매_541,280","정품_616,000|해외구매_541,280","정품_616,000|해외구매_541,280","정품_616,000|해외구매_541,280"
11753927,가우넷 OH-HO S10,"29,800","29,800","29,800","29,800","28,800","28,800","28,800","28,800","28,800","28,800","28,800","28,800","28,800"
6313658,가우넷 OH-HO S30,"43,920","43,920","43,920","43,920","43,920","43,920","43,920","43,920","43,920","43,920","43,920","43,920","43,920"
9556251,강원전자 NETmate NM-BC03,"46,500","46,500","46,500","46,500","46,500","46,500","46,500","46,500","46,500","46,500","46,500","46,500","46,500"
9557034,강원전자 NETmate NM-BC04,"38,400","38,400","38,400","38,400","38,400","38,400","38,400","38,400","38,400","38,400","38,400","38,400","38,400"
9561039,강원전자 NETmate NM-BC05,"29,490","29,490","29,490","29,170","29,490","29,500","29,500","29,490","29,490","29,490","29,490","29,490","29,490"
9561372,강원전자 NETmate NM-BC06,"9,590","9,590","9,590","9,590","9,590","9,590","9,590","9,590","9,590","9,590","9,590","9,590","9,590"
67681736,강원전자 NETmate NM-SWS71 PCI Express 7.1,"정품_50,350","정품_52,800","정품_50,600","정품_50,590","정품_50,590","정품_50,590","정품_50,590","정품_51,690","정품_51,690","정품_51,690","정품_51,690","정품_56,440","정품_56,440"
1570288,강원전자 NETmate Sound Box M-330 7.1,"정품_43,380","정품_43,380","정품_43,380","정품_43,380","정품_43,380","정품_43,380","정품_43,380","정품_43,380","정품_43,380","정품_43,380","정품_43,380","정품_43,380","정품_43,380"
10436400,건평정보통신 IPLEX IPBS-RGBK100,"정품_17,800","정품_17,800",0,0,0,0,0,0,0,0,0,0,0
13651289,건평정보통신 IPLEX IPBS-RGBK300,"정품_18,450","정품_18,450",0,0,0,0,0,0,0,0,0,0,0
11322645,건평정보통신 IPLEX KP-S1000,"USB전원_9,430|AC전원_20,100","USB전원_9,430|AC전원_20,100","USB전원_9,430|AC전원_20,100","USB전원_9,430|AC전원_20,100","USB전원_9,430|AC전원_20,100","USB전원_9,430|AC전원_20,100","USB전원_9,430|AC전원_20,100","USB전원_9,430|AC전원_20,100","USB전원_9,430|AC전원_20,100","USB전원_9,430|AC전원_20,100","USB전원_9,430|AC전원_20,100","USB전원_9,430|AC전원_20,100","USB전원_9,430|AC전원_20,100"
4714598,건평정보통신 IPLEX KP-SPK200U USB,"정품_4,000","정품_4,000","정품_4,000","정품_4,000","정품_4,000","정품_7,120","정품_7,120","정품_7,120","정품_7,120","정품_7,120","정품_7,510","정품_7,120","정품_7,120"
94095692,공중부양 회전 우주인 스피커,"해외구매_124,000","해외구매_124,000","해외구매_124,000","해외구매_124,000","해외구매_124,000","해외구매_124,000","해외구매_124,000","해외구매_124,000","해외구매_124,000","해외구매_124,000","해외구매_124,000","해외구매_124,000","해외구매_124,000"
21436373,그라바스타 MARS PRO,"정품_270,300","정품_270,300","정품_270,300","정품_270,300","정품_270,300","정품_270,300","정품_270,300","정품_270,300","정품_270,300","정품_270,300","정품_270,300","정품_270,300","정품_270,300"
21436550,그라바스타 MARS PRO DAMAGED YELLOW,"정품_390,000","정품_390,000","정품_390,000","정품_390,000","정품_390,000","정품_390,000","정품_390,000","정품_390,000","정품_390,000","정품_390,000","정품_390,000","정품_390,000","정품_390,000"
20104487,그라바스타 Supernova,"해외구매_202,162|정품_232,200","해외구매_202,162|정품_232,200","해외구매_202,162|정품_232,200","해외구매_202,162|정품_222,200","해외구매_202,162|정품_222,200","해외구매_202,162|정품_222,200","해외구매_201,289|정품_222,200","해외구매_201,289|정품_222,200","해외구매_200,407|정품_222,200","해외구매_200,407|정품_222,200","해외구매_200,398|정품_222,200","해외구매_199,966|정품_222,200","해외구매_199,966|정품_222,200"
14227538,그라바스타 Venus,"정품_129,000","정품_129,000","정품_129,000","정품_129,000","정품_129,000","정품_129,000","정품_129,000","정품_129,000","정품_129,000","정품_129,000","정품_129,000","정품_129,000","정품_129,000"
5431653,나오테크 NAO-3010 화분 스피커,0,0,"정품_13,500","정품_13,500","정품_13,500","정품_13,500","정품_13,500","정품_13,500","정품_13,500","정품_13,500","정품_13,500","정품_13,500","정품_13,500"
2886312,네임 Mu-so,"정품_1,818,000","정품_1,818,000","정품_1,811,830","정품_1,811,830","정품_1,811,830","정품_1,811,830","정품_1,811,830","정품_1,811,830","정품_1,811,830","정품_1,811,830","정품_1,811,830","정품_1,811,830","정품_1,811,830"
75542030,네임 Mu-so 2 벤틀리 SE,"해외구매_4,705,400","해외구매_4,705,400","해외구매_4,705,400","해외구매_4,705,400","해외구매_4,705,400","해외구매_4,705,400","해외구매_4,705,400","해외구매_4,705,400","해외구매_4,705,400","해외구매_4,705,400","해외구매_4,705,400","해외구매_4,705,400","해외구매_4,705,400"
31306979,네임 Mu-so 2 우드 에디션,"해외구매_4,290,700","해외구매_4,290,700","해외구매_4,290,700","해외구매_4,290,700","해외구매_4,290,700","해외구매_4,290,700","해외구매_4,290,700","해외구매_4,290,700","해외구매_4,290,700","해외구매_4,290,700","해외구매_4,290,700","해외구매_4,290,700","해외구매_4,290,700"
8078722,네임 Mu-so 2세대,"정품_2,100,000|해외구매_2,167,900","정품_2,100,000|해외구매_2,167,900","정품_2,100,000|해외구매_2,167,900","정품_2,100,000|해외구매_2,167,900","정품_2,100,000|해외구매_2,167,900","정품_2,100,000|해외구매_2,167,900","정품_2,100,000|해외구매_2,167,900","정품_2,100,000|해외구매_2,167,900","정품_2,100,000|해외구매_2,167,900","정품_2,097,000|해외구매_2,167,900","정품_2,097,000|해외구매_2,167,900","정품_2,100,000|해외구매_2,167,900","정품_2,100,000|해외구매_2,167,900"
10556763,네임 Mu-so Qb 2세대,"해외구매_2,136,000","해외구매_2,136,000","해외구매_2,136,000","해외구매_2,136,000","해외구매_2,136,000","해외구매_2,136,000","해외구매_2,136,000","해외구매_2,136,000","해외구매_2,136,000","해외구매_2,136,000","해외구매_2,136,000","해외구매_2,136,000","해외구매_2,136,000"
2881269,넥스트 NEXT-BT21S,"정품_12,100","정품_12,100",0,0,"정품_12,100","정품_12,100","정품_12,100","정품_12,100","정품_12,100","정품_12,100","정품_12,100","정품_12,100","정품_12,100"
13250636,노벨뷰 NV123,"블랙_85,000|화이트_48,590","블랙_85,000|화이트_48,590","블랙_85,000|화이트_48,590","블랙_85,000|화이트_48,590","블랙_85,000|화이트_48,590","블랙_85,000|화이트_48,590","블랙_85,000|화이트_48,590","블랙_85,000|화이트_48,820","블랙_85,000|화이트_48,820","블랙_85,000|화이트_48,820","블랙_85,000|화이트_48,760","블랙_85,000|화이트_48,730","블랙_85,000|화이트_48,730"
8330043,다날엔터테인먼트 달콤파티 DKPB-300,"정품_187,000","정품_187,000","정품_187,000","정품_187,000","정품_187,000","정품_187,000","정품_187,000","정품_187,000","정품_187,000","정품_187,000","정품_187,000","정품_187,000","정품_187,000"
100191089,단미 오로라 스피커 DA-MBT01,"정품_39,300","정품_39,300","정품_39,300","정품_38,800","정품_38,800","정품_38,800","정품_38,800","정품_38,800","정품_34,800","정품_34,800","정품_34,800","정품_34,800","정품_34,800"
16253330,달리 KATCH G2,"정품_464,070|중고_399,700|해외구매_740,000","정품_464,070|중고_399,700|해외구매_740,000","정품_464,070|중고_399,700|해외구매_740,000","정품_464,070|중고_399,700|해외구매_740,000","정품_464,070|중고_399,700|해외구매_740,000","정품_464,070|중고_399,700|해외구매_740,000","정품_464,070|중고_399,700|해외구매_740,000","정품_464,070|중고_399,700|해외구매_740,000","정품_464,070|중고_399,700|해외구매_740,000","정품_464,070|중고_399,700|해외구매_740,000","정품_464,070|중고_399,700|해외구매_740,000","정품_464,070|중고_399,700|해외구매_740,000","정품_464,070|중고_399,700|해외구매_740,000"
6025861,달리 Katch,0,0,"해외구매_500,350","해외구매_500,350","해외구매_500,350","해외구매_500,350","해외구매_500,350","해외구매_500,350","해외구매_500,350","해외구매_500,350","해외구매_500,350","해외구매_500,350","해외구매_500,350"
6039432,대원TMT DW-USOUND USB 사운드카드,"정품_1,620","정품_1,620","정품_1,620","정품_1,620","정품_1,620","정품_1,620","정품_1,620","정품_1,620","정품_1,620","정품_1,620","정품_1,620","정품_1,620","정품_1,620"
18534902,더블유아이 카카오프렌즈 블루투스 턴테이블 스피커 XDB-SK1,"라이언_45,000|어피치_45,000","라이언_45,000|어피치_45,000","라이언_45,000|어피치_45,000","라이언_45,000|어피치_45,000","라이언_45,000|어피치_45,000","라이언_45,000|어피치_45,000","라이언_45,000|어피치_45,000","라이언_45,000|어피치_45,000","라이언_45,000|어피치_45,000","라이언_43,000|어피치_43,000","라이언_43,000|어피치_43,000","라이언_45,000|어피치_45,000","라이언_45,000|어피치_45,000"
28132499,더하우스오브말리 Get Together 2 EM-JA030,"정품_299,000","정품_299,000","정품_299,000","정품_299,000","정품_299,000","정품_299,000","정품_299,000","정품_299,000","정품_299,000","정품_299,000","정품_299,000","정품_299,000","정품_299,000"
28132316,더하우스오브말리 Get Together 2 Mini EM-JA021,"정품_117,810|해외구매_59,150","정품_119,000|해외구매_59,150","정품_119,000|해외구매_59,150","정품_119,000|해외구매_59,150","정품_119,000|해외구매_59,150","정품_119,000|해외구매_59,150","정품_119,000|해외구매_59,150","정품_119,000|해외구매_59,150","정품_119,000|해외구매_59,150","정품_119,000|해외구매_59,150","정품_119,000|해외구매_59,150","정품_119,000|해외구매_59,150","정품_119,000|해외구매_59,150"
2741076,데논 Envaya DSB-200,"정품_242,970","정품_242,970","정품_242,970","정품_242,970","정품_242,970","정품_242,970","정품_242,970","정품_242,970","정품_242,970","정품_242,970","정품_242,970","정품_242,970","정품_242,970"
2981123,데논 Envaya Mini DSB-100,"정품_173,550","정품_173,550","정품_173,550","정품_173,550","정품_173,550","정품_173,550","정품_172,970","정품_172,970","정품_172,970","정품_172,970","정품_172,970","정품_172,970","정품_173,550"
13002323,데논 HOME250,"정품_600,000|해외구매_476,040","정품_600,000|해외구매_476,040","정품_600,000|해외구매_476,040","정품_600,000|해외구매_476,040","정품_600,000|해외구매_476,040","정품_600,000|해외구매_476,040","정품_600,000|해외구매_476,040","정품_600,000|해외구매_476,040","정품_600,000|해외구매_476,040","정품_600,000|해외구매_476,040","정품_600,000|해외구매_476,040","정품_600,000|해외구매_476,040","정품_600,000|해외구매_476,040"
13003556,데논 HOME350,"해외구매_645,790","해외구매_645,790","해외구매_645,790","해외구매_645,790","해외구매_645,790","해외구매_645,790","해외구매_645,790","해외구매_645,790","해외구매_645,790","해외구매_645,790","해외구매_645,790","해외구매_645,790","해외구매_645,790"
122723871,데논 HOME600,"정품_948,990","정품_948,990","정품_948,990","정품_948,990","정품_948,990","정품_948,990","정품_948,990","정품_948,990","정품_948,990","정품_948,990","정품_948,990","정품_948,990","정품_948,990"
75542144,데논 Home 150NV,"정품_279,000|해외구매_270,280","정품_279,000|해외구매_270,280","정품_279,000|해외구매_270,280","정품_279,000|해외구매_270,280","정품_279,000|해외구매_270,280","정품_279,000|해외구매_270,280","정품_279,000|해외구매_270,280","정품_279,000|해외구매_270,280","정품_279,000|해외구매_270,280","정품_279,000|해외구매_270,280","정품_279,000|해외구매_270,280","정품_279,000|해외구매_270,280","정품_279,000|해외구매_270,280"
13002932,데논 Home150,"정품_320,000|해외구매_312,210","정품_320,000|해외구매_320,620","정품_320,000|해외구매_320,620","정품_320,000|해외구매_320,620","정품_320,000|해외구매_320,620","정품_325,500|해외구매_320,620","정품_329,000|해외구매_320,980","정품_329,000|해외구매_318,910","정품_329,000|해외구매_318,550","정품_329,000|해외구매_323,490","정품_329,000|해외구매_323,490","정품_329,000|해외구매_323,490","정품_329,000|해외구매_323,850"
4418602,데이비드테크 엔보우 Rainbow,"정품_14,890","정품_14,890","정품_14,890","정품_14,890","정품_14,890","정품_14,890","정품_14,890","정품_14,890","정품_14,890","정품_14,890","정품_14,890","정품_14,890","정품_14,890"
25329239,도어스 미라클엠 더씽 M41,"18,900","18,900","18,900","18,900","18,900","18,900","18,900","18,900","18,900","18,900","18,900","18,900","18,900"
25334642,도어스 미라클엠 더씽 M61,"64,800","64,800","64,800","64,800","64,800","64,800","64,800","64,800","64,800","64,800","64,800","64,800","64,800"
28366478,도어스 미라클엠 더씽 M80SE,"정품_29,900|중고_21,960","정품_29,900|중고_21,960","정품_29,900|중고_21,960","정품_29,900|중고_21,960","정품_29,900|중고_20,780","정품_29,900|중고_20,780","정품_29,900|중고_20,780","정품_29,900|중고_20,780","정품_29,900|중고_20,780","정품_19,900|중고_20,780","정품_19,900|중고_20,850","정품_19,900|중고_20,720","정품_19,900|중고_20,730"
6401512,드림웨이브 BUBBLE PODS,"정품_48,990","정품_48,990","정품_48,990","정품_48,990","정품_48,990","정품_48,990","정품_48,990","정품_48,990","정품_48,990","정품_48,990","정품_48,990","정품_48,990","정품_48,990"
28367810,드림웨이브 ELEMENTAL,"정품_229,000","정품_229,000","정품_229,000","정품_229,000","정품_229,000","정품_229,000","정품_229,000","정품_229,000","정품_229,000","정품_229,000","정품_229,000","정품_229,000","정품_229,000"
9937293,드림웨이브 EXPLORER,"238,000","238,000","238,000","238,000","238,000","238,000","238,000","238,000","238,000","238,000","238,000","238,000","238,000"
6126340,드림웨이브 VENTURE,"74,900","74,900","74,900","74,900","74,900","74,900","74,900","74,900","74,900","74,900","74,900","74,900","74,900"
18541715,드비알레 MANIA,"본품, 정품_1,590,000|무선충전크래들 포함, 정품_1,590,000|본품, 해외구매_1,370,000","본품, 정품_1,590,000|무선충전크래들 포함, 정품_1,590,000|본품, 해외구매_1,370,000","본품, 정품_1,590,000|무선충전크래들 포함, 정품_1,590,000|본품, 해외구매_1,370,000","본품, 정품_1,590,000|무선충전크래들 포함, 정품_1,590,000|본품, 해외구매_1,370,000","본품, 정품_1,590,000|무선충전크래들 포함, 정품_1,590,000|본품, 해외구매_1,370,000","본품, 정품_1,590,000|무선충전크래들 포함, 정품_1,590,000|본품, 해외구매_1,370,000","본품, 정품_1,590,000|무선충전크래들 포함, 정품_1,590,000|본품, 해외구매_1,370,000","본품, 정품_1,590,000|무선충전크래들 포함, 정품_1,590,000|본품, 해외구매_1,370,000","본품, 정품_1,590,000|무선충전크래들 포함, 정품_1,590,000|본품, 해외구매_1,370,000","본품, 정품_1,590,000|무선충전크래들 포함, 정품_1,590,000|본품, 해외구매_1,370,000","본품, 정품_1,590,000|무선충전크래들 포함, 정품_1,590,000|본품, 해외구매_1,370,000","본품, 정품_1,590,000|무선충전크래들 포함, 정품_1,590,000|본품, 해외구매_1,370,000","본품, 정품_1,590,000|무선충전크래들 포함, 정품_1,590,000|본품, 해외구매_1,370,000"
18542033,드비알레 MANIA GOLD OPERA,"정품_1,690,000|해외구매_2,079,000","정품_1,690,000|해외구매_2,079,000","정품_1,690,000|해외구매_2,079,000","정품_1,690,000|해외구매_2,079,000","정품_1,690,000|해외구매_2,079,000","정품_1,690,000|해외구매_2,079,000","정품_1,690,000|해외구매_2,079,000","정품_1,690,000|해외구매_2,079,000","정품_1,690,000|해외구매_2,079,000","정품_1,690,000|해외구매_2,079,000","정품_1,690,000|해외구매_2,079,000","정품_1,690,000|해외구매_2,079,000","정품_1,690,000|해외구매_2,079,000"
14599334,드비알레 팬텀 I 103dB,"정품_2,814,560|+ 트리 스탠드_3,426,080|+ 트리포드 스탠드_3,316,320","정품_2,814,560|+ 트리 스탠드_3,426,080|+ 트리포드 스탠드_3,316,320","정품_2,814,560|+ 트리 스탠드_3,426,080|+ 트리포드 스탠드_3,316,320","정품_2,814,560|+ 트리 스탠드_3,426,080|+ 트리포드 스탠드_3,316,320","정품_2,814,560|+ 트리 스탠드_3,426,080|+ 트리포드 스탠드_3,316,320","정품_2,814,560|+ 트리 스탠드_3,426,080|+ 트리포드 스탠드_3,316,320","정품_2,814,560|+ 트리 스탠드_3,426,080|+ 트리포드 스탠드_3,316,320","정품_2,814,560|+ 트리 스탠드_3,426,080|+ 트리포드 스탠드_3,316,320","정품_2,814,560|+ 트리 스탠드_3,426,080|+ 트리포드 스탠드_3,316,320","정품_2,814,560|+ 트리 스탠드_3,426,080|+ 트리포드 스탠드_3,316,320","정품_2,814,560|+ 트리 스탠드_3,426,080|+ 트리포드 스탠드_3,316,320","정품_2,814,560|+ 트리 스탠드_3,426,080|+ 트리포드 스탠드_3,316,320","정품_2,814,560|+ 트리 스탠드_3,426,080|+ 트리포드 스탠드_3,316,320"
55454399,드비알레 팬텀 I 108dB,"해외구매_4,823,460","해외구매_4,823,460","해외구매_4,823,460","해외구매_4,823,460","해외구매_4,823,460","해외구매_4,823,460","해외구매_4,823,460","해외구매_4,823,460","해외구매_4,823,460","해외구매_4,823,460","해외구매_4,823,460","해외구매_4,823,460","해외구매_4,823,460"
75855536,드비알레 팬텀 l 108dB 오페라 드 파리스,"해외구매_6,587,910","해외구매_6,587,910","해외구매_6,587,910","해외구매_6,587,910","해외구매_6,587,910","해외구매_6,587,910","해외구매_6,587,910","해외구매_6,587,910","해외구매_6,587,910","해외구매_6,587,910","해외구매_6,587,910","해외구매_6,587,910","해외구매_6,587,910"
46887674,드비알레 팬텀 ll 900,"해외구매_2,463,150","해외구매_2,463,150","해외구매_2,476,880","해외구매_2,476,880","해외구매_2,476,880","해외구매_2,476,880","해외구매_2,476,880","해외구매_2,476,880","해외구매_2,476,880","해외구매_2,476,880","해외구매_2,457,730","해외구매_2,457,730","해외구매_2,457,730"
101541680,드비알레 팬텀 얼티밋 98dB,"정품_2,940,000","정품_2,940,000","정품_2,940,000","정품_2,940,000","정품_2,940,000","정품_2,940,000","정품_2,940,000","정품_2,940,000","정품_2,940,000","정품_2,940,000","정품_2,940,000","정품_2,940,000","정품_2,940,000"
10780449,디붐 DITOO,"해외구매_101,300","해외구매_101,300","해외구매_101,300","해외구매_101,300","해외구매_101,300","해외구매_101,300","해외구매_101,300","해외구매_101,300","해외구매_101,300","해외구매_101,300","해외구매_101,300","해외구매_101,300","해외구매_101,300"
19938917,디붐 DITOO PRO,"정품_91,920|중고_65,000|해외구매_88,790","정품_91,920|중고_65,000|해외구매_89,010","정품_90,860|중고_65,000|해외구매_89,010","정품_90,860|중고_65,000|해외구매_89,010","정품_90,860|중고_65,000|해외구매_89,010","정품_90,860|중고_65,000|해외구매_89,010","정품_91,920|중고_65,000|해외구매_89,010","정품_91,920|중고_65,000|해외구매_89,010","정품_91,920|중고_65,000|해외구매_89,010","정품_91,920|중고_65,000|해외구매_89,010","정품_91,920|중고_65,000|해외구매_89,010","정품_91,920|중고_65,000|해외구매_89,010","정품_91,920|중고_65,000|해외구매_89,010"
77208986,디붐 Tiivoo 2,"정품_88,000|해외구매_70,110","정품_88,000|해외구매_70,110","정품_88,000|해외구매_69,440","정품_88,000|해외구매_69,440","정품_88,000|해외구매_68,780","정품_88,000|해외구매_68,780","정품_88,000|해외구매_68,700","정품_88,000|해외구매_68,700","정품_88,000|해외구매_68,700","정품_88,000|해외구매_68,700","정품_88,000|해외구매_68,700","정품_88,000|해외구매_68,700","정품_88,000|해외구매_68,700"
5898961,디붐 타임박스 미니,"해외구매_59,300","해외구매_59,300","해외구매_59,300","해외구매_59,300","해외구매_59,300","해외구매_59,300","해외구매_59,300","해외구매_59,300","해외구매_59,300","해외구매_59,300","해외구매_59,300","해외구매_59,300","해외구매_59,300"
17682335,디알고 BS103,"정품_18,500","정품_18,500","정품_18,500","정품_18,500","정품_18,500","정품_18,500","정품_18,500","정품_18,500","정품_18,500","정품_18,500","정품_18,500","정품_18,500","정품_18,500"
15810677,디알고 BT-RGB2CH,"정품_24,190","정품_24,190","정품_24,190","정품_24,190","정품_24,190","정품_24,190","정품_24,190","정품_24,190","정품_24,190","정품_24,190","정품_24,190","정품_24,190","정품_24,190"
17949794,디알고 BT-RGBT1,"44,500","44,500","44,500","44,500","44,500","44,500","44,500","44,500","44,500","44,500","44,500","44,500","44,500"
17380154,디알고 BT7RGB,"29,900","29,900","29,900","29,900","29,900","29,900","29,900","29,900","29,900","29,900","29,900","29,900","29,900"
14176337,디알고 DRGO-STM02NC,"정품_39,800","정품_39,800","정품_39,800","정품_39,800","정품_39,800","정품_39,800","정품_39,800","정품_39,800","정품_39,800","정품_39,800","정품_39,790","정품_39,790","정품_39,790"
17682011,디알고 RGB356,"정품_16,800","정품_16,800",0,0,0,0,0,0,0,0,0,0,0
17608631,디엠케이코리아 밸류엠 LED 랜턴 블루투스 스피커 BTS5200,"136,024","136,024","136,024","136,024","136,024","136,024","136,024","136,024","136,024","136,024","136,024","136,024","136,024"
27605015,디월트 DCR008,"정품_79,630|해외구매_106,980","정품_79,630|해외구매_106,980","정품_79,630|해외구매_106,980","정품_79,630|해외구매_106,980","정품_79,630|해외구매_106,980","정품_79,630|해외구매_106,980","정품_78,940|해외구매_106,980","정품_78,940|해외구매_106,980","정품_78,940|해외구매_106,980","정품_78,940|해외구매_106,980","정품_78,940|해외구매_106,980","정품_78,940|해외구매_106,980","정품_79,630|해외구매_106,980"
21159029,디월트 Jobsite Pro DXMA1901148,"정품_74,000|해외구매_104,490","정품_74,000|해외구매_104,490","정품_74,000|해외구매_104,490","정품_74,000|해외구매_104,490","정품_74,000|해외구매_104,490","정품_74,000|해외구매_104,490","정품_74,000|해외구매_104,490","정품_74,000|해외구매_104,490","정품_74,000|해외구매_104,490","정품_74,000|해외구매_104,490","정품_74,000|해외구매_104,490","정품_74,000|해외구매_104,490","정품_74,000|해외구매_104,490"
6057380,디자인 KMS-J100,"정품_11,880","정품_11,880","정품_11,880","정품_11,880","정품_11,880","정품_11,880","정품_11,880","정품_11,880","정품_11,880","정품_11,880","정품_11,880","정품_11,880","정품_11,880"
5829013,디자인 잭슨 KMS-J210,"정품_154,400","정품_154,400","정품_154,400","정품_154,400","정품_154,400","정품_154,400","정품_154,400","정품_154,400","정품_154,400","정품_154,400","정품_154,400","정품_154,400","정품_154,400"
2284839,디지클럽 QNIX QS-1000U,"정품_3,842","정품_3,842","정품_3,842","정품_3,842","정품_3,842","정품_3,842","정품_3,842","정품_3,842","정품_3,842","정품_3,842","정품_3,842","정품_3,842","정품_3,842"
5888051,디지클럽 QNIX QS-3000U,"정품_4,310","정품_4,310","정품_4,300","정품_4,300","정품_4,300","정품_4,300","정품_4,300","정품_4,300","정품_4,300","정품_4,300","정품_4,160","정품_4,160","정품_4,160"
6804277,디지클럽 QS-2000,"12,140","12,140","12,140","12,140","12,140","12,140","12,140","12,140","12,140","12,140","12,140","12,140","12,140"
2277424,디지클럽 Qnix QS-130U,"정품_3,783","정품_3,783","정품_3,783","정품_3,783","정품_3,783","정품_3,783","정품_3,783","정품_3,783","정품_3,783","정품_3,783","정품_3,783","정품_3,783","정품_3,783"
2710176,디지탈그리고나 e-STAR ES-X3,"9,890","9,890","9,890","9,890","9,890","9,890","9,890","9,890","9,890","9,890","9,890","9,890","9,890"
27573191,디지털벤투스 산리오 마이멜로디 쿠로미 턴테이블 블루투스 스피커 F12185,"100,130","100,130","100,130","100,130","100,130","100,130","100,130","100,130","100,130","100,130","100,130","100,130","100,130"
21235457,디지털케미 DCB-U1,0,0,0,0,0,0,0,0,0,0,0,0,"정품_6,980"
3986608,디코엔터테인먼트 CWM-101,"정품_55,020","정품_55,020","정품_55,020","정품_55,020","정품_55,020","정품_55,020","정품_55,020","정품_55,020","정품_55,020","정품_55,020","정품_55,020","정품_55,020","정품_55,020"
3986739,디코엔터테인먼트 CWM-102,"정품_9,410","정품_9,410","정품_9,410","정품_9,410","정품_9,410","정품_9,410","정품_9,410","정품_9,410","정품_9,410","정품_9,410","정품_9,410","정품_9,410","정품_9,410"
4081863,디코엔터테인먼트 CWM-103,"정품_12,890","정품_12,890","정품_12,890","정품_12,890","정품_12,890","정품_12,890","정품_12,890","정품_12,890","정품_12,890","정품_12,890","정품_12,890","정품_12,890","정품_12,890"
6956122,라미 RM-DB101,"39,790","39,790","39,790","39,790","39,790","39,790","39,790","39,790","39,790","39,790","39,790","39,790","39,790"
11781853,라부아뜨 LX,"정품_5,845,340","정품_5,845,340","정품_5,845,340","정품_5,845,340","정품_5,845,340","정품_5,845,340","정품_5,845,340","정품_5,845,340","정품_5,845,340","정품_5,845,340","정품_5,845,340","정품_5,845,340","정품_5,845,340"
6953308,라부아뜨 PR01,"정품_1,279,210|중고_1,033,120","정품_1,279,210|중고_1,035,000","정품_1,279,210|중고_1,033,120","정품_1,279,210|중고_1,035,000","정품_1,279,210|중고_1,012,500","정품_1,279,210|중고_1,012,500","정품_1,279,210|중고_847,300","정품_1,279,210|중고_847,300","정품_1,279,210|중고_847,300","정품_1,279,210|중고_847,300","정품_1,279,210|중고_847,300","정품_1,279,210|중고_847,300","정품_1,279,210|중고_847,300"
10948791,라부아뜨 큐브,"우디_2,650,000|코리안_2,649,990|오크트리_1,900,000","우디_2,650,000|코리안_2,649,990|오크트리_1,900,000","우디_2,650,000|코리안_2,649,990|오크트리_1,900,000","우디_2,650,000|코리안_2,649,990|오크트리_1,900,000","우디_2,650,000|코리안_2,649,990|오크트리_1,900,000","우디_2,650,000|코리안_2,649,990|오크트리_1,900,000","우디_2,650,000|코리안_2,649,990|오크트리_1,900,000","우디_2,650,000|코리안_2,649,990|오크트리_1,900,000","우디_2,650,000|코리안_2,649,990|오크트리_1,900,000","우디_2,650,000|코리안_2,649,990|오크트리_1,900,000","우디_2,650,000|코리안_2,649,990|오크트리_1,900,000","우디_2,650,000|코리안_2,649,990|오크트리_1,900,000","우디_2,650,000|코리안_2,649,990|오크트리_1,900,000"
11480646,라온 BT-SB1000,"정품_35,010","정품_35,010","정품_35,010","정품_35,010","정품_35,010","정품_35,010","정품_32,910","정품_32,910","정품_32,910","정품_32,910","정품_32,910","정품_32,910","정품_32,910"
52157633,라온 ITB-BTS2000,"29,800","29,800","29,800","29,800","29,800","29,800","29,800","29,800","29,800","29,800","29,800","29,800","29,800"
54325748,라이브박스 붐패드 BS2020B,"21,900","21,900","21,900","21,900","21,900","21,900","21,900","21,900","21,900","21,900","21,900","21,900","21,900"
16457942,라이트컴 COMS 7.1ch PCI Express 사운드 카드 SW231,"정품_65,080","정품_65,090","정품_65,090","정품_65,090","정품_65,090","정품_65,090","정품_65,090","정품_65,090","정품_65,090","정품_65,090","정품_64,590","정품_64,590","정품_64,590"
96258383,라이트컴 COMS BF476,"정품_20,750","정품_20,750","정품_20,750","정품_20,750","정품_20,750","정품_20,750","정품_20,750","정품_20,750","정품_20,790","정품_20,790","정품_20,790","정품_20,790","정품_20,790"
13570844,라이트컴 COMS BS135 사운드카드,"정품_2,410","정품_2,410","정품_2,410","정품_2,410","정품_2,410","정품_2,410","정품_2,410","정품_2,460","정품_2,460","정품_2,460","정품_2,460","정품_2,490","정품_2,490"
6930187,라이트컴 COMS BT116,"19,900","19,900","19,900","19,900","19,900","19,900","19,900","19,900","19,900","19,900","18,900","18,900","18,900"
18359411,라이트컴 COMS BT117,"18,850","18,850","19,900","19,900","19,900","19,900","19,900","19,900","19,900","19,900","19,900","19,900","19,900"
6902605,라이트컴 COMS BT122,"77,350","77,350","77,350","77,350","73,800","73,800","73,800","73,800","73,800","73,800","73,800","73,800","73,800"
16571705,라이트컴 COMS BT322,"정품_6,970","정품_6,970","정품_6,970","정품_6,970","정품_6,970","정품_6,970","정품_6,970","정품_6,970","정품_6,970","정품_6,970","정품_6,970","정품_6,970","정품_6,970"
14497535,라이트컴 COMS BT323 사운드카드,"정품_4,590","정품_4,690","정품_4,690","정품_4,690","정품_4,590","정품_4,600","정품_4,640","정품_4,640","정품_4,640","정품_4,640","정품_4,640","정품_4,690","정품_4,690"
91561439,라이트컴 COMS BT324,"정품_4,890","정품_4,890","정품_4,890","정품_4,890","정품_4,890","정품_4,880","정품_4,890","정품_4,890","정품_4,890","정품_4,890","정품_4,890","정품_4,890","정품_4,890"
14028839,라이트컴 COMS BT325 사운드카드,"정품_4,400","정품_4,400","정품_4,400","정품_4,400","정품_4,400","정품_4,400","정품_4,400","정품_4,400","정품_4,400","정품_4,400","정품_4,400","정품_4,400","정품_4,400"
6389644,라이트컴 COMS BT426,"정품_11,370","정품_11,370","정품_11,370","정품_11,370","정품_11,370","정품_11,370","정품_11,370","정품_11,620","정품_11,590","정품_11,590","정품_11,570","정품_11,570","정품_11,570"
11279262,라이트컴 COMS BT495,"정품_3,130","정품_3,120","정품_3,120","정품_3,120","정품_3,120","정품_3,120","정품_3,120","정품_3,180","정품_3,180","정품_3,180","정품_3,180","정품_3,220","정품_3,220"
13570553,라이트컴 COMS BT863 사운드카드,"정품_9,830","정품_9,820","정품_9,820","정품_9,820","정품_9,820","정품_9,820","정품_9,820","정품_10,040","정품_10,040","정품_10,040","정품_10,040","정품_10,050","정품_10,050"
6296166,라이트컴 COMS CH541,"38,700","38,700","38,700","38,700","38,700","38,700","38,700","38,700","38,700","38,700","38,700","38,700","38,700"
6296097,라이트컴 COMS CH542,"38,700","38,700","38,700","38,700","38,700","38,700","38,700","38,700","38,700","38,700","38,700","38,700","38,700"
6296142,라이트컴 COMS CH543,"38,700","38,700","38,700","38,700","38,700","38,700","38,700","38,700","38,700","38,700","38,700","38,700","38,700"
6482661,라이트컴 COMS CH544,"39,100","39,100","39,100","39,100","39,100","39,100","39,100","39,100","39,100","39,100","39,100","39,100","39,100"
6296079,라이트컴 COMS CH545,"38,700","38,700","38,700","38,700","38,700","38,700","38,700","38,700","38,700","38,700","38,700","38,700","38,700"
6296025,라이트컴 COMS CH546,"38,700","38,700","38,700","38,700","38,700","38,700","38,700","38,700","38,700","38,700","38,700","38,700","38,700"
6182277,라이트컴 COMS CH559,"17,290","17,290","17,290","17,290","17,290","17,290","17,290","17,290","17,290","17,290","17,290","17,290","17,290"
6182328,라이트컴 COMS CH560,"17,500","17,500","17,500","17,500","17,500","17,500","17,500","17,500","17,500","17,500","17,500","17,500","17,500"
6182340,라이트컴 COMS CH568,"29,000","29,000","29,000","29,000","29,000","29,000","29,000","29,000","29,000","29,000","29,000","29,000","29,000"
6182357,라이트컴 COMS CH569,"18,810","18,810","18,810","18,810","18,810","18,810","18,810","18,810","18,810","18,810","18,810","18,810","18,810"
6975052,라이트컴 COMS EF122,"11,370","11,370","11,370","11,370","11,370","11,370","11,370","11,490","11,490","11,490","11,430","11,410","11,410"
6975268,라이트컴 COMS EF123,"11,590","11,590","11,590","11,590","11,590","11,600","11,600","11,600","11,600","11,600","11,600","11,600","11,600"
16969367,라이트컴 COMS EQ816,"37,200","37,200","37,200","37,200","37,200","37,200","37,200","37,200","37,200","37,200","37,200","37,200","37,200"
20077145,라이트컴 COMS GS559,"정품_20,800","정품_20,800","정품_20,800","정품_20,800","정품_20,800","정품_20,800","정품_20,800","정품_20,800","정품_20,800","정품_20,800","정품_20,800","정품_20,800","정품_20,800"
27791264,라이트컴 COMS HA005,"정품_21,250","정품_21,250","정품_21,250","정품_21,250","정품_21,250","정품_21,250","정품_21,250","정품_21,250","정품_21,250","정품_21,250","정품_21,250","정품_21,250","정품_21,250"
122725222,라이트컴 COMS HT200,"40,920","40,920","40,920","40,920","40,920","40,920","40,920","40,920","44,200","44,200","44,200","44,200","44,200"
14784605,라이트컴 COMS HT224,"32,390","32,380","32,360","32,360","32,340","32,320","32,300","32,280","32,270","32,270","32,270","32,270","32,270"
3831662,라이트컴 COMS IB894,"정품_39,190","정품_39,190","정품_39,190","정품_39,190","정품_39,190","정품_39,190","정품_39,190","정품_39,190","정품_39,190","정품_39,190","정품_39,190","정품_39,190","정품_39,190"
8000620,라이트컴 COMS ID600,"67,500","67,500","67,500","67,500","67,500","67,500","67,500","67,500","67,500","67,500","67,500","67,500","67,500"
15078986,라이트컴 COMS ID819,"64,500","64,500","64,500","64,500","64,500","64,500","64,500","64,500","64,500","64,500","64,500","64,500","64,500"
15078974,라이트컴 COMS ID819L,"63,850","63,850","63,850","63,850","63,850","63,850","63,850","63,850","63,850","63,850","63,850","63,850","63,850"
15081053,라이트컴 COMS ID819LU,"정품_69,000","정품_69,000","정품_69,000","정품_69,000","정품_69,000","정품_69,000","정품_69,000","정품_69,000","정품_69,000","정품_69,000","정품_69,000","정품_69,000","정품_69,000"
6497860,라이트컴 COMS KY203,"100,970","100,970","100,970","100,970","100,970","100,970","100,970","100,970","100,970","100,970","100,970","100,970","100,970"
8002294,라이트컴 COMS LY218,"16,960","16,960","16,960","16,960","16,960","16,960","16,960","16,960","16,960","16,960","16,960","16,960","16,960"
8002588,라이트컴 COMS LY219,"18,490","18,490","18,490","18,490","18,490","18,490","18,490","18,490","18,490","18,490","18,490","18,490","18,490"
17229380,라이트컴 COMS MT719,"35,870","35,870","35,870","35,870","35,870","35,870","35,870","35,870","35,870","35,870","35,870","35,870","35,870"
1832913,라이트컴 COMS NB520,"26,500","26,500","26,500","26,500","26,500","26,500","26,500","26,500","26,500","26,500","26,500","26,500","26,500"
9709545,라이트컴 COMS NS144,"55,010","55,010","55,010","55,010","55,010","55,010","55,010","55,010","55,010","55,010","55,010","55,010","55,010"
9709386,라이트컴 COMS NS145,0,0,"60,500","60,500","60,500","60,500","60,500","60,500","60,500","60,500","60,500","60,500","60,500"
9708789,라이트컴 COMS NS181,"15,460","15,470","15,470","15,690","9,390","9,390","9,390","9,390","9,390","9,390","9,390","9,390","9,390"
9709179,라이트컴 COMS NS182,"9,200","9,200","9,200","9,200","9,200","9,200","9,200","9,200","9,200","9,200","9,200","9,200","9,200"
1610994,라이트컴 COMS PMR-70,"정품_3,000","정품_3,000","정품_3,000","정품_2,990","정품_3,000","정품_3,000","정품_3,000","정품_3,000","정품_3,000","정품_3,000","정품_3,000","정품_3,000","정품_3,000"
68788217,라이트컴 COMS SP326,"6,130","6,130","6,130","6,130","6,130","6,130","6,130","6,130","6,130","6,130","6,130","6,130","6,130"
14173247,라이트컴 COMS SW692 사운드카드,"정품_16,020","정품_16,010","정품_16,020","정품_16,450","정품_16,020","정품_16,010","정품_16,360","정품_16,310","정품_16,310","정품_16,310","정품_16,310","정품_16,310","정품_16,310"
11921839,라이트컴 COMS TB168,"54,700","54,700","54,700","54,700","54,700","54,700","54,700","54,700","54,700","54,700","54,700","54,700","54,700"
12829682,라이트컴 COMS TB280,"15,000","15,000","15,000","14,990","15,000","15,000","15,000","15,000","15,000","15,000","15,000","15,000","15,000"
13311140,라이트컴 COMS TB316,"17,000","17,000","17,000","17,000","17,000","17,000","17,000","17,000","17,000","17,000","17,000","17,000","17,000"
16582229,라이트컴 COMS TB487,"정품_5,360","정품_5,360","정품_5,360","정품_5,360","정품_5,360","정품_5,360","정품_5,360","정품_5,360","정품_5,360","정품_5,360","정품_5,360","정품_5,360","정품_5,360"
90888863,라이트컴 COMS TB568,"정품_21,510","정품_21,510","정품_21,510","정품_21,510","정품_21,510","정품_21,510","정품_21,510","정품_21,510","정품_21,510","정품_21,510","정품_21,510","정품_21,510","정품_21,510"
21196289,라이트컴 COMS TB600,"40,000","40,000","40,000","40,000","40,000","40,000","40,000","40,000","38,810","38,810","38,810","38,810","38,810"
21196307,라이트컴 COMS TB700,"40,000","40,000","40,000","40,000","40,000","40,000","40,000","40,000","40,000","40,000","40,000","40,000","40,000"
55463339,라이트컴 COMS TB744,"정품_29,870","정품_29,870","정품_29,870","정품_29,870","정품_29,870","정품_29,870","정품_29,870","정품_29,870","정품_28,300","정품_29,870","정품_28,300","정품_28,300","정품_29,870"
1247110,라이트컴 COMS USB SOUND 5.1,"정품_22,930","정품_22,930","정품_22,930","정품_22,930","정품_22,930","정품_22,930","정품_22,930","정품_23,380","정품_23,380","정품_23,380","정품_23,290","정품_23,200","정품_23,180"
6504815,라이트컴 COMS USB to 3.5mm 오디오 컨버터 [BT320],"정품_7,220","정품_7,200","정품_7,120","정품_7,100","정품_7,020","정품_7,010","정품_7,010","정품_7,230","정품_7,170","정품_7,130","정품_7,040","정품_7,030","정품_7,030"
2496990,라이트컴 COMS USB 사운드카드 [U3627],"정품_4,660","정품_4,660","정품_4,660","정품_4,710","정품_3,300","정품_3,300","정품_3,300","정품_3,300","정품_3,300","정품_3,300","정품_3,300","정품_3,300","정품_3,300"
2496948,라이트컴 COMS USB 사운드카드 [U3632],"정품_2,960","정품_2,960","정품_2,960","정품_2,960","정품_2,960","정품_2,960","정품_2,960","정품_2,960","정품_2,960","정품_2,960","정품_2,960","정품_2,960","정품_2,960"
2496982,라이트컴 COMS USB 오디오 7.1 IT094,"정품_6,050","정품_6,050","정품_6,050","정품_6,050","정품_6,050","정품_6,050","정품_6,050","정품_6,170","정품_6,170","정품_6,170","정품_6,170","정품_6,170","정품_6,170"
70097489,라익미 레트로 모나코 블루투스 스피커 BR10,"정품_59,800","정품_59,800","정품_59,800","정품_59,800","정품_59,800","정품_59,800","정품_59,800","정품_59,800","정품_59,800","정품_59,800","정품_59,800","정품_59,800","정품_59,800"
13421594,라인업시스템 LANSTAR LS-EX51CH 사운드카드,"정품_18,990","정품_18,990","정품_18,990","정품_18,990","정품_18,990","정품_18,990","정품_18,990","정품_18,990","정품_18,990","정품_18,990","정품_18,990","정품_18,990","정품_18,990"
14438231,라인업시스템 LANSTAR LS-EX51CHN 사운드카드,"정품_14,190","정품_14,190","정품_14,190","정품_14,190","정품_14,190","정품_14,190","정품_14,190","정품_14,190","정품_14,190","정품_14,190","정품_14,190","정품_14,190","정품_14,190"
7441375,라인업시스템 LANSTAR LS-USOUND-7.1 사운드카드,"정품_2,800","정품_2,800","정품_2,800","정품_2,800","정품_2,800","정품_2,800","정품_2,800","정품_2,800","정품_2,800","정품_2,800","정품_2,800","정품_2,800","정품_2,800"
20405576,레노버 K3 Pro,"해외구매_9,570","해외구매_9,570","해외구매_9,570","해외구매_9,570","해외구매_9,570","해외구매_9,570","해외구매_9,570","해외구매_9,570","해외구매_9,570","해외구매_9,570","해외구매_9,570","해외구매_9,570","해외구매_9,570"
31318250,레노버 TS33,"해외구매_18,960","해외구매_18,960","해외구매_18,960","해외구매_18,960","해외구매_18,960","해외구매_18,960","해외구매_18,960","해외구매_18,960","해외구매_18,960","해외구매_18,960","해외구매_18,960","해외구매_18,960","해외구매_18,960"
15657104,레이니 F67 LIONHEART,"정품_323,840","정품_323,840","정품_323,840","정품_323,840","정품_323,840","정품_323,840","정품_323,840","정품_323,840","정품_323,840","정품_323,840","정품_323,840","정품_323,840","정품_323,840"
15657041,레이니 F67 SUPERGROUP,"정품_313,500","정품_313,500","정품_313,500","정품_313,500","정품_313,500","정품_313,500","정품_313,500","정품_313,500","정품_313,500","정품_313,500","정품_313,500","정품_313,500","정품_313,500"
92624069,레토GMS LBT-WM06,"정품_27,860","정품_27,860","정품_27,860","정품_27,860","정품_27,860","정품_27,860","정품_27,860","정품_27,860","정품_27,860","정품_27,860","정품_27,860","정품_27,860","정품_27,860"
91767074,레트로릭 RVT01,"정품_139,000","정품_139,000","정품_139,000","정품_139,000","정품_139,000","정품_139,000","정품_139,000","정품_139,000","정품_139,000","정품_139,000","정품_139,000","정품_139,000","정품_139,000"
123743255,렉슨 X제프쿤스 벌룬 독 블루투스 스피커,0,0,0,0,0,0,0,0,"정품_1,190,900|해외구매_1,093,200","정품_1,190,900|해외구매_1,093,200","정품_1,190,900|해외구매_1,093,200","정품_1,190,900|해외구매_1,093,200","정품_1,190,900|해외구매_1,050,430"
20737103,로랜텍 캠핑 불멍 블루투스 스피커 RRT-CPET16,0,0,"49,800","49,800","49,800","49,800","49,800","47,310","47,310","47,310","47,310","47,310","47,310"
17281622,로에베 Klang mr1,"해외구매_698,200","해외구매_698,200","해외구매_698,200","해외구매_698,200","해외구매_698,200","해외구매_698,200","해외구매_698,200","해외구매_698,200","해외구매_698,200","해외구매_698,200","해외구매_698,200","해외구매_698,200","해외구매_698,200"
17281760,로에베 Klang mr3,"해외구매_1,087,300","해외구매_1,087,300","해외구매_1,087,300","해외구매_1,087,300","해외구매_1,087,300","해외구매_1,087,300","해외구매_1,087,300","해외구매_1,087,300","해외구매_1,087,300","해외구매_1,087,300","해외구매_1,087,300","해외구매_1,087,300","해외구매_1,087,300"
17281859,로에베 Klang mr5,"해외구매_1,494,700","해외구매_1,494,700",0,"해외구매_1,494,700","해외구매_1,494,700","해외구매_1,494,700","해외구매_1,494,700","해외구매_1,494,700","해외구매_1,494,700","해외구매_1,494,700","해외구매_1,494,700","해외구매_1,494,700","해외구매_1,494,700"
33384455,로이체 BT21 마이 리틀버디 사운드바,"정품_29,050","정품_29,050","정품_29,050","정품_29,050","정품_29,050","정품_29,050","정품_29,050","정품_29,050","정품_29,050","정품_29,050","정품_29,050","정품_29,050",0
8887910,로이체 BTS-240,"11,900","11,900","11,900","11,900","11,900","11,900","11,900","11,900","11,900","11,900","11,900","11,900","11,900"
65308817,로이체 BTS-370,"정품_26,800","정품_26,800","정품_26,800","정품_26,800","정품_26,800","정품_26,800","정품_26,800","정품_26,800","정품_26,800","정품_26,800","정품_28,180","정품_28,180","정품_28,180"
27889331,로이체 BTS-610WC,"59,900","59,900","59,900","59,900","59,900","59,900","59,900","59,900","59,900","59,900","59,900","59,900","59,900"
27889073,로이체 BTS-620WC,"49,900","49,900","49,900","49,900","49,900","49,900","49,900","49,900","49,900","49,900","49,900","49,900","49,900"
1298608,로이체 MR-2000,"정품_30,600","정품_30,600","정품_30,600","정품_30,600","정품_30,600","정품_30,600","정품_30,600","정품_30,600","정품_30,600","정품_30,600","정품_30,600","정품_30,600","정품_30,600"
109683206,로이체 RSB-200,0,0,0,0,"중고_13,100","중고_13,100","중고_13,100","중고_13,110","중고_13,110","중고_13,110","중고_13,110","중고_13,110","중고_13,110"
12663194,로이체 RSB-3000,"정품_14,880","정품_16,900","정품_16,900","정품_16,900","정품_16,900","정품_16,900","정품_16,900","정품_16,900","정품_16,900","정품_16,900","정품_16,900","정품_16,900","정품_16,900"
20759678,로이체 RSB-G1000,"정품_15,900","정품_15,900","정품_15,900","정품_15,900","정품_15,900","정품_15,900","정품_15,900","정품_15,900","정품_15,900","정품_15,900","정품_15,900","정품_15,900","정품_15,900"
13967804,로이체 RSB-G5000,"정품_22,720","정품_29,900","정품_29,900","정품_29,900","정품_29,900","정품_29,900","정품_29,900","정품_23,920","정품_23,920","정품_27,800","정품_29,900","정품_29,900","정품_29,900"
97777760,로이체 RSB-G6000,"정품_36,800","정품_36,800","정품_36,800","정품_36,800","정품_36,800","정품_36,800","정품_36,800","정품_36,800","정품_36,800","정품_36,900","정품_36,900","정품_36,900","정품_36,900"
27790781,로이체 RSM-G200,"정품_16,900","정품_16,900","정품_16,900","정품_16,900","정품_16,900","정품_16,900","정품_16,900","정품_16,900","정품_16,900","정품_16,900","정품_16,900","정품_16,900","정품_16,900"
78389939,로제트 RX-3300,"정품_17,900","정품_17,900","정품_17,900","정품_17,800","정품_17,800","정품_17,800","정품_17,800","정품_17,800","정품_17,800","정품_17,800","정품_17,800","정품_17,800","정품_17,800"
6308663,로지텍 G560 LIGHTSYNC PC 게이밍 스피커,"정품_273,990|해외구매_483,940","정품_273,990|해외구매_483,940","정품_273,990|해외구매_479,310","정품_273,970|해외구매_479,310","정품_273,870|해외구매_478,800","정품_273,860|해외구매_478,800","정품_273,860|해외구매_426,290","정품_273,990|해외구매_477,900","정품_251,570|해외구매_477,900","정품_251,570|해외구매_477,900","정품_251,570|해외구매_477,900","정품_198,000|해외구매_477,900","정품_251,570|해외구매_477,900"
30009467,로지텍 UE 붐2,"벌크_192,400","벌크_192,400","벌크_192,400","벌크_192,400","벌크_192,400","벌크_192,400","벌크_192,400","벌크_192,400","벌크_192,400","벌크_192,400","벌크_192,400","벌크_192,400","벌크_192,400"
8146834,로지텍 UE 얼티밋 이어 메가붐 3,"해외구매_158,740","해외구매_158,700","해외구매_157,220","해외구매_157,220","해외구매_157,060","해외구매_157,060","해외구매_157,060","해외구매_157,060","해외구매_157,060","해외구매_157,060","해외구매_157,060","해외구매_157,060","해외구매_157,060"
2359027,로지텍 Z150,"정품_30,300|해외구매_123,900","정품_30,300|해외구매_123,900","정품_30,300|해외구매_123,900","정품_30,300|해외구매_123,900","정품_30,300|해외구매_123,900","정품_30,300|해외구매_123,900","정품_30,400|해외구매_123,900","정품_30,400|해외구매_123,900","정품_30,400|해외구매_123,900","정품_30,400|해외구매_123,900","정품_30,400|해외구매_123,900","정품_30,400|해외구매_123,900","정품_30,400|해외구매_54,240"
3628561,로지텍 Z906,"해외구매_680,090","해외구매_680,090","해외구매_673,570","해외구매_673,570","해외구매_673,570","해외구매_673,570","해외구매_673,570","해외구매_673,570","해외구매_673,570","해외구매_673,570","해외구매_673,570","해외구매_673,570","해외구매_673,570"
5457086,로지텍 로지텍G 블루 YETI,"해외구매_150,400","해외구매_150,400","해외구매_150,400","해외구매_150,400","해외구매_150,400","해외구매_150,400","해외구매_150,400","해외구매_150,400","해외구매_150,400","해외구매_150,400","해외구매_150,400","해외구매_150,400","해외구매_150,400"
11896612,로지텍 로지텍G 블루 YETI NANO,"정품_113,800|해외구매_129,000","정품_135,550|해외구매_129,000","정품_135,550|해외구매_129,000","정품_135,550|해외구매_129,000","정품_135,550|해외구매_129,000","정품_135,550|해외구매_129,000","정품_135,550|해외구매_129,000","정품_135,550|해외구매_129,000","정품_135,550|해외구매_129,000","정품_135,550|해외구매_129,000","정품_135,550|해외구매_129,000","정품_135,550|해외구매_129,000","정품_135,550|해외구매_129,000"
20058950,로지텍 로지텍G 블루 YETI X,"+ 오토케 룩스패드_555,000","+ 오토케 룩스패드_555,000","+ 오토케 룩스패드_555,000","+ 오토케 룩스패드_555,000","+ 오토케 룩스패드_555,000","+ 오토케 룩스패드_555,000","+ 오토케 룩스패드_555,000","+ 오토케 룩스패드_555,000","+ 오토케 룩스패드_555,000","+ 오토케 룩스패드_555,000","+ 오토케 룩스패드_555,000","+ 오토케 룩스패드_555,000","+ 오토케 룩스패드_555,000"
17600510,로지텍 로지텍G 블루 YETI 오로라컬렉션,"정품_166,470","정품_166,470","정품_166,470","정품_166,470","정품_170,100","정품_170,100","정품_170,100","정품_170,100","정품_170,100","정품_170,100","정품_170,100","정품_170,100","정품_170,100"
12126260,롯데전자 PINGKY30,"22,840","22,840","22,840","22,840","22,840","22,840","22,840","22,840","22,840","22,840","22,840","22,840","22,840"
122711311,롯데전자 PINGKY40,"19,000","19,000","19,000","19,000","19,000","19,000","19,000","20,100","19,000","19,000","19,000","19,000","19,000"
100326578,루비영 RYSPIN 스피커,"정품_157,990","정품_157,990","정품_157,990","정품_157,990","정품_157,990","정품_157,990","정품_157,990","정품_157,990","정품_157,990","정품_157,990","정품_157,990","정품_157,990","정품_157,990"
17340794,루아즈 LUAZ-185,"7,000","7,000","7,000","7,000","7,000","7,000","7,000","7,000","7,000","7,000","7,000","7,000","7,000"
17340938,루아즈 LUAZ-485,"10,000","10,000","10,000","10,000","10,000","10,000","10,000","10,000","10,000","10,000","10,000","10,000","10,000"
122721399,루악 MR1 Mk3,"정품_950,000","정품_950,000","정품_950,000","정품_950,000","정품_950,000","정품_950,000","정품_950,000","정품_950,000","정품_950,000","정품_950,000","정품_950,000","정품_950,000","정품_950,000"
7811551,루악 MRx,"정품_760,000","정품_760,000","정품_760,000","정품_760,000","정품_760,000","정품_760,000","정품_790,000","정품_790,000","정품_790,000","정품_790,000","정품_790,000","정품_790,000","정품_790,000"
13718168,루악 R1mk4,"정품_550,000","정품_550,000","정품_550,000","정품_550,000","정품_550,000","정품_550,000","정품_550,000","정품_550,000","정품_550,000","정품_550,000","정품_550,000","정품_550,000","정품_550,000"
19304933,루악 R2 MK4,"정품_1,050,000","정품_1,050,000","정품_1,050,000","정품_1,050,000","정품_1,050,000","정품_1,050,000","정품_1,050,000","정품_1,050,000","정품_1,050,000","정품_1,050,000","정품_1,047,000","정품_1,047,000","정품_1,047,000"
92356925,리버네트워크 NEXI NX1534 NX-STCMIC-01,"정품_23,600","정품_23,600","정품_23,600","정품_23,600","정품_23,600","정품_23,600","정품_23,600","정품_23,600","정품_23,600","정품_23,940","정품_23,940","정품_23,940","정품_23,940"
7126135,리버네트워크 NEXI NX614 NX-U20STC,"정품_11,600","정품_11,600","정품_11,600","정품_11,600","정품_11,600","정품_11,600","정품_11,600","정품_11,600","정품_11,600","정품_11,600","정품_11,600","정품_11,600","정품_11,600"
4809991,리버네트워크 NEXI USB 사운드카드 (NX0394),"정품_2,090","정품_2,090","정품_2,090","정품_2,090","정품_2,090","정품_2,090","정품_2,090","정품_2,090","정품_2,090","정품_2,090","정품_2,090","정품_2,090","정품_2,090"
12678890,리큐엠 RECO-D,"17,930","17,930","17,930","17,930","17,930","17,930","17,770","17,770","17,770","17,770","17,770","17,760","17,760"
31263752,마그낫 프라임 원,"해외구매_461,500","해외구매_461,500","해외구매_461,500","해외구매_461,500","해외구매_461,500","해외구매_461,500","해외구매_461,500","해외구매_461,500","해외구매_461,500","해외구매_461,500","해외구매_461,500","해외구매_461,500","해외구매_461,500"
101541578,마끼다 DMR203,"정품_257,610|해외구매_197,990","정품_257,610|해외구매_197,990","정품_257,610|해외구매_197,990","정품_257,610|해외구매_197,990","정품_257,610|해외구매_197,990","정품_257,610|해외구매_197,990","정품_257,610|해외구매_197,990","정품_257,610|해외구매_197,990","정품_257,610|해외구매_197,990","정품_257,610|해외구매_197,990","정품_257,610|해외구매_197,990","정품_257,610|해외구매_197,990","정품_257,610|해외구매_197,990"
89863472,마란츠 Grand Horizon,"정품_4,730,000","정품_4,430,000","정품_4,730,000","정품_4,430,000","정품_4,730,000","정품_4,430,000","정품_4,430,000","정품_4,430,000","정품_4,430,000","정품_4,430,000","정품_4,430,000","정품_4,430,000","정품_4,730,000"
89607134,마란츠 Horizon,0,0,0,0,0,0,0,0,0,0,0,0,"정품_3,850,000"
17943212,마란츠 MPM-4000U,"정품_200,000","정품_200,000","정품_200,000","정품_200,000","정품_200,000","정품_200,000","정품_190,000","정품_190,000","정품_190,000","정품_190,000","정품_190,000","정품_190,000","정품_190,000"
21533078,마샬 미들톤,"정품_399,000|해외구매_318,090","정품_399,000|해외구매_318,090","정품_399,000|해외구매_318,090","정품_399,000|해외구매_318,090","정품_399,000|해외구매_318,090","정품_399,000|해외구매_318,090","정품_399,000|해외구매_318,090","정품_399,000|해외구매_318,090","정품_399,000|해외구매_318,090","정품_399,000|해외구매_318,090","정품_399,000|해외구매_318,090","정품_399,000|해외구매_318,090","정품_399,000|해외구매_318,090"
94567310,마샬 미들톤 2,"정품_474,050|해외구매_535,320","정품_474,050|해외구매_535,320","정품_474,050|해외구매_515,850","정품_474,050|해외구매_585,930","정품_474,050|해외구매_585,310","정품_474,050|해외구매_585,310","정품_474,050|해외구매_585,310","정품_474,050|해외구매_585,310","정품_474,050|해외구매_585,310","정품_474,050|해외구매_585,310","정품_474,050|해외구매_585,310","정품_474,050|해외구매_585,310","정품_474,050|해외구매_585,310"
6837661,마샬 스탠모어 2,"정품_439,000|해외구매_237,933","정품_439,000|해외구매_237,933","정품_439,000|해외구매_237,933","정품_439,000|해외구매_243,344","정품_439,000|해외구매_227,510","정품_439,000|해외구매_232,010","정품_439,000|해외구매_227,170","정품_439,000|해외구매_232,010","정품_439,000|해외구매_227,170","정품_439,000|해외구매_227,170","정품_439,000|해외구매_227,170","정품_439,000|해외구매_221,878","정품_439,000|해외구매_221,878"
18975449,마샬 스탠모어 3,"정품_510,000|해외구매_294,360","정품_510,000|해외구매_294,360","정품_510,000|해외구매_294,370","정품_510,000|해외구매_294,370","정품_510,000|해외구매_283,850","정품_510,000|해외구매_283,850","정품_510,000|해외구매_277,973","정품_510,000|해외구매_283,850","정품_510,000|해외구매_277,973","정품_510,000|해외구매_277,973","정품_510,000|해외구매_277,973","정품_510,000|해외구매_277,973","정품_510,000|해외구매_277,973"
8078188,마샬 스톡웰 2,"정품_279,000|해외구매_276,690","정품_279,000|해외구매_276,690","정품_279,000|해외구매_276,690","정품_279,000|해외구매_276,690","정품_279,000|해외구매_276,690","정품_279,000|해외구매_276,690","정품_279,000|해외구매_276,690","정품_279,000|해외구매_276,690","정품_279,000|해외구매_276,690","정품_279,000|해외구매_276,690","정품_279,000|해외구매_276,690","정품_279,000|해외구매_276,690","정품_279,000|해외구매_276,690"
6837742,마샬 액톤 2,"정품_440,000|해외구매_214,810","정품_440,000|해외구매_214,810","정품_440,000|해외구매_214,810","정품_440,000|해외구매_214,160","정품_440,000|해외구매_200,150","정품_440,000|해외구매_203,750","정품_440,000|해외구매_199,475","정품_440,000|해외구매_203,750","정품_440,000|해외구매_199,475","정품_440,000|해외구매_199,475","정품_440,000|해외구매_199,475","정품_440,000|해외구매_195,065","정품_440,000|해외구매_195,065"
18977294,마샬 액톤 3,"정품_349,000|해외구매_268,570","정품_349,000|해외구매_268,570","정품_349,000|해외구매_268,580","정품_349,000|해외구매_268,580","정품_349,000|해외구매_258,110","정품_349,000|해외구매_258,100","정품_349,000|해외구매_252,740","정품_349,000|해외구매_252,740","정품_349,000|해외구매_252,740","정품_349,000|해외구매_252,740","정품_349,000|해외구매_252,740","정품_349,000|해외구매_252,740","정품_349,000|해외구매_252,740"
11743361,마샬 엠버튼,"정품_220,000|해외구매_188,400","정품_220,000|해외구매_188,400","정품_220,000|해외구매_188,400","정품_220,000|해외구매_188,400","정품_220,000|해외구매_188,400","정품_220,000|해외구매_188,400","정품_220,000|해외구매_188,400","정품_220,000|해외구매_188,400","정품_220,000|해외구매_188,400","정품_220,000|해외구매_188,400","정품_220,000|해외구매_188,400","정품_220,000|해외구매_188,400","정품_220,000|해외구매_188,400"
17904734,마샬 엠버튼 2,"정품_220,000|해외구매_166,420","정품_220,000|해외구매_166,420","정품_220,000|해외구매_166,420","정품_220,000|해외구매_163,664","정품_220,000|해외구매_155,510","정품_220,000|해외구매_155,510","정품_220,000|해외구매_152,200","정품_220,000|해외구매_155,510","정품_220,000|해외구매_148,800","정품_220,000|해외구매_152,200","정품_220,000|해외구매_152,200","정품_220,000|해외구매_152,200","정품_220,000|해외구매_152,200"
67622177,마샬 엠버튼 3,"정품_251,100|해외구매_197,330","정품_251,100|해외구매_197,330","정품_251,100|해외구매_212,980","정품_251,100|해외구매_212,240","정품_251,100|해외구매_198,350","정품_251,100|해외구매_198,350","정품_248,040|해외구매_194,183","정품_274,550|해외구매_198,350","정품_231,250|해외구매_194,183","정품_272,830|해외구매_194,183","정품_272,830|해외구매_194,183","정품_273,820|해외구매_194,183","정품_273,820|해외구매_194,183"
6837550,마샬 워번 2,"정품_690,000|해외구매_308,650","정품_690,000|해외구매_308,650","정품_690,000|해외구매_308,650","정품_690,000|해외구매_308,650","정품_690,000|해외구매_291,950","정품_690,000|해외구매_297,710","정품_690,000|해외구매_291,556","정품_690,000|해외구매_297,710","정품_690,000|해외구매_291,556","정품_690,000|해외구매_291,556","정품_690,000|해외구매_291,556","정품_690,000|해외구매_274,798","정품_690,000|해외구매_274,798"
18975731,마샬 워번 3,"정품_830,770|해외구매_475,950","정품_902,500|해외구매_475,950","정품_902,500|해외구매_475,950","정품_830,770|해외구매_475,950","정품_830,770|해외구매_453,600","정품_830,770|해외구매_453,600","정품_830,770|해외구매_453,600","정품_830,770|해외구매_453,600","정품_830,770|해외구매_453,600","정품_830,770|해외구매_453,600","정품_830,770|해외구매_453,600","정품_830,770|해외구매_421,739","정품_830,770|해외구매_421,739"
17904596,마샬 윌렌,"정품_169,000|해외구매_74,900","정품_169,000|해외구매_74,900","정품_169,000|해외구매_74,900","정품_169,000|해외구매_74,900","정품_169,000|해외구매_74,900","정품_169,000|해외구매_74,900","정품_169,000|해외구매_74,900","정품_169,000|해외구매_74,900","정품_169,000|해외구매_74,900","정품_169,000|해외구매_74,900","정품_169,000|해외구매_74,900","정품_169,000|해외구매_74,900","정품_169,000|해외구매_74,900"
67621922,마샬 윌렌 2,"정품_179,000|해외구매_149,460","정품_179,000|해외구매_149,460","정품_179,000|해외구매_147,870","정품_179,000|해외구매_147,870","정품_179,000|해외구매_147,870","정품_179,000|해외구매_147,870","정품_179,000|해외구매_147,870","정품_179,000|해외구매_147,870","정품_179,000|해외구매_147,870","정품_179,000|해외구매_147,870","정품_179,000|해외구매_147,870","정품_179,000|해외구매_147,870","정품_179,000|해외구매_147,870"
6887443,마샬 킬번 2,"정품_430,000|해외구매_274,690","정품_430,000|해외구매_274,690","정품_430,000|해외구매_274,690","정품_430,000|해외구매_274,690","정품_430,000|해외구매_274,690","정품_430,000|해외구매_274,690","정품_430,000|해외구매_274,690","정품_430,000|해외구매_274,690","정품_430,000|해외구매_274,690","정품_430,000|해외구매_274,690","정품_430,000|해외구매_274,690","정품_430,000|해외구매_274,690","정품_430,000|해외구매_274,690"
93017843,마샬 킬번 3,"정품_587,020|해외구매_499,000","정품_587,020|해외구매_499,000","정품_587,020|해외구매_499,000","정품_587,020|해외구매_499,000","정품_587,020|해외구매_499,000","정품_587,020|해외구매_499,000","정품_587,020|해외구매_499,000","정품_587,020|해외구매_499,000","정품_587,020|해외구매_499,000","정품_587,020|해외구매_499,000","정품_587,020|해외구매_499,000","정품_587,020|해외구매_499,000","정품_587,020|해외구매_499,000"
8100046,마샬 터프톤,"정품_710,000|해외구매_733,500","정품_710,000|해외구매_733,500","정품_710,000|해외구매_733,500","정품_710,000|해외구매_733,500","정품_710,000|해외구매_733,500","정품_710,000|해외구매_733,500","정품_710,000|해외구매_733,500","정품_710,000|해외구매_733,500","정품_710,000|해외구매_733,500","정품_710,000|해외구매_733,500","정품_710,000|해외구매_733,500","정품_710,000|해외구매_733,500","정품_710,000|해외구매_733,500"
19302056,마오노 DM30RGB,"정품_60,900|+굴절 스탠드_66,900","정품_60,900|+굴절 스탠드_66,900","정품_60,900|+굴절 스탠드_66,900","정품_60,900|+굴절 스탠드_66,900","정품_60,900|+굴절 스탠드_66,900","정품_60,900|+굴절 스탠드_66,900","정품_60,900|+굴절 스탠드_66,900","정품_60,900|+굴절 스탠드_66,900","정품_60,900|+굴절 스탠드_66,900","정품_60,900|+굴절 스탠드_66,900","정품_60,900|+굴절 스탠드_66,900","정품_60,900|+굴절 스탠드_66,900","정품_60,900|+굴절 스탠드_66,900"
95425256,마오노 DM40,"정품_119,000|+ 관절 스탠드_139,000","정품_119,000|+ 관절 스탠드_139,000","정품_119,000|+ 관절 스탠드_139,000","정품_119,000|+ 관절 스탠드_139,000","정품_119,000|+ 관절 스탠드_139,000","정품_119,000|+ 관절 스탠드_139,000","정품_119,000|+ 관절 스탠드_139,000","정품_119,000|+ 관절 스탠드_139,000","정품_119,000|+ 관절 스탠드_139,000","정품_119,000|+ 관절 스탠드_139,000","정품_119,000|+ 관절 스탠드_139,000","정품_119,000|+ 관절 스탠드_139,000","정품_119,000|+ 관절 스탠드_139,000"
95425313,마오노 DM40 Pro,"정품_139,000|+ 관절 스탠드_159,000","정품_139,000|+ 관절 스탠드_159,000","정품_139,000|+ 관절 스탠드_159,000","정품_139,000|+ 관절 스탠드_159,000","정품_139,000|+ 관절 스탠드_159,000","정품_139,000|+ 관절 스탠드_159,000","정품_139,000|+ 관절 스탠드_159,000","정품_139,000|+ 관절 스탠드_159,000","정품_139,000|+ 관절 스탠드_159,000","정품_139,000|+ 관절 스탠드_159,000","정품_139,000|+ 관절 스탠드_159,000","정품_139,000|+ 관절 스탠드_159,000","정품_139,000|+ 관절 스탠드_159,000"
96656918,마오노 PM420,"정품_62,900","정품_62,900","정품_62,900","정품_62,900","정품_62,900","정품_62,900","정품_62,900",0,0,0,0,0,0
19526210,마이크로닉스 MANIC UB2000,"정품_15,000","정품_15,000","정품_15,000","정품_15,000","정품_15,000","정품_15,000","정품_15,000","정품_15,000","정품_15,000","정품_15,000","정품_15,000","정품_15,000","정품_15,000"
8164057,마이크로닉스 ROUND STUDIO BT-1000,"정품_49,900","정품_49,900","정품_49,900","정품_49,900","정품_49,900","정품_49,900","정품_49,900","정품_49,900","정품_49,900","정품_49,900","정품_49,900","정품_49,900","정품_49,900"
11871712,마이크로닉스 ROUND STUDIO BT-1000 V2,"핑크_17,900|화이트_17,900|다크그레이_17,900","핑크_17,900|화이트_17,900|다크그레이_17,900","핑크_17,900|화이트_17,900|다크그레이_17,900","핑크_17,900|화이트_17,900|다크그레이_17,900","핑크_17,900|화이트_17,900|다크그레이_17,900","핑크_17,900|화이트_17,900|다크그레이_17,900","핑크_17,900|화이트_17,900|다크그레이_17,900","핑크_17,900|화이트_17,900|다크그레이_17,900","핑크_17,900|화이트_17,900|다크그레이_17,900","핑크_17,900|화이트_17,900|다크그레이_17,900","핑크_17,900|화이트_17,900|다크그레이_17,900","핑크_17,900|화이트_17,900|다크그레이_17,900","핑크_17,900|화이트_17,900|다크그레이_17,900"
9311622,마이크로닉스 ROUND STUDIO UB-1000,"정품_17,900","정품_17,900","정품_17,900","정품_17,900","정품_17,900","정품_17,900","정품_17,900","정품_17,900","정품_17,900","정품_17,900","정품_17,900","정품_17,900","정품_17,900"
14629655,마이크로닉스 SOUND TRIPOD,"그레이_89,000|퍼플_185,130","그레이_89,000|퍼플_185,130","그레이_89,000|퍼플_185,130","그레이_89,000|퍼플_185,130","그레이_89,000|퍼플_185,130","그레이_89,000|퍼플_185,130","그레이_89,000|퍼플_185,130","그레이_89,000|퍼플_185,130","그레이_89,000|퍼플_185,130","그레이_89,000|퍼플_185,130","그레이_89,000|퍼플_185,130","그레이_89,000|퍼플_185,130","그레이_89,000|퍼플_185,130"
2517382,마이크로랩 FC50 BT,"정품_92,070","정품_92,070","정품_92,070","정품_92,070","정품_92,070","정품_92,070","정품_92,070","정품_92,070","정품_92,070","정품_93,060","정품_95,040","정품_95,040","정품_95,040"
21679556,마하 돔 블루투스 스피커 F3,"82,450","82,450","82,450","82,450","82,450","77,840","77,840","77,840","77,840","77,840","77,840","77,840","77,840"
6031488,마하링크 ML-USA71C USB 사운드카드 7.1채널,"정품_4,190","정품_4,190","정품_4,190","정품_4,190","정품_4,190","정품_4,190","정품_4,190","정품_4,190","정품_4,190","정품_4,190","정품_4,200","정품_4,200","정품_4,200"
16222352,매킨토시 RS150,"정품_2,315,000","정품_2,315,000","정품_2,315,000","정품_2,315,000","정품_2,315,000","정품_2,315,000","정품_2,315,000","정품_2,315,000","정품_2,315,000","정품_2,315,000","정품_2,315,000","정품_2,315,000","정품_2,315,000"
16524593,매킨토시 RS250,"정품_5,300,000|중고_4,100,000","정품_5,300,000|중고_4,100,000","정품_5,300,000|중고_4,100,000","정품_5,300,000|중고_4,100,000","정품_5,300,000|중고_4,100,000","정품_5,300,000|중고_4,100,000","정품_5,300,000|중고_4,100,000","정품_5,300,000|중고_4,100,000","정품_5,300,000|중고_4,100,000","정품_5,300,000|중고_4,100,000","정품_5,300,000|중고_4,100,000","정품_5,300,000|중고_4,100,000","정품_5,300,000|중고_4,100,000"
99741005,맥스텍 MT132,"정품_2,100","정품_2,100","정품_2,100","정품_2,100","정품_2,100","정품_2,100","정품_2,100","정품_2,100","정품_2,100","정품_2,100","정품_2,100","정품_2,100","정품_2,100"
99741017,맥스텍 MT499,"정품_33,000","정품_33,000","정품_33,000","정품_33,000","정품_33,000","정품_33,000","정품_33,000","정품_33,000","정품_33,000","정품_33,000","정품_33,000","정품_33,000","정품_33,000"
2634222,머레이 BS-KR7200,"25,900","25,900","25,900","25,900","25,900","25,900","25,900","25,900","25,900","25,900","25,900","25,900","25,900"
2630892,머레이 BS-KR7300,"25,900","25,900","25,900","25,900","25,900","25,900","25,900","25,900","25,900","25,900","25,900","25,900","25,900"
3196288,머레이 PF-440,"정품_38,990","정품_38,990","정품_38,990","정품_38,990","정품_38,990","정품_39,000","정품_39,000","정품_39,000","정품_39,000","정품_39,000","정품_38,990","정품_38,990","정품_38,990"
2740476,머레이 TWIN-100,"49,900","49,900","49,900","49,900","49,900","49,900","49,900","49,900","49,900","49,900","49,900","49,900","49,900"
9698154,머레이 X-11,"41,800","41,800","41,800","41,800","41,800","41,800","41,800","41,800","41,800","41,800","41,800","41,800","41,800"
3436284,머레이 레인보우 스피커 BL-T12,"정품_19,900","정품_19,900","정품_19,900","정품_19,900","정품_19,900","정품_19,900","정품_19,900","정품_19,900","정품_19,900","정품_19,900","정품_19,900","정품_19,900","정품_19,900"
79856993,메리디안 ELLIPSE,"정품_2,900,000","정품_2,900,000","정품_2,900,000","정품_2,900,000","정품_2,900,000","정품_2,900,000","정품_2,900,000","정품_2,900,000","정품_2,900,000","정품_2,900,000","정품_2,900,000","정품_2,900,000","정품_2,900,000"
28056704,메리토 바이브,"34,900","34,900","34,900","34,900","34,900","34,900","34,900","34,900","34,900","34,900","34,900","34,900","34,900"
10780101,메이크메이크 52 speaker,"69,000","69,000","69,000","69,000","69,000","69,000","69,000","69,000","69,000","69,000","69,000","69,000","69,000"
16777175,모비프렌 MFB-SP300,"정품_37,830","정품_37,830","정품_37,830","정품_37,830","정품_37,830","정품_37,830","정품_37,830","정품_37,830","정품_37,830","정품_37,830","정품_37,830","정품_37,830","정품_37,830"
20724173,모비프렌 춘식이 블루투스 사운드바,"정품_37,420","정품_38,920","정품_38,920","정품_38,920","정품_38,920","정품_38,920","정품_38,920","정품_38,920","정품_38,920","정품_38,920","정품_38,920","정품_38,920","정품_38,920"
7257430,모토로라 Sonic-Boost210,"19,900","19,900","19,900","19,900","19,900","19,900","19,900","19,900","19,900","19,900","19,900","19,900","19,900"
12668216,모토로라 SonicSub 500,"34,900","34,900","34,900","34,900","34,900","34,900","34,900","34,900","34,900","34,900","34,900","34,900","34,900"
8164996,모토로라 스피어 플러스,"정품_155,730","정품_155,730","정품_155,730","정품_155,730",0,0,0,0,0,0,0,0,0
19102370,몬스타 가츠 LIVE BT SOUL,"정품_32,700","정품_32,700","정품_32,700","정품_32,700","정품_32,700","정품_32,700","정품_32,700","정품_32,700","정품_32,700","정품_32,700","정품_32,700","정품_32,700","정품_32,700"
10933725,몬스타 가츠 LIVE10,"정품_13,000","정품_13,000","정품_13,000","정품_13,000","정품_13,000","정품_13,000","정품_13,000","정품_13,000","정품_13,000","정품_13,000","정품_13,000","정품_13,000","정품_13,000"
7837471,몬스타 가츠 LIVE100,"정품_16,100","정품_16,100","정품_16,100","정품_16,100","정품_16,100","정품_16,100","정품_16,100","정품_16,100","정품_16,100","정품_16,100","정품_16,100","정품_16,100","정품_16,100"
45316568,몬스타 가츠 LIVE100 LITE,"정품_15,000","정품_15,000","정품_15,000","정품_15,000","정품_15,000","정품_15,000","정품_15,000","정품_15,000","정품_15,000","정품_15,000","정품_15,000","정품_15,000","정품_15,000"
77082251,몬스타 가츠 LIVE100 핑크 오트밀,"정품_18,500","정품_18,500","정품_18,500","정품_18,500","정품_18,500","정품_18,500","정품_18,500","정품_18,500","정품_19,000","정품_19,000","정품_19,000","정품_19,000","정품_19,000"
18633086,몬스타 가츠 LIVE100s,"정품_14,500","정품_14,500","정품_14,500","정품_14,500","정품_14,500","정품_14,500","정품_14,500","정품_14,500","정품_14,500","정품_14,500","정품_14,500","정품_14,500","정품_14,500"
10546122,몬스타 가츠 LIVE200,"정품_25,000","정품_25,000","정품_25,000","정품_25,000","정품_25,000","정품_25,000","정품_25,000","정품_25,000","정품_25,000","정품_25,000","정품_25,000","정품_25,000","정품_25,000"
18633269,몬스타 가츠 LIVE200S,"정품_19,000","정품_19,000","정품_19,000","정품_19,000","정품_19,000","정품_19,000","정품_19,000","정품_19,000","정품_19,000","정품_19,000","정품_19,000","정품_19,000","정품_19,000"
18633209,몬스타 가츠 Live20BT,"정품_39,900","정품_39,900","정품_39,900","정품_39,900","정품_39,900","정품_39,900","정품_39,900","정품_39,900","정품_39,900","정품_39,900","정품_39,900","정품_39,900","정품_39,900"
36621446,몬스타 가츠 클래식 듀얼 진공관 블루투스스피커,"정품_129,000","정품_129,000","정품_129,000","정품_129,000","정품_129,000","정품_129,000","정품_129,000","정품_129,000","정품_129,000","정품_129,000","정품_129,000","정품_129,000","정품_129,000"
29669216,몬스타 가츠 클래식3,0,0,"정품_159,000","정품_159,000","정품_159,000","정품_159,000","정품_159,000","정품_159,000","정품_159,000","정품_159,000","정품_159,000","정품_159,000","정품_159,000"
12604001,몬스타 몬스타기어 가츠 BT SOUND,"30,000","30,000","30,000","30,000","30,000","30,000","30,000","30,000","30,000","30,000","30,000","30,000","30,000"
27993305,몬스타 몬스타기어 가츠 클래식2,"184,300","184,300","184,300","184,300","184,300","184,300","184,300","184,300","184,300","185,300","185,300","184,300","184,300"
4310609,몬스터 SUPERSTAR HotShot,"정품_94,050","정품_94,050","정품_94,050","정품_94,050","정품_94,050","정품_94,050","정품_93,060","정품_93,060","정품_93,060","정품_93,060","정품_93,060","정품_93,060","정품_94,050"
98087375,무무익선 물음표 골전도 스피커 OCS-01,"정품_38,800|중고_37,250","정품_38,800|중고_37,250","정품_38,800|중고_37,250","정품_38,800|중고_37,250","정품_38,800|중고_37,250","정품_38,800|중고_37,250","정품_38,800|중고_37,250","정품_38,800|중고_37,250","정품_38,800|중고_37,250","정품_34,600|중고_33,220","정품_34,600|중고_33,220","정품_34,600|중고_33,220","정품_34,600|중고_33,220"
20525588,무아스 MBS2,"39,900","39,900","39,900","39,900","39,900","39,900","39,900","39,900","39,900","39,900","39,900","39,900","39,900"
28422329,무아스 선라이즈 스피커 MBS13,"57,510","57,510","57,510","57,510","57,510","57,510","57,510","57,510","57,510","57,510","57,510","57,510","57,510"
58026956,무아스 아웃도어 클래식 캠핑 랜턴 스피커 MBS19,"69,800","69,800","69,800","69,800","69,800","69,800","69,800","69,800","69,800","69,800","69,800","69,800","69,800"
20247713,무아스 잠자는 고양이 무드등 무선 스피커 MBS7,"24,800","24,800","24,800","24,800","24,800","24,800","24,800","24,800","24,800","24,800","24,800","24,800","24,800"
100190018,무인양품 MS-PS1CN,"정품_19,900|해외구매_15,500","정품_19,900|해외구매_15,500","정품_19,900|해외구매_15,500","정품_19,900|해외구매_15,500","정품_19,900|해외구매_15,500","정품_19,900|해외구매_15,500","정품_19,900|해외구매_15,500","정품_19,900|해외구매_15,500","정품_19,900|해외구매_15,500","정품_19,900|해외구매_15,500","정품_19,900|해외구매_15,500","정품_19,900|해외구매_15,500","정품_19,900|해외구매_15,500"
122725176,뮤직캔버스 블루투스 스피커,"정품_59,000","정품_59,000","정품_59,000","정품_59,000","정품_59,000","정품_59,000","정품_59,000","정품_59,000","정품_59,000","정품_59,000","정품_59,000","정품_59,000","정품_59,000"
94204775,미니마이트 VM-SP1U5W,"정품_22,500","정품_22,500","정품_22,500","정품_22,500","정품_22,500","정품_22,500","정품_22,500","정품_22,500","정품_22,500","정품_22,500","정품_22,500","정품_22,500",0
12087740,미디어테크 와일드프로 MT-PBLT,0,0,"20,900","20,900","20,900","20,900","20,900","20,900","20,900","20,900","20,900","20,900","20,900"
13338719,미디어테크 와일드프로 MT-PBLT PARTY,"28,110","28,110","28,110","28,110","28,110","28,110","28,100","28,100","28,100","28,100","28,100","28,100","28,110"
10557273,반얀시스템 SMART VOICE CAP SB-X10,"100,000","100,000","100,000","100,000","100,000","100,000","100,000","100,000","100,000","100,000","100,000","100,000","100,000"
44763629,발롱드파리 오브젝트 6,"스탠드별매_2,771,400|+ 스탠드_2,985,300","스탠드별매_2,771,400|+ 스탠드_2,985,300","스탠드별매_2,771,400|+ 스탠드_2,985,300","스탠드별매_2,771,400|+ 스탠드_2,985,300","스탠드별매_2,771,400|+ 스탠드_2,985,300","스탠드별매_2,771,400|+ 스탠드_2,985,300","스탠드별매_2,771,400|+ 스탠드_2,985,300","스탠드별매_2,774,380|+ 스탠드_3,063,700","스탠드별매_2,920,400|+ 스탠드_3,063,700","스탠드별매_2,920,400|+ 스탠드_3,063,700","스탠드별매_2,920,400|+ 스탠드_3,063,700","스탠드별매_2,920,400|+ 스탠드_3,063,700","스탠드별매_2,920,400|+ 스탠드_3,063,700"
44763752,발롱드파리 오브젝트 9,"스탠드별매_4,045,500|+ 스탠드_4,259,400","스탠드별매_4,045,500|+ 스탠드_4,259,400","스탠드별매_4,045,500|+ 스탠드_4,259,400","스탠드별매_4,045,500|+ 스탠드_4,259,400","스탠드별매_4,045,500|+ 스탠드_4,259,400","스탠드별매_4,045,500|+ 스탠드_4,259,400","스탠드별매_4,045,500|+ 스탠드_4,259,400","스탠드별매_4,049,850|+ 스탠드_4,263,980","스탠드별매_4,263,000|+ 스탠드_4,488,400","스탠드별매_4,263,000|+ 스탠드_4,488,400","스탠드별매_4,263,000|+ 스탠드_4,488,400","스탠드별매_4,263,000|+ 스탠드_4,488,400","스탠드별매_4,263,000|+ 스탠드_4,488,400"
13496768,발뮤다 M01A-BK,"해외구매_410,770","해외구매_410,770","해외구매_410,770","해외구매_410,770","해외구매_410,770","해외구매_410,770","해외구매_410,770","해외구매_410,770","해외구매_431,770","해외구매_431,770","해외구매_431,770","해외구매_431,770","해외구매_431,770"
12722375,발뮤다 더 스피커 M01B,"블랙, 정품_362,400|화이트, 정품_379,000","블랙, 정품_362,390|화이트, 정품_379,000","블랙, 정품_362,390|화이트, 정품_389,940","블랙, 정품_362,390|화이트, 정품_389,940","블랙, 정품_362,380|화이트, 정품_389,940","블랙, 정품_362,280|화이트, 정품_389,940","블랙, 정품_362,240|화이트, 정품_389,940","블랙, 정품_348,230|화이트, 정품_389,940","블랙, 정품_348,230|화이트, 정품_389,940","블랙, 정품_348,230|화이트, 정품_389,940","블랙, 정품_348,230|화이트, 정품_348,230","블랙, 정품_348,230|화이트, 정품_348,230","블랙, 정품_348,230|화이트, 정품_348,230"
10762065,뱅앤올룹슨 B&O PLAY Beosound Balance,"내추럴오크, 정품_3,952,500|블랙오크, 정품_3,320,100|내추럴알루미늄, 정품_4,140,000|화이트마블, 정품_4,547,700|화이트마블, 해외구매_6,750,000","내추럴오크, 정품_3,952,500|블랙오크, 정품_3,320,100|내추럴알루미늄, 정품_4,140,000|화이트마블, 정품_4,547,700|화이트마블, 해외구매_6,750,000","내추럴오크, 정품_3,952,500|블랙오크, 정품_3,320,100|내추럴알루미늄, 정품_4,140,000|화이트마블, 정품_4,547,700|화이트마블, 해외구매_6,750,000","내추럴오크, 정품_3,952,500|블랙오크, 정품_3,320,100|내추럴알루미늄, 정품_4,140,000|화이트마블, 정품_4,547,700|화이트마블, 해외구매_6,750,000","내추럴오크, 정품_3,952,500|블랙오크, 정품_3,438,670|내추럴알루미늄, 정품_4,140,000|화이트마블, 정품_4,547,700|화이트마블, 해외구매_6,750,000","내추럴오크, 정품_3,952,500|블랙오크, 정품_3,438,670|내추럴알루미늄, 정품_4,140,000|화이트마블, 정품_4,547,700|화이트마블, 해외구매_6,750,000","내추럴오크, 정품_3,952,500|블랙오크, 정품_3,438,670|내추럴알루미늄, 정품_4,140,000|화이트마블, 정품_4,547,700|화이트마블, 해외구매_6,750,000","내추럴오크, 정품_3,952,500|블랙오크, 정품_3,438,670|내추럴알루미늄, 정품_4,140,000|화이트마블, 정품_4,547,700|화이트마블, 해외구매_6,750,000","내추럴오크, 정품_3,952,500|블랙오크, 정품_3,399,150|내추럴알루미늄, 정품_4,140,000|화이트마블, 정품_4,547,700|화이트마블, 해외구매_6,750,000","내추럴오크, 정품_3,952,500|블랙오크, 정품_3,399,150|내추럴알루미늄, 정품_4,140,000|화이트마블, 정품_4,547,700|화이트마블, 해외구매_6,750,000","내추럴오크, 정품_3,952,500|블랙오크, 정품_3,399,150|내추럴알루미늄, 정품_4,140,000|화이트마블, 정품_4,547,700|화이트마블, 해외구매_6,750,000","내추럴오크, 정품_3,952,500|블랙오크, 정품_3,399,150|내추럴알루미늄, 정품_4,140,000|화이트마블, 정품_4,547,700|화이트마블, 해외구매_6,750,000","내추럴오크, 정품_3,952,500|블랙오크, 정품_3,399,150|내추럴알루미늄, 정품_4,140,000|화이트마블, 정품_4,547,700|화이트마블, 해외구매_6,750,000"
14507699,뱅앤올룹슨 B&O PLAY Beosound Explore,"정품_299,490|해외구매_254,200","정품_299,490|해외구매_254,200","정품_299,490|해외구매_254,200","정품_299,490|해외구매_254,200","정품_299,490|해외구매_254,200","정품_299,500|해외구매_254,200","정품_299,500|해외구매_254,200","정품_299,500|해외구매_254,200","정품_299,500|해외구매_254,200","정품_299,500|해외구매_254,200","정품_299,490|해외구매_254,200","정품_299,490|해외구매_254,200","정품_299,490|해외구매_254,200"
5126430,뱅앤올룹슨 BEOPLAY P2,"해외구매_550,000","해외구매_550,000","해외구매_550,000","해외구매_550,000","해외구매_550,000","해외구매_550,000","해외구매_550,000","해외구매_550,000","해외구매_550,000","해외구매_550,000","해외구매_550,000","해외구매_550,000","해외구매_550,000"
6126746,뱅앤올룹슨 BEOPLAY P6,"정품_1,250,000","정품_1,250,000","정품_1,250,000","정품_1,249,990","정품_1,249,990","정품_1,249,990","정품_1,249,990","정품_1,249,990","정품_1,249,990","정품_1,249,990","정품_1,249,990","정품_1,249,990","정품_1,249,990"
20591291,뱅앤올룹슨 BEOSOUND 2 3세대,"정품_4,491,900|해외구매_7,484,900","정품_4,491,900|해외구매_7,484,900","정품_4,491,900|해외구매_7,484,810","정품_4,491,900|해외구매_7,484,780","정품_4,491,900|해외구매_7,484,780","정품_4,491,900|해외구매_7,484,770","정품_4,491,900|해외구매_7,484,680","정품_4,491,900|해외구매_7,484,660","정품_4,491,900|해외구매_7,484,660","정품_4,491,900|해외구매_7,484,650","정품_4,491,900|해외구매_7,484,560","정품_4,491,900|해외구매_7,484,540","정품_4,491,900|해외구매_7,484,540"
20691881,뱅앤올룹슨 BEOSOUND A9 5세대,"정품_4,810,750|해외구매_8,434,430","정품_4,845,290|해외구매_8,434,400","정품_4,845,290|해외구매_8,434,400","정품_4,845,280|해외구매_8,434,400","정품_4,845,280|해외구매_8,434,300","정품_4,845,280|해외구매_8,434,290","정품_4,845,300|해외구매_8,444,120","정품_4,845,300|해외구매_8,444,120","정품_4,845,300|해외구매_8,444,120","정품_4,845,300|해외구매_8,444,120","정품_4,845,300|해외구매_8,444,120","정품_4,845,300|해외구매_8,534,910","정품_4,845,300|해외구매_8,534,910"
18347714,뱅앤올룹슨 BEOSOUND EMERGE,"정품_1,318,740|해외구매_1,560,000","정품_1,318,740|해외구매_1,560,000","정품_1,318,740|해외구매_1,560,000","정품_1,318,740|해외구매_1,560,000","정품_1,318,740|해외구매_1,560,000","정품_1,318,740|해외구매_1,560,000","정품_1,318,740|해외구매_1,560,000","정품_1,318,740|해외구매_1,560,000","정품_1,318,740|해외구매_1,560,000","정품_1,318,740|해외구매_1,560,000","정품_1,318,740|해외구매_1,560,000","정품_1,318,740|해외구매_1,560,000","정품_1,318,740|해외구매_1,560,000"
12590405,뱅앤올룹슨 Beolit 20,"정품_857,200|해외구매_685,020","정품_857,190|해외구매_685,020","정품_857,110|해외구매_685,020","정품_857,110|해외구매_685,020","정품_857,110|해외구매_685,020","정품_857,110|해외구매_685,020","정품_857,110|해외구매_685,020","정품_857,110|해외구매_685,020","정품_857,110|해외구매_685,020","정품_857,110|해외구매_685,020","정품_857,110|해외구매_685,020","정품_857,110|해외구매_685,020","정품_857,110|해외구매_685,020"
7939198,뱅앤올룹슨 Beoplay A9 4세대,"정품_6,500,000|해외구매_3,925,000","정품_6,500,000|해외구매_3,925,000","정품_6,500,000|해외구매_3,925,000","정품_6,500,000|해외구매_3,925,000","정품_6,500,000|해외구매_3,925,000","정품_6,500,000|해외구매_3,925,000","정품_6,500,000|해외구매_3,925,000","정품_6,500,000|해외구매_3,925,000","정품_6,500,000|해외구매_3,925,000","정품_6,500,000|해외구매_3,925,000","정품_6,500,000|해외구매_3,925,000","정품_6,500,000|해외구매_3,925,000","정품_6,500,000|해외구매_3,925,000"
91497854,뱅앤올룹슨 Beoplay A9 5세대,"정품_5,836,000","정품_5,836,000","정품_5,836,000","정품_5,836,000","정품_5,836,000","정품_5,836,000","정품_5,836,000","정품_5,836,000","정품_5,836,000","정품_5,836,000","정품_5,836,000","정품_5,836,000","정품_5,836,000"
11753300,뱅앤올룹슨 Beosound A1 2nd,"정품_498,990|해외구매_376,590","정품_498,990|해외구매_376,590","정품_498,990|해외구매_376,590","정품_498,960|해외구매_376,590","정품_498,960|해외구매_376,590","정품_498,950|해외구매_376,590","정품_498,950|해외구매_376,590","정품_498,940|해외구매_376,590","정품_498,850|해외구매_376,590","정품_498,830|해외구매_376,590","정품_498,830|해외구매_376,590","정품_498,800|해외구매_376,590","정품_498,740|해외구매_376,590"
91912997,뱅앤올룹슨 Beosound A1 3rd,"정품_456,300|해외구매_462,070","정품_473,370|해외구매_462,070","정품_473,370|해외구매_462,070","정품_473,370|해외구매_462,070","정품_473,370|해외구매_462,070","정품_473,370|해외구매_462,070","정품_473,370|해외구매_462,070","정품_473,370|해외구매_462,070","정품_473,370|해외구매_462,070","정품_473,370|해외구매_462,070","정품_473,370|해외구매_462,070","정품_473,370|해외구매_462,070","정품_473,370|해외구매_462,070"
19961807,뱅앤올룹슨 Beosound A5,"노르딕위브, 정품_1,800,000|다크오크, 정품_2,034,000|센츄리위브, 정품_1,841,400|오크, 정품_2,069,250|알루미늄, 정품_2,325,000||","노르딕위브, 정품_1,800,000|다크오크, 정품_2,069,250|센츄리위브, 정품_1,841,400|오크, 정품_2,069,250|알루미늄, 정품_2,325,000||","노르딕위브, 정품_1,800,000|다크오크, 정품_2,069,250|센츄리위브, 정품_1,841,400|오크, 정품_2,069,250|알루미늄, 정품_2,325,000||","노르딕위브, 정품_1,800,000|다크오크, 정품_2,069,250|센츄리위브, 정품_1,841,400|오크, 정품_2,069,250|알루미늄, 정품_2,325,000||","노르딕위브, 정품_1,800,000|다크오크, 정품_2,069,250|센츄리위브, 정품_1,841,400|오크, 정품_2,069,250|알루미늄, 정품_2,325,000||","노르딕위브, 정품_1,800,000|다크오크, 정품_2,069,250|센츄리위브, 정품_1,841,400|오크, 정품_2,069,250|알루미늄, 정품_2,325,000||","노르딕위브, 정품_1,800,000|다크오크, 정품_2,069,250|센츄리위브, 정품_1,841,400|오크, 정품_2,069,250|알루미늄, 정품_2,325,000||","노르딕위브, 정품_1,744,400|다크오크, 정품_2,069,250|센츄리위브, 정품_1,841,400|오크, 정품_2,069,250|알루미늄, 정품_2,325,000||","노르딕위브, 정품_1,764,000|다크오크, 정품_2,069,250|센츄리위브, 정품_1,841,400|오크, 정품_2,069,250|알루미늄, 정품_2,325,000||","노르딕위브, 정품_1,764,000|다크오크, 정품_2,069,250|센츄리위브, 정품_1,841,400|오크, 정품_2,069,250|알루미늄, 정품_2,325,000||","노르딕위브, 정품_1,764,000|다크오크, 정품_2,069,250|센츄리위브, 정품_1,841,400|오크, 정품_2,069,250|알루미늄, 정품_2,325,000||","노르딕위브, 정품_1,764,000|다크오크, 정품_2,069,250|센츄리위브, 정품_1,841,400|오크, 정품_2,069,250|알루미늄, 정품_2,325,000||","노르딕위브, 정품_1,764,000|다크오크, 정품_2,069,250|센츄리위브, 정품_1,841,400|오크, 정품_2,069,250|알루미늄, 정품_2,325,000||"
13463744,뱅앤올룹슨 Beosound Level,"정품_2,113,200|해외구매_2,757,000","정품_2,113,200|해외구매_2,757,000","정품_2,113,100|해외구매_2,757,000","정품_2,113,100|해외구매_2,757,000","정품_2,113,100|해외구매_2,757,000","정품_2,113,100|해외구매_2,757,000","정품_2,113,100|해외구매_2,757,000","정품_2,113,100|해외구매_2,757,000","정품_2,113,100|해외구매_2,757,000","정품_2,113,100|해외구매_2,757,000","정품_2,113,100|해외구매_2,757,000","정품_2,113,100|해외구매_2,757,000","정품_2,113,100|해외구매_2,757,000"
18965759,뱅앤올룹슨 Beosound Level Gold,"정품_2,315,700","정품_2,315,700","정품_2,315,700","정품_2,315,700","정품_2,315,700","정품_2,315,700","정품_2,315,700","정품_2,315,700","정품_2,315,700","정품_2,315,700","정품_2,315,700","정품_2,315,700","정품_2,315,700"
40020659,버슨오디오 V5i OPAMP V5i-D,"정품_45,000","정품_45,000","정품_45,000","정품_45,000","정품_45,000","정품_45,000","정품_45,000","정품_45,000","정품_45,000","정품_45,000","정품_45,000","정품_45,000","정품_45,000"
15278987,베링거 BIGFOOT,"정품_99,000|해외구매_80,000","정품_99,000|해외구매_80,000",0,0,0,0,0,0,0,0,0,0,0
2935754,베링거 C-1U,"정품_81,380","정품_81,350","정품_81,350","정품_80,750","정품_80,750","정품_80,370","정품_85,690","정품_85,600","정품_85,570","정품_85,610","정품_85,510","정품_85,500","정품_83,570"
16571579,벤션 CDKHB,"정품_13,900|해외구매_17,860","정품_13,900|해외구매_17,860","정품_13,900|해외구매_17,860","정품_13,900|해외구매_17,860","정품_13,900|해외구매_17,860","정품_13,900|해외구매_17,860","정품_13,900|해외구매_17,860","정품_13,900|해외구매_17,860","정품_13,900|해외구매_17,860","정품_13,900|해외구매_17,860","정품_13,900|해외구매_18,230","정품_13,900|해외구매_18,230","정품_13,900|해외구매_18,230"
17020838,벤션 CDLH0,"정품_15,000","정품_15,000","정품_15,000","정품_15,000","정품_15,000","정품_15,000","정품_15,000","정품_15,000","정품_15,000","정품_15,000","정품_15,000","정품_15,000","정품_15,000"
17698274,벤션 CDRBB,"정품_18,420","정품_18,320","정품_18,310","정품_18,310","정품_18,310","정품_18,310","정품_18,310","정품_18,310","정품_18,310","정품_18,310","정품_18,310","정품_18,310","정품_18,310"
17698244,벤션 CDRBD,"정품_18,900","정품_18,900","정품_18,900","정품_18,900","정품_18,900","정품_18,900","정품_18,900","정품_18,900","정품_18,900","정품_18,900","정품_18,900","정품_18,900","정품_18,900"
17698226,벤션 CDRBF,"정품_23,700","정품_23,700","정품_23,700","정품_23,700","정품_23,700","정품_23,700","정품_23,700","정품_23,700","정품_23,700","정품_23,700","정품_23,700","정품_23,700","정품_23,700"
21206969,벤션 CDYB0,"정품_11,900","정품_11,900","정품_11,900","정품_11,900",0,0,0,0,0,0,0,0,0
21205592,벤션 CDZB0,"정품_14,900","정품_14,900","정품_14,900","정품_14,900","정품_14,900","정품_14,900","정품_14,900","정품_14,900","정품_14,900","정품_14,900","정품_14,900","정품_14,900","정품_14,900"
21437216,벤션 VAB-S13,"정품_11,400","정품_11,400","정품_11,400","정품_11,400","정품_11,400","정품_11,400","정품_11,400","정품_11,400","정품_11,400","정품_11,400","정품_11,400","정품_11,400","정품_11,400"
14217041,벤션 VAB-S16 사운드카드,"정품_16,900","정품_16,900","정품_16,900","정품_16,900","정품_16,900","정품_16,900","정품_16,900","정품_16,900","정품_16,900","정품_16,900","정품_16,900","정품_16,900","정품_16,900"
89606870,벤션 VAB-S17-B,"정품_9,900","정품_9,900","정품_9,900","정품_9,900","정품_9,900","정품_9,900","정품_9,900","정품_9,900","정품_9,900","정품_9,900","정품_9,900","정품_9,900","정품_9,900"
99896846,벤트론스 Soundbar-1,"정품_9,900","정품_9,900","정품_9,900","정품_9,900",0,0,0,0,0,0,"정품_9,900","정품_9,900","정품_9,900"
12327668,벨레 멜로우 W001T,"279,000","279,000","199,000","199,000","199,000","279,000","279,000","279,000","199,000","199,000","199,000","199,000","199,000"
13724045,벨레 멜로우 W001T WOOD,"279,000","279,000","279,000","279,000","279,000","279,000","279,000","279,000","279,000","279,000","279,000","279,000","279,000"
8114308,벨레 멜로우 W501T,"정품_288,000","정품_288,000","정품_288,000","정품_288,000","정품_288,000","정품_288,000","정품_288,000","정품_288,000","정품_288,000","정품_288,000","정품_288,000","정품_288,000","정품_288,000"
90437630,볼티움 리버브온 R-800,"정품_128,930","정품_128,930","정품_128,930","정품_128,930","정품_127,130","정품_127,130","정품_127,130","정품_127,130","정품_127,130","정품_127,130","정품_127,130","정품_127,130","정품_127,130"
100618049,부이 booie-X11,"정품_35,710","정품_35,710","정품_35,710","정품_35,710","정품_35,710","정품_35,710","정품_34,820","정품_34,820","정품_34,820","정품_34,820","정품_34,820","정품_34,820","정품_34,820"
16866638,브라운오디오 LE 01,"정품_1,890,000|+ 스탠드_2,620,000","정품_1,890,000|+ 스탠드_2,620,000","정품_1,890,000|+ 스탠드_2,620,000","정품_1,890,000|+ 스탠드_2,620,000","정품_1,890,000|+ 스탠드_2,620,000","정품_1,890,000|+ 스탠드_2,620,000","정품_1,890,000|+ 스탠드_2,620,000","정품_1,890,000|+ 스탠드_2,620,000","정품_1,890,000|+ 스탠드_2,620,000","정품_1,890,000|+ 스탠드_2,620,000","정품_1,890,000|+ 스탠드_2,620,000","정품_1,890,000|+ 스탠드_2,620,000","정품_1,848,000|+ 스탠드_2,620,000"
16866662,브라운오디오 LE 02,"정품_1,312,800|+ 스탠드_1,980,000","정품_1,312,790|+ 스탠드_1,980,000","정품_1,310,760|+ 스탠드_1,980,000","정품_1,309,750|+ 스탠드_1,980,000","정품_1,306,720|+ 스탠드_1,980,000","정품_1,306,720|+ 스탠드_1,980,000","정품_1,304,700|+ 스탠드_1,980,000","정품_1,303,690|+ 스탠드_1,980,000","정품_1,303,690|+ 스탠드_1,980,000","정품_1,303,690|+ 스탠드_1,980,000","정품_1,301,670|+ 스탠드_1,980,000","정품_1,300,670|+ 스탠드_1,980,000","정품_1,299,650|+ 스탠드_1,980,000"
16866776,브라운오디오 LE 03,"정품_487,600|+ 스탠드_650,000","정품_487,600|+ 스탠드_650,000","정품_487,600|+ 스탠드_650,000","정품_487,600|+ 스탠드_650,000","정품_487,600|+ 스탠드_650,000","정품_487,600|+ 스탠드_650,000","정품_487,600|+ 스탠드_650,000","정품_487,600|+ 스탠드_650,000","정품_487,600|+ 스탠드_650,000","정품_487,600|+ 스탠드_650,000","정품_487,600|+ 스탠드_650,000","정품_487,600|+ 스탠드_650,000","정품_487,600|+ 스탠드_650,000"
9319797,브로스앤컴퍼니 POUT Ears1,"9,900","9,900","9,900","9,900","9,900","9,900","9,900","9,900","9,900","9,900","9,900","9,900","9,900"
5341779,브로스앤컴퍼니 POUT Ears1 2017,"정품_9,900","정품_9,900","정품_9,900","정품_9,900","정품_9,900","정품_9,900","정품_9,900","정품_9,900","정품_9,900","정품_9,900","정품_9,900","정품_9,900","정품_9,900"
5627411,브로스앤컴퍼니 Pout Ears2,"정품_49,500","정품_49,500","정품_49,500","정품_49,500","정품_49,500","정품_49,500","정품_49,500","정품_49,500","정품_49,500","정품_49,500","정품_49,500","정품_49,500","정품_49,500"
10666752,브이디코랩 세비즈 FOUR40W,"정품_160,360","정품_160,360","정품_160,360","정품_160,360","정품_160,360","정품_160,360","정품_160,360","정품_160,360","정품_160,360","정품_160,360","정품_160,360","정품_160,360","정품_160,360"
28400204,브이디코랩 세비즈 HAND10W,"20,900","20,900","20,900","20,900","20,900","20,900","20,900","20,900","20,900","20,900","20,900","20,900","20,900"
10661151,브이디코랩 세비즈 REALGOLD20W,"정품_20,900","정품_20,900","정품_20,900","정품_20,900","정품_20,900","정품_20,900","정품_20,900","정품_20,900","정품_20,900","정품_20,900","정품_20,900","정품_20,900","정품_20,900"
17342630,브이디코랩 세비즈 ROSEGOLD20W,0,0,"20,900","20,900","20,900","20,900","34,900",0,0,0,0,0,0
17342834,브이디코랩 세비즈 WHITE20W,"20,900","20,900","20,900","20,900","20,900","20,900","20,900","20,900","20,900","20,900","20,900","20,900","20,900"
90158066,블라우풍트 BLP-BS2101,"정품_29,800","정품_29,800","정품_29,800","정품_29,800","정품_29,800","정품_29,800","정품_29,800","정품_29,800","정품_34,900","정품_34,900","정품_34,900","정품_34,900","정품_34,900"
19722980,블루사운드 PULSE 2i,"정품_1,258,000|해외구매_2,152,400","정품_1,258,000|해외구매_2,152,400","정품_1,258,000|해외구매_2,152,400","정품_1,258,000|해외구매_2,152,400","정품_1,258,000|해외구매_2,152,400","정품_1,258,000|해외구매_2,152,400","정품_1,258,000|해외구매_2,073,180","정품_1,258,000|해외구매_2,073,180","정품_1,258,000|해외구매_2,073,180","정품_1,258,000|해외구매_2,073,180","정품_1,258,000|해외구매_2,073,180","정품_1,258,000|해외구매_2,073,180","정품_1,258,000|해외구매_2,073,180"
30166745,블루사운드 PULSE FLEX 2i,"정품_458,000|해외구매_604,200","정품_458,000|해외구매_604,200","정품_458,000|해외구매_604,200","정품_458,000|해외구매_604,200","정품_458,000|해외구매_604,200","정품_458,000|해외구매_604,200","정품_458,000|해외구매_604,200","정품_458,000|해외구매_604,200","정품_458,000|해외구매_604,200","정품_458,000|해외구매_604,200","정품_458,000|해외구매_604,200","정품_458,000|해외구매_604,200","정품_458,000|해외구매_604,200"
67694852,블루투스 서브우퍼 사운드바,"해외구매_27,700","해외구매_27,700","해외구매_27,700","해외구매_27,700","해외구매_27,700","해외구매_27,700","해외구매_27,700","해외구매_27,700","해외구매_27,700","해외구매_27,700","해외구매_27,700","해외구매_27,700","해외구매_27,700"
99476936,블루필 사운드팝 홀더 스피커 BSP101,"정품_42,500","정품_42,500","정품_42,500","정품_42,500","정품_42,500","정품_42,500","정품_42,200","정품_42,200","정품_42,200","정품_42,200","정품_41,660","정품_42,200","정품_42,200"
2781115,비젼퓨쳐 VIVOX 206,"정품_2,690","정품_2,690","정품_2,690","정품_2,690","정품_2,690","정품_2,690","정품_2,690","정품_2,690","정품_2,690","정품_2,690","정품_2,690","정품_2,690","정품_2,690"
104982611,비즈모아코리아 4in1 BZ-KW63,"정품_22,890","정품_22,890","정품_22,890","정품_22,890","정품_22,890","정품_22,890","정품_22,890","정품_22,890","정품_22,890","정품_22,890","정품_22,890","정품_23,000","정품_23,000"
18128249,비치온 VN12-BS300,"블랙_17,200|오렌지_18,460|블루_16,910","블랙_17,200|오렌지_18,460|블루_16,910","블랙_17,200|오렌지_18,460|블루_16,910","블랙_17,200|오렌지_18,460|블루_16,910","블랙_17,200|오렌지_18,460|블루_16,910","블랙_17,200|오렌지_18,460|블루_16,910","블랙_17,200|오렌지_18,460|블루_16,910","블랙_17,200|오렌지_18,460|블루_16,910","블랙_17,200|오렌지_18,460|블루_16,910","블랙_17,200|오렌지_18,460|블루_16,910","블랙_17,200|오렌지_18,460|블루_16,910","블랙_17,200|오렌지_18,460|블루_16,910","블랙_17,200|오렌지_18,460|블루_16,910"
99477245,비파노 HB-01,"정품_22,560","정품_22,560","정품_22,560","정품_22,560","정품_22,560","정품_22,560","정품_22,560","정품_22,810","정품_22,810","정품_22,810","정품_22,750","정품_22,720","정품_22,720"
20139686,사운드 퍼퓸 블루투스 스피커 SPK-1,"43,500","43,500","43,500","43,500","43,500","43,500","43,500","43,500","43,500","43,500","43,500","43,500","43,500"
8001127,사운드룩 SL-BR100,"정품_72,850","정품_72,840","정품_72,750","정품_72,730","정품_72,730","정품_72,720","정품_72,630","정품_72,610","정품_72,610","정품_72,600","정품_72,510","정품_72,490","정품_72,490"
57492050,사운드룩 SL-BR101,"45,910","45,910","45,910","45,910","45,910","45,910","45,910","45,910","45,910","45,910","45,910","45,910","45,910"
18770558,사운드룩 SL-BR200,"블랙_79,000|화이트_74,260","블랙_79,000|화이트_74,260","블랙_79,000|화이트_74,260","블랙_79,000|화이트_74,260","블랙_79,000|화이트_74,260","블랙_79,000|화이트_74,260","블랙_79,000|화이트_74,260","블랙_79,000|화이트_74,260","블랙_79,000|화이트_74,260","블랙_79,000|화이트_74,260","블랙_79,000|화이트_74,260","블랙_79,000|화이트_74,260","블랙_79,000|화이트_74,260"
28889648,사운드룩 SL-BS700,"24,000","24,000","24,000","24,000","24,000","24,000","24,000","24,000","24,000","24,000","24,000","24,000","24,000"
94524578,사운드룩 SL-BS800,"정품_33,290","정품_33,290","정품_33,290","정품_33,290","정품_33,290","정품_33,290","정품_33,290","정품_33,290","정품_33,290","정품_33,290","정품_33,290","정품_33,290","정품_33,290"
78780572,산진 WR-12BT Plus,"정품_278,000|해외구매_405,850","정품_278,000|해외구매_405,850","정품_278,000|해외구매_401,970","정품_278,000|해외구매_401,970","정품_278,000|해외구매_401,540","정품_278,000|해외구매_401,540","정품_278,000|해외구매_401,540","정품_278,000|해외구매_401,540","정품_278,000|해외구매_401,540","정품_278,000|해외구매_401,540","정품_278,000|해외구매_401,540","정품_278,000|해외구매_401,540","정품_278,000|해외구매_401,540"
100696133,산진 WR-201D,"정품_289,000","정품_289,000","정품_289,000","정품_289,000","정품_289,000","정품_289,000","정품_289,000","정품_289,000","정품_289,000","정품_289,000","정품_289,000","정품_289,000","정품_289,000"
6473654,삼성전자 SMS-A90UB,"정품_28,900","정품_28,900","정품_28,900","정품_28,900","정품_28,900","정품_28,900","정품_28,900","정품_28,900","정품_28,900","정품_28,900","정품_28,900","정품_28,900","정품_28,900"
1843515,삼성전자 SMS-M70U,"정품_69,600","정품_69,600","정품_69,600","정품_69,600","정품_69,600","정품_69,600","정품_69,600","정품_69,600","정품_69,600","정품_69,600","정품_69,600","정품_69,600","정품_69,600"
90890417,삼성전자 SS-B1000,"정품_62,100","정품_62,100","정품_62,100","정품_62,100","정품_62,100","정품_62,100","정품_62,100","정품_62,100","정품_62,100","정품_62,100","정품_62,100","정품_62,100","정품_62,100"
104988545,삼성전자 SS-U1000,"정품_49,000","정품_49,000","정품_49,000","정품_49,000","정품_49,000","정품_49,000","정품_49,000","정품_49,000","정품_49,000","정품_49,000","정품_49,000","정품_49,000","정품_49,000"
38703407,삼성전자 뮤직 프레임 HW-LS60D,"정품_419,000|해외구매_340,970","정품_419,000|해외구매_340,970","정품_419,000|해외구매_342,870","정품_419,000|해외구매_342,870","정품_419,000|해외구매_342,870","정품_419,000|해외구매_342,870","정품_419,000|해외구매_342,870","정품_419,000|해외구매_342,870","정품_419,000|해외구매_342,870","정품_419,000|해외구매_342,870","정품_419,000|해외구매_340,220","정품_419,000|해외구매_340,220","정품_419,000|해외구매_340,220"
5184790,삼신E&B BS-003,"정품_9,900","정품_9,900","정품_9,900","정품_9,900","정품_9,900","정품_9,900","정품_9,900","정품_9,900","정품_9,900","정품_9,900","정품_9,900","정품_9,900","정품_9,900"
27482279,삼신E&B 캔디 BS-10,"1개_24,900|2개_40,010","1개_24,900|2개_40,010","1개_24,900|2개_40,010","1개_24,900|2개_40,010","1개_24,900|2개_40,010","1개_24,900|2개_40,290","1개_24,900|2개_40,290","1개_24,900|2개_40,290","1개_24,900|2개_40,290","1개_24,900|2개_40,350","1개_24,900|2개_39,730","1개_24,900|2개_39,730","1개_24,900|2개_39,730"
78984020,삼지아이티 피스넷 고플레이,"정품_39,900","정품_39,900","정품_39,900","정품_39,900","정품_39,900","정품_39,900","정품_39,900","정품_39,900","정품_39,900","정품_39,900","정품_39,900","정품_39,900","정품_39,900"
4852170,삼지아이티 피스넷 뮤직라이더,"98,000","98,000","98,000","98,000","98,000","98,000","98,000","98,000","98,000","98,000","98,000","98,000","98,000"
16879949,삼지아이티 피스넷 뮤직라이더 시즌2,"58,900","58,900","58,900","58,900","58,900","58,900","58,900","58,900","58,900","58,900","58,900","58,900","58,900"
17475959,상도아이앤티 ANYZONE AZ-L100,"정품_24,190","정품_24,190","정품_24,190","정품_24,190","정품_24,190","정품_24,190","정품_24,190","정품_24,190","정품_24,190","정품_24,190","정품_24,190","정품_24,190","정품_24,190"
12310970,상도아이앤티 ANYZONE SDS-1000U USB,"정품_4,190","정품_4,190","정품_4,190","정품_4,190","정품_4,190","정품_4,190","정품_4,190","정품_4,190","정품_4,190","정품_4,190","정품_4,190","정품_4,190","정품_4,190"
14549972,상도아이앤티 ANYZONE SDS-2000U,"정품_6,870","정품_6,870","정품_6,870","정품_6,870","정품_6,870","정품_6,870","정품_6,870","정품_6,870","정품_6,870","정품_6,870","정품_6,870","정품_6,870","정품_6,870"
18132191,샤오미 Mi 포터블 블루투스 스피커 XMYX04WM,"정품_37,100|해외구매_24,250","정품_37,100|해외구매_24,250","정품_37,100|해외구매_24,020","정품_37,100|해외구매_24,020",0,0,0,0,0,0,0,0,0
20545316,샤오미 Mi 포터블 블루투스 스피커 XMYX04WM,0,0,0,0,"해외구매_23,790","해외구매_23,790","해외구매_23,740","해외구매_23,740","해외구매_23,740","해외구매_23,740","해외구매_23,740","해외구매_23,740","해외구매_23,740"
32137454,샤오미 레드미 컴퓨터 스피커,"해외구매_59,800","해외구매_59,800","해외구매_59,800","해외구매_59,800","해외구매_59,800","해외구매_59,800","해외구매_59,800","해외구매_59,800","해외구매_59,800","해외구매_59,800","해외구매_59,800","해외구매_59,800","해외구매_59,800"
100189829,샤오미 사운드 아웃도어,"정품_62,800|해외구매_34,890","정품_62,800|해외구매_34,890","정품_62,800|해외구매_35,790","정품_62,800|해외구매_35,790","정품_62,800|해외구매_35,790","정품_62,800|해외구매_35,790","정품_62,800|해외구매_35,790","정품_62,800|해외구매_35,560","정품_62,800|해외구매_35,560","정품_62,800|해외구매_35,430","정품_62,800|해외구매_35,430","정품_62,800|해외구매_35,230","정품_62,800|해외구매_35,230"
100001786,샤오미 사운드 포켓,"정품_27,200","정품_27,200","정품_27,200","정품_27,200","정품_27,200","정품_27,200","정품_27,200","정품_27,200","정품_27,200","정품_27,200","정품_27,200","정품_27,200","정품_27,200"
6066071,샤오미 큐브박스 2 XMYX03YM,"해외구매_52,100","해외구매_52,100","해외구매_52,100","해외구매_52,100","해외구매_52,100","해외구매_52,100","해외구매_52,100","해외구매_52,100","해외구매_52,100","해외구매_52,100","해외구매_52,100","해외구매_52,100","해외구매_52,100"
8206120,샤이닝몰 컴썸 MIC-600,"정품_29,900","정품_29,900","정품_29,900","정품_29,900","정품_29,900","정품_29,900","정품_29,900","정품_29,900","정품_29,900","정품_29,900","정품_29,900","정품_29,900",0
11324799,샤이닝몰 컴썸 MIC-900 PRO,"61,900","61,900","61,900","61,900","61,900","61,900","61,900","61,900","61,900","61,900","61,900","61,900","61,900"
13460780,서진네트웍스 UNICORN SB-500BT,"정품_13,990","정품_13,990","정품_13,990","정품_13,990","정품_13,990","정품_13,990","정품_13,990","정품_13,990","정품_13,990","정품_15,090","정품_15,090","정품_15,060","정품_15,000"
13460330,서진네트웍스 UNICORN SB-700BT,"정품_14,870","정품_14,870","정품_14,870","정품_14,870","정품_14,870","정품_14,870","정품_14,870","정품_14,870","정품_14,870","정품_16,890","정품_16,890","정품_16,890","정품_16,290"
18106727,서진네트웍스 UNICORN SB-M9,"정품_18,500","정품_18,500","정품_19,570","정품_19,570","정품_18,500","정품_18,500","정품_18,500","정품_18,500","정품_18,500","정품_18,500","정품_18,500","정품_18,500","정품_18,500"
5641923,서진네트웍스 유니콘 FLOWER S30,"정품_19,600","정품_19,600","정품_19,600","정품_19,600","정품_19,600","정품_19,600","정품_19,600","정품_19,600","정품_19,600","정품_19,600","정품_19,600","정품_19,600","정품_19,600"
5426288,서진네트웍스 유니콘 LB-500R,"정품_13,820","정품_13,820","정품_13,820","정품_13,820","정품_13,820","정품_13,820","정품_13,820","정품_13,820","정품_13,820","정품_13,820","정품_13,820","정품_13,820","정품_13,820"
18022937,서진네트웍스 유니콘 MF-S580,"27,000","27,000","27,000","27,000","27,000","27,000","27,000","27,000","27,000","27,000","27,000","27,000","27,000"
25730540,서진네트웍스 지니큐 MF-7000B,"31,300","31,300","31,200","31,300","31,300","31,300","31,300","31,300","31,300","31,300","31,300","31,300","31,200"
25712996,서진네트웍스 지니큐 MF-900B,0,0,"50,630","50,630","50,630","50,630","50,630","50,630","50,630","50,630","50,630","50,630","50,630"
5863981,세이펜 도레미,"정품_26,810","정품_26,810","정품_26,810","정품_26,810","정품_26,810","정품_26,810","정품_26,810","정품_27,620","정품_27,620","정품_27,620","정품_27,620","정품_27,620","정품_27,620"
17696672,세컨드찬스 GEEKSTAR GS2000,"정품_18,900","정품_18,900","정품_18,900","정품_18,900","정품_18,900","정품_18,900","정품_18,900","정품_18,900","정품_18,900","정품_18,900","정품_18,900","정품_18,900","정품_18,900"
17234000,소너스파베르 Omnia,"정품_2,254,380|해외구매_4,063,100","정품_2,254,350|해외구매_4,063,100","정품_2,254,350|해외구매_4,063,100","정품_2,254,340|해외구매_4,063,100","정품_2,254,340|해외구매_4,063,100","정품_2,254,330|해외구매_4,063,100","정품_2,254,240|해외구매_4,063,100","정품_2,254,220|해외구매_4,063,100","정품_2,254,220|해외구매_4,063,100","정품_2,254,210|해외구매_4,063,100","정품_2,254,120|해외구매_4,063,100","정품_2,254,100|해외구매_4,063,100","정품_2,254,100|해외구매_4,063,100"
20746916,소노로 PRIMUS,"정품_1,390,000","정품_1,390,000","정품_1,390,000","정품_1,390,000","정품_1,390,000","정품_1,390,000","정품_1,390,000","정품_1,390,000","정품_1,390,000","정품_1,390,000","정품_1,390,000","정품_1,390,000","정품_1,390,000"
31342283,소노로 Relax,"해외구매_786,400","해외구매_786,400","해외구매_786,400","해외구매_786,400","해외구매_786,400","해외구매_786,400","해외구매_786,400","해외구매_786,400","해외구매_786,400","해외구매_786,400","해외구매_786,400","해외구매_786,400","해외구매_786,400"
13524530,소노로 Stream,"해외구매_734,230","해외구매_734,230","해외구매_734,230","해외구매_734,230","해외구매_734,230","해외구매_734,230","해외구매_734,230","해외구매_734,230","해외구매_734,230","해외구매_734,230","해외구매_734,230","해외구매_734,230","해외구매_734,230"
15657713,소노로 이지,"정품_520,000|해외구매_463,300","정품_520,000|해외구매_463,300","정품_520,000|해외구매_463,300","정품_520,000|해외구매_463,300","정품_520,000|해외구매_463,300","정품_520,000|해외구매_463,300","정품_520,000|해외구매_463,300","정품_520,000|해외구매_463,300","정품_520,000|해외구매_463,300","정품_520,000|해외구매_463,300","정품_520,000|해외구매_463,300","정품_520,000|해외구매_463,300","정품_520,000|해외구매_463,300"
43533125,소노스 Era 100,"해외구매_305,990","해외구매_305,990","해외구매_305,990","해외구매_305,990","해외구매_305,990","해외구매_305,990","해외구매_305,990","해외구매_305,990","해외구매_305,990","해외구매_305,990","해외구매_305,990","해외구매_305,990","해외구매_305,990"
43533488,소노스 Era 300,"해외구매_608,300","해외구매_608,300","해외구매_608,300","해외구매_608,300","해외구매_608,300","해외구매_608,300","해외구매_598,180","해외구매_598,180","해외구매_596,130","해외구매_596,130","해외구매_590,050","해외구매_590,050","해외구매_590,050"
3524574,소닉사운드 SF-BT103,"정품_19,900","정품_19,900","정품_19,900","정품_19,900","정품_19,900","정품_19,900","정품_19,900","정품_19,900","정품_19,900","정품_19,900","정품_19,900","정품_19,900","정품_19,900"
3085514,솔 리퍼블릭 Punk Wireless,"정품_39,900","정품_39,900","정품_39,900","정품_39,900","정품_39,900","정품_39,900","정품_39,900","정품_39,900","정품_39,900","정품_39,900","정품_39,900","정품_39,900","정품_39,900"
14403281,슈미드 아이슈미드 SCM-BTS-100TWS,"39,000","39,000","39,000","39,000","39,000","39,000","39,000","39,000","39,000","39,000","39,000","39,000","39,000"
104355884,슈미드 아이슈미드 SCM-BTS420,"30,000","30,000","30,000","30,000","30,000","30,000","30,000","30,000","30,000","30,000","30,000","30,000","30,000"
3511249,슈어 MV5,"정품_183,000|해외구매_175,800","정품_183,000|해외구매_175,800","정품_183,000|해외구매_175,800","정품_183,000|해외구매_175,800","정품_183,000|해외구매_175,800","정품_183,000|해외구매_175,800","정품_183,000|해외구매_175,800","정품_183,000|해외구매_175,800","정품_183,000|해외구매_175,800","정품_183,000|해외구매_175,800","정품_183,000|해외구매_175,800","정품_183,000|해외구매_175,800","정품_183,000|해외구매_175,800"
12638564,슈어 MV5C,"정품_173,870","정품_173,860","정품_173,860","정품_173,850","정품_173,850","정품_173,840","정품_173,840","정품_173,830","정품_170,490","정품_170,490","정품_170,490","정품_170,480","정품_170,480"
103452848,슈어 SM4-K,"정품_377,000|해외구매_481,140","정품_377,000|해외구매_481,130","정품_377,000|해외구매_481,060","정품_376,990|해외구매_481,020","정품_364,500|해외구매_481,020","정품_364,500|해외구매_481,020","정품_364,500|해외구매_480,920","정품_364,500|해외구매_480,900","정품_364,500|해외구매_480,900","정품_364,500|해외구매_480,890","정품_364,500|해외구매_480,800","정품_364,500|해외구매_480,780","정품_376,990|해외구매_480,780"
103480430,슈어 SM4-K-KIT,"정품_469,460|해외구매_438,350","정품_469,460|해외구매_438,350","정품_469,460|해외구매_468,800","정품_469,460|해외구매_468,800","정품_469,460|해외구매_468,800","정품_469,460|해외구매_468,800","정품_469,460|해외구매_468,800","정품_469,460|해외구매_468,800","정품_469,460|해외구매_468,800","정품_469,460|해외구매_468,000","정품_469,460|해외구매_468,000","정품_469,460|해외구매_468,000","정품_469,460|해외구매_467,970"
6722104,슈퍼럭스 E205U MK2,"118,000","118,000","118,000","118,000","118,000","118,000","118,000","118,000","118,000","118,000","118,000","118,000","118,000"
4832309,스웨거코리아 SW-S10,"정품_6,750","정품_6,750","정품_6,750","정품_6,750","정품_6,750","정품_6,750","정품_6,750","정품_6,750","정품_6,750","정품_6,750","정품_6,750","정품_6,750","정품_6,750"
5076267,스웨거코리아 SW-S100,"정품_36,900","정품_36,900","정품_36,900","정품_36,900","정품_36,900","정품_36,900","정품_36,900","정품_36,900","정품_36,900","정품_36,900","정품_36,900","정품_36,900","정품_36,900"
13222001,스카이디지탈 SBS201,"정품_21,030","정품_21,030","정품_21,030","정품_21,030","정품_21,030","정품_21,030","정품_21,030","정품_21,030","정품_21,030","정품_21,470","정품_21,470","정품_21,470","정품_21,470"
6240478,스카이디지탈 SKY SB101,"정품_23,060","정품_23,060","정품_23,060","정품_23,060","정품_23,060","정품_23,060","정품_23,060","정품_23,060","정품_23,060","정품_23,060","정품_23,060","정품_23,060","정품_23,060"
11226789,스카이디지탈 SKY SB102,0,0,"정품_25,900","정품_25,900","정품_25,900","정품_25,900","정품_25,900","정품_25,900","정품_25,900","정품_25,900","정품_25,900","정품_25,900","정품_25,900"
6005494,스캔소닉 PA4601,"정품_34,890","정품_34,890","정품_34,890","정품_34,890","정품_34,890","정품_34,890","정품_34,890","정품_34,890","정품_34,890","정품_34,890","정품_34,890","정품_34,890","정품_34,890"
98777495,스킨플레이어 내셔널지오그래픽 NGM-MBS,"정품_39,800","정품_39,800","정품_39,800","정품_39,800","정품_39,800","정품_39,800","정품_39,800","정품_39,800","정품_39,800","정품_37,010","정품_39,800","정품_39,800","정품_39,800"
30128006,스틸시리즈 Alias,"정품_299,000|해외구매_257,600|중고_248,170","정품_299,000|해외구매_257,600|중고_248,170","정품_299,000|해외구매_257,600|중고_248,170","정품_199,000|해외구매_257,600|중고_248,170","정품_199,000|해외구매_257,600|중고_248,170","정품_199,000|해외구매_257,600|중고_248,170","정품_199,000|해외구매_257,600|중고_248,170","정품_199,000|해외구매_257,600|중고_248,170","정품_199,000|해외구매_257,600|중고_248,170","정품_199,000|해외구매_257,600|중고_248,170","정품_199,000|해외구매_257,600|중고_248,170","정품_199,000|해외구매_257,600|중고_248,170","정품_199,000|해외구매_257,600|중고_248,170"
18382955,스틸시리즈 Arena 3,"정품_185,070|해외구매_113,930","정품_185,070|해외구매_113,920","정품_185,070|해외구매_113,920","정품_169,000|해외구매_104,490","정품_169,000|해외구매_104,490","정품_169,000|해외구매_104,490","정품_169,000|해외구매_104,480","정품_169,000|해외구매_104,370","정품_169,000|해외구매_104,370","정품_169,000|해외구매_104,360","정품_169,000|해외구매_104,360","정품_169,000|해외구매_104,360","정품_169,000|해외구매_104,360"
5590428,스피티 몬스터 M3,"정품_49,000","정품_49,000","정품_49,000","정품_49,000","정품_49,000","정품_49,000","정품_49,000","정품_49,000","정품_49,000","정품_49,000","정품_49,000","정품_49,000","정품_49,000"
99324044,써드라인 접이식 캠핑 랜턴 스피커 Y20,"정품_52,220","정품_52,220","정품_52,220","정품_52,080","정품_52,080","정품_52,450","정품_52,020","정품_52,020","정품_52,020","정품_52,020","정품_52,020","정품_52,020","정품_52,253"
65309282,쏘빗 B10 사운드바,"정품_27,500","정품_27,500","정품_27,500","정품_27,500","정품_27,500","정품_27,500","정품_27,500","정품_27,500","정품_27,500","정품_27,500","정품_27,500","정품_27,500","정품_27,500"
39104705,쏘빗 휴대용 미니 블루투스 스피커 D1,"27,600","27,600","27,600","27,600","27,600","27,600","27,600","27,600","27,600","27,600","27,600","27,600","27,600"
79860329,아남전자 A-RT80,"정품_27,400","정품_27,370","정품_27,270","정품_27,250","정품_27,230","정품_28,540","정품_28,460","정품_28,430","정품_26,420","정품_26,420","정품_26,990","정품_26,940","정품_26,880"
15659522,아남전자 ATX-15BT,"19,040","19,040","19,040","19,040","19,690","19,690","19,590","19,560","19,470","19,450","19,450","19,420","19,410"
3357276,아남전자 BTA-301,"정품_18,990","정품_18,990","정품_18,990","정품_18,990","정품_18,990","정품_18,990","정품_18,990","정품_18,990","정품_18,990","정품_18,990","정품_18,990","정품_18,990","정품_18,990"
98411192,아남전자 R50,"정품_32,200","정품_32,190","정품_30,500","정품_30,500","정품_29,900","정품_29,900","정품_29,900","정품_29,900","정품_30,510","정품_30,510","정품_28,900","정품_30,510","정품_30,510"
100843223,아워스7 루멘 OSPA1,"정품_29,900","정품_29,900","정품_29,900","정품_29,900","정품_29,900","정품_29,900","정품_29,900","정품_29,900","정품_29,900","정품_29,900","정품_29,900","정품_29,900","정품_29,900"
20274605,아이노비아 오르미 ORM1,"24,900","24,900","24,900","24,900","24,900","24,900","24,900","24,900","24,900","24,900","24,900","24,900","24,900"
4014735,아이담테크 BT-88,"정품_13,690","정품_13,690","정품_13,690","정품_13,690","정품_13,690","정품_13,690","정품_13,690","정품_13,690","정품_13,690","정품_13,690","정품_13,690","정품_13,690","정품_13,690"
27944513,아이러브캐릭터 몰랑이 블루투스 스피커 PSBTS-ML001,"20,000","20,000","20,000","20,000","20,000","20,000","20,000","20,000","20,000","20,000","20,000","20,000","20,000"
16041941,아이리버 Astell&Kern ACRO BE100,"정품_790,000","정품_790,000","정품_790,000","정품_790,000","정품_790,000","정품_790,000","정품_790,000","정품_790,000","정품_790,000","정품_790,000","정품_790,000","정품_790,000","정품_790,000"
6538935,아이리버 EQwear-S10,"블랙_33,350","블랙_33,350","블랙_33,350","블랙_33,350","블랙_33,350","블랙_33,350","블랙_33,350","블랙_33,350","블랙_33,350","블랙_33,350","블랙_33,350","블랙_33,350","블랙_33,350"
11556389,아이리버 EQwear-SB7,"정품_16,500","정품_16,500","정품_16,500","정품_16,500","정품_16,500","정품_16,500","정품_16,500","정품_16,500","정품_16,500","정품_16,500","정품_16,500","정품_16,500","정품_16,500"
17210180,아이리버 EQwear-SBT3,"정품_37,900","정품_37,900","정품_37,900","정품_37,900","정품_37,900","정품_37,900","정품_37,900","정품_37,900","정품_37,900","정품_37,900","정품_37,900","정품_37,900","정품_37,900"
19490573,아이리버 IBS-200,"정품_14,500","정품_14,500","정품_14,500","정품_14,500","정품_14,500","정품_14,500","정품_14,500","정품_14,500","정품_14,500","정품_14,500","정품_14,500","정품_14,500","정품_14,500"
13352654,아이리버 IBS-300,"블랙_15,200|화이트_15,800","블랙_15,200|화이트_15,800","블랙_15,200|화이트_15,800","블랙_15,200|화이트_15,800","블랙_15,200|화이트_15,800","블랙_15,210|화이트_15,800","블랙_15,210|화이트_15,800","블랙_15,210|화이트_15,800","블랙_15,210|화이트_15,800","블랙_15,210|화이트_15,800","블랙_15,200|화이트_15,800","블랙_15,200|화이트_15,800","블랙_15,200|화이트_15,800"
3519004,아이리버 IBS-400,"블랙_21,160|화이트_30,750","블랙_21,160|화이트_30,750","블랙_21,160|화이트_30,750","블랙_21,160|화이트_30,750","블랙_21,160|화이트_30,750","블랙_21,160|화이트_30,750","블랙_21,160|화이트_30,420","블랙_21,390|화이트_30,420","블랙_21,390|화이트_30,420","블랙_21,390|화이트_30,420","블랙_21,330|화이트_30,420","블랙_21,310|화이트_30,420","블랙_21,310|화이트_30,750"
17230538,아이리버 IBS-700,"정품_17,500","정품_17,500","정품_17,500","정품_17,500","정품_17,500","정품_17,500","정품_17,500","정품_17,500","정품_17,500","정품_17,500","정품_17,500","정품_17,500","정품_17,500"
42204506,아이리버 IBS-A1,"50,000","50,000","50,000","50,000","50,000","50,000","50,000","50,000","50,000","50,000","50,000","50,000","50,000"
27987545,아이리버 IBS-E50,"정품_25,500","정품_25,500","정품_25,500","정품_25,500","정품_25,500","정품_25,500","정품_25,500","정품_25,500","정품_25,500","정품_25,500","정품_25,500","정품_25,500","정품_25,500"
29888051,아이리버 IBS-S150,"정품_15,000","정품_15,000","정품_15,000","정품_15,000","정품_15,000","정품_15,000","정품_15,000","정품_15,000","정품_15,000","정품_15,000","정품_15,000","정품_15,000","정품_15,000"
17293784,아이리버 IBS-Z70,"30,270","30,260","30,180","30,150","30,150","30,140","30,500","30,500","30,500","30,500","30,500","30,830","30,830"
17625152,아이리버 IM-200,"23,090","23,090","23,090","23,090","23,090","23,090","23,090","23,090","23,090","23,090","23,090","23,090","23,090"
17581964,아이리버 IM-400,"정품_38,690","정품_38,690","정품_38,690","정품_38,690","정품_38,690","정품_38,690","정품_38,690","정품_38,690","정품_38,690","정품_38,690","정품_38,690","정품_38,690","정품_38,690"
5549825,아이리버 IR-S50 WOODEN BLOCK,"정품_24,500","정품_24,500","정품_24,500","정품_24,500","정품_24,500","정품_24,500","정품_24,500","정품_24,500","정품_24,500","정품_24,500","정품_24,500","정품_24,500","정품_24,500"
15061646,아이리버 IR-SB1,"정품_20,360","정품_20,360","정품_20,360","정품_20,360","정품_20,360","정품_20,360","정품_20,360","정품_20,360","정품_20,360","정품_20,360","정품_20,360","정품_20,360","정품_20,360"
5551824,아이리버 IR-SB200,"정품_32,890","정품_32,890","정품_32,890","정품_32,890","정품_32,890","정품_32,890","정품_32,890","정품_32,890","정품_32,890","정품_32,890","정품_32,890","정품_32,890","정품_32,890"
16720247,아이리버 IR-SB560,"정품_29,700","정품_29,700","정품_29,700","정품_29,700","정품_29,700","정품_29,700","정품_29,700","정품_29,700","정품_29,700","정품_29,700","정품_29,700","정품_29,700","정품_29,700"
18271745,아이리버 IRC-SB60,"정품_19,380","정품_19,380","정품_19,380","정품_19,380","정품_19,380","정품_19,380","정품_19,380","정품_19,380","정품_19,380","정품_19,380","정품_19,380","정품_19,380","정품_19,380"
18851957,아이리버 IRC-SB70,"정품_18,900","정품_18,900","정품_18,900","정품_18,900","정품_18,900","정품_18,900","정품_18,900","정품_18,900","정품_18,900","정품_18,900","정품_18,900","정품_18,900","정품_18,900"
88233608,아이리버 ISW-RS01,"정품_55,000","정품_55,000","정품_55,000","정품_55,000","정품_55,000","정품_55,000","정품_55,000","정품_55,000","정품_55,000","정품_55,000","정품_55,000","정품_55,000","정품_55,000"
99944735,아이리버 Mplayer Venice,"정품_342,670","정품_295,000","정품_295,000","정품_327,600","정품_342,910","정품_342,890","정품_299,000","정품_299,000","정품_299,000","정품_299,000","정품_299,000","정품_299,000","정품_299,000"
5519923,아이리버 메탈블럭 IR-BT100,"정품_20,130","정품_20,130","정품_20,130","정품_20,130","정품_20,130","정품_20,130","정품_20,130","정품_20,130","정품_20,130","정품_20,130","정품_20,130","정품_20,130","정품_20,130"
2222079,아이리버 블랭크 사운드 드럼 BTS-D1,"정품_36,800","정품_36,800","정품_36,800","정품_36,800","정품_36,800","정품_36,800","정품_36,800","정품_36,800","정품_36,800","정품_36,800","정품_36,800","정품_36,800","정품_36,800"
4968991,아이리버 블랭크 사운드 드럼 BTS-D1 시즌2,"정품_29,900","정품_29,900","정품_29,900","정품_29,900","정품_29,900","정품_29,900","정품_29,900","정품_29,900","정품_29,900","정품_29,900","정품_29,900","정품_29,900","정품_29,900"
4944792,아이리버 블랭크 사운드 램프,"정품_82,010","정품_82,010","정품_82,010","정품_82,010","정품_82,010","정품_82,010","정품_81,150","정품_81,150","정품_81,150","정품_81,150","정품_81,150","정품_81,150","정품_82,010"
5721243,아이리버 사운드 에펠 TWS-EF7,"1개, 정품_49,120|2개, 정품_108,410","1개, 정품_49,120|2개, 정품_108,410","1개, 정품_46,340|2개, 정품_108,410","1개, 정품_46,340|2개, 정품_108,410","1개, 정품_46,340|2개, 정품_108,410","1개, 정품_46,340|2개, 정품_108,410","1개, 정품_42,770|2개, 정품_108,410","1개, 정품_42,770|2개, 정품_108,410","1개, 정품_42,770|2개, 정품_108,410","1개, 정품_42,770|2개, 정품_108,410","1개, 정품_42,770|2개, 정품_108,410","1개, 정품_42,770|2개, 정품_108,410","1개, 정품_42,770|2개, 정품_108,410"
28801940,아이리버 사운드모션 프로 ISB-L10,"24,900","24,900","24,900","24,900","24,900","24,900","24,900","24,900","24,900","24,900","24,900","24,900","39,800"
5519840,아이리버 스폰지 IR-BT200,"정품_29,900","정품_29,900","정품_29,900","정품_29,900","정품_29,900","정품_29,900","정품_29,900","정품_29,900","정품_29,900","정품_29,900","정품_29,900","정품_29,900","정품_29,900"
27576851,아이리버 아트로 ISB-M01,"56,450","56,450","56,450","56,450","56,450","56,450","56,450","56,450","56,450","56,450","56,450","56,450","56,450"
5552551,아이리버 우든 박스 IR-R1000,"정품_54,340","정품_54,340","정품_54,340","정품_54,340","정품_54,340","정품_54,340","정품_54,340","정품_54,340","정품_54,340","정품_54,340","정품_54,340","정품_54,340","정품_54,340"
100189919,아이스토리 CH-M2,"정품_24,560","정품_24,560","정품_24,560","정품_24,560","정품_24,560","정품_24,560","정품_24,560","정품_24,560","정품_24,560","정품_24,560","정품_20,610","정품_20,610","정품_20,610"
92545133,아이스트림즈 SR05D,0,0,0,0,"정품_214,000","정품_214,000","정품_214,000","정품_214,000","정품_214,000","정품_214,000","정품_214,000","정품_214,000","정품_214,000"
92545292,아이스트림즈 SR07D,0,0,0,0,"정품_244,000","정품_244,000","정품_244,000","정품_244,000","정품_244,000","정품_244,000","정품_244,000","정품_244,000","정품_244,000"
6021161,아이온오디오 Flash Cube,"정품_99,000","정품_99,000","정품_99,000","정품_99,000","정품_99,000","정품_99,000","정품_99,000","정품_99,000","정품_99,000","정품_99,000","정품_99,000","정품_99,000","정품_99,000"
5583710,아이온오디오 Helios,"정품_48,900","정품_48,900","정품_48,900","정품_48,900","정품_48,900","정품_48,900","정품_48,900","정품_48,900","정품_48,900","정품_48,900","정품_48,900","정품_48,900","정품_48,900"
5885639,아이온오디오 스펙트라붐,"정품_145,010","정품_145,010","정품_145,010","정품_145,010","정품_145,010","정품_145,010","정품_145,010","정품_145,010","정품_145,010","정품_145,010","정품_145,010","정품_145,010","정품_145,010"
5583439,아이온오디오 파티 스타터,"정품_25,910","정품_25,910","정품_25,889","정품_25,889","정품_25,889","정품_25,889","정품_25,680","정품_25,680","정품_25,680","정품_25,680","정품_25,680","정품_25,680","정품_25,889"
10429269,아이온코리아 BOSSWIZ BOS-502U,"정품_21,000","정품_21,000","정품_21,000","정품_21,000","정품_21,000","정품_21,000","정품_21,000","정품_21,000","정품_21,000","정품_21,000","정품_21,000","정품_21,000","정품_21,000"
18914423,아이온코리아 BOSSWIZ BOS-GS350U,"정품_20,200","정품_20,930","정품_20,200","정품_20,860","정품_20,200","정품_20,200","정품_20,200","정품_20,200","정품_20,200","정품_20,200","정품_20,200","정품_20,200","정품_20,200"
10672644,아이온코리아 BOSSWIZ BOS-N10,"정품_33,390","정품_33,390","정품_33,390","정품_33,390","정품_33,390","정품_33,390","정품_33,390","정품_33,390","정품_33,390","정품_33,390","정품_33,390","정품_33,390","정품_33,390"
4840541,아이온코리아 BOSSWIZ BS80,"정품_15,030","정품_15,030","정품_15,030","정품_15,030","정품_15,030","정품_15,030","정품_15,030","정품_15,030","정품_15,030","정품_15,030","정품_15,030","정품_15,030","정품_15,030"
2813116,아이온코리아 BOSSWIZ BTS-X3020,"19,600","19,600","19,600","19,600","19,600","19,600","19,600","19,600","19,600","19,600","19,600","19,600","19,600"
13809899,아이온코리아 BOSSWIZ OCS-S20,"정품_27,700","정품_27,700","정품_27,700","정품_27,700","정품_27,700","정품_27,700","정품_27,700","정품_27,700","정품_27,700","정품_27,700","정품_27,700","정품_27,700","정품_27,700"
1889994,아이온코리아 BOSSWIZ SP-330,"정품_50,610","정품_48,450","정품_48,450","정품_50,610","정품_50,610","정품_50,610","정품_50,610","정품_50,610","정품_50,610","정품_50,610","정품_50,610","정품_50,610","정품_50,610"
11719307,아이온코리아 BOSSWIZ SP-335 RGB,"정품_28,150","정품_28,150","정품_28,150","정품_28,150","정품_28,150","정품_28,150","정품_28,150","정품_28,150","정품_28,150","정품_28,150","정품_28,150","정품_28,150","정품_28,150"
5875695,아이온코리아 PLANTIUM DS-W10,"정품_17,640","정품_17,640","정품_17,570","정품_16,308","정품_17,890","정품_17,890","정품_17,890","정품_17,890","정품_17,890","정품_17,890","정품_17,890","정품_17,890","정품_17,890"
6188985,아이온코리아 PLANTIUM SP-500U,"정품_15,900","정품_15,900","정품_15,900","정품_15,900","정품_15,900","정품_15,900","정품_15,900","정품_15,900","정품_15,900","정품_15,900","정품_15,900","정품_15,900","정품_15,900"
824611,아이온코리아 YAKIMA SP-747,"정품_24,000","정품_24,000","정품_24,000","정품_24,000","정품_24,000","정품_24,000","정품_24,000","정품_24,000","정품_24,000","정품_24,000","정품_24,000","정품_24,000","정품_24,000"
14325200,아이존아이앤디 EZ ECHO4400,"그레이_42,300|레드_79,370","그레이_42,300|레드_79,370","그레이_42,300|레드_79,370","그레이_42,300|레드_79,370","그레이_42,300|레드_79,370","그레이_42,300|레드_79,370","그레이_42,300|레드_79,370","그레이_42,300|레드_79,370","그레이_42,300|레드_79,370","그레이_42,300|레드_79,370","그레이_42,300|레드_79,370","그레이_42,300|레드_79,370","그레이_42,300|레드_79,370"
7860898,아이존아이앤디 EZ-Mirror Watch,"23,950","23,950","23,950","23,950","23,950","23,950","23,950","23,950","23,950","23,950","23,950","23,950","23,950"
3545891,아이존아이앤디 EZ-Z10,"정품_22,990","정품_22,990","정품_22,990","정품_22,990","정품_22,990","정품_22,990","정품_22,990","정품_22,990","정품_22,990","정품_22,990","정품_22,990","정품_22,990","정품_22,990"
3320184,아이컨버젼스 Orange Box,"정품_42,500","정품_42,500","정품_42,500","정품_42,500","정품_42,500","정품_42,500","정품_42,500","정품_42,500","정품_42,500","정품_42,500","정품_42,500","정품_42,500","정품_42,500"
11390502,아임커머스 UM2 UMWHBT10,"53,180","53,170","53,150","53,150","53,150","53,140","53,120","53,120","53,120","53,110","53,100","53,080","53,080"
72719435,아임커머스 코비 AP290,"26,090","26,490","26,490","26,490","26,490","26,840","19,100","20,100","20,100","20,100","20,100","20,100","20,100"
13311116,아임커머스 코비 CMB9,"20,150","20,150","20,150","20,150","20,150","20,150","20,150","20,150","20,150","22,470","22,470","22,470","22,470"
54326900,아임커머스 코비 CRF-20B,"24,100","24,100","24,100","24,100","24,700","24,700","25,200","25,200","25,200","25,200","25,200","25,730","25,500"
100757720,아임커머스 코비 CRF-30B,"정품_26,820","정품_26,820","정품_26,820","정품_26,820","정품_26,820","정품_26,820","정품_26,820","정품_26,820","정품_26,820","정품_26,820","정품_26,820","정품_26,820","정품_26,820"
67679870,아임커머스 코비 CRF-35B,"25,860","25,860","25,860","25,860","25,860","25,860","25,860","25,860","25,860","26,390","26,390","26,390","26,390"
13166573,아임커머스 코비 CSBT70,"16,570","16,570","16,570","16,570","16,570","16,570","16,570","16,570","16,570","16,570","16,570","16,570","16,570"
9222183,아크로 S2,"13,410","13,410","13,410","13,410","13,410","13,410","13,410","13,410","13,410","13,410","13,410","13,410","13,410"
9534753,아크로아이앤티 S1,"6,410","6,410","6,410","6,410","6,410","6,410","6,410","6,410","6,410","6,410","6,410","6,410","6,410"
49647662,아크로아이앤티 S5,"19,800","19,800","19,800","19,800","19,800","19,800","19,800","19,800","19,800","19,800","19,800","19,800","19,800"
37825814,알라딘그룹 호매틱스 Sound and Sound,"정품_179,000","정품_179,000","정품_179,000","정품_179,000","정품_179,000","정품_179,000","정품_179,000","정품_179,000","정품_179,000","정품_179,000","정품_179,000","정품_179,000","정품_179,000"
5883840,알리오 붐,"정품_14,400","정품_14,400","정품_14,400","정품_14,400","정품_14,400","정품_14,400","정품_14,400","정품_14,400","정품_14,400","정품_14,400","정품_14,400","정품_14,400","정품_14,400"
5709502,알텍랜싱 BA21 TRI,"정품_59,700","정품_59,700","정품_59,700","정품_59,700","정품_59,700","정품_59,700","정품_59,700","정품_59,700","정품_59,700","정품_59,700","정품_59,700","정품_59,700","정품_59,700"
5702145,알텍랜싱 One,"정품_19,140","정품_19,140","정품_19,140","정품_19,140","정품_19,140","정품_19,140","정품_19,140","정품_19,140","정품_19,140","정품_19,140","정품_19,140","정품_19,140","정품_19,140"
5863604,알텍랜싱 PYRE MAX,"정품_31,840","정품_31,840","정품_31,840","정품_31,840","정품_31,840","정품_31,840","정품_31,840","정품_32,190","정품_32,190","정품_32,190","정품_32,130","정품_32,110","정품_32,110"
6405387,애니게이트이앤씨 BT-Q1LF,"34,290","34,290","34,290","34,290","34,290","34,290","34,290","34,290","34,290","34,290","34,290","34,290","34,290"
6486231,애니게이트이앤씨 BT-Q2,"28,600","28,600","28,600","28,600","28,600","28,600","28,600","28,600","28,600","28,600","28,600","28,600","28,600"
8839046,애니게이트이앤씨 Egg Mommy BSL-1,"16,600","16,600","16,600","16,600","16,600","16,600","16,600","16,600","16,600","16,600","16,600","16,600","16,600"
79115129,액센 BS53,"정품_29,760","정품_29,760","정품_29,760","정품_29,760","정품_30,400","정품_30,400","정품_30,720","정품_30,720","정품_30,720","정품_30,720","정품_30,720","정품_30,720","정품_30,720"
6222596,액티몬 ACTIMON-S100,"7,920","7,920","7,920","7,920","7,920","7,920","7,920","7,920","7,920","7,920","7,920","7,920","7,920"
122722057,앱솔루먼트 PRODIGE,"해외구매_1,149,000","해외구매_1,149,000","해외구매_1,149,000","해외구매_1,149,000","해외구매_1,149,000","해외구매_1,149,000","해외구매_1,149,000","해외구매_1,149,000","해외구매_1,149,000","해외구매_1,149,000","해외구매_1,149,000","해외구매_1,149,000","해외구매_1,149,000"
11903851,앱코 BEATONIC AML10,"225,000","225,000","225,000","225,000","225,000","225,000","225,000","225,000","225,000","225,000","225,000","225,000","225,000"
10016190,앱코 BEATONIC ASL01,"1,000,000","1,000,000","1,000,000","1,000,000","1,000,000","1,000,000","1,000,000","1,000,000","1,000,000","1,000,000","1,000,000","1,000,000","1,000,000"
10931139,앱코 BEATONIC ASL30,"1,000,000","1,000,000","1,000,000","1,000,000","1,000,000","1,000,000","1,000,000","1,000,000","1,000,000","1,000,000","1,000,000","1,000,000","1,000,000"
11799661,앱코 BEATONIC BBS140,"362,000","362,000","362,000","362,000","362,000","362,000","362,000","362,000","362,000","362,000","362,000","362,000","362,000"
12087401,앱코 BEATONIC BBS150,"32,650","32,650","32,650","32,650","32,650","32,650","32,650","32,650","32,650","32,650","32,650","32,650","32,650"
12025094,앱코 BEATONIC BBS160,"9,900","9,900","9,900","9,900","9,900","9,900","9,900","9,900","9,900","9,900","9,900","9,900","9,900"
11813773,앱코 BEATONIC BCX100,"85,000","85,000","85,000","85,000","85,000","85,000","85,000","85,000","85,000","85,000","85,000","85,000","85,000"
11814046,앱코 BEATONIC BCX110,"165,000","165,000","165,000","165,000","165,000","165,000","165,000","165,000","165,000","165,000","165,000","165,000","165,000"
12730994,앱코 BEATONIC BFA10,"19,480","19,480","19,480","19,480","19,480","19,480","19,480","19,480","19,480","19,480","19,480","19,480","19,480"
12690512,앱코 BEATONIC BSA20,"정품_54,260","정품_54,260","정품_54,260","정품_54,260","정품_54,260","정품_54,260","정품_54,260","정품_54,260","정품_54,260","정품_54,260","정품_54,260","정품_54,260","정품_54,260"
11568731,앱코 BEATONIC BSL110,"9,900","9,900","9,900","9,900","9,900","9,900","9,900","9,900","9,900","9,900","9,900","9,900","9,900"
11800375,앱코 BEATONIC BSL120,"12,900","12,900","12,900","12,900","12,900","12,900","12,900","12,900","12,900","12,900","12,900","12,900","12,900"
2443442,앱코 BONITA SP1,"블랙/레드_22,860|블랙/블랙_5,100|블랙/화이트_22,860","블랙/레드_22,840|블랙/블랙_5,100|블랙/화이트_22,840","블랙/레드_22,750|블랙/블랙_5,100|블랙/화이트_22,750","블랙/레드_22,720|블랙/블랙_5,100|블랙/화이트_22,720","블랙/레드_22,720|블랙/블랙_5,100|블랙/화이트_22,720","블랙/레드_22,730|블랙/블랙_5,100|블랙/화이트_22,730","블랙/레드_22,720|블랙/블랙_5,100|블랙/화이트_22,720","블랙/레드_22,720|블랙/블랙_5,100|블랙/화이트_22,720","블랙/레드_22,720|블랙/블랙_5,100|블랙/화이트_22,720","블랙/레드_22,720|블랙/블랙_5,100|블랙/화이트_22,720","블랙/레드_8,010|블랙/블랙_5,100|블랙/화이트_22,660","블랙/레드_8,010|블랙/블랙_5,100|블랙/화이트_22,640","블랙/레드_8,010|블랙/블랙_5,100|블랙/화이트_22,640"
2117310,앱코 BONITA SP10,"화이트/레드_126,530","화이트/레드_126,530","화이트/레드_126,530","화이트/레드_126,530","화이트/레드_126,530","화이트/레드_126,530","화이트/레드_126,530","화이트/레드_126,530","화이트/레드_126,530","화이트/레드_126,530","화이트/레드_126,530","화이트/레드_126,530","화이트/레드_126,530"
9832332,앱코 HACKER MP300,"정품_26,900","정품_26,900","정품_26,900","정품_26,900","정품_26,900","정품_26,900","정품_35,100","정품_35,100","정품_33,020","정품_34,500","정품_26,900","정품_33,020","정품_33,020"
5409620,앱코 HACKER S1000,"블랙_21,100|화이트_22,900|중고_10,000","블랙_21,100|화이트_22,900|중고_10,000","블랙_21,100|화이트_22,900|중고_10,000","블랙_21,100|화이트_22,900|중고_10,000","블랙_21,100|화이트_22,900|중고_10,000","블랙_21,100|화이트_22,900|중고_10,000","블랙_21,100|화이트_22,900|중고_10,000","블랙_21,100|화이트_22,900|중고_10,000","블랙_21,100|화이트_22,900|중고_10,000","블랙_21,100|화이트_22,900|중고_10,000","블랙_21,100|화이트_22,900|중고_10,000","블랙_21,100|화이트_22,900|중고_10,000","블랙_21,100|화이트_22,900|중고_10,000"
7695307,앱코 HACKER S500AC,"블랙_22,500|화이트_22,800","블랙_22,500|화이트_22,800","블랙_22,500|화이트_22,800","블랙_22,500|화이트_22,800","블랙_22,500|화이트_22,800","블랙_22,500|화이트_22,800","블랙_22,500|화이트_22,800","블랙_22,500|화이트_22,800","블랙_22,500|화이트_22,800","블랙_22,500|화이트_22,800","블랙_22,500|화이트_22,800","블랙_22,500|화이트_22,800","블랙_22,500|화이트_22,800"
11725949,앱코 MP3300,"정품_117,780","정품_117,780","정품_117,780","정품_117,780","정품_117,780","정품_117,780","정품_117,780","정품_117,780","정품_117,780","정품_117,780","정품_117,780","정품_117,780","정품_117,780"
60169244,앱코 MP3400,"정품_34,000","정품_34,000","정품_34,000","정품_34,000","정품_34,000","정품_34,000","정품_34,000","정품_34,000","정품_34,000","정품_34,000","정품_34,000","정품_34,000","정품_34,000"
13322903,앱코 MP3600,0,0,0,0,0,0,"정품_121,360","정품_121,360","정품_121,360","정품_121,360","정품_121,360","정품_121,360","정품_121,360"
10425066,앱코 MP400,"블랙_24,700|화이트_24,700","블랙_24,700|화이트_24,700","블랙_26,000|화이트_26,000","블랙_26,000|화이트_26,000","블랙_24,700|화이트_26,000","블랙_24,700|화이트_25,500","블랙_24,700|화이트_24,700","블랙_24,700|화이트_24,700","블랙_24,700|화이트_26,000","블랙_24,700|화이트_26,000","블랙_24,700|화이트_24,700","블랙_26,000|화이트_26,000","블랙_24,700|화이트_24,700"
73691906,앱코 MP50,"정품_12,900","정품_12,900","정품_12,900","정품_12,900","정품_12,900","정품_12,900","정품_12,900","정품_12,900","정품_12,900","정품_12,900","정품_12,900","정품_12,900","정품_12,900"
14689895,앱코 MP500,"정품_123,770","정품_123,770","정품_123,770","정품_123,770","정품_123,770","정품_123,770","정품_123,770","정품_123,770","정품_123,770","정품_123,770","정품_123,770","정품_123,770","정품_123,770"
11545121,앱코 S1200AC,"정품_18,000","정품_18,000","정품_18,000","정품_18,000","정품_18,000","정품_18,000","정품_18,000","정품_18,000","정품_18,000","정품_18,000","정품_18,000","정품_18,000","정품_18,000"
12320138,앱코 S1300,"정품_37,500","정품_37,500","정품_37,500","정품_37,500","정품_37,500","정품_37,500","정품_37,500","정품_37,500","정품_37,500","정품_37,500","정품_37,500","정품_37,500","정품_37,500"
28209116,앱코 S1500V,"정품_17,900","정품_17,900","정품_17,900","정품_17,900","정품_17,900","정품_17,900","정품_17,900","정품_17,900","정품_17,900","정품_17,900","정품_17,900","정품_17,900","정품_17,900"
18851717,앱코 S550,"블랙_17,000|화이트_17,000","블랙_17,000|화이트_17,000","블랙_17,000|화이트_17,000","블랙_17,000|화이트_17,000","블랙_17,000|화이트_17,000","블랙_17,000|화이트_17,000","블랙_17,000|화이트_17,000","블랙_17,000|화이트_17,000","블랙_17,000|화이트_17,000","블랙_17,000|화이트_17,000","블랙_17,000|화이트_17,000","블랙_17,000|화이트_17,000","블랙_17,000|화이트_17,000"
30126911,앱코 S600,"블랙_26,000|화이트_26,000","블랙_26,000|화이트_26,000","블랙_26,000|화이트_26,000","블랙_26,000|화이트_26,000","블랙_26,000|화이트_26,000","블랙_26,000|화이트_26,000","블랙_26,000|화이트_26,000","블랙_26,000|화이트_26,000","블랙_26,000|화이트_26,000","블랙_26,000|화이트_26,000","블랙_26,000|화이트_26,000","블랙_26,000|화이트_26,000","블랙_26,000|화이트_26,000"
19362698,앱코 SLP20,"정품_4,200","정품_4,200","정품_4,200","정품_4,200","정품_4,200","정품_4,200","정품_4,200","정품_4,200","정품_4,200","정품_4,200","정품_4,200","정품_4,200","정품_4,200"
10455414,앱코 SP200 Hybrid,"정품_12,500","정품_12,500","정품_12,500","정품_12,500","정품_12,500","정품_12,500","정품_12,500","정품_12,500","정품_12,500","정품_12,500","정품_12,500","정품_12,500","정품_12,500"
15845849,앱코 SP220 Hybrid,"정품_13,000","정품_13,000","정품_13,000","정품_13,000","정품_13,000","정품_13,000","정품_13,000","정품_13,000","정품_13,000","정품_13,000","정품_13,000","정품_13,000","정품_13,000"
16396205,앱코 SP250BT,"정품_24,000","정품_24,000","정품_24,000","정품_24,000","정품_24,000","정품_24,000","정품_24,000","정품_24,000","정품_24,000","정품_24,000","정품_24,000","정품_24,000","정품_24,000"
11342934,앱코 SP30 MULTIMEDIA,0,0,0,0,0,0,"정품_8,000",0,0,"정품_8,000","정품_8,000","정품_8,000","정품_8,000"
9398949,앱코 SP400,"블랙_24,120|화이트_26,500","블랙_24,120|화이트_26,500","블랙_24,120|화이트_26,500","블랙_24,120|화이트_26,500","블랙_24,120|화이트_26,500","블랙_24,400|화이트_26,500","블랙_24,400|화이트_26,500|브라운_35,930","블랙_24,400|화이트_26,500|브라운_35,930","블랙_24,400|화이트_26,500|브라운_35,930","블랙_24,400|화이트_26,500|브라운_35,930","블랙_24,400|화이트_25,370|브라운_35,930","블랙_24,400|화이트_25,440|브라운_35,930","블랙_24,400|화이트_25,440|브라운_35,930"
17777798,앱코 SP450BT,"정품_37,040","정품_37,040","정품_37,040","정품_37,040","정품_37,040","정품_37,040","정품_37,040","정품_31,940","정품_31,940","정품_31,940","정품_31,940","정품_31,940","정품_31,940"
97357391,앱코 SP48 사운드바 스피커,"정품_15,100","정품_15,100","정품_15,100","정품_15,100","정품_15,100","정품_15,100","정품_15,100","정품_15,100","정품_15,100","정품_15,100","정품_15,100","정품_15,100","정품_15,100"
30559571,앱코 SP530BT,"정품_148,790","정품_148,790","정품_148,790","정품_148,790","정품_148,790","정품_148,790","정품_148,790","정품_148,790","정품_148,790","정품_148,790","정품_148,790","정품_148,790","정품_148,790"
104987441,앱코 SP56 그래비티 게이밍 스피커,"블랙_29,800|화이트_29,800","블랙_29,800|화이트_29,800","블랙_29,800|화이트_29,800","블랙_29,800|화이트_29,800","블랙_29,800|화이트_29,800","블랙_29,800|화이트_29,800","블랙_29,800|화이트_29,800","블랙_29,800|화이트_29,800","블랙_29,800|화이트_29,800","블랙_27,710|화이트_27,710","블랙_27,710|화이트_27,710","블랙_27,710|화이트_27,710","블랙_29,800|화이트_29,800"
40019027,야마하 CS-800,"정품_915,000|해외구매_539,990","정품_915,000|해외구매_539,990","정품_915,000|해외구매_539,990","정품_915,000|해외구매_539,990","정품_915,000|해외구매_539,990","정품_915,000|해외구매_539,990","정품_915,000|해외구매_539,990","정품_915,000|해외구매_539,990","정품_915,000|해외구매_539,990","정품_915,000|해외구매_539,990","정품_915,000|해외구매_539,990","정품_915,000|해외구매_539,990","정품_915,000|해외구매_539,990"
18387260,야마하 MS101-4,"1통, 정품_194,990|1통, 해외구매_166,430|정품_428,080","1통, 정품_194,990|1통, 해외구매_166,430|정품_428,080","1통, 정품_194,990|1통, 해외구매_167,360|정품_428,080","1통, 정품_194,990|1통, 해외구매_167,360|정품_428,080","1통, 정품_194,990|1통, 해외구매_167,360|정품_428,080","1통, 정품_195,000|1통, 해외구매_167,360|정품_428,080","1통, 정품_195,000|1통, 해외구매_167,360|정품_428,080","1통, 정품_195,000|1통, 해외구매_167,360|정품_428,080","1통, 정품_195,000|1통, 해외구매_167,360|정품_428,080","1통, 정품_195,000|1통, 해외구매_167,360|정품_428,080","1통, 정품_194,990|1통, 해외구매_166,060|정품_428,080","1통, 정품_194,990|1통, 해외구매_166,060|정품_428,080","1통, 정품_194,990|1통, 해외구매_166,060|정품_428,080"
78976811,야마하 WS-B1A,"해외구매_111,050","해외구매_111,050","해외구매_111,050","해외구매_113,920","해외구매_113,920","해외구매_113,920","해외구매_113,920","해외구매_113,190","해외구매_113,180","해외구매_112,780","해외구매_112,770","해외구매_112,780","해외구매_112,780"
6553592,야마하 WX-051,"해외구매_803,200","해외구매_803,200","해외구매_803,200","해외구매_803,200","해외구매_803,200","해외구매_803,200","해외구매_803,200","해외구매_803,200","해외구매_803,200","해외구매_803,200","해외구매_803,200","해외구매_803,200","해외구매_803,200"
14688203,야모 S801PM,"정품_362,170|해외구매_398,000","정품_362,140|해외구매_398,000","정품_362,140|해외구매_398,000","정품_362,140|해외구매_398,000","정품_362,040|해외구매_398,000","정품_362,020|해외구매_398,000","정품_362,020|해외구매_398,000","정품_362,010|해외구매_398,000","정품_361,920|해외구매_398,000","정품_361,900|해외구매_398,000","정품_361,900|해외구매_398,000","정품_361,870|해외구매_398,000","정품_361,810|해외구매_398,000"
19747775,야인컴퓨터 YAIN YS-B01,"블랙_9,000|화이트_9,500","블랙_9,000|화이트_9,500","블랙_9,000|화이트_9,500","블랙_9,000|화이트_9,500","블랙_9,000|화이트_9,500","블랙_9,000|화이트_9,500","블랙_9,000|화이트_9,500","블랙_9,000|화이트_9,500","블랙_9,000|화이트_9,500","블랙_9,000|화이트_9,500","블랙_8,990|화이트_9,500","블랙_8,990|화이트_9,500","블랙_8,990|화이트_9,500"
74481215,에디파이어 D12,"정품_99,000|해외구매_80,910","정품_99,000|해외구매_80,910","정품_99,000|해외구매_80,910","정품_99,000|해외구매_80,910","정품_99,000|해외구매_80,910","정품_99,000|해외구매_80,910","정품_99,000|해외구매_80,910","정품_99,000|해외구매_80,910","정품_99,000|해외구매_80,910","정품_99,000|해외구매_81,890","정품_99,000|해외구매_81,880","정품_99,000|해외구매_81,880","정품_99,000|해외구매_81,880"
78984746,에디파이어 D32,"정품_149,000|해외구매_143,100","정품_149,000|해외구매_143,100","정품_149,000|해외구매_143,100","정품_149,000|해외구매_143,100","정품_149,000|해외구매_160,520","정품_217,940|해외구매_160,520","정품_217,940|해외구매_160,170","정품_149,000|해외구매_160,170","정품_217,940|해외구매_160,170","정품_217,940|해외구매_160,170","정품_217,940|해외구매_160,170","정품_217,940|해외구매_160,170","정품_217,940|해외구매_160,170"
97778090,에디파이어 ES20,"정품_79,000|해외구매_56,860","정품_79,000|해외구매_56,860","정품_79,000|해외구매_56,320","정품_79,000|해외구매_56,320","정품_79,000|해외구매_55,780","정품_78,500|해외구매_55,780","정품_78,500|해외구매_55,660","정품_78,500|해외구매_55,660","정품_78,500|해외구매_55,660","정품_78,500|해외구매_55,660","정품_78,500|해외구매_55,660","정품_78,500|해외구매_55,660","정품_78,500|해외구매_55,660"
100326341,에디파이어 ES300,"정품_308,000","정품_308,000","정품_308,000","정품_308,000","정품_308,000","정품_308,000","정품_308,000","정품_308,000","정품_308,000","정품_308,000","정품_308,000","정품_308,000","정품_308,000"
96581588,에디파이어 ES60,"정품_147,870|해외구매_125,240","정품_158,500|해외구매_125,240","정품_158,500|해외구매_124,050","정품_158,500|해외구매_124,050","정품_158,500|해외구매_123,910","정품_158,500|해외구매_123,910","정품_158,500|해외구매_123,910","정품_158,500|해외구매_123,910","정품_158,500|해외구매_123,910","정품_158,500|해외구매_123,910","정품_158,500|해외구매_123,910","정품_158,500|해외구매_123,910","정품_158,500|해외구매_123,910"
44414258,에디파이어 G1000,"해외구매_118,940","해외구매_118,940","해외구매_118,940","해외구매_118,940","해외구매_118,940","해외구매_118,940","해외구매_118,940","해외구매_118,940","해외구매_118,940","해외구매_118,940","해외구매_118,940","해외구매_118,940","해외구매_118,940"
44413943,에디파이어 G1500 BAR,"해외구매_52,400","해외구매_52,400","해외구매_52,400","해외구매_52,400","해외구매_52,400","해외구매_52,400","해외구매_52,400","해외구매_52,400","해외구매_52,400","해외구매_52,400","해외구매_52,400","해외구매_52,400","해외구매_52,400"
44413838,에디파이어 G1500 MAX,"해외구매_270,720","해외구매_270,720","해외구매_267,840","해외구매_267,840","해외구매_267,840","해외구매_267,840","해외구매_267,840","해외구매_267,840","해외구매_267,840","해외구매_267,840","해외구매_267,840","해외구매_267,840","해외구매_267,840"
44414162,에디파이어 G1500 SE,"해외구매_50,340","해외구매_50,340","해외구매_50,340","해외구매_50,340","해외구매_50,340","해외구매_50,340","해외구매_50,340","해외구매_50,340","해외구매_50,340","해외구매_50,340","해외구매_50,340","해외구매_50,340","해외구매_50,340"
44414390,에디파이어 G2000,"해외구매_61,820","해외구매_61,820","해외구매_61,820","해외구매_61,820","해외구매_61,820","해외구매_61,820","해외구매_61,820","해외구매_61,820","해외구매_61,820","해외구매_61,820","해외구매_61,820","해외구매_61,820","해외구매_61,820"
103481168,에디파이어 G2000 PRO,"정품_198,500|해외구매_154,320","정품_198,500|해외구매_154,320","정품_198,500|해외구매_154,320","정품_198,500|해외구매_154,320","정품_198,500|해외구매_154,320","정품_198,500|해외구매_154,320","정품_198,500|해외구매_154,320","정품_198,500|해외구매_154,320","정품_198,500|해외구매_154,320","정품_198,500|해외구매_154,320","정품_198,500|해외구매_154,320","정품_198,500|해외구매_154,320","정품_198,500|해외구매_169,000"
28126931,에디파이어 G5000,0,0,"해외구매_1,408,810","해외구매_1,408,810","해외구매_1,408,810","해외구매_1,408,810","해외구매_1,408,810","해외구매_1,408,810","해외구매_1,408,810","해외구매_1,408,810","해외구매_1,408,810","해외구매_1,408,810","해외구매_1,408,810"
95425535,에디파이어 Halo 2.0 SE (QR30),"정품_168,500|해외구매_99,000","정품_168,500|해외구매_99,000","정품_168,500|해외구매_99,000","정품_168,500|해외구매_99,000","정품_168,500|해외구매_99,000","정품_168,500|해외구매_99,000","정품_168,500|해외구매_99,000","정품_168,500|해외구매_88,200","정품_168,500|해외구매_85,500","정품_168,500|해외구매_85,500","정품_168,500|해외구매_89,990","정품_168,500|해외구매_89,990","정품_168,500|해외구매_89,990"
75939563,에디파이어 Halo2.0 (QR65),"정품_418,500|해외구매_249,010","정품_419,000|해외구매_249,010","정품_418,500|해외구매_249,010","정품_418,500|해외구매_249,010","정품_418,500|해외구매_249,010","정품_418,500|해외구매_249,010","정품_418,500|해외구매_249,010","정품_418,500|해외구매_249,010","정품_418,500|해외구매_249,010","정품_418,500|해외구매_249,010","정품_418,500|해외구매_249,010","정품_418,500|해외구매_249,010","정품_418,500|해외구매_249,010"
27612119,에디파이어 M0,"해외구매_15,920","해외구매_15,920","해외구매_15,920","해외구매_15,920","해외구매_15,920","해외구매_15,920","해외구매_15,920","해외구매_15,920","해외구매_15,920","해외구매_15,920","해외구매_15,920","해외구매_15,920","해외구매_15,920"
97905965,에디파이어 M16 Pro,"해외구매_81,785","해외구매_81,785","해외구매_81,785","해외구매_81,785","해외구매_81,785","해외구매_81,785","해외구매_81,432","해외구매_81,432","해외구매_81,075","해외구매_81,075","해외구매_81,071","해외구매_80,897","해외구매_80,897"
18714065,에디파이어 M230,"해외구매_66,030","해외구매_66,030","해외구매_66,030","해외구매_66,030","해외구매_66,030","해외구매_66,030","해외구매_66,030","해외구매_66,030","해외구매_66,030","해외구매_66,030","해외구매_66,030","해외구매_66,030","해외구매_66,030"
43656974,에디파이어 MG300,"해외구매_91,490","해외구매_91,490","해외구매_91,490","해외구매_91,490","해외구매_91,490","해외구매_91,490","해외구매_91,490","해외구매_91,490","해외구매_91,490","해외구매_91,490","해외구매_91,490","해외구매_91,490","해외구매_91,490"
122710540,에디파이어 MP330,"정품_149,000|","정품_149,000|","정품_149,000|","정품_149,000|","정품_149,000|","정품_149,000|","정품_149,000|","정품_149,000|","정품_149,000|","정품_149,000|","정품_149,000|","정품_149,000|","정품_149,000|"
54328448,에디파이어 MP85,"해외구매_23,530","해외구매_23,520","해외구매_23,520","해외구매_23,520","해외구매_23,520","해외구매_23,520","해외구매_23,520","해외구매_23,520","해외구매_23,520","해외구매_23,520","해외구매_23,510","해외구매_23,500","해외구매_23,500"
97839788,에디파이어 QD25,"정품_158,500|해외구매_111,320","정품_158,500|해외구매_111,320","정품_158,500|해외구매_111,320","정품_158,500|해외구매_111,320","정품_158,500|해외구매_116,600","정품_158,500|해외구매_143,560","정품_158,500|해외구매_153,440","정품_158,500|해외구매_153,440","정품_158,500|해외구매_153,440","정품_158,500|해외구매_153,440","정품_158,500|해외구매_153,440","정품_158,500|해외구매_153,440","정품_158,500|해외구매_113,130"
43530407,에디파이어 QD35,"해외구매_184,490","해외구매_184,490","해외구매_184,490","해외구매_184,490","해외구매_184,490","해외구매_184,490","해외구매_184,490","해외구매_184,490","해외구매_184,490","해외구매_184,490","해외구매_184,490","해외구매_184,490","해외구매_184,490"
97839923,에디파이어 QS20,"정품_73,470|해외구매_51,970","정품_78,500|해외구매_51,970","정품_78,500|해외구매_51,970","정품_78,500|해외구매_51,970","정품_78,500|해외구매_51,970","정품_78,500|해외구매_51,970","정품_78,500|해외구매_51,970","정품_78,500|해외구매_51,970","정품_78,500|해외구매_51,970","정품_78,500|해외구매_51,970","정품_78,500|해외구매_51,970","정품_78,500|해외구매_51,970","정품_78,500|해외구매_51,970"
76875335,에디파이어 QS30,"정품_64,000|해외구매_59,190","정품_64,000|해외구매_59,190","정품_64,000|해외구매_58,630","정품_64,000|해외구매_58,630","정품_64,000|해외구매_58,560","정품_64,000|해외구매_58,560","정품_64,000|해외구매_58,560","정품_64,000|해외구매_58,560","정품_64,000|해외구매_58,560","정품_64,000|해외구매_58,560","정품_64,000|해외구매_58,560","정품_64,000|해외구매_58,560","정품_64,000|해외구매_58,560"
13085657,에디파이어 R-1700BT,"해외구매_115,110","해외구매_115,110","해외구매_115,110","해외구매_115,110","해외구매_115,110","해외구매_115,110","해외구매_115,110","해외구매_115,110","해외구매_115,110","해외구매_118,554","해외구매_118,548","해외구매_118,293","해외구매_118,293"
28124996,에디파이어 R-1700BT+,"해외구매_111,510","해외구매_111,510","해외구매_111,500","해외구매_111,500","해외구매_111,500","해외구매_111,500","해외구매_111,500","해외구매_111,500","해외구매_111,500","해외구매_111,500","해외구매_111,500","해외구매_115,210","해외구매_115,210"
66041669,에디파이어 R101V,"해외구매_26,580","해외구매_26,580","해외구매_26,580","해외구매_26,580","해외구매_26,580","해외구매_26,580","해외구매_26,580","해외구매_26,580","해외구매_26,580","해외구매_26,580","해외구매_26,580","해외구매_26,580","해외구매_26,580"
16299758,에디파이어 R1080BT,"해외구매_103,880","해외구매_103,880","해외구매_102,890","해외구매_102,890","해외구매_102,780","해외구매_102,780","해외구매_102,780","해외구매_102,780","해외구매_102,780","해외구매_102,780","해외구매_102,780","해외구매_102,780","해외구매_102,780"
97225961,에디파이어 R1200BT,"해외구매_83,140","해외구매_83,140","해외구매_83,140","해외구매_83,140","해외구매_83,140","해외구매_83,140","해외구매_83,140","해외구매_83,140","해외구매_83,140","해외구매_83,140","해외구매_83,140","해외구매_83,140","해외구매_83,140"
97225982,에디파이어 R1200T II,"해외구매_150,180","해외구매_150,180","해외구매_150,180","해외구매_150,180","해외구매_150,180","해외구매_150,180","해외구매_150,180","해외구매_150,180","해외구매_150,180","해외구매_150,180",0,0,0
19074365,에디파이어 R12U,"해외구매_34,632","해외구매_34,632","해외구매_34,632","해외구매_34,632","해외구매_34,632","해외구매_34,632","해외구매_34,483","해외구매_34,483","해외구매_34,332","해외구매_34,332","해외구매_34,330","해외구매_34,256","해외구매_34,256"
28126652,에디파이어 R19BT,"해외구매_51,520","해외구매_51,520","해외구매_51,520","해외구매_51,520","해외구매_51,520","해외구매_51,520","해외구매_51,520","해외구매_51,520","해외구매_51,520","해외구매_51,520","해외구매_51,520","해외구매_51,520","해외구매_51,520"
28331051,에디파이어 R980T,"해외구매_110,380","해외구매_113,230","해외구매_113,230","해외구매_113,230","해외구매_113,230","해외구매_113,230","해외구매_113,230","해외구매_112,500","해외구매_112,500","해외구매_112,090","해외구매_112,090","해외구매_111,460","해외구매_111,460"
75858764,에디파이어 R990BT,"정품_76,900|해외구매_188,560","정품_76,900|해외구매_188,560","정품_76,900|해외구매_188,560","정품_76,900|해외구매_188,560","정품_76,900|해외구매_101,670","정품_76,900|해외구매_101,670","정품_76,900|해외구매_101,670","정품_76,900|해외구매_101,020","정품_76,900|해외구매_101,020","정품_76,900|해외구매_100,650","정품_76,900|해외구매_100,650","정품_76,900|해외구매_100,650","정품_76,900|해외구매_100,650"
16795634,에디파이어 S1000MKII,"해외구매_218,300","해외구매_218,300","해외구매_219,890","해외구매_219,890","해외구매_219,890","해외구매_219,890","해외구매_219,890","해외구매_219,890","해외구매_219,890","해외구매_219,890","해외구매_219,890","해외구매_223,090","해외구매_223,090"
28478045,에디파이어 S1000W,"해외구매_426,770","해외구매_426,770","해외구매_426,770","해외구매_426,770","해외구매_424,410","해외구매_424,410","해외구매_424,410","해외구매_424,410",0,0,0,0,0
16637642,에디파이어 S2000MKIII,"해외구매_324,740","해외구매_324,740","해외구매_324,740","해외구매_324,740","해외구매_324,740","해외구매_324,740","해외구매_324,740","해외구매_324,740","해외구매_324,740","해외구매_324,740","해외구매_324,740","해외구매_324,740","해외구매_324,740"
14975657,에디파이어 S360DB,"해외구매_1,880,250","해외구매_1,880,250","해외구매_1,880,250","해외구매_1,880,250","해외구매_1,879,120","해외구매_1,879,120","해외구매_1,879,120","해외구매_1,879,120","해외구매_1,879,120","해외구매_1,879,120","해외구매_1,879,120","해외구매_1,879,120","해외구매_1,879,120"
13698365,에디파이어 S880,"해외구매_209,660","해외구매_209,660","해외구매_209,660","해외구매_209,660","해외구매_209,660","해외구매_209,660","해외구매_209,660","해외구매_214,220","해외구매_214,220","해외구매_214,220","해외구매_214,160","해외구매_214,140","해외구매_214,140"
122930808,에디파이어 T5s,"정품_199,000|해외구매_135,000","정품_199,000|해외구매_135,000","정품_199,000|해외구매_135,000","정품_199,000|해외구매_135,000","정품_199,000|해외구매_135,000","정품_199,000|해외구매_159,000","정품_198,500|해외구매_159,000","정품_198,500|해외구매_159,000","정품_198,500|해외구매_159,000","정품_198,500|해외구매_159,000","정품_198,500|해외구매_159,000","정품_199,000|해외구매_159,000","정품_199,000|해외구매_159,000"
2673063,에디파이어 e25 Luna Eclipse,"해외구매_526,500","해외구매_526,500",0,0,0,0,0,0,0,0,0,0,0
2136477,에이데이타코리아 DDZONE DS-800,"블랙레드_11,950|화이트레드_11,940","블랙레드_11,930|화이트레드_11,940","블랙레드_11,930|화이트레드_11,930","블랙레드_11,930|화이트레드_11,930",0,0,0,0,0,0,0,0,0
3571836,에이데이타코리아 DDZONE DS-900,"정품_9,000","정품_9,000","정품_9,000","정품_9,000","정품_9,000","정품_9,000","정품_9,000","정품_9,000","정품_9,000","정품_9,000","정품_9,000","정품_9,000","정품_9,000"
6709207,에이데이타코리아 DDZONE DS-BT2000,"17,400","17,400","17,400","17,400","17,400","17,400","17,400","17,400","17,400","17,400","17,400","17,400","17,400"
6125490,에이데이타코리아 DDZONE DS-U10,"정품_11,457","정품_11,457","정품_11,457","정품_11,457","정품_11,457","정품_11,457","정품_11,457","정품_11,457","정품_11,457","정품_11,457","정품_11,457","정품_11,457","정품_11,457"
15183935,에이데이타코리아 DDZONE DS-U1050,"정품_27,370","정품_27,370","정품_27,370","정품_27,370","정품_27,370","정품_27,370","정품_27,370","정품_27,370","정품_27,370","정품_27,370","정품_27,370","정품_27,370","정품_27,370"
2837064,에이데이타코리아 DDZONE DS-U50,"정품_9,500","정품_9,500","정품_9,500","정품_9,500","정품_9,500","정품_9,500","정품_9,500","정품_9,500","정품_9,500","정품_9,500","정품_9,500","정품_9,500","정품_9,500"
2844925,에이데이타코리아 DDZONE DS-U70,"정품_8,660","정품_8,660","정품_8,660","정품_8,660","정품_8,660","정품_8,660","정품_8,660","정품_8,660","정품_8,660","정품_8,660","정품_8,660","정품_8,660","정품_8,660"
6346283,에이원오디오 AURORA 1,"정품_430,060","정품_430,060","정품_430,040","정품_430,040","정품_430,040","정품_430,040","정품_430,040","정품_430,040","정품_430,040","정품_430,040","정품_430,040","정품_430,040","정품_430,040"
21372446,에이치앤오 P7,"30,710","30,710","30,710","30,710","30,710","30,710","30,710","30,710","30,710","30,710","30,710","30,710","30,710"
28191647,에이치커머스 카스텐 오디오 어쿠스틱 시리즈 원 KA-AS1,"69,900","69,900","69,900","69,900","69,900","69,900","69,900","69,900","69,900","69,900","69,900","69,900","69,900"
60167258,에이투 붐 3,"19,900","19,900","19,900","19,900","19,900","19,900","19,900","19,900","19,900","19,900","19,900","19,900","19,900"
30096278,에이투 붐 5,"정품_49,900","정품_46,410","정품_46,410","정품_46,410","정품_46,410","정품_46,410","정품_49,900","정품_49,900","정품_46,410","정품_46,410","정품_46,410","정품_46,410","정품_49,900"
28245551,에이튜브 A100U,"정품_23,850","정품_23,850","정품_23,850","정품_23,850","정품_23,850","정품_23,850","정품_23,850","정품_23,850","정품_23,850","정품_23,850","정품_23,850","정품_23,850","정품_23,850"
16095458,에이튜브 A101V,"정품_36,950","정품_36,950","정품_36,950","정품_36,950","정품_36,950","정품_36,950","정품_36,950","정품_36,950","정품_36,950","정품_36,950","정품_36,950","정품_38,900","정품_38,900"
97839344,에이튜브 A200U,"블랙_24,900|우드_24,900","블랙_24,900|우드_24,900","블랙_24,900|우드_24,900","블랙_24,900|우드_24,900","블랙_24,900|우드_24,900","블랙_24,900|우드_24,900","블랙_24,900|우드_24,900","블랙_24,900|우드_24,900","블랙_24,900|우드_24,900","블랙_24,900|우드_24,900","블랙_24,900|우드_24,900","블랙_24,900|우드_24,900","블랙_24,900|우드_24,900"
16116515,에이튜브 A300MI,"정품_55,000","정품_55,000","정품_55,000","정품_55,000","정품_55,000",0,0,0,0,0,0,0,0
62789708,에이튜브 A30RB,"정품_38,490","정품_38,490","정품_38,490","정품_38,490","정품_38,490","정품_38,490","정품_38,490","정품_38,490","정품_38,490","정품_38,490","정품_38,490","정품_38,490","정품_38,490"
12972620,에이튜브 A450V,"정품_43,000","정품_43,000","정품_43,000","정품_43,000","정품_43,000","정품_43,000","정품_43,000","정품_43,000","정품_43,000","정품_43,000","정품_43,000","정품_43,000","정품_43,000"
18986657,에이튜브 A502V,"정품_88,000","정품_88,000","정품_88,000","정품_88,000",0,0,0,0,0,0,"정품_88,000","정품_88,000","정품_88,000"
12308771,에이튜브 A601V,"정품_70,000","정품_70,000","정품_70,000","정품_70,000","정품_70,000","정품_70,000","정품_70,000","정품_70,000","정품_70,000","정품_70,000","정품_70,000","정품_70,000","정품_70,000"
16396739,에이튜브 A701RV,"정품_134,990","정품_134,990","정품_134,990","정품_134,990","정품_134,990","정품_134,990","정품_134,990","정품_134,990","정품_134,990","정품_134,990","정품_134,990","정품_134,990","정품_134,990"
16633046,에이튜브 A801RV,"정품_138,000","정품_138,000","정품_138,000","정품_138,000","정품_138,000","정품_138,000","정품_138,000","정품_138,000","정품_138,000","정품_138,000","정품_138,000","정품_138,000","정품_138,000"
17565497,에이튜브 A901VU,"정품_159,900","정품_159,900","정품_159,900","정품_159,900","정품_159,900","정품_159,900","정품_159,900","정품_159,900","정품_159,900","정품_159,900","정품_159,900","정품_159,900","정품_159,900"
16036919,엔터빅 ET-V80,"58,620","58,620","58,620","58,620","58,620","58,620","58,620","58,620","58,620","58,620","58,620","58,620","58,620"
16372331,엘디네트웍스 Anyport AP-JH71C,"정품_4,900","정품_4,900","정품_4,900","정품_4,900","정품_4,900","정품_4,900","정품_4,900","정품_4,900","정품_4,900","정품_4,900","정품_4,900","정품_4,900","정품_4,900"
16372508,엘디네트웍스 Anyport AP-JH71U,"정품_4,900","정품_4,900","정품_4,900","정품_4,900","정품_4,900","정품_4,900","정품_4,900","정품_4,900","정품_4,900","정품_4,900","정품_4,900","정품_4,900","정품_4,900"
55453184,엘디네트웍스 포미니 미피 블루투스 스피커 AP-MIFFYMBS100,"32,800","32,800","32,800","32,800","32,800","32,800","32,800","32,800","32,800","32,800","32,800","32,800","32,800"
7423204,엘레컴 EK-SPA50,"19,800","19,800","19,800","19,800","19,800","19,800","19,800","19,800","19,800","19,800","19,800","19,800","19,800"
5746251,엘리시움 IRON MINI 레트로 클래식,"정품_79,000","정품_79,000","정품_79,000","정품_79,000","정품_79,000","정품_79,000","정품_79,000","정품_79,000","정품_79,000","정품_79,000","정품_79,000","정품_79,000","정품_79,000"
14217236,엠비에프 MBF-USB71C 사운드카드,"정품_4,060","정품_4,060","정품_4,060","정품_4,060","정품_4,060","정품_4,060","정품_4,060","정품_4,060","정품_4,060","정품_4,060","정품_4,060","정품_4,060","정품_4,060"
18640829,엠소닉 SAVER,"130,910","130,910","130,910","130,910","130,910","130,910","130,910","130,910","130,910","130,910","130,910","130,910","130,910"
11682326,엠지텍 GB770 Plus,"187,600","187,600","187,600","187,600","187,600","187,600","187,600","187,600","187,600","187,600","187,600","187,600","187,600"
100696226,엠지텍 들리움,"99,800","99,800","99,800","99,800","99,800","99,800","99,800","99,800","99,800","99,800","99,800","99,800","96,900"
12703322,엠지텍 락 클래식 A50,"148,300","148,300","148,300","148,300","148,300","148,300","148,300","148,300","148,300","148,300","148,300","148,300","148,300"
6139084,엠지텍 락 클래식 Q80 미니,"121,570","121,570","121,570","121,570","121,570","121,570","121,570","121,570","121,570","121,570","121,570","121,570","121,570"
3783962,엠지텍 락 클래식 Qi,"정품_89,900","정품_89,900","정품_89,900","정품_89,900","정품_89,900","정품_89,900","정품_89,900","정품_89,900","정품_89,900","정품_89,900","정품_89,900","정품_89,900","정품_89,900"
12580598,엠지텍 마제스티7,"146,900","146,900","146,900","146,900","146,900","146,900","146,900","146,900","146,900","146,900","146,900","146,900","146,900"
12580037,엠지텍 우드클래식,"정품_96,900","정품_96,900","정품_96,900","정품_96,900","정품_96,900","정품_96,900","정품_96,900","정품_96,900","정품_96,900","정품_96,900","정품_96,900","정품_96,900","정품_96,900"
88235252,엠피맨코리아 웨어러블 클립 스피커 MP-11,"정품_35,100|중고_35,910","정품_35,100|중고_35,910","정품_36,900|중고_35,910","정품_36,900|중고_35,910","정품_35,100|중고_35,910","정품_35,100|중고_35,910","정품_35,100|중고_35,910","정품_36,900|중고_35,910","정품_35,100|중고_35,910","정품_35,100|중고_35,910","정품_35,100|중고_35,910","정품_36,900|중고_35,910","정품_35,100|중고_35,910"
9764802,엠피보스 MS-BTS10,"음원미포함_29,800","음원미포함_29,800","음원미포함_29,800","음원미포함_29,800","음원미포함_29,800","음원미포함_29,800","음원미포함_29,800","음원미포함_29,800","음원미포함_29,800","음원미포함_29,800","음원미포함_29,800","음원미포함_29,800","음원미포함_29,800"
88234457,엠피보스 MS-MLBTS5,"정품_18,900","정품_18,900","정품_18,900","정품_18,900","정품_18,900","정품_18,900","정품_18,900","정품_18,900","정품_18,900","정품_18,900","정품_18,900","정품_18,900","정품_18,900"
14623076,오디오엔진 A1,"정품_249,000|해외구매_289,390","정품_249,000|해외구매_289,390","정품_249,000|해외구매_309,020","정품_249,000|해외구매_309,020","정품_249,000|해외구매_310,000","정품_249,000|해외구매_310,000","정품_249,000|해외구매_310,000","정품_249,000|해외구매_313,080","정품_249,000|해외구매_310,560","정품_249,000|해외구매_295,940","정품_249,000|해외구매_295,940","정품_249,000|해외구매_310,560","정품_249,000|해외구매_313,080"
7565926,오디오엔진 A2+ Wireless,"정품_369,000|+ 메탈 스탠드_387,840|해외구매_371,070","정품_369,000|+ 메탈 스탠드_387,840|해외구매_371,070","정품_369,000|+ 메탈 스탠드_387,840|해외구매_371,070","정품_369,000|+ 메탈 스탠드_387,840|해외구매_371,070","정품_369,000|+ 메탈 스탠드_387,840|해외구매_371,070","정품_369,000|+ 메탈 스탠드_387,840|해외구매_371,070","정품_369,000|+ 메탈 스탠드_387,840|해외구매_371,070","정품_369,000|+ 메탈 스탠드_387,840|해외구매_371,070","정품_369,000|+ 메탈 스탠드_387,840|해외구매_371,070","정품_369,000|+ 메탈 스탠드_387,840|해외구매_371,070","정품_369,000|+ 메탈 스탠드_387,840|해외구매_371,070","정품_369,000|+ 메탈 스탠드_387,840|해외구매_371,070","정품_369,000|+ 메탈 스탠드_387,840|해외구매_371,070"
100621427,오디오엔진 A2+ Wireless Next Gen,"정품_398,920|+ 방진매트_421,000|+ 스탠드_429,000","정품_398,920|+ 방진매트_421,000|+ 스탠드_429,000","정품_398,910|+ 방진매트_421,000|+ 스탠드_429,000","정품_398,910|+ 방진매트_421,000|+ 스탠드_429,000","정품_398,910|+ 방진매트_421,000|+ 스탠드_429,000","정품_398,910|+ 방진매트_421,000|+ 스탠드_429,000","정품_398,900|+ 방진매트_421,000|+ 스탠드_429,000","정품_398,900|+ 방진매트_421,000|+ 스탠드_429,000","정품_398,900|+ 방진매트_421,000|+ 스탠드_429,000","정품_398,900|+ 방진매트_421,000|+ 스탠드_429,000","정품_398,990|+ 방진매트_421,000|+ 스탠드_429,000","정품_399,000|+ 방진매트_421,000|+ 스탠드_429,000","정품_399,000|+ 방진매트_421,000|+ 스탠드_429,000"
100621292,오디오엔진 A2+ Wireless Next Gen,"정품_398,920|+ 방진매트_421,000|+ 스탠드_429,000","정품_398,920|+ 방진매트_421,000|+ 스탠드_429,000","정품_398,910|+ 방진매트_421,000|+ 스탠드_429,000","정품_398,910|+ 방진매트_421,000|+ 스탠드_429,000","정품_398,910|+ 방진매트_421,000|+ 스탠드_429,000","정품_398,910|+ 방진매트_421,000|+ 스탠드_429,000","정품_398,900|+ 방진매트_421,000|+ 스탠드_429,000","정품_398,900|+ 방진매트_421,000|+ 스탠드_429,000","정품_398,900|+ 방진매트_421,000|+ 스탠드_429,000","정품_398,900|+ 방진매트_421,000|+ 스탠드_429,000","정품_398,990|+ 방진매트_421,000|+ 스탠드_429,000","정품_399,000|+ 방진매트_421,000|+ 스탠드_429,000","정품_399,000|+ 방진매트_421,000|+ 스탠드_429,000"
7568113,오디오엔진 A5+ Wireless,"정품_699,000|해외구매_694,860","정품_699,000|해외구매_702,010","정품_699,000|해외구매_702,010","정품_699,000|해외구매_712,880","정품_699,000|해외구매_712,880","정품_699,000|해외구매_712,940","정품_699,000|해외구매_712,940","정품_699,000|해외구매_708,980","정품_699,000|해외구매_708,980","정품_699,000|해외구매_705,510","정품_699,000|해외구매_705,510","정품_699,000|해외구매_702,700","정품_699,000|해외구매_702,700"
3232773,오디오엔진 B2,"정품_318,000","정품_318,000","정품_305,500","정품_305,500","정품_318,000","정품_318,000|해외구매_470,300","정품_318,000|해외구매_470,300","정품_318,000|해외구매_470,300","정품_318,000|해외구매_470,300","정품_318,000|해외구매_470,300","정품_318,000|해외구매_470,300","정품_318,000|해외구매_470,300","정품_318,000|해외구매_470,300"
5513476,오디오엔진 HD3,"정품_495,000|해외구매_492,640","정품_495,000|해외구매_492,640","정품_495,000|해외구매_492,640","정품_495,000|해외구매_492,640","정품_495,000|해외구매_439,030","정품_495,000|해외구매_439,030","정품_495,000|해외구매_484,220","정품_495,000|해외구매_484,220","정품_495,000|해외구매_482,470","정품_495,000|해외구매_482,470","정품_495,000|해외구매_479,770","정품_495,000|해외구매_495,100","정품_495,000|해외구매_593,200"
15725510,오디오엔진 HD4,"정품_713,900|해외구매_777,360","정품_713,900|해외구매_777,360","정품_713,900|해외구매_777,360","정품_713,900|해외구매_777,360","정품_713,900|해외구매_789,470","정품_713,900|해외구매_789,470","정품_713,900|해외구매_789,470","정품_713,900|해외구매_789,470","정품_713,900|해외구매_781,240","정품_713,900|해외구매_781,240","정품_713,900|해외구매_781,240","정품_713,900|해외구매_781,240","정품_713,900|해외구매_773,940"
5512988,오디오엔진 HD6,"정품_995,780|해외구매_982,580","정품_995,780|해외구매_982,580","정품_995,780|해외구매_982,580","정품_995,780|해외구매_1,016,680","정품_995,780|해외구매_1,016,680","정품_995,780|해외구매_1,016,680","정품_995,780|해외구매_1,016,680","정품_995,780|해외구매_1,016,680","정품_995,780|해외구매_1,016,680","정품_995,780|해외구매_1,006,170","정품_995,780|해외구매_1,006,170","정품_995,780|해외구매_1,006,170","정품_995,780|해외구매_1,006,170"
15090668,오디오엔진 NEW HD6,"정품_989,260","정품_989,260","정품_989,260","정품_989,260","정품_989,260","정품_989,260","정품_989,260","정품_989,260","정품_989,260","정품_989,260","정품_989,260","정품_989,260","정품_989,260"
76329419,오디오테크니카 AT-SP105,"정품_89,000|해외구매_55,060","정품_89,000|해외구매_55,060","정품_89,000|해외구매_53,660","정품_89,000|해외구매_53,660","정품_89,000|해외구매_53,640","정품_89,000|해외구매_53,640","정품_89,000|해외구매_53,350","정품_89,000|해외구매_53,350","정품_89,000|해외구매_53,090","정품_89,000|해외구매_53,090","정품_89,000|해외구매_52,870","정품_89,000|해외구매_52,590","정품_89,000|해외구매_52,590"
76329632,오디오테크니카 AT-SP3X,"정품_251,100|해외구매_264,260","정품_251,100|해외구매_264,260","정품_251,100|해외구매_264,250","정품_251,100|해외구매_264,250","정품_251,100|해외구매_264,250","정품_251,100|해외구매_263,960","정품_251,100|해외구매_263,960","정품_251,100|해외구매_263,960","정품_251,100|해외구매_263,960","정품_251,100|해외구매_263,960","정품_251,100|해외구매_263,960","정품_251,100|해외구매_263,960","정품_251,100|해외구매_263,960"
16267337,오디오테크니카 AT-SP95,"정품_45,570|해외구매_45,340","정품_45,570|해외구매_45,490","정품_45,570|해외구매_44,960","정품_45,570|해외구매_44,960","정품_45,570|해외구매_44,930","정품_45,570|해외구매_44,930","정품_45,150|해외구매_39,800","정품_45,150|해외구매_39,800","정품_45,150|해외구매_39,800","정품_45,150|해외구매_39,800","정품_45,150|해외구매_39,800","정품_45,150|해외구매_39,800","정품_45,150|해외구매_39,800"
3201421,오디오테크니카 AT2020USB,"정품_200,000","정품_200,000","정품_200,000","정품_200,000","정품_200,000","정품_200,000","정품_200,000","정품_200,000","정품_200,000","정품_200,000","정품_200,000","정품_200,000","정품_200,000"
96776288,오디오테크니카 AT2020USB-XP,"정품_256,990|해외구매_240,240","정품_256,990|해외구매_245,190","정품_256,990|해외구매_245,190","정품_230,000|해외구매_245,190","정품_256,990|해외구매_245,180","정품_257,000|해외구매_245,180","정품_257,000|해외구매_259,220","정품_257,000|해외구매_259,210","정품_257,000|해외구매_259,210","정품_230,000|해외구매_259,210","정품_230,000|해외구매_259,210","정품_256,990|해외구매_259,210","정품_256,990|해외구매_259,210"
6363989,오디오테크니카 AT9934USB,"정품_134,000|중고_90,270","정품_134,000|중고_90,270","정품_134,000|중고_90,270","정품_134,000|중고_90,270","정품_134,000|중고_90,270","정품_134,000|중고_90,270","정품_134,000|중고_90,270","정품_134,000|중고_90,270","정품_134,000|중고_90,270","정품_134,000|중고_90,270","정품_134,000|중고_90,270","정품_134,000|중고_90,270","정품_134,000|중고_90,270"
12578429,오디오트랙 ATM-70E,"정품_31,700|","정품_31,700|","정품_31,700|","정품_35,000|","정품_35,000|","정품_35,000|","정품_35,000|","정품_35,000|","정품_35,000|","정품_35,000|","정품_35,000|","정품_35,000|","정품_35,000|"
15221945,오디오트랙 프로디지 CUBE2,"정품_85,000","정품_85,000","정품_85,000","정품_85,000","정품_85,000","정품_85,000","정품_85,000","정품_85,000","정품_85,000","정품_85,000","정품_85,000","정품_85,000","정품_85,000"
4864054,오디오트랙 프로디지 HD2 BLACK EDITION,"정품_57,540","정품_57,490","정품_57,460","정품_57,420","정품_57,390","정품_57,360","정품_57,560","정품_57,560","정품_57,560","정품_57,560","정품_57,560","정품_58,150","정품_58,150"
30197819,오디오프로 Addon C10 MkII,"해외구매_1,350,000","해외구매_1,350,000","해외구매_1,350,000","해외구매_1,350,000","해외구매_1,350,000","해외구매_1,350,000","해외구매_1,350,000","해외구매_1,350,000","해외구매_1,350,000","해외구매_1,350,000","해외구매_1,350,000","해외구매_1,350,000","해외구매_1,350,000"
44999582,오디오프로 Addon C5 MKII,"해외구매_1,004,400","해외구매_1,004,400","해외구매_1,004,400","해외구매_1,004,400","해외구매_1,004,400","해외구매_1,004,400","해외구매_1,004,400","해외구매_1,004,400","해외구매_1,004,400","해외구매_1,004,400","해외구매_1,004,400","해외구매_1,004,400","해외구매_1,004,400"
19815893,오디오프로 Addon T3+,"정품_179,000","정품_179,000","정품_179,000","정품_179,000","정품_179,000","정품_179,000","정품_179,000","정품_179,000","정품_179,000","정품_179,000","정품_179,000","정품_179,000","정품_179,000"
12998126,오로라모바일 Re:QM TELE-B SB-TB001,"16,380","16,380","16,380","16,380","16,380","16,380","16,380","16,380","16,380","16,380","16,380","16,380","16,380"
58019177,오브룸 아이아이 맥스 블루투스 스피커 OV-BS02,"58,900","58,900","58,900","58,900","58,900","58,900","58,900","58,900","58,900","58,900","56,900","58,900","58,900"
71427848,오브룸 아이아이 미니 OV-BS01,"21,810","21,810","21,810","21,810","21,890","21,890","20,520","20,520","20,520","20,520","20,520","20,520","20,520"
58019189,오브룸 아이아이 클래식 블루투스 스피커 OV-BS03,"175,470","175,470","175,470","175,470","175,470","175,470","175,470","175,470","175,470","175,470","175,470","175,470","175,470"
19583477,오아 글로우벨,0,0,"39,810","39,810","39,810","39,810","39,810","39,810","39,810","39,810","39,810","39,810","39,810"
100449608,오아 디퓨저 턴테이블 스피커,"정품_37,900","정품_37,900","정품_37,900","정품_37,900","정품_37,900","정품_37,900","정품_37,900","정품_37,900","정품_37,900","정품_37,900","정품_37,900","정품_37,900","정품_37,900"
20283071,오아 레트로 블루투스 스피커,"30,120","30,120","30,120","30,120","30,120","30,120","30,120","27,950","27,950","27,950","27,950","27,950","27,950"
19585973,오아 미니 턴테이블 블루투스 스피커,"29,900","32,800","32,800","32,800","29,900","29,900","29,900","29,900","29,900","29,900","29,900","29,900","29,900"
8466303,오아 아이브릭 OA-SP600,"정품_24,800","정품_24,800","정품_24,800","정품_24,800","정품_24,800","정품_24,800","정품_24,800","정품_24,800","정품_24,800","정품_24,800","정품_24,800","정품_24,800","정품_24,800"
99128201,오아 탭탭 블루투스 스피커,"정품_22,900","정품_22,900","정품_22,900","정품_22,900","정품_22,900","정품_22,900","정품_22,900","정품_22,900","정품_22,900","정품_21,290","정품_22,900","정품_22,900","정품_22,900"
30257234,오케이마트 OMT OBS-ED1,"1개_143,550","1개_143,550","1개_143,550","1개_143,550","1개_143,550","1개_143,550","1개_143,550","1개_143,550","1개_143,550","1개_143,550","1개_143,550","1개_143,550","1개_143,550"
30257054,오케이마트 OMT OBS-SC1BT,"1개_125,190","1개_125,190","1개_125,190","1개_125,190","1개_125,190","1개_125,190","1개_125,190","1개_125,190","1개_125,190","1개_125,190","1개_125,190","1개_125,190","1개_125,190"
7010281,오케이마트 OMT OBS-WP9,"6,960","6,960","6,960","6,960","6,960","6,960","6,960","6,960","6,960","7,810","6,720","6,720","6,720"
11246997,오퍼스원 댄싱 로봇 씽고,"129,000","129,000","129,000","129,000","129,000","129,000","129,000","129,000","129,000","129,000","129,000","129,000","129,000"
19278731,오피아컴 블루사운드 BS-S200,"정품_8,720","정품_8,720","정품_8,720","정품_8,720","정품_8,720","정품_8,720","정품_8,720","정품_8,720","정품_8,720","정품_8,720","정품_9,310","정품_9,400","정품_9,400"
15209678,오피아컴 블루사운드 BS-S300,"정품_18,810","정품_18,810","정품_18,810","정품_18,810","정품_18,810","정품_18,810","정품_18,810","정품_18,810","정품_18,810","정품_18,810","정품_18,810","정품_18,810","정품_18,810"
19562327,오피아컴 블루사운드 BS-S400,"정품_17,910","정품_17,910","정품_17,890","정품_17,840","정품_17,840","정품_17,790","정품_17,790","정품_17,740","정품_17,890","정품_17,840","정품_17,840","정품_17,790","정품_17,790"
31962314,온꿈사 투랩 달 무드등 턴테이블 블루투스 스피커,"32,190","32,190","32,190","32,190","32,190","32,190","32,190","32,190","32,190","32,190","32,190","32,190","32,190"
21195755,온꿈사 투랩 턴테이블 블루투스 스피커 TL-29,"32,900","32,900","32,900","32,900","32,900","32,900","32,900","32,900","32,900","32,900","32,900","32,900","32,900"
94692767,온쿄 CREATOR SERIES GX-10DB,0,0,"해외구매_554,100","해외구매_554,100","해외구매_554,100","해외구매_554,100","해외구매_554,100","해외구매_554,100","해외구매_554,100","해외구매_554,100","해외구매_554,100","해외구매_554,100","해외구매_554,100"
94692458,온쿄 CREATOR SERIES GX-30ARC,"해외구매_638,400","해외구매_638,400","해외구매_638,400","해외구매_638,400","해외구매_638,400","해외구매_638,400","해외구매_638,400","해외구매_638,400","해외구매_638,400","해외구매_638,400","해외구매_638,400","해외구매_638,400","해외구매_638,400"
101627657,우드쇼 Y129,"정품_69,000","정품_69,000","정품_72,480","정품_72,480","정품_73,200","정품_73,200","정품_73,200","정품_73,200","정품_73,200","정품_73,200","정품_73,200","정품_74,260","정품_71,650"
28085189,우리투비 블루투스 방수 스피커 SM S1,"6,410","6,410","6,410","6,410","6,410","6,410","6,410","6,410","6,410","6,410","6,410","6,410","6,410"
43891796,원오디오 FM1,0,0,0,0,"정품_89,900","정품_89,900","정품_89,900","정품_89,900","정품_89,900","정품_89,900","정품_89,900","정품_89,900","정품_89,900"
28494977,웨일테일 자동차 블루투스 스피커 WT-A9,"71,610","71,610","71,610","71,610","71,610","71,610","71,610","71,610","71,610","71,610","70,840","70,840","70,840"
77209064,위니즈 WZ-V196,"정품_139,440","정품_139,440","정품_139,440","정품_139,890","정품_139,890","정품_139,890","정품_139,890","정품_139,890","정품_139,890","정품_139,890","정품_139,890","정품_139,890","정품_139,890"
77209133,위니즈 WZ-V196B,"정품_83,320","정품_83,320","정품_83,320","정품_83,580","정품_83,580","정품_83,580","정품_83,580","정품_83,580","정품_83,580","정품_83,580","정품_83,580","정품_83,580","정품_83,580"
77208866,위니즈 WZ-V196W,"정품_83,610","정품_83,610","정품_83,610","정품_83,610","정품_83,880","정품_83,880","정품_83,880","정품_83,880","정품_83,880","정품_83,880","정품_83,880","정품_83,880","정품_83,880"
10619181,위드뉴 사운드폼 SF-10,"64,170","64,170","64,170","64,170","64,170","64,170","64,170","64,170","64,170","64,170","64,170","64,170","64,170"
10546824,위드앤올 WNA-RS1,"27,240","27,240","27,240","27,240","27,240","27,240","27,240","27,240","27,240","27,240","27,240","27,240","27,240"
15840839,위자드스톤 비센드 하울링 BS-BT10,"32,080","32,080","32,080","32,080","32,080","32,080","32,080","32,080","32,080","32,080","32,080","32,080","32,080"
33384965,위젤 오랜웰 OR-S525,"정품_10,280","정품_10,280","정품_10,280","정품_10,280","정품_10,280","정품_10,280",0,0,0,0,0,0,"정품_10,280"
17793386,위젤 오랜웰 OR-S70RGB,"정품_9,500","정품_9,500","정품_9,500","정품_9,500","정품_9,500","정품_9,500","정품_9,500","정품_9,500","정품_9,500","정품_9,500","정품_9,500","정품_9,500","정품_9,500"
56497622,유니공작소 아리스노보 콘덴서 USB 마이크 스페셜 에디션 200,"35,000","35,000","35,000","35,000","35,000","35,000","35,000","35,000","35,000","35,000","35,000","35,000","35,000"
101542628,유비플러스 dB1 더블베이스,"정품_490,000","정품_490,000","정품_490,000","정품_490,000","정품_490,000","정품_490,000","정품_490,000","정품_490,000","정품_490,000","정품_490,000","정품_490,000","정품_490,000","정품_490,000"
20746775,유진정밀 모리모리 라스모 스피커 LM1701WH,"129,000","129,000","129,000","129,000","129,000","129,000","129,000","129,000","129,000","129,000","129,000","129,000","129,000"
16308362,유커머스 UC-CP128,"정품_19,940","정품_19,940","정품_19,940","정품_19,940","정품_19,940","정품_19,940","정품_19,940","정품_19,940","정품_19,940","정품_19,940","정품_20,370","정품_20,370","정품_20,370"
16187252,유커머스 UC-CP129,"정품_15,520","정품_15,520","정품_15,520","정품_15,520","정품_15,520","정품_15,520","정품_15,520","정품_15,520","정품_15,520","정품_15,520","정품_15,520","정품_15,520","정품_15,520"
2605749,이노젠 BLOOM,"32,590","32,590","32,590","32,590",0,"32,590",0,"32,590","32,590","32,590",0,0,0
14028377,이지넷유비쿼터스 넥스트 NEXT-AV2305 사운드카드,"정품_3,900","정품_3,900","정품_3,900","정품_3,900","정품_3,900","정품_3,900","정품_3,900","정품_3,900","정품_3,900","정품_3,900","정품_3,900","정품_3,900","정품_3,900"
14028656,이지넷유비쿼터스 넥스트 NEXT-AV2306 사운드카드,"정품_4,100","정품_4,100","정품_4,100","정품_4,100","정품_4,100","정품_4,100","정품_4,100","정품_4,100","정품_4,100","정품_4,100","정품_4,100","정품_4,100","정품_4,100"
99911348,이케아 VAPPEBY,"정품_18,900","정품_18,900","정품_18,900","정품_18,900","정품_18,900","정품_18,900","정품_18,900","정품_18,900","정품_18,900","정품_18,900","정품_18,900","정품_18,900","정품_18,900"
101625872,이케아 VAPPEBY 3세대,"정품_80,300","정품_80,300","정품_80,300","정품_80,300","정품_80,290","정품_80,290","정품_80,280","정품_80,270","정품_80,270","정품_80,270","정품_80,270","정품_80,260","정품_80,260"
31050197,이케아 에네뷔 20 2세대,"해외구매_191,600","해외구매_191,600","해외구매_191,600","해외구매_191,600","해외구매_191,600","해외구매_191,600","해외구매_191,600","해외구매_191,600","해외구매_191,600","해외구매_191,600","해외구매_191,600","해외구매_191,600","해외구매_191,600"
17578238,인네트워크 IN-C71ST4S,"정품_6,500","정품_6,500","정품_6,500","정품_6,500","정품_6,500","정품_6,500","정품_6,500","정품_6,500","정품_6,500","정품_6,500","정품_6,500","정품_6,500","정품_6,500"
14915174,인네트워크 IN-U51GB,정품_980,정품_980,정품_980,정품_980,정품_980,정품_980,정품_980,정품_980,정품_980,정품_980,정품_980,정품_980,정품_980
14914631,인네트워크 IN-U71CB,"정품_7,500","정품_7,500","정품_7,500","정품_7,500","정품_7,500","정품_7,500","정품_7,500","정품_7,500","정품_7,500","정품_7,500","정품_7,500","정품_7,500","정품_7,500"
14914859,인네트워크 IN-U71CS,"정품_4,490","정품_4,490","정품_4,490","정품_4,490","정품_4,490","정품_4,490","정품_4,490","정품_4,490","정품_4,490","정품_4,490","정품_4,490","정품_4,490","정품_4,490"
14914754,인네트워크 IN-U71CW,"정품_1,300","정품_1,300","정품_1,300","정품_1,300","정품_1,300","정품_1,300","정품_1,300","정품_1,300","정품_1,300","정품_1,300","정품_1,300","정품_1,300","정품_1,300"
14914256,인네트워크 IN-U71GB,"정품_3,300","정품_3,300","정품_3,300","정품_3,300","정품_3,300","정품_3,300","정품_3,300","정품_3,300","정품_3,300","정품_3,300","정품_3,300","정품_3,300","정품_3,300"
15164747,인네트워크 IN-U71ST4S,"정품_3,590","정품_3,590","정품_3,590","정품_3,590","정품_3,590","정품_3,590","정품_3,590","정품_3,590","정품_3,590","정품_3,590","정품_3,590","정품_3,590","정품_3,750"
14547209,인네트워크 IN-U71WN 사운드카드,"정품_5,650","정품_5,650","정품_5,450","정품_5,650","정품_5,450","정품_5,650","정품_5,650","정품_5,650","정품_5,450","정품_5,650","정품_5,650","정품_5,650","정품_5,450"
122699179,"인네트워크 IN-UST4, USB-A to 3.5 스테레오 메탈 사운드카드","6,100","6,100","6,100","6,100","6,100","6,100","6,100","6,100","6,100","6,100","6,100","6,100","6,100"
98919440,인비오 AIR-10S,"정품_17,360","정품_17,360","정품_17,360","정품_17,360","정품_17,360","정품_17,360","정품_17,360","정품_17,360","정품_17,360","정품_17,360","정품_17,360","정품_17,360","정품_17,360"
27866546,인켈 ARIA IK-WS3,"85,000","85,000","85,000","85,000","85,000","85,000","85,000","85,000","85,000","85,000","85,000","85,000","85,000"
2948247,인켈 EXCAPE EXM-40,"57,630","57,630","57,630","57,630","57,630","57,630","57,630","57,630","57,630","57,630","57,630","57,630","57,630"
2317242,인켈 EXM-50,"정품_35,000","정품_35,000","정품_35,000","정품_35,000","정품_35,000","정품_35,000","정품_35,000","정품_35,000","정품_35,000","정품_35,000","정품_35,000","정품_35,000","정품_35,000"
14226698,인켈 IK-BT109,"정품_99,000","정품_99,000","정품_99,000","정품_99,000","정품_99,000","정품_99,000","정품_99,000","정품_99,000","정품_99,000","정품_99,000","정품_99,000","정품_99,000","정품_99,000"
19395170,인켈 IK-BT31,"월넛_39,900|메이플_39,900","월넛_39,900|메이플_39,900","월넛_39,900|메이플_39,900","월넛_39,900|메이플_39,900","월넛_39,900|메이플_39,900","월넛_39,900|메이플_39,900","월넛_39,900|메이플_39,900","월넛_39,900|메이플_39,900","월넛_39,900|메이플_39,900","월넛_39,900|메이플_39,900","월넛_39,900|메이플_39,900","월넛_39,900|메이플_39,900","월넛_39,900|메이플_39,900"
16470815,인켈 IK-BT33C,"월넛_34,900|메이플_34,900","월넛_34,900|메이플_34,900","월넛_34,900|메이플_34,900","월넛_34,900|메이플_34,900","월넛_34,900|메이플_34,900","월넛_34,900|메이플_34,900","월넛_34,900|메이플_34,900","월넛_34,900|메이플_34,900","월넛_34,900|메이플_34,900","월넛_34,900|메이플_34,900","월넛_34,900|메이플_34,900","월넛_34,900|메이플_34,900","월넛_34,900|메이플_34,900"
36706556,인켈 IK-BT53,"블랙_59,000|아이보리_59,000","블랙_59,000|아이보리_59,000","블랙_59,000|아이보리_59,000","블랙_59,000|아이보리_59,000","블랙_59,000|아이보리_59,000","블랙_59,000|아이보리_59,000","블랙_59,000|아이보리_59,000","블랙_59,000|아이보리_59,000","블랙_59,000|아이보리_59,000","블랙_59,000|아이보리_59,000","블랙_59,000|아이보리_59,000","블랙_59,000|아이보리_59,000","블랙_59,000|아이보리_59,000"
27985844,인켈 IK-BT55C,"블랙_67,630|아이보리_67,630","블랙_62,110|아이보리_62,100","블랙_62,110|아이보리_69,000","블랙_62,110|아이보리_69,000","블랙_62,110|아이보리_69,000","블랙_62,110|아이보리_69,000","블랙_62,110|아이보리_69,000","블랙_62,110|아이보리_69,000","블랙_62,110|아이보리_69,000","블랙_62,110|아이보리_69,000","블랙_62,110|아이보리_69,000","블랙_62,110|아이보리_69,000","블랙_62,110|아이보리_69,000"
27693917,인켈 IK-C350PS,"128,600","128,600","128,600","128,600","128,600","128,600","128,600","128,600","128,600","128,600","128,600","128,600","128,600"
19943987,인켈 IK-C35RS,"블랙_52,500|화이트_52,500","블랙_52,500|화이트_52,500","블랙_52,500|화이트_52,500","블랙_52,500|화이트_52,500","블랙_52,500|화이트_52,500","블랙_52,500|화이트_52,500","블랙_52,500|화이트_52,500","블랙_52,500|화이트_52,500","블랙_52,500|화이트_52,500","블랙_52,500|화이트_52,500","블랙_52,500|화이트_52,500","블랙_52,500|화이트_52,500","블랙_59,120|화이트_59,120"
27677900,인켈 IK-C390BS,"정품_180,000","정품_180,000","정품_180,000","정품_180,000","정품_180,000","정품_180,000","정품_180,000","정품_180,000","정품_180,000","정품_180,000","정품_180,000","정품_180,000","정품_180,000"
27694397,인켈 IK-C707TS,"정품_169,000|중고_152,100","정품_169,000|중고_152,100","정품_169,000|중고_152,100","정품_169,000|중고_152,100","정품_169,000|중고_152,100","정품_169,000|중고_152,100","정품_169,000|중고_152,100","정품_169,000","정품_169,000","정품_169,000","정품_169,000","정품_169,000","정품_169,000"
12038120,인켈 IK-KM500,"37,800","37,800","37,800","37,790","37,800","37,800","37,800","37,800","37,800","37,800","37,800","37,800","37,800"
13513352,인켈 IK-KS1500,"정품_17,420","정품_17,420","정품_17,420","정품_17,420","정품_17,420","정품_17,420","정품_17,420","정품_17,420","정품_17,420","정품_18,940","정품_18,940","정품_18,910","정품_18,850"
105813122,인켈 IK-S3050LP,"정품_84,000","정품_84,000","정품_84,000","정품_84,000","정품_84,000","정품_84,000","정품_84,000","정품_84,000","정품_84,000","정품_84,000","정품_84,000","정품_84,000","정품_84,000"
97476827,인켈 IK-TS-11,"정품_6,890","정품_6,890","정품_6,890","정품_6,890","정품_6,890","정품_6,890","정품_6,890","정품_6,890","정품_6,890","정품_6,890","정품_6,890","정품_6,890","정품_6,890"
15372878,인켈 IK-WA200,"정품_187,670","정품_187,670","정품_187,670","정품_187,670",0,0,0,0,"정품_187,670","정품_187,670","정품_187,670","정품_187,670","정품_187,670"
16590746,인켈 LOUNGE,"정품_325,500","정품_325,500","정품_325,500","정품_325,500","정품_325,500","정품_325,500","정품_325,500","정품_350,000","정품_350,000","정품_350,000","정품_350,000","정품_350,000","정품_350,000"
53524673,인켈 MUSICAL,"정품_398,000","정품_398,000","정품_398,000","정품_398,000","정품_398,000","정품_398,000","정품_398,000","정품_398,000","정품_398,000","정품_398,000","정품_398,000","정품_398,000","정품_398,000"
101096567,인켈 SIGNAL,"정품_116,220","정품_116,220","정품_116,220","정품_116,220","정품_116,220","정품_116,220","정품_115,190","정품_115,190","정품_115,190","정품_115,190","정품_115,190","정품_115,190","정품_116,220"
28419455,인켈 SOUL IK-WS5,"56,050","56,050","56,050","56,050","56,050","56,050","56,050","56,050","56,050","56,050","56,050","56,050","56,050"
20247296,인켈 아날로그,"82,990","82,990","82,990","82,990","82,990","82,990","82,990","82,990","82,990","82,990","82,990","82,990","82,990"
28417691,일리안 마이튠 ONE,"49,000",0,0,0,0,0,0,0,0,0,0,0,0
28417997,일리안 마이튠 THREE,"69,000","69,000","69,000","69,000","69,000","69,000","69,000","69,000","69,000","69,000","69,000","69,000","69,000"
28417901,일리안 마이튠 TWO,"59,000","59,000","59,000","59,000","59,000","59,000","59,000","59,000","59,000","59,000","59,000","59,000","59,000"
19584209,일리안 휴대용 블루투스 스피커 IS50,"정품_28,000","정품_28,000","정품_28,000","정품_28,000","정품_28,000","정품_28,000","정품_28,000","정품_28,000","정품_28,000","정품_28,000","정품_28,000","정품_28,000","정품_28,000"
28401449,잇라이프 라르츠 무드앤모어 불멍 스피커,"159,000","159,000","159,000","159,000","159,000","159,000","159,000","159,000","159,000","159,000","159,000","159,000","159,000"
15249218,잇라이프 라르츠 블루투스 스피커,"정품_199,000","정품_199,000","정품_199,000","정품_199,000","정품_199,000","정품_199,000","정품_199,000","정품_199,000","정품_199,000","정품_199,000","정품_199,000","정품_199,000","정품_199,000"
28027871,잇포미 블루투스 스피커,"정품_22,050","정품_22,050","정품_22,050","정품_22,050","정품_22,050","정품_22,050","정품_22,050","정품_22,050","정품_22,050","정품_22,050","정품_22,050","정품_22,050","정품_22,050"
5054982,자운드 TWIST MINI,"정품_28,290","정품_28,290","정품_28,290","정품_28,290","정품_28,290","정품_28,290","정품_28,290","정품_28,290","정품_28,290","정품_28,890","정품_28,890","정품_28,890","정품_28,890"
5054984,자운드 Z3,"정품_27,300","정품_27,300","정품_27,300","정품_27,300","정품_27,300","정품_27,300","정품_27,300","정품_27,300","정품_27,300","정품_27,890","정품_27,890","정품_27,890","정품_27,890"
5621121,제네바 Classic M,"정품_1,300,000|+ 스탠드_1,580,000|해외구매_1,328,480","정품_1,300,000|+ 스탠드_1,580,000|해외구매_1,328,480","정품_1,300,000|+ 스탠드_1,580,000|해외구매_1,328,480","정품_1,170,000|+ 스탠드_1,530,000|해외구매_1,328,480","정품_1,300,000|+ 스탠드_1,580,000|해외구매_1,328,480","정품_1,170,000|+ 스탠드_1,530,000|해외구매_1,328,480","정품_1,300,000|+ 스탠드_1,580,000|해외구매_1,328,480","정품_1,300,000|+ 스탠드_1,530,000|해외구매_1,328,480","정품_1,300,000|+ 스탠드_1,580,000|해외구매_1,328,480","정품_1,300,000|+ 스탠드_1,590,000|해외구매_1,328,480","정품_1,300,000|+ 스탠드_1,590,000|해외구매_1,328,480","정품_1,300,000|+ 스탠드_1,590,000|해외구매_1,328,480","정품_1,300,000|+ 스탠드_1,590,000|해외구매_1,328,480"
5620717,제네바 Classic S,"정품_650,000","정품_650,000","정품_650,000","정품_650,000","정품_650,000","정품_650,000","정품_650,000","정품_650,000","정품_650,000","정품_650,000","정품_650,000","정품_650,000","정품_650,000"
17969996,제네바 DeCon S,"정품_778,660","정품_778,660","정품_779,990","정품_779,990","정품_779,990","정품_779,990","정품_779,990","정품_779,990","정품_779,990","정품_779,990","정품_775,150","정품_775,150","정품_775,150"
98768534,제네바 DeCon XL,"정품_5,400,000","정품_5,400,000","정품_5,400,000","정품_4,860,000","정품_5,400,000","정품_5,400,000","정품_5,400,000","정품_5,400,000","정품_5,400,000","정품_5,400,000","정품_5,400,000","정품_5,400,000","정품_5,400,000"
92893244,제네바 타임 디지털,"정품_510,000|해외구매_449,320","정품_510,000|해외구매_449,320","정품_510,000|해외구매_444,540","정품_510,000|해외구매_444,530","정품_510,000|해외구매_444,530","정품_510,000|해외구매_444,530","정품_510,000|해외구매_444,530","정품_510,000|해외구매_444,530","정품_510,000|해외구매_444,530","정품_510,000|해외구매_444,530","정품_510,000|해외구매_444,530","정품_510,000|해외구매_444,530","정품_510,000|해외구매_444,530"
25316930,제노브 베릭스 CT-25,"정품_25,790","정품_25,790","정품_25,790","정품_25,790","정품_25,790","정품_25,790","정품_25,790","정품_26,090","정품_26,090","정품_26,090","정품_26,090","정품_26,090","정품_26,090"
27863702,제노브 베릭스 CT-27,"19,000","19,000","19,000","19,000","19,000","19,000","19,000","19,000","19,000","19,000","19,000","19,000","19,000"
104593070,제닉스 TITAN SB3,"정품_22,900","정품_22,900","정품_22,900","정품_22,900","정품_19,900","정품_19,900","정품_19,900","정품_19,900","정품_19,900","정품_19,900","정품_19,900","정품_19,900","정품_19,900"
75377531,제닉스 TITAN SB9,"블랙_79,000|화이트_87,500","블랙_89,000|화이트_87,500","블랙_89,000|화이트_92,000","블랙_89,000|화이트_92,000","블랙_79,000|화이트_87,500","블랙_79,000|화이트_87,500","블랙_79,000|화이트_87,500","블랙_79,000|화이트_87,500","블랙_79,000|화이트_87,500","블랙_79,000|화이트_87,500","블랙_79,000|화이트_87,500","블랙_79,000|화이트_87,500","블랙_79,000|화이트_87,500"
11300523,제닉스 TITAN STUDIO PRO,"정품_114,800","정품_114,800","정품_114,800","정품_114,800","정품_114,800","정품_114,800","정품_114,800","정품_114,800","정품_114,800","정품_114,800","정품_114,800","정품_114,800","정품_114,800"
106705157,제닉스 TITAN V2,"정품_19,900","정품_19,900","정품_19,900","정품_19,900","정품_17,900","정품_17,900","정품_17,900","정품_17,900","정품_17,900","정품_17,900","정품_17,900","정품_17,900","정품_17,900"
3575253,제이에스텍 5.1 사운드카드,"26,000","26,000","26,000","26,000","26,000","26,000","26,000","26,000","26,000","26,000","26,000","26,000","26,000"
54960395,제이인 BK102,"해외구매_32,260","해외구매_32,260","해외구매_32,260","해외구매_32,260","해외구매_32,260","해외구매_32,260","해외구매_32,260","해외구매_32,260","해외구매_32,260","해외구매_32,260","해외구매_32,260","해외구매_32,260","해외구매_32,260"
8002738,젬스트 Canleen CDS-100,"정품_4,930","정품_4,930","정품_4,930","정품_4,930","정품_4,930","정품_4,930","정품_4,930","정품_4,930","정품_4,930","정품_4,930","정품_4,930","정품_4,930","정품_4,930"
13461497,조이룸 MG-S01,"해외구매_27,630","해외구매_27,630","해외구매_27,630","해외구매_27,630","해외구매_27,630","해외구매_27,630","해외구매_27,630","해외구매_27,630","해외구매_27,630","해외구매_27,630","해외구매_27,630","해외구매_27,630","해외구매_27,630"
99948107,조이트론 GM20U,"정품_19,800","정품_19,800","정품_19,800","정품_19,800","정품_19,800","정품_19,800","정품_19,800","정품_19,800","정품_19,800","정품_19,800","정품_19,800","정품_19,800","정품_19,800"
13855748,조이트론 GM25U,"정품_21,800","정품_21,800","정품_21,800","정품_21,800","정품_21,800","정품_21,800","정품_21,800","정품_21,800","정품_21,800","정품_21,800","정품_21,800","정품_21,800","정품_21,800"
14558414,조이트론 GM35U,"24,800","24,800","24,800","24,800","24,800","24,800","24,800","24,800","24,800","24,800","24,800","24,800","24,800"
14168201,조이트론 GM50U,"정품_61,800","정품_61,800","정품_61,800","정품_61,800","정품_61,800","정품_61,800","정품_61,800","정품_61,800","정품_61,800","정품_61,800","정품_61,800","정품_61,800","정품_61,800"
17146058,조이트론 GM70U,"99,450","99,450","99,450","99,450","99,450","99,450","99,450","99,450","99,450","99,450","99,450","99,450","99,450"
76874153,조이트론 JBS50,"정품_50,670","정품_50,670","정품_50,670","정품_50,670",0,0,"정품_50,670","정품_50,670","정품_50,670","정품_50,670","정품_50,670","정품_50,670","정품_50,670"
97309595,조이트론 JBS70,"정품_37,800","정품_37,800","정품_37,800","정품_37,800","정품_37,800","정품_37,800","정품_37,800","정품_37,800","정품_37,800","정품_37,800","정품_37,800","정품_37,800","정품_37,800"
54213353,조이트론 STUDIA ECHO,0,0,"정품_39,800","정품_39,800","정품_39,800","정품_39,800","정품_39,800","정품_39,800","정품_39,800","정품_39,800","정품_39,800","정품_39,800","정품_39,800"
100272410,조이트론 사일로,"정품_39,800","정품_39,800","정품_39,800","정품_39,800","정품_39,800","정품_39,800","정품_39,800","정품_39,800","정품_39,800","정품_39,800","정품_39,800","정품_39,800","정품_39,800"
8313561,조이트론 스피어볼,"39,800","39,800","39,800","39,800","39,800","39,800","39,800","39,800","39,800","39,800","39,800","39,800","39,800"
99737441,주닉스 HY666,"정품_8,000","정품_8,000","정품_8,000","정품_8,000","정품_8,000","정품_8,000","정품_8,000","정품_8,000","정품_8,000","정품_8,000","정품_8,000","정품_8,000","정품_8,000"
18475295,주연테크 JSB01BT,"정품_39,900","정품_39,900","정품_39,900","정품_39,900","정품_39,900","정품_39,900","정품_39,900","정품_39,900","정품_39,900","정품_39,900","정품_39,900","정품_39,900","정품_39,900"
18475397,주연테크 JSB02,"정품_44,800","정품_44,800","정품_44,800","정품_44,800","정품_44,800","정품_44,800","정품_44,800","정품_44,800",0,0,0,0,0
15931052,지군코리아 GS-4000,"정품_18,820","정품_18,790","정품_18,790","정품_18,780","정품_18,780","정품_18,790","정품_18,950","정품_18,950","정품_18,950","정품_18,950","정품_18,950","정품_19,150","정품_18,650"
11313390,지군코리아 GS-8000,"화이트 핑크_8,800|화이트 블루_9,760","화이트 핑크_8,800|화이트 블루_9,760","화이트 핑크_8,800|화이트 블루_9,760","화이트 핑크_8,800|화이트 블루_9,760","화이트 핑크_8,800|화이트 블루_9,760","화이트 핑크_8,800|화이트 블루_9,760","화이트 핑크_8,800|화이트 블루_9,760","화이트 핑크_8,800|화이트 블루_9,760","화이트 핑크_8,800|화이트 블루_9,760","화이트 핑크_8,800|화이트 블루_9,760","화이트 핑크_8,800|화이트 블루_9,760","화이트 핑크_8,800|화이트 블루_9,760","화이트 핑크_8,800|화이트 블루_9,760"
14660105,지군코리아 GSP-270,"정품_18,900","정품_18,900","정품_18,900","정품_18,900","정품_18,900","정품_18,900","정품_18,900","정품_18,900","정품_18,900","정품_18,900","정품_18,900","정품_18,900","정품_18,900"
14072201,지군코리아 VM-5500,"17,400","17,400","17,400","17,400","17,400","16,900","16,900","16,900","16,900","16,900","16,900","16,900","17,400"
10344168,지군코리아 VM-600,"정품_22,870","정품_24,800","정품_22,870","정품_22,870","정품_21,670","정품_22,870","정품_21,770","정품_21,770","정품_21,770","정품_22,870","정품_21,770","정품_22,870","정품_21,770"
9253596,지군코리아 VM-700,"정품_37,360","정품_37,360","정품_37,360","정품_37,360","정품_37,360","정품_37,360","정품_37,360","정품_37,360","정품_37,360","정품_37,360","정품_37,360","정품_37,360","정품_37,360"
14540669,지군코리아 VM-8050U,"29,800","29,800","29,800","29,800","29,800","29,800","29,800","29,800","29,800","29,800","29,800","29,800","29,800"
10344114,지군코리아 VM-900,"정품_65,000","정품_65,000","정품_65,000","정품_65,000","정품_65,000","정품_65,000","정품_65,000","정품_65,000","정품_65,000","정품_65,000","정품_65,000","정품_65,000","정품_65,000"
59760743,지니스 비상 블루투스 넥스피커,"34,400","34,400","32,600","34,400","34,400","34,400","34,400","34,400","34,400","34,400","34,400","34,400","34,400"
6182773,지미스튜디오 R50 ET 602,"290,000","290,000","290,000","290,000","290,000","290,000","290,000","290,000","290,000","290,000","290,000","290,000","290,000"
9789072,지성아이엔씨 플라이토 댄싱 JsFDPo,"25,900","25,900","25,900","25,900","25,900","25,900","22,410","22,410","22,410","22,410","22,410","22,410","22,410"
64267958,지클릭커 슈퍼히어로 G-SHOT GBS10 RGB,"정품_17,300","정품_17,300","정품_17,300","정품_17,300","정품_17,300","정품_17,300","정품_17,300","정품_17,300","정품_17,300","정품_17,300","정품_17,300","정품_17,300","정품_17,300"
62069390,지클릭커 슈퍼히어로 G-SHOT 트랜스 RGB 페어런트 우퍼 사운드바,"정품_19,400","정품_19,400","정품_19,400","정품_19,400","정품_19,400","정품_19,400","정품_19,400","정품_19,400","정품_19,400","정품_19,400","정품_19,400","정품_19,400","정품_19,400"
78389066,지클릭커 울버햄튼 블루투스 스피커,"블랙_15,740|카키_15,740|화이트_15,590","블랙_15,740|카키_15,740|화이트_15,590","블랙_15,740|카키_15,740|화이트_15,590","블랙_15,740|카키_15,740|화이트_15,590","블랙_15,740|카키_15,740|화이트_15,590","블랙_15,740|카키_15,740|화이트_15,590","블랙_15,740|카키_15,350|화이트_15,200","블랙_15,350|카키_15,350|화이트_15,200","블랙_15,350|카키_15,350|화이트_15,200","블랙_15,350|카키_15,350|화이트_15,200","블랙_15,350|카키_15,350|화이트_15,200","블랙_15,350|카키_15,350|화이트_15,200","블랙_15,350|카키_15,350|화이트_15,200"
8907008,청연MnS naVee NV46-COMS10,"32,900","32,900","32,900","32,900","32,900","32,900","32,900","32,900","32,900","32,900","32,900","32,900","32,900"
11701046,청연MnS naVee NV70-BTS10,"33,800","33,800","33,800","33,800","33,800","33,800","33,800","33,800","33,800","33,800","33,800","33,800","33,800"
54696554,청연MnS naVee NV70-BTS20,"브라운_39,900|다크브라운_39,900","브라운_39,900|다크브라운_39,900","브라운_39,900|다크브라운_39,900","브라운_39,900|다크브라운_39,900","브라운_39,900|다크브라운_39,900","브라운_39,900|다크브라운_39,900","브라운_44,900|다크브라운_49,890","브라운_39,900|다크브라운_49,890","브라운_39,900|다크브라운_49,890","브라운_39,900|다크브라운_39,900","브라운_39,900|다크브라운_39,900","브라운_39,900|다크브라운_39,900","브라운_39,900|다크브라운_39,900"
14079719,청연MnS naVee NV83-BM50,"33,000","33,000","33,000","33,000","33,000","33,000","33,000","33,000","33,000","33,000","33,000","33,000","33,000"
13130360,청연MnS naVee NV85-BM100,"35,000","35,000","35,000","35,000","35,000","35,000","35,000","35,000","35,000","35,000","35,000","35,000","35,000"
97568342,체리스팟 CS-SC5H,"정품_7,300","정품_7,300","정품_7,300","정품_7,300","정품_7,300","정품_7,300","정품_7,300","정품_7,300","정품_7,300","정품_7,300","정품_7,300","정품_7,300","정품_7,300"
27477992,카렉스 X 테라 랜턴 블루투스 스피커 TB-02,"63,210","64,330","64,330","64,330","63,220","63,210","63,210","63,210","63,210","63,200","63,200","63,200","63,200"
31053764,카렉스 붐마스터 BAMBOO BT B308R,"86,240","86,240","86,240","86,240","86,240","86,240","86,240","86,240","86,240","86,240","86,240","86,240","86,240"
27627656,카렉스 붐마스터 BOOMBOX POWER 120,"정품_570,730","정품_570,730","정품_570,270","정품_570,270","정품_570,270","정품_570,270","정품_570,270","정품_570,270","정품_570,270","정품_570,270","정품_570,270","정품_570,270","정품_570,270"
59926955,카렉스 붐마스터 BP-01,"32,150","32,150","32,150","32,150","32,150","32,150","32,150","32,150","32,150","32,150","32,150","32,150","32,150"
59927255,카렉스 붐마스터 DC-02,"60,610","60,610","60,610","60,610","60,610","60,610","59,970","59,970","59,970","59,970","59,970","59,970","60,610"
88234877,카렉스 붐마스터 JB-300,"정품_36,860","정품_36,860","정품_36,860","정품_36,860","정품_36,860","정품_36,860","정품_36,860","정품_36,860","정품_36,860","정품_36,860","정품_36,860","정품_36,860","정품_36,860"
27695189,카렉스 붐마스터 SB-01,"79,000","79,000","79,000","79,000","79,000","79,000","79,000","79,000","79,000","79,000","79,000","79,000","79,000"
31054628,카렉스 붐마스터 SEUM-200,"199,500","199,500","199,500","199,500","199,500","199,500","197,400","197,400","197,400","197,400","197,400","197,400","199,500"
31054661,카렉스 붐마스터 X 진로 SEUM-200,"177,950","177,950","177,804","177,804","177,804","177,804","176,400","176,400","176,400","176,400","176,400","176,400","177,804"
13497437,카렉스 붐마스터 진로 JB-200,"31,290","31,290","31,250","31,250","31,250","31,250","31,010","31,010","31,010","31,010","31,010","31,010","31,250"
8151682,카렉스 빌보드 BM-M003,"37,000","37,000","37,000","37,000","37,000","37,000","37,000","37,000","37,000","37,000","37,000","37,000","37,000"
8180389,카렉스 빌보드 WV-01,"19,900","19,900","19,900","19,900","19,900","19,900","19,900","19,900","19,900","19,900","19,900","19,900","19,900"
6564404,카렉스 빌보드 레트로 올인원 RT-02,"24,900","24,900","24,900","24,900","24,900","24,900","24,900","24,900","24,900","34,900","24,900","24,900","24,900"
6354439,카렉스 빌보드 레트로 혼 RH-01,"218,000","218,000","218,000","218,000","218,000","218,000","218,000","218,000","218,000","218,000","218,000","218,000","218,000"
7883482,카렉스 빌보드 뱀부 B320R,"39,000","39,000","39,000","39,000","39,000","39,000","39,000","39,000","39,000","39,000","39,000","39,000","39,000"
6185547,카미노 마블 홈커밍 스파이더맨 미니,"69,110","69,110","69,110","69,110","69,110","69,110","69,110","69,110","69,110","69,110","69,110","69,110","69,110"
17790521,칸타빌 CM-3000,"정품_56,050|","정품_56,050|","정품_56,050|","정품_56,050|","정품_56,050|","정품_56,050|","정품_56,050|","정품_56,050|","정품_56,050|","정품_56,050|","정품_56,050|","정품_56,050|","정품_56,050|"
72755690,칸토오디오 ORA,"정품_499,000","정품_499,000","정품_499,000","정품_499,000","정품_499,000","정품_499,000","정품_499,000","정품_499,000","정품_499,000","정품_499,000","정품_499,000","정품_499,000","정품_499,000"
75939521,칸토오디오 ORA4,"정품_589,000","정품_589,000","정품_589,000","정품_589,000","정품_589,000","정품_589,000","정품_589,000","정품_589,000","정품_589,000","정품_589,000","정품_589,000","정품_589,000","정품_589,000"
104940302,칸토오디오 REN,"정품_897,000","정품_897,000","정품_897,000","정품_897,000","정품_897,000","정품_897,000","정품_897,000","정품_897,000","정품_897,000","정품_897,000","정품_897,000","정품_897,000","정품_897,000"
104940029,칸토오디오 UKI,"정품_289,060","정품_289,060","정품_289,060","정품_288,000","정품_288,000","정품_288,000","정품_288,000","정품_288,000","정품_288,000","정품_288,000","정품_288,000","정품_288,000","정품_288,000"
21700358,칸토오디오 YU2,"해외구매_399,130","해외구매_399,130","해외구매_394,860","해외구매_394,860","해외구매_394,390","해외구매_394,390","해외구매_394,390","해외구매_394,390","해외구매_394,390","해외구매_394,390","해외구매_394,390","해외구매_394,390","해외구매_394,390"
7891297,칸토오디오 YU4,"정품_714,000|해외구매_599,400","정품_714,000|해외구매_599,400","정품_714,000|해외구매_599,400","정품_714,000|해외구매_599,400","정품_714,000|해외구매_599,400","정품_714,000|해외구매_599,400","정품_714,000|해외구매_599,400","정품_714,000|해외구매_599,400","정품_714,000|해외구매_599,400","정품_714,000|해외구매_599,400","정품_714,000|해외구매_599,400","정품_714,000|해외구매_599,400","정품_714,000|해외구매_599,400"
51816692,칸토오디오 YU6,"해외구매_893,400","해외구매_893,400","해외구매_893,400","해외구매_893,400","해외구매_893,400","해외구매_893,400","해외구매_893,400","해외구매_893,400","해외구매_893,400","해외구매_893,400","해외구매_893,400","해외구매_893,400","해외구매_893,400"
19978319,칼리아 샤론 TW-890,0,0,"26,880","26,880","26,880","26,880","25,360",0,0,0,0,0,0
5230565,캐논 RAYO BTS,"정품_42,350","정품_42,350","정품_42,350","정품_42,350","정품_42,350","정품_42,350","정품_42,350","정품_42,350","정품_42,350","정품_42,350","정품_42,350","정품_42,350","정품_42,350"
5764004,캐논 RAYO DUAL BTS 아크릴,"정품_29,500","정품_29,500","정품_29,500","정품_29,500","정품_29,500","정품_29,500","정품_29,500","정품_29,500","정품_29,500","정품_29,500","정품_29,500","정품_29,500","정품_29,500"
5763932,캐논 RAYO DUAL BTS 우드,"정품_29,500","정품_29,500","정품_29,500","정품_29,500","정품_29,500","정품_29,500","정품_29,500","정품_29,500","정품_29,500","정품_29,500","정품_29,500","정품_29,500","정품_29,500"
9218751,캔스톤 ATP-1,"정품_38,900","정품_38,900","정품_38,900","정품_38,900","정품_38,900","정품_38,900","정품_36,400","정품_36,400","정품_38,900","정품_38,900","정품_38,900","정품_38,900","정품_38,900"
18237209,캔스톤 C601 제페토,"70,180","70,180","70,180","70,180","70,180","70,180","70,180","70,180","70,180","70,180","70,180","70,180","70,180"
7350058,캔스톤 D1080MKII KR,"정품_349,000","정품_349,000","정품_349,000","정품_349,000","정품_349,000","정품_349,000","정품_349,000","정품_349,000","정품_349,000","정품_349,000","정품_349,000","정품_349,000",0
73697690,캔스톤 F1BT,"블랙_63,280|화이트_63,280","블랙_63,280|화이트_63,280","블랙_63,280|화이트_63,280","블랙_63,280|화이트_63,280","블랙_63,280|화이트_63,280","블랙_63,280|화이트_63,280","블랙_63,280|화이트_63,280","블랙_63,280|화이트_63,280","블랙_63,280|화이트_63,280","블랙_62,580|화이트_62,580","블랙_62,580|화이트_62,580","블랙_62,580|화이트_62,580","블랙_64,300|화이트_64,300"
34369988,캔스톤 FX200,"블랙_16,500|화이트_16,500","블랙_16,500|화이트_16,500","블랙_16,500|화이트_16,500","블랙_16,500|화이트_16,500","블랙_16,500|화이트_16,500","블랙_16,500|화이트_16,500","블랙_16,500|화이트_16,500","블랙_16,500|화이트_16,500","블랙_16,500|화이트_16,500","블랙_16,500|화이트_16,500","블랙_16,500|화이트_16,500","블랙_16,500|화이트_16,500","블랙_16,500|화이트_16,500"
17770589,캔스톤 FX2021,"정품_29,800","정품_29,800","정품_29,800","정품_29,800","정품_29,800","정품_29,800","정품_29,800","정품_29,800","정품_29,800","정품_29,800","정품_29,800","정품_29,800","정품_29,800"
16319117,캔스톤 FX5021,"정품_97,900","정품_97,900","정품_97,900","정품_97,900","정품_97,900","정품_97,900","정품_99,000","정품_99,000","정품_99,000","정품_99,000","정품_105,000","정품_105,000","정품_105,000"
9623565,캔스톤 GX-201,"65,100","65,100","65,100","65,100","65,100","65,100","65,100","65,100","65,100","70,000","70,000","70,000","70,000"
3533127,캔스톤 H300 SoundTable,"정품_35,000","정품_35,000","정품_35,000","정품_35,000","정품_35,000","정품_35,000","정품_35,000","정품_35,000","정품_35,000","정품_35,000","정품_35,000","정품_35,000","정품_35,000"
18917489,캔스톤 H5MKII,"정품_699,000","정품_699,000",0,0,0,0,0,0,"정품_699,000","정품_699,000","정품_699,000","정품_699,000","정품_699,000"
1484007,캔스톤 LX-350 Renovatio,"정품_99,000","정품_99,000",0,0,0,0,0,0,"정품_99,000","정품_99,000",0,0,"정품_99,000"
6375000,캔스톤 LX-C500,"49,500","49,500","49,500","49,500","49,500","49,500","49,500","49,500","49,500","49,500","49,500","49,500","49,500"
4411144,캔스톤 LX15 스타크,"정품_210,990","정품_210,990","정품_210,990","정품_210,990","정품_210,990","정품_210,990","정품_210,990","정품_210,990","정품_210,990","정품_210,990","정품_210,990","정품_210,990","정품_210,990"
79114994,캔스톤 M77BT AURORA,"정품_67,690","정품_67,690","정품_67,690","정품_67,690","정품_67,690","정품_67,690","정품_67,690","정품_67,690","정품_67,690","정품_67,690","정품_67,690","정품_67,690","정품_67,690"
46740917,캔스톤 MT500,"109,900","109,900","109,900","109,900","109,900","109,900","109,900","109,900","109,900","109,900","109,900","109,900","109,900"
34369985,캔스톤 MX1,"정품_26,100","정품_24,700","정품_24,700","정품_24,700","정품_24,700","정품_24,700","정품_24,700","정품_24,700","정품_24,700","정품_24,700","정품_24,700","정품_24,700","정품_24,700"
18895094,캔스톤 MX2400,"정품_104,850","정품_104,850","정품_104,850","정품_104,850","정품_104,850","정품_104,850","정품_104,850","정품_104,850","정품_104,850","정품_104,850","정품_104,850","정품_104,850","정품_104,850"
2387823,캔스톤 R224,"정품_93,040","정품_93,040","정품_93,040","정품_93,040","정품_93,040","정품_93,040","정품_93,040","정품_93,040","정품_93,040","정품_93,040","정품_95,020","정품_95,020","정품_95,020"
14019944,캔스톤 R30BT PLUS,"정품_195,490","정품_195,460","정품_195,460","정품_195,450","정품_195,450","정품_195,440","정품_195,350","정품_195,330","정품_195,330","정품_195,320","정품_195,980","정품_195,980","정품_195,980"
13405271,캔스톤 R360,"정품_72,890","정품_72,890","정품_72,890","정품_72,890","정품_72,890","정품_72,890","정품_72,890","정품_72,890","정품_72,890","정품_72,890","정품_72,890","정품_72,890","정품_72,890"
20148734,캔스톤 R40BT PLUS,"정품_192,020","정품_192,020","정품_192,020","정품_192,020","정품_192,020","정품_192,020","정품_192,020","정품_192,020","정품_192,020","정품_190,020","정품_190,020","정품_190,020","정품_190,020"
46505846,캔스톤 R60BT,"블랙_198,000|화이트_188,200","블랙_198,000|화이트_188,200","블랙_198,000|화이트_188,200","블랙_198,000|화이트_188,200","블랙_198,000|화이트_188,200","블랙_198,000|화이트_188,200","블랙_198,000|화이트_188,200","블랙_198,000|화이트_188,200","블랙_198,000|화이트_188,200","블랙_198,000|화이트_188,200","블랙_198,000|화이트_188,200","블랙_198,000|화이트_188,200","블랙_198,000|화이트_188,200"
14563712,캔스톤 R770BT,"블랙_99,000|","블랙_99,000|","블랙_99,000|","블랙_99,000|","블랙_99,000|","블랙_99,000|","블랙_93,680|","블랙_93,680|","블랙_93,680|","블랙_92,680|","블랙_92,680|","블랙_92,680|","블랙_92,680|"
18628514,캔스톤 S7BT,"정품_29,800","정품_29,800","정품_29,800","정품_29,800","정품_29,800","정품_29,800","정품_29,800","정품_29,800","정품_29,800","정품_29,800","정품_29,800","정품_29,800","정품_29,800"
17770736,캔스톤 S9BT,"정품_34,900","정품_34,900","정품_34,900","정품_34,900","정품_34,900","정품_34,900","정품_34,900","정품_34,900","정품_34,900","정품_34,900","정품_34,900","정품_34,900","정품_34,900"
12836177,캔스톤 SPS300BT,"블랙_122,090","블랙_120,840","블랙_123,340","블랙_123,340","블랙_122,090","블랙_120,840","블랙_118,340","블랙_117,090","블랙_122,090","블랙_120,840","블랙_123,340","블랙_123,340","블랙_122,090"
15711566,캔스톤 SPS500BT,"정품_199,600","정품_199,600","정품_199,600","정품_210,000","정품_199,600","정품_210,000","정품_210,000","정품_210,000","정품_199,600","정품_210,000","정품_199,600","정품_210,000","정품_199,600"
28365362,캔스톤 T1 데프,"59,800","59,800","59,800","59,800","59,800","59,800","59,800","59,800","59,800","59,800","59,800","59,800","59,800"
17856422,캔스톤 T160X,"정품_169,000","정품_169,000","정품_169,000","정품_169,000","정품_169,000","정품_169,000","정품_169,000","정품_169,000","정품_169,000","정품_169,000","정품_169,000","정품_169,000","정품_169,000"
16245881,캔스톤 T180X,"정품_214,280","정품_214,280","정품_214,190","정품_214,160","정품_214,160","정품_214,160","정품_214,060","정품_214,040","정품_214,040","정품_214,030","정품_213,940","정품_213,920","정품_213,920"
8361663,캔스톤 TR-1100,"55,900","55,900","55,900","55,900","55,900","55,900","55,900","55,900","55,900","55,900","55,900","55,900","55,900"
105389192,캔스톤 TR-2700,"정품_57,970","정품_57,970","정품_57,970","정품_57,970","정품_57,970","정품_57,970","정품_57,970","정품_57,970","정품_57,970","정품_55,400","정품_55,400","정품_57,970","정품_57,970"
7326118,캔스톤 TR-3300,"정품_137,680","정품_137,650","정품_137,650","정품_137,650","정품_137,550","정품_137,540","정품_137,540","정품_137,630","정품_137,630","정품_137,630","정품_137,570","정품_137,550","정품_137,550"
28541429,캔스톤 VX201,"정품_39,500","정품_39,500","정품_39,500","정품_39,500","정품_39,500","정품_39,500","정품_39,500","정품_39,500","정품_39,500","정품_39,500","정품_39,500","정품_39,500","정품_39,500"
16131611,캔스톤 VX301,"정품_59,000","정품_59,000","정품_59,000","정품_59,000","정품_59,000","정품_59,000","정품_59,000","정품_55,830","정품_55,830","정품_55,830","정품_54,870","정품_53,190","정품_53,190"
14020595,캔스톤 W15,"음원미포함_55,000","음원미포함_55,000","음원미포함_55,000","음원미포함_55,000","음원미포함_55,000","음원미포함_55,000","음원미포함_55,000","음원미포함_55,000","음원미포함_55,000","음원미포함_55,000","음원미포함_55,000","음원미포함_55,000","음원미포함_55,000"
14244518,캔스톤 W16,"58,500","58,500","58,500","58,500","58,500","58,500","58,500","58,500","58,500","58,500","58,500","58,500","58,500"
17132717,캔스톤 X5BT,"정품_189,580","정품_189,580","정품_189,580","정품_189,580","정품_189,580","정품_189,580","정품_189,580","정품_179,410","정품_179,410","정품_177,610","정품_177,610","정품_177,610","정품_189,580"
93383264,캔스톤 X9BT,"정품_188,100","정품_188,100","정품_188,100","정품_188,100","정품_188,100","정품_188,990","정품_188,990","정품_188,990","정품_188,990","정품_188,990","정품_188,990","정품_188,990","정품_188,990"
6978352,캔스톤 드로이드 LX-C2,"44,290","44,290","44,290","44,290","44,290","44,290","44,290","44,290","44,290","44,290","44,290","44,290","44,290"
7158475,캔스톤 루틴 W17,"35,000","35,000","35,000","35,000","35,000","35,000","35,000","35,000","35,000","35,000","35,000","35,000","35,000"
9624354,캔스톤 붐박스 M5,"70,000","70,000","70,000","70,000","70,000","70,000","70,000","70,000","70,000","70,000","70,000","70,000","70,000"
4293685,캔스톤 시그니처 LX-C4,"정품_49,500|중고_24,750","정품_49,500|중고_24,750","정품_49,500|중고_24,750","정품_49,500|중고_24,750","정품_49,500|중고_24,750","정품_49,500|중고_24,750","정품_49,500|중고_24,750","정품_49,500|중고_24,750","정품_49,500|중고_24,750","정품_49,500|중고_24,750","정품_49,500|중고_24,750","정품_49,500|중고_24,750","정품_49,500|중고_24,750"
10006977,캠브리지사운드웍스 운츠 Angle solo,"해외구매_43,340","해외구매_43,340","해외구매_43,340","해외구매_43,340","해외구매_43,340","해외구매_43,340","해외구매_43,340","해외구매_43,340","해외구매_43,340","해외구매_43,340","해외구매_43,340","해외구매_43,340","해외구매_43,340"
3358038,캡스톤 Sound Block,"정품_19,590|중고_14,430","정품_19,590|중고_13,320","정품_19,590|중고_13,320","정품_19,590|중고_13,320","정품_19,590|중고_13,320","정품_19,590|중고_13,320","정품_19,110|중고_13,320","정품_19,110|중고_12,990","정품_19,110|중고_12,990","정품_19,110|중고_12,990","정품_19,110|중고_12,990","정품_19,110|중고_12,990","정품_19,110|중고_12,990"
8815772,컴소닉 MD-A7,"141,500","141,500","141,500","141,500","141,500","141,500","141,500","141,500","141,500","141,500","141,500","141,500","141,500"
3390047,컴소닉 PILLAR BT-500N,"정품_58,500","정품_58,500","정품_58,500","정품_58,500","정품_58,500","정품_58,500","정품_58,500","정품_58,500","정품_58,500","정품_58,500","정품_58,500","정품_58,500","정품_58,500"
5093472,컴소닉 PILLAR CM-5050 pro,"정품_49,000","정품_49,000","정품_49,000","정품_49,000","정품_49,000","정품_49,000","정품_49,000","정품_49,000","정품_49,000","정품_49,000","정품_49,000","정품_49,000","정품_49,000"
3802934,컴소닉 PILLAR CM-700USB,"블랙_23,400|핑크_41,030|화이트_23,400","블랙_23,400|핑크_41,030|화이트_23,400","블랙_23,400|핑크_41,030|화이트_23,400","블랙_23,400|핑크_41,030|화이트_23,400","블랙_23,400|핑크_41,030|화이트_23,400","블랙_23,400|핑크_41,030|화이트_23,400","블랙_23,400|핑크_41,030|화이트_23,400","블랙_23,400|핑크_41,030|화이트_23,400","블랙_23,400|핑크_41,030|화이트_23,400","블랙_23,400|핑크_41,030|화이트_23,400","블랙_23,400|핑크_41,030|화이트_23,400","블랙_23,400|핑크_41,030|화이트_23,400","블랙_23,400|핑크_41,030|화이트_23,400"
4367370,컴소닉 PILLAR CM-7010USB Premium,"정품_50,900|중고_46,000","정품_50,900|중고_46,000","정품_50,900|중고_46,000","정품_50,900|중고_46,000","정품_50,900|중고_46,000","정품_50,900|중고_46,000","정품_50,900|중고_46,000","정품_50,900|중고_41,860","정품_50,900|중고_41,860","정품_50,900|중고_41,860","정품_50,900|중고_41,860","정품_50,900|중고_41,860","정품_50,900|중고_41,860"
14667188,컴소닉 PILLAR CM-710 USB TRIANGLE,"블랙_16,500|화이트_16,500","블랙_16,500|화이트_16,500","블랙_16,500|화이트_16,500","블랙_16,500|화이트_16,500","블랙_16,500|화이트_16,500","블랙_16,500|화이트_16,500","블랙_16,500|화이트_16,500","블랙_16,500|화이트_16,500","블랙_16,500|화이트_16,500","블랙_16,500|화이트_16,500","블랙_16,500|화이트_16,500","블랙_16,500|화이트_16,500","블랙_16,500|화이트_16,500"
6348655,컴소닉 PILLAR CM-730USB,"37,320","37,320","37,320","37,320","37,320","37,320","37,320","37,320","37,320","37,320","37,320","37,320","37,320"
10265031,컴소닉 PILLAR CM-750 USB EV,"블랙_68,040","블랙_68,040","블랙_68,040","블랙_68,040","블랙_68,040","블랙_68,040","블랙_68,040","블랙_68,040","블랙_68,040","블랙_68,040","블랙_68,040","블랙_68,040","블랙_68,040"
9654591,컴소닉 PILLAR CM-9010 USB,"정품_39,000","정품_39,000","정품_39,000","정품_39,000","정품_39,000","정품_39,000","정품_39,000","정품_39,000","정품_39,000","정품_39,000","정품_39,000","정품_39,000","정품_39,000"
14028122,컴소닉 PILLAR CM-SC03U 사운드카드,"정품_6,000","정품_6,000","정품_6,000","정품_6,000","정품_6,000","정품_6,000","정품_6,000","정품_6,000","정품_6,000","정품_6,000","정품_6,000","정품_6,000","정품_6,000"
14029025,컴소닉 PILLAR CM-SC05C 사운드카드,"정품_6,000","정품_6,000","정품_6,000","정품_6,000","정품_6,000","정품_6,000","정품_6,000","정품_6,000","정품_6,000","정품_6,000","정품_6,000","정품_6,000","정품_6,000"
6449153,컴소닉 PILLAR CS-3200U,"정품_10,480","정품_10,480","정품_10,480","정품_10,480","정품_10,480","정품_10,480","정품_10,480","정품_10,480","정품_10,480","정품_10,480","정품_10,480","정품_10,480","정품_10,480"
5898413,컴소닉 PILLAR CS-3500U,"정품_12,470","정품_12,470","정품_12,470","정품_12,470","정품_12,470","정품_12,470","정품_12,470","정품_12,470","정품_12,470","정품_12,470","정품_12,470","정품_12,470","정품_12,470"
7537588,컴소닉 PILLAR CS-50U,"정품_30,120","정품_30,120","정품_30,120","정품_30,120","정품_30,120","정품_30,120","정품_30,120","정품_30,120","정품_30,120","정품_30,120","정품_30,760","정품_30,760","정품_30,760"
7164055,컴소닉 PILLAR CS-5500UL,"정품_15,090","정품_15,090","정품_15,090","정품_15,090","정품_15,090","정품_15,090","정품_15,090","정품_15,090","정품_15,090","정품_15,090","정품_15,090","정품_15,090","정품_15,090"
27920516,컴소닉 PILLAR CS-70UL,"정품_25,880","정품_25,880","정품_25,880","정품_25,880","정품_25,880","정품_25,880","정품_25,880","정품_25,880","정품_25,880","정품_25,880","정품_25,880","정품_25,880","정품_25,880"
10341750,컴소닉 PILLAR CS-90USB,"정품_15,900","정품_15,900","정품_15,900","정품_15,900","정품_15,900","정품_15,900","정품_15,900","정품_15,900","정품_15,900","정품_15,900","정품_15,900","정품_15,900","정품_15,900"
1558835,컴소닉 PILLAR CSB-2000Select,"정품_19,900","정품_19,900","정품_19,900","정품_19,900","정품_19,900","정품_19,900","정품_19,900","정품_19,900","정품_19,900","정품_19,900","정품_19,900","정품_19,900","정품_19,900"
29685170,컴소닉 PILLAR CSB-2030U,"정품_14,820","정품_14,820","정품_14,820","정품_14,820","정품_14,820","정품_14,820","정품_14,820","정품_14,820","정품_14,820","정품_14,820","정품_14,820","정품_14,820","정품_14,820"
3353070,컴소닉 PILLAR CSB-2700 USB,0,0,0,0,"정품_148,670","정품_148,670","정품_148,670","정품_148,670","정품_148,670","정품_148,670","정품_148,670","정품_148,670","정품_148,670"
7255564,컴소닉 PILLAR CSB-2807UL,"정품_14,330","정품_14,310","정품_14,280","정품_14,280","정품_14,280","정품_14,280","정품_14,280","정품_14,600","정품_14,600","정품_14,600","정품_14,600","정품_14,750","정품_14,750"
6126259,컴소닉 PILLAR CSB-2900,"블랙_12,000|화이트_12,000","블랙_12,000|화이트_12,000","블랙_12,000|화이트_12,000","블랙_12,000|화이트_12,000","블랙_12,000|화이트_12,000","블랙_12,000|화이트_12,000","블랙_12,000|화이트_12,000","블랙_12,000|화이트_12,000","블랙_12,000|화이트_12,000","블랙_12,000|화이트_12,000","블랙_12,000|화이트_12,000","블랙_12,000|화이트_12,000","블랙_12,000|화이트_12,000"
10397757,컴소닉 PILLAR CSB-5050USL,"정품_14,900","정품_14,900","정품_14,900","정품_14,900","정품_14,900","정품_14,900","정품_14,900","정품_14,900","정품_14,900","정품_14,900","정품_14,900","정품_14,900","정품_14,900"
123695216,컴소닉 PILLAR PS-5100AC,"정품_19,900","정품_19,900","정품_19,900","정품_19,900","정품_19,900","정품_19,900","정품_19,900","정품_19,900","정품_19,900","정품_19,900","정품_19,900","정품_19,900","정품_19,900"
4864575,케이투씨아이 OA OA-I-BRICK,"정품_24,900","정품_24,900","정품_24,900","정품_24,900","정품_24,900","정품_24,900","정품_24,900","정품_24,900","정품_24,900","정품_24,900","정품_24,900","정품_24,900","정품_24,900"
11690639,코미카 STM-USB,"정품_103,500|해외구매_132,700","정품_103,500|해외구매_132,700","정품_103,500|해외구매_132,700","정품_103,500|해외구매_132,700",0,"정품_103,500|해외구매_132,700",0,"정품_103,500|해외구매_132,700","정품_103,500|해외구매_132,700","정품_103,500|해외구매_132,700",0,0,0
13497227,코시 SP2083BT,"정품_22,440","정품_22,440","정품_22,440","정품_22,440","정품_22,450","정품_22,450","정품_22,450","정품_22,450","정품_22,450","정품_22,450","정품_22,450","정품_22,450","정품_22,450"
27694733,코시 SP2171BT,"39,800","39,800","39,800","39,800","39,800","39,800","39,800","39,800","39,800","39,800","39,800","39,800","39,800"
9587286,코시 SP3341BT,"41,690","41,690","41,690","41,690","41,690","41,690","41,690","41,690","41,690","41,690","41,690","41,690","41,690"
11918956,코시 SP3418BT,"정품_29,900","정품_29,900","정품_29,900","정품_29,900","정품_29,900","정품_29,900","정품_29,900","정품_29,900","정품_29,900","정품_29,900","정품_29,900","정품_29,900","정품_29,900"
21197036,코시 SP4081BT,"26,280","26,280","26,280","26,280","26,280","26,280","26,000","26,000","26,000","26,000","26,000","26,000","26,280"
4462494,코시 디스코 LED,"정품_9,000","정품_9,000","정품_9,000","정품_9,000","정품_9,000","정품_9,000","정품_8,670","정품_8,670","정품_8,670","정품_8,670","정품_9,000","정품_9,000","정품_9,000"
5502898,코시 멜루스 SP3165BT,"정품_59,400","정품_59,400","정품_59,400","정품_59,400","정품_59,400","정품_59,400","정품_59,400","정품_59,400","정품_59,400","정품_59,400","정품_59,400","정품_59,400","정품_59,400"
27576725,코시 샤인 SP2192BT,"17,550","17,550","17,550","17,550","17,550","17,550","17,550","17,550","17,550","17,550","17,550","17,550","17,550"
6455662,코시 스윙 MK3227UB,"15,500","15,500","15,500","15,500","15,500","15,500","15,500","15,500","15,500","15,500","15,500","15,500","15,500"
11922832,코시 원더 SP2033BT,"36,500","36,500","36,500","36,500","36,500","36,500","36,500","36,500","36,500","36,500","36,500","36,500","36,500"
11922454,코시 팩토리 SP2034BT,"17,550","17,550","17,550","17,550","17,550","17,550","17,550","17,550","17,550","17,550","16,870","16,870","17,550"
55453028,코지테일러 CT-20W,"62,600","62,600","62,600","62,600","62,600","62,600","62,600","62,600","62,600","62,600","62,600","62,600","62,600"
27807437,쿠팡 홈플래닛 AT-9014,"28,280","28,280","28,280","28,280","28,280","28,280","28,280","28,280","28,280","28,280","28,280","28,280","28,280"
94204046,쿠팡 홈플래닛 OS-1100,"정품_10,350","정품_10,350","정품_10,350","정품_10,350","정품_10,350","정품_10,350","정품_10,350","정품_10,350","정품_10,350","정품_10,350","정품_10,350","정품_10,350","정품_10,350"
100842701,크레앙 Budi SP18,"정품_39,800","정품_59,800","정품_59,800","정품_59,800","정품_59,800","정품_59,800","정품_39,800","정품_39,800","정품_37,800","정품_37,800","정품_37,800","정품_37,800","정품_37,800"
17023823,클레어 맥세이프 블루투스 스피커 MS-M420,"1개_32,000","1개_32,000","1개_32,000","1개_32,000","1개_32,000","1개_32,000","1개_32,000","1개_32,000","1개_32,000","1개_32,000","1개_32,000","1개_32,000","1개_32,000"
54325460,클립쉬 Austin,"정품_134,000|해외구매_145,530","정품_134,000|해외구매_145,530","정품_134,000|해외구매_145,530","정품_134,000|해외구매_145,530","정품_134,000|해외구매_145,530","정품_134,000|해외구매_145,530","정품_134,000|해외구매_145,530","정품_134,000|해외구매_145,530","정품_134,000|해외구매_145,530","정품_134,000|해외구매_145,530","정품_134,000|해외구매_145,530","정품_134,000|해외구매_145,530","정품_134,000|해외구매_145,530"
95347100,클립쉬 Groove XXL,"해외구매_209,000","해외구매_209,000","해외구매_209,000","해외구매_209,000","해외구매_209,000","해외구매_209,000","해외구매_209,000","해외구매_209,000","해외구매_209,000","해외구매_209,000","해외구매_209,000","해외구매_209,000","해외구매_209,000"
54325595,클립쉬 Nashville,"정품_179,000|해외구매_164,900","정품_179,000|해외구매_164,900","정품_179,000|해외구매_164,900","정품_179,000|해외구매_164,900","정품_179,000|해외구매_164,900","정품_179,000|해외구매_164,900","정품_179,000|해외구매_164,900","정품_179,000|해외구매_164,900","정품_179,000|해외구매_164,900","정품_179,000|해외구매_164,900","정품_179,000|해외구매_164,900","정품_179,000|해외구매_164,900","정품_179,000|해외구매_164,900"
71647286,클립쉬 The One Plus,"정품_309,260|해외구매_340,330","정품_309,260|해외구매_340,330","정품_309,260|해외구매_340,330","정품_309,260|해외구매_340,330","정품_309,900|해외구매_340,330","정품_309,900|해외구매_340,330","정품_309,040|해외구매_340,330","정품_309,040|해외구매_344,070","정품_309,040|해외구매_344,070","정품_309,040|해외구매_344,070","정품_309,040|해외구매_344,010","정품_309,040|해외구매_343,980","정품_309,040|해외구매_343,980"
52365644,클립쉬 The Three Plus,"정품_412,660|해외구매_473,270","정품_412,660|해외구매_478,860","정품_412,660|해외구매_474,280","정품_412,660|해외구매_474,280","정품_438,900|해외구매_473,770","정품_438,900|해외구매_473,770","정품_438,900|해외구매_473,770","정품_438,900|해외구매_473,770","정품_434,500|해외구매_473,770","정품_434,500|해외구매_473,770","정품_434,500|해외구매_473,770","정품_434,500|해외구매_473,770","정품_431,500|해외구매_473,770"
7926043,클립쉬 레퍼런스 R-41PM,"해외구매_420,480","해외구매_420,480","해외구매_420,480","해외구매_420,480","해외구매_420,480","해외구매_420,480","해외구매_420,480","해외구매_420,480","해외구매_420,480","해외구매_420,480","해외구매_420,480","해외구매_420,480","해외구매_420,480"
7928497,클립쉬 레퍼런스 R-51PM,"해외구매_611,090","해외구매_611,090","해외구매_611,090","해외구매_611,090","해외구매_611,090","해외구매_611,090","해외구매_611,090","해외구매_611,090","해외구매_611,090","해외구매_611,090","해외구매_611,090","해외구매_611,090","해외구매_611,090"
15158534,클립쉬 프로미디어 2.1 THX,"해외구매_235,430","해외구매_235,430","해외구매_235,430","해외구매_235,430","해외구매_235,430","해외구매_235,430","해외구매_235,430","해외구매_235,430","해외구매_235,430","해외구매_235,430","해외구매_235,430","해외구매_235,430","해외구매_235,430"
102007961,클립쉬 프로미디어 루미나,"정품_429,000|해외구매_657,520","정품_429,000|해외구매_657,520","정품_426,000|해외구매_657,520","정품_429,000|해외구매_657,520","정품_426,000|해외구매_657,520","정품_426,000|해외구매_657,520","정품_426,000|해외구매_657,520","정품_429,000|해외구매_657,520","정품_426,000|해외구매_657,520","정품_426,000|해외구매_657,520","정품_426,000|해외구매_657,520","정품_426,000|해외구매_657,520","정품_429,000|해외구매_657,520"
102001289,클립쉬 프로미디어 루미나,"정품_429,000|해외구매_657,520","정품_429,000|해외구매_657,520","정품_426,000|해외구매_657,520","정품_429,000|해외구매_657,520","정품_426,000|해외구매_657,520","정품_426,000|해외구매_657,520","정품_426,000|해외구매_657,520","정품_429,000|해외구매_657,520","정품_426,000|해외구매_657,520","정품_426,000|해외구매_657,520","정품_426,000|해외구매_657,520","정품_426,000|해외구매_657,520","정품_429,000|해외구매_657,520"
11606942,클립쉬 헤리티지 The One II,"해외구매_328,660","해외구매_328,660","해외구매_328,660","해외구매_328,660","해외구매_328,660","해외구매_328,660","해외구매_328,660","해외구매_328,660","해외구매_328,660","해외구매_328,660","해외구매_328,660","해외구매_328,660","해외구매_328,660"
16632902,클립쉬 헤리티지 The One II PHONO,"해외구매_349,340","해외구매_349,340","해외구매_349,340","해외구매_349,340","해외구매_349,340","해외구매_349,340","해외구매_349,340","해외구매_349,340","해외구매_349,340","해외구매_349,340","해외구매_349,340","해외구매_349,340","해외구매_349,340"
9698169,클립쉬 헤리티지 The Three II,"해외구매_624,700","해외구매_624,700","해외구매_624,700","해외구매_624,700","해외구매_624,700","해외구매_624,700","해외구매_624,700","해외구매_624,700","해외구매_624,700","해외구매_624,700","해외구매_624,700","해외구매_624,700","해외구매_624,700"
16490336,탄젠트 Elio Mono,"정품_200,000","정품_200,000","정품_200,000","정품_200,000","정품_200,000","정품_200,000","정품_200,000","정품_200,000","정품_200,000","정품_200,000","정품_200,000","정품_200,000","정품_200,000"
64375445,트론스마트 Bang,"정품_119,000|해외구매_163,880|중고_131,100","정품_119,000|해외구매_163,880|중고_131,100","정품_119,000|해외구매_162,100|중고_131,100","정품_119,000|해외구매_162,100|중고_135,070","정품_119,000|해외구매_161,910|중고_135,070","정품_119,000|해외구매_161,910|중고_135,070","정품_119,000|해외구매_161,910|중고_135,070","정품_119,000|해외구매_161,910|중고_135,070","정품_119,000|해외구매_161,910|중고_135,070","정품_119,000|해외구매_161,910|중고_135,070","정품_119,000|해외구매_161,910|중고_135,070","정품_119,000|해외구매_143,900|중고_135,070","정품_119,000|해외구매_143,900|중고_135,070"
28623092,트론스마트 Bang Mini,"해외구매_128,160","해외구매_128,160","해외구매_128,160","해외구매_128,160","해외구매_128,160","해외구매_128,160","해외구매_128,160","해외구매_128,160","해외구매_128,160","해외구매_128,160","해외구매_128,160","해외구매_128,160","해외구매_128,160"
28623824,트론스마트 Bang SE,"해외구매_78,500","해외구매_78,500","해외구매_77,750","해외구매_77,750","해외구매_77,670","해외구매_77,670","해외구매_77,670","해외구매_77,670","해외구매_77,670","해외구매_77,670","해외구매_77,670","해외구매_77,670","해외구매_77,670"
94089296,트론스마트 Force Max,"해외구매_252,120","해외구매_252,120","해외구매_252,120","해외구매_252,120","해외구매_252,120","해외구매_252,120","해외구매_252,120","해외구매_252,120","해외구매_252,120","해외구매_252,120","해외구매_252,120","해외구매_252,120","해외구매_252,120"
20012411,트론스마트 Groove 2,"해외구매_32,180","해외구매_32,180","해외구매_31,870","해외구매_31,870","해외구매_31,840","해외구매_31,840","해외구매_31,840","해외구매_31,840","해외구매_31,840","해외구매_31,840","해외구매_31,840","해외구매_31,840","해외구매_31,840"
54328841,트론스마트 Halo 100,"해외구매_189,900","해외구매_189,900","해외구매_189,900","해외구매_189,900","해외구매_189,900","해외구매_189,900","해외구매_189,900","해외구매_189,900","해외구매_189,900","해외구매_189,900","해외구매_189,900","해외구매_189,900","해외구매_189,900"
77236637,트론스마트 Mirtune S100,"정품_86,330","정품_86,330","정품_86,330","정품_86,330","정품_86,330","정품_86,330","정품_86,330","정품_86,330","정품_86,330","정품_86,330","정품_86,330","정품_86,330","정품_86,330"
21466994,트론스마트 Nimo,"해외구매_32,640","해외구매_32,640","해외구매_32,640","해외구매_32,640","해외구매_32,640","해외구매_32,640","해외구매_32,640","해외구매_32,640","해외구매_32,640","해외구매_32,640","해외구매_32,640","해외구매_32,640","해외구매_32,640"
54328784,트론스마트 T2 Mini,"해외구매_22,860","해외구매_22,860","해외구매_22,640","해외구매_22,640","해외구매_22,620","해외구매_22,620","해외구매_22,620","해외구매_22,620","해외구매_22,620","해외구매_22,620","해외구매_22,620","해외구매_22,620","해외구매_22,620"
30123512,트론스마트 T2 Plus,"해외구매_30,550","해외구매_30,550","해외구매_30,250","해외구매_30,250","해외구매_30,250","해외구매_30,250","해외구매_30,250","해외구매_30,250","해외구매_30,250","해외구매_30,250","해외구매_30,250","해외구매_30,250","해외구매_30,250"
30123200,트론스마트 T6 Mini,"해외구매_28,130","해외구매_28,130","해외구매_27,860","해외구매_27,860","해외구매_27,830","해외구매_27,830","해외구매_27,830","해외구매_27,830","해외구매_27,830","해외구매_27,830","해외구매_27,830","해외구매_27,830","해외구매_27,830"
20102093,트론스마트 T7,"해외구매_98,400","해외구매_98,400","해외구매_98,400","해외구매_98,400","해외구매_98,400",0,0,0,0,0,0,0,0
53878973,트론스마트 T7 Lite,"정품_52,000|해외구매_67,630","정품_52,000|해외구매_67,630","정품_52,000|해외구매_67,630","정품_52,000|해외구매_67,630","정품_52,000|해외구매_67,630","정품_52,000|해외구매_67,630","정품_48,900|해외구매_67,630","정품_48,900|해외구매_67,630","정품_48,900|해외구매_67,630","정품_48,900|해외구매_67,630","정품_48,900|해외구매_67,630","정품_48,900|해외구매_67,630","정품_48,900|해외구매_67,630"
20104919,트론스마트 Trip,"해외구매_22,860","해외구매_22,860","해외구매_22,640","해외구매_22,640","해외구매_22,620","해외구매_22,620","해외구매_22,620","해외구매_22,620","해외구매_22,620","해외구매_22,620","해외구매_22,620","해외구매_22,620","해외구매_22,620"
13377173,트론스마트 메가 프로,0,0,0,0,"해외구매_175,200",0,0,"해외구매_175,200","해외구매_175,200",0,0,0,0
5545498,티볼리오디오 Cube,"정품_146,860","정품_146,860","정품_146,860","정품_146,860","정품_146,860","정품_146,860","정품_146,860","정품_146,860","정품_146,860","정품_146,860","정품_146,860","정품_146,860","정품_146,860"
63559226,티볼리오디오 Model One+,"정품_390,000","정품_390,000","정품_390,000","정품_390,000","정품_390,000","정품_390,000","정품_390,000","정품_390,000","정품_390,000","정품_390,000","정품_390,000","정품_390,000","정품_390,000"
53417597,티볼리오디오 Model One+ + ENZER EN-CD1BT,"정품_723,520","정품_723,520","정품_723,520","정품_723,520","정품_723,520","정품_723,520","정품_723,520","정품_723,520","정품_723,520","정품_723,520","정품_723,520","정품_723,520","정품_723,520"
92893433,티볼리오디오 Model Two Digital,"정품_466,250","정품_466,250","정품_466,250","정품_466,250","정품_496,010","정품_496,010","정품_496,010","정품_496,010","정품_496,010","정품_496,010","정품_496,010","정품_496,010","정품_496,010"
5242025,티볼리오디오 Music System Three,"정품_364,390","정품_364,360","정품_364,360","정품_364,350","정품_364,250","정품_364,230","정품_364,140","정품_364,110","정품_364,020","정품_364,000","정품_364,000","정품_363,970","정품_363,910"
11908483,티볼리오디오 Revive,"정품_354,900","정품_354,900","정품_354,900","정품_354,900","정품_354,900","정품_354,900","정품_354,900","정품_354,900","정품_354,900","정품_354,900","정품_354,900","정품_354,900","정품_354,900"
89607044,티볼리오디오 Songbook,"정품_466,250","정품_466,250","정품_466,250","정품_466,250","정품_479,030","정품_479,030","정품_479,030","정품_479,030","정품_479,030","정품_479,030","정품_479,030","정품_479,030","정품_479,030"
89606930,티볼리오디오 Songbook Max,"정품_657,060","정품_657,060","정품_657,060","정품_657,060","정품_699,000","정품_699,000","정품_699,000","정품_699,000","정품_699,000","정품_699,000","정품_699,000","정품_699,000","정품_699,000"
20419778,티앤에스인터내셔널 NOX MAEVE M10,"정품_19,900","정품_19,900","정품_19,900","정품_19,900","정품_19,900","정품_19,900","정품_19,900","정품_19,900","정품_19,900","정품_19,900","정품_19,900","정품_19,900","정품_19,900"
54326210,티앤에스인터내셔널 NOX 메이브 B10,"28,400","28,400","28,400","28,400","28,400","28,400","28,400","28,400","28,400","28,400","28,400","28,400","28,400"
21205841,티에프엔아이엔씨 코드웨이 USB A to 3극 외장형 사운드카드,"정품_13,800","정품_13,800","정품_13,800","정품_13,800","정품_13,800","정품_13,800","정품_13,800","정품_13,800","정품_13,800","정품_13,800","정품_13,800","정품_13,800","정품_13,800"
21206747,티에프엔아이엔씨 코드웨이 USB A to 4극 외장형 사운드카드,"정품_14,010","정품_14,010","정품_14,010","정품_14,010","정품_14,010","정품_14,010","정품_14,010","정품_14,010","정품_14,010","정품_14,010","정품_14,010","정품_14,010","정품_14,010"
104988608,티테크놀로지 T-USOUND-4P,"정품_3,670","정품_3,670","정품_3,670","정품_3,670","정품_3,670","정품_3,670","정품_3,670","정품_3,670","정품_3,670","정품_3,670","정품_3,670","정품_3,670","정품_3,670"
96983141,티테크놀로지 T-USOUND51BK,정품_950,정품_950,정품_950,정품_950,정품_950,정품_950,정품_950,정품_950,정품_950,정품_950,정품_950,정품_950,정품_950
99712259,티테크놀로지 T-USOUND71,"정품_2,500","정품_2,500","정품_2,500","정품_2,500","정품_2,500","정품_2,500","정품_2,500","정품_2,500","정품_2,500","정품_2,500","정품_2,500","정품_2,500","정품_2,500"
99711926,티테크놀로지 T-USOUND71CS,"정품_4,900","정품_4,900","정품_4,900","정품_4,900","정품_4,900","정품_4,900","정품_4,900","정품_4,900","정품_4,900","정품_4,900","정품_4,900","정품_4,900","정품_4,900"
96983357,티테크놀로지 T-USOUND71CW,"정품_1,410","정품_1,410","정품_1,410","정품_1,410","정품_1,410","정품_1,410","정품_1,410","정품_1,410","정품_1,410","정품_1,410","정품_1,410","정품_1,410","정품_1,410"
9497919,펀디안 사운드베슬 FD-S01K,"84,510","84,510","84,510","84,510","84,510","84,510","84,510","84,510","84,510","84,510","84,510","86,300","86,300"
7094962,펀디안 사운드베슬 FD-S01K + 삼각대,"177,300","177,300","177,300","177,300","177,300","177,300","177,300","177,300","177,300","177,300","177,300","177,300","177,300"
11123055,펀디안 사운드베슬 싱크,"정품_39,900|2개, 정품_99,900","정품_39,900|2개, 정품_99,900","정품_39,900|2개, 정품_99,900","정품_39,900|2개, 정품_99,900","정품_39,900|2개, 정품_99,900","정품_39,900|2개, 정품_99,900","정품_39,900|2개, 정품_99,900","정품_39,900|2개, 정품_99,900","정품_39,900|2개, 정품_99,900","정품_39,900|2개, 정품_99,900","정품_39,900|2개, 정품_99,900","정품_39,900|2개, 정품_99,900","정품_39,900|2개, 정품_99,900"
18524363,펜더 뉴포트 2,"정품_449,000|해외구매_515,000","정품_449,000|해외구매_515,000","정품_449,000|해외구매_515,000","정품_449,000|해외구매_515,000","정품_449,000|해외구매_515,000","정품_449,000|해외구매_515,000","정품_449,000|해외구매_515,000","정품_449,000|해외구매_515,000","정품_449,000|해외구매_515,000","정품_449,000|해외구매_515,000","정품_449,000|해외구매_515,000","정품_449,000|해외구매_515,000","정품_449,000|해외구매_515,000"
31967099,펠리체 블루투스 랜턴 스피커,"44,090","44,090","44,090","44,090","44,090","44,090","44,090","44,090","44,090","44,090","44,090","44,090","44,090"
99324194,펩시 미니 스피커 PEP-MBS01,"정품_26,900","정품_26,900","정품_26,900","정품_26,900","정품_26,900","정품_26,900","정품_26,900","정품_26,900","정품_26,900","정품_26,900","정품_26,900","정품_26,900","정품_26,900"
19686956,폴라로이드 P1 Music Player,"정품_87,340","정품_87,340","정품_87,340","정품_87,340","정품_87,340","정품_87,340","정품_87,340","정품_87,340","정품_87,350","정품_87,350","정품_87,350","정품_87,350","정품_87,350"
19686287,폴라로이드 P2 Music Player,"정품_66,150|해외구매_111,000","정품_66,150|해외구매_111,000","정품_66,150|해외구매_111,000","정품_66,150|해외구매_111,000","정품_66,150|해외구매_111,000","정품_66,150|해외구매_111,000","정품_66,150|해외구매_111,000","정품_66,150|해외구매_111,000","정품_66,150|해외구매_111,000","정품_66,150|해외구매_111,000","정품_66,150|해외구매_111,000","정품_66,150|해외구매_111,000","정품_66,150|해외구매_111,000"
19687532,폴라로이드 P3 Music Player,"정품_138,770|해외구매_101,300","정품_138,770|해외구매_101,300","정품_138,770|해외구매_101,300","정품_138,770|해외구매_101,300","정품_138,770|해외구매_101,300","정품_138,770|해외구매_101,300","정품_138,770|해외구매_101,300","정품_138,770|해외구매_101,300","정품_138,770|해외구매_101,300","정품_138,770|해외구매_101,300","정품_138,770|해외구매_101,300","정품_138,770|해외구매_101,300","정품_138,770|해외구매_101,300"
19688519,폴라로이드 P4 Music Player,"정품_267,330|해외구매_103,550","정품_267,330|해외구매_103,550","정품_267,330|해외구매_103,550","정품_267,330|해외구매_103,550","정품_267,330|해외구매_103,550","정품_267,330|해외구매_103,550","정품_267,330|해외구매_103,550","정품_267,330|해외구매_103,550","정품_267,330|해외구매_103,550","정품_267,330|해외구매_103,550","정품_267,330|해외구매_105,760","정품_267,330|해외구매_105,760","정품_267,330|해외구매_105,760"
21520673,퓨어 Evoke PLAY,"정품_458,000","정품_458,000","정품_458,000","정품_458,000","정품_458,000","정품_458,000","정품_458,000","정품_458,000","정품_458,000","정품_458,000","정품_458,000","정품_458,000","정품_458,000"
21521411,퓨어 Evoke SPOT,"정품_365,000","정품_365,000","정품_365,000","정품_365,000","정품_365,000","정품_365,000","정품_365,000","정품_365,000","정품_365,000","정품_365,000","정품_365,000","정품_365,000","정품_365,000"
14282213,퓨전에프앤씨 BT-V7 Majestic,"88,090","88,090","88,090","88,090","88,090","88,090","88,090","88,090","88,090","88,090","88,090","88,090","88,090"
2743953,퓨전에프앤씨 FS-620BTS SPECIAL,"27,500","27,500","27,500","27,500","27,500","27,500","27,500","27,500","27,500","27,500","27,500","27,500","27,500"
5904174,퓨전에프앤씨 INOTE BT-V3,"화이트_29,800|블랙_29,800","화이트_29,800|블랙_29,800","화이트_29,800|블랙_29,800","화이트_29,800|블랙_29,800","화이트_29,800|블랙_29,800","화이트_29,800|블랙_29,800","화이트_29,800|블랙_29,800","화이트_29,800|블랙_29,800","화이트_29,800|블랙_29,800","화이트_29,800|블랙_29,800","화이트_29,800|블랙_29,800","화이트_29,800|블랙_29,800","화이트_29,800|블랙_29,800"
69564533,프리라이프 휴대용 미니 스피커,"해외구매_11,050","해외구매_11,050","해외구매_10,940","해외구매_10,940","해외구매_10,840","해외구매_10,840","해외구매_10,810","해외구매_10,810","해외구매_10,810","해외구매_10,810","해외구매_10,810","해외구매_10,810","해외구매_10,810"
12331409,프린텍 단순생활 07058,"28,890","28,890","28,890","28,890","28,890","28,890","28,890","28,890","28,890","28,890","28,890","28,890","28,890"
6636427,플레오맥스 PBS-M1,"13,500","13,500","13,500","13,500","13,500","13,500","13,500","13,500","13,500","13,500","13,500","13,500","13,500"
28460603,플레오맥스 PBS-M3,"10,910","10,910","10,910","10,910","10,910","10,910","10,910","10,980","10,980","10,980","10,910","10,910","10,910"
17596730,플레오맥스 PBS-M5,"10,340","10,340","10,340","10,340","10,340","10,340","10,340","10,340","10,340","10,340","10,340","10,340","10,340"
6635332,플레오맥스 PBS-R1,"26,330","26,330","26,330","26,330","26,330","26,330","26,330","26,330","26,330","26,330","26,330","26,330","26,330"
19600061,플레오맥스 PLEOMAX PBS-ER150,"정품_142,780","정품_142,780","정품_142,780","정품_142,780","정품_142,780","정품_142,780","정품_142,780","정품_142,780","정품_142,780","정품_142,780","정품_142,780","정품_142,780","정품_142,780"
13528934,플레오맥스 PLEOMAX PBS-ER200 RGB,"정품_15,500","정품_15,500","정품_15,500","정품_15,500","정품_15,500","정품_15,500","정품_15,500","정품_15,500","정품_15,500","정품_15,500","정품_15,500","정품_15,500","정품_15,500"
11314077,플레오맥스 PLEOMAX PBS-Z100,"USB전원_10,300","USB전원_10,300","USB전원_10,300","USB전원_10,300","USB전원_10,300","USB전원_10,300","USB전원_10,300","USB전원_10,300","USB전원_10,300","USB전원_10,300","USB전원_10,300","USB전원_10,300","USB전원_10,300"
10426728,플레오맥스 PLEOMAX PBS-Z150,"정품_26,720","정품_26,720","정품_26,720","정품_26,720","정품_26,720","정품_26,720","정품_26,720","정품_26,720","정품_26,720","정품_26,720","정품_27,290","정품_27,290","정품_27,290"
10422954,플레오맥스 PLEOMAX PBS-Z500,"AC전원_19,900|USB전원_19,360","AC전원_19,900|USB전원_19,360","AC전원_19,900|USB전원_19,360","AC전원_19,900|USB전원_19,360","AC전원_19,900|USB전원_19,360","AC전원_19,900|USB전원_19,360","AC전원_19,900|USB전원_19,360","AC전원_19,900|USB전원_19,360","AC전원_19,900|USB전원_19,360","AC전원_19,900|USB전원_20,980","AC전원_19,900|USB전원_20,980","AC전원_19,900|USB전원_20,950","AC전원_19,900|USB전원_20,950"
11451435,플레오맥스 PLEOMAX PLM-202U,"블랙_14,430|화이트_14,430","블랙_14,430|화이트_14,430","블랙_14,430|화이트_14,430","블랙_14,430|화이트_14,430","블랙_14,430|화이트_14,430","블랙_14,430|화이트_14,430","블랙_14,430|화이트_14,430","블랙_14,430|화이트_14,430","블랙_14,430|화이트_14,430","블랙_14,430|화이트_14,430","블랙_14,430|화이트_14,430","블랙_14,430|화이트_14,430","블랙_14,430|화이트_14,430"
6358644,플레오맥스 PLEOMAX PLM-401U,"정품_28,990","정품_28,990","정품_28,990","정품_28,990","정품_28,990","정품_28,990","정품_28,990","정품_28,990","정품_28,990","정품_28,990","정품_28,990","정품_28,990","정품_28,990"
9649089,플레오맥스 PLEOMAX PLM-Q7,"정품_19,500","정품_19,500","정품_19,500","정품_19,500","정품_19,500","정품_19,500","정품_19,500","정품_19,500","정품_19,500","정품_19,500","정품_19,500","정품_19,500","정품_19,500"
9649131,플레오맥스 PLEOMAX PLM-Q9,"정품_48,000","정품_48,000","정품_48,000","정품_48,000","정품_48,000","정품_48,000","정품_48,000","정품_48,000","정품_48,000","정품_48,000","정품_48,000","정품_48,000","정품_48,000"
13507028,플레오맥스 PLEOMAX PLM-Q9 풀세트,"49,000","49,000","49,000","49,000","49,000","49,000","49,000","49,000","49,000","49,000","49,000","49,000","49,000"
14185652,플레오맥스 PLEOMAX PLM-Q90,"정품_38,000","정품_38,000","정품_38,000","정품_38,000","정품_38,000","정품_38,000","정품_38,000","정품_38,000","정품_38,000","정품_38,000","정품_38,000","정품_38,000","정품_38,000"
7175116,플레오맥스 PLEOMAX S1,"정품_9,130","정품_9,130","정품_9,130","정품_9,130","정품_9,130","정품_9,130","정품_9,130","정품_9,130","정품_9,130","정품_9,130","정품_9,130","정품_9,130","정품_9,130"
11501466,플레오맥스 PLEOMAX S200,"정품_7,960","정품_7,960","정품_7,960","정품_7,960","정품_7,960","정품_7,960","정품_7,960","정품_7,960","정품_7,960","정품_7,960","정품_7,960","정품_7,960","정품_7,960"
6988864,플레오맥스 PLEOMAX S5,"정품_5,800","정품_5,800","정품_5,800","정품_5,800","정품_5,760","정품_5,760","정품_5,760","정품_5,760","정품_5,760","정품_5,760","정품_5,760","정품_5,760","정품_5,760"
13197218,플레오맥스 PLEOMAX S500,"정품_19,600","정품_19,600","정품_19,600","정품_19,600","정품_19,600","정품_19,600","정품_19,600","정품_19,600","정품_19,600","정품_19,600","정품_19,600","정품_19,600","정품_19,500"
30124688,플레오맥스 PM-MBT1000,"15,900","15,900","15,900","15,900","15,900","15,900","15,900","15,900","15,900","15,900","15,900","15,900","18,390"
10103274,피에스이 벤처스 PENTON T1,"25,450","25,450","25,450","25,450","25,460","25,460","25,460","25,460","25,200","25,200","25,200","25,200","25,200"
21195560,피에스이벤처스 PENTON 바운스,"정품_185,150","정품_185,150","정품_185,150","정품_185,150","정품_185,150","정품_185,150","정품_185,150","정품_185,150","정품_185,150","정품_185,150","정품_185,150","정품_185,150","정품_185,150"
14712371,픽스라이프 TELE-B,"23,000","23,000","23,000","23,000","23,000","23,000","23,000","23,000","23,000","23,000","23,000","23,000","23,000"
54327470,필립스 Flood Audio Xperion 6000,"121,000","121,000","121,000","121,000","121,000","121,000","121,000","121,000","121,000","121,000","121,000","121,000","121,000"
58116302,필립스 SPA20,"해외구매_19,800","해외구매_19,800","해외구매_19,800","해외구매_19,800","해외구매_19,800","해외구매_19,800","해외구매_19,800","해외구매_19,800","해외구매_19,720","해외구매_19,720","해외구매_19,540","해외구매_19,350","해외구매_19,350"
95347610,필립스 SPA3809,"해외구매_17,370","해외구매_17,370","해외구매_17,370","해외구매_17,370","해외구매_17,370","해외구매_17,370","해외구매_17,370","해외구매_17,370","해외구매_17,370","해외구매_17,370","해외구매_17,370","해외구매_17,370","해외구매_17,370"
77227814,필립스 SPA3818,"정품_25,600","정품_25,580","정품_25,490","정품_25,470","정품_25,470","정품_25,460","정품_25,460","정품_25,450","정품_25,450","정품_25,440","정품_25,440","정품_25,430","정품_25,430"
99946787,필립스 SPA4000,"정품_48,190","정품_48,160","정품_48,080","정품_48,040","정품_48,040","정품_48,030","정품_48,820","정품_48,820","정품_48,820","정품_48,820","정품_48,820","정품_48,990","정품_48,990"
98770943,필립스 SPA5109,"해외구매_29,460","해외구매_29,460","해외구매_29,460","해외구매_29,460","해외구매_29,460","해외구매_29,460","해외구매_29,460","해외구매_29,460","해외구매_20,070","해외구매_20,070","해외구매_20,070","해외구매_20,070","해외구매_20,070"
78241145,필립스 TAS1209,"정품_53,040","정품_53,040","정품_53,040","정품_53,040","정품_53,040","정품_53,040","정품_53,040","정품_53,040","정품_53,040","정품_53,040","정품_53,040","정품_53,040","정품_53,040"
80548190,필립스 TAS2108,"정품_38,900","정품_38,900","정품_38,900","정품_38,900","정품_38,900","정품_38,900","정품_38,900","정품_38,900","정품_38,900","정품_38,900","정품_38,900","정품_38,900","정품_38,900"
31395818,필립스 TAS2307,"정품_30,000","정품_30,000","정품_30,000","정품_30,000","정품_30,000","정품_30,000","정품_30,000","정품_30,000","정품_30,000","정품_29,760","정품_29,760","정품_30,000","정품_30,000"
16295072,필립스 TAS3505,"정품_29,800","정품_29,800","정품_29,800","정품_29,800","정품_29,800","정품_29,800","정품_29,800","정품_29,800","정품_29,800","정품_29,800","정품_29,800","정품_29,800","정품_29,800"
11590001,필립스 TAVS700,"정품_258,000","정품_258,000","정품_258,000","정품_258,000","정품_258,000","정품_258,000","정품_258,000","정품_258,000","정품_258,000","정품_258,000","정품_258,000","정품_258,000","정품_258,000"
72305801,필코 인터내셔날 카카오프렌즈 춘식이 생일파티 케이크 스피커,"37,810","37,810","36,710","36,700","36,690","36,680","36,680","36,670","36,670","36,670","36,670","38,160","37,400"
11066208,하만카돈 AURA STUDIO 3,"정품_397,160|해외구매_440,480","정품_397,130|해외구매_445,010","정품_397,130|해외구매_445,010","정품_397,120|해외구매_451,900","정품_397,020|해외구매_451,900","정품_397,010|해외구매_451,940","정품_396,910|해외구매_451,940","정품_396,880|해외구매_449,430","정품_396,790|해외구매_449,430","정품_396,770|해외구매_447,230","정품_396,770|해외구매_447,230","정품_396,740|해외구매_445,450","정품_396,680|해외구매_445,450"
21585536,하만카돈 AURA STUDIO 4,"정품_256,390|해외구매_362,010","정품_256,390|해외구매_362,010","정품_256,390|해외구매_358,540","정품_256,390|해외구매_358,540","정품_256,390|해외구매_358,160","정품_256,400|해외구매_358,160","정품_256,400|해외구매_358,160","정품_256,400|해외구매_358,160","정품_256,400|해외구매_358,160","정품_256,400|해외구매_358,160","정품_256,390|해외구매_358,160","정품_256,390|해외구매_358,160","정품_256,390|해외구매_358,160"
101120318,하만카돈 AURA STUDIO 5,"정품_335,040|해외구매_402,000","정품_335,040|해외구매_402,000","정품_335,040|해외구매_402,000","정품_314,893|해외구매_402,000","정품_314,893|해외구매_402,000","정품_314,893|해외구매_402,000","정품_314,893|해외구매_402,000","정품_314,893|해외구매_402,000","정품_324,893|해외구매_402,000","정품_324,893|해외구매_402,000","정품_324,893|해외구매_402,000","정품_324,893|해외구매_402,000","정품_324,893|해외구매_402,000"
30148142,하만카돈 GO+PLAY 3,"정품_331,760|해외구매_299,900","정품_331,760|해외구매_299,900","정품_331,760|해외구매_299,900","정품_331,760|해외구매_299,900","정품_331,760|해외구매_299,900","정품_331,760|해외구매_299,900","정품_331,760|해외구매_299,900","정품_331,760|해외구매_299,900","정품_331,760|해외구매_299,900","정품_331,760|해외구매_299,900","정품_331,760|해외구매_299,900","정품_331,760|해외구매_299,900","정품_331,760|해외구매_299,900"
5368654,하만카돈 Go+Play Mini,"해외구매_602,000","해외구매_602,000","해외구매_602,000","해외구매_602,000","해외구매_602,000","해외구매_602,000","해외구매_602,000","해외구매_602,000","해외구매_602,000","해외구매_602,000","해외구매_602,000","해외구매_602,000","해외구매_602,000"
30147470,하만카돈 LUNA,"정품_119,000|해외구매_165,820","정품_119,000|해외구매_165,780","정품_119,000|해외구매_165,780","정품_119,000|해외구매_165,780","정품_118,260|해외구매_165,680","정품_118,260|해외구매_165,660","정품_118,260|해외구매_165,560","정품_118,260|해외구매_165,530","정품_118,260|해외구매_165,440","정품_118,870|해외구매_165,410","정품_118,870|해외구매_165,320","정품_119,000|해외구매_165,270","정품_116,910|해외구매_165,210"
12698708,하만카돈 NEO,"해외구매_166,800","해외구매_166,800","해외구매_166,800","해외구매_166,800","해외구매_166,800","해외구매_166,800","해외구매_166,800","해외구매_166,800","해외구매_166,800","해외구매_166,800","해외구매_166,800","해외구매_166,800","해외구매_166,800"
14974472,하만카돈 ONYX STUDIO 7,"해외구매_241,000","해외구매_241,000","해외구매_241,000","해외구매_241,000","해외구매_241,000","해외구매_241,000","해외구매_241,000","해외구매_241,000","해외구매_241,000","해외구매_241,000","해외구매_241,000","해외구매_241,000","해외구매_241,000"
19402697,하만카돈 ONYX STUDIO 8,"정품_286,541|해외구매_453,510","정품_286,541|해외구매_453,510","정품_286,541|해외구매_453,510","정품_286,541|해외구매_304,200","정품_286,541|해외구매_304,200","정품_288,640|해외구매_453,510","정품_288,640|해외구매_453,510","정품_288,640|해외구매_304,200","정품_288,640|해외구매_304,200","정품_288,640|해외구매_304,200","정품_288,640|해외구매_304,200","정품_288,640|해외구매_304,200","정품_288,640|해외구매_304,200"
79860635,하만카돈 ONYX STUDIO 9,"해외구매_306,990","해외구매_306,990","해외구매_306,990","해외구매_306,990","해외구매_306,990","해외구매_306,990","해외구매_306,990","해외구매_306,990","해외구매_306,990","해외구매_306,990","해외구매_306,990","해외구매_306,990","해외구매_306,990"
5505626,하만카돈 Onyx Studio 4,"해외구매_535,150","해외구매_535,150","해외구매_535,150","해외구매_535,150","해외구매_535,150","해외구매_535,150","해외구매_535,150","해외구매_535,150","해외구매_535,150","해외구매_535,150","해외구매_535,150","해외구매_535,150","해외구매_535,150"
9898317,하만카돈 Onyx Studio 6,"해외구매_306,400","해외구매_306,400","해외구매_306,400","해외구매_306,400","해외구매_306,400","해외구매_306,400","해외구매_306,400","해외구매_306,400","해외구매_306,400","해외구매_306,400","해외구매_306,400","해외구매_306,400","해외구매_306,400"
12801095,하만카돈 SOUND STICKS 4,"정품_350,000|해외구매_329,890","정품_350,000|해외구매_329,890","정품_350,000|해외구매_329,890","정품_349,990|해외구매_329,890","정품_350,000|해외구매_329,890","정품_350,000|해외구매_329,890","정품_350,000|해외구매_329,890","정품_350,000|해외구매_329,890","정품_350,000|해외구매_329,890","정품_350,000|해외구매_329,890","정품_350,000|해외구매_329,890","정품_350,000|해외구매_329,900","정품_350,000|해외구매_329,900"
106765547,하만카돈 SOUND STICKS 5,"정품, 블랙_434,754|정품, 화이트_445,500","정품, 블랙_434,754|정품, 화이트_445,500","정품, 블랙_434,754|정품, 화이트_458,000","정품, 블랙_415,930|정품, 화이트_415,930","정품, 블랙_415,930|정품, 화이트_415,930","정품, 블랙_415,930|정품, 화이트_415,930","정품, 블랙_415,930|정품, 화이트_415,930","정품, 블랙_383,460|정품, 화이트_383,460","정품, 블랙_383,460|정품, 화이트_383,460","정품, 블랙_415,930|정품, 화이트_415,930","정품, 블랙_415,930|정품, 화이트_415,930","정품, 블랙_415,930|정품, 화이트_415,930","정품, 블랙_415,930|정품, 화이트_415,930"
1320466,하만카돈 SOUNDSTICKS 3,"해외구매_501,500","해외구매_501,500","해외구매_501,500","해외구매_501,500",0,0,0,0,0,"해외구매_262,000","해외구매_262,000","해외구매_262,000",0
9533241,하이디 리볼트 RXS-300S,"12,920","12,920","12,920","12,920","12,920","12,920","12,920","12,920","12,920","13,070","13,070","13,070","13,070"
20723216,한빛랜드 GS7,"정품_31,840","정품_31,800","정품_31,800","정품_31,800","정품_31,700","정품_31,690","정품_31,690","정품_32,270","정품_32,540","정품_32,540","정품_32,540","정품_32,550","정품_32,550"
75470405,한성컴퓨터 GS600B CAMPING,"블랙_23,150|베이지_23,150","블랙_23,150|베이지_23,150","블랙_23,150|베이지_23,150","블랙_23,150|베이지_23,150","블랙_24,900|베이지_24,900","블랙_24,900|베이지_24,900","블랙_24,900|베이지_24,900","블랙_24,900|베이지_24,900","블랙_24,900|베이지_24,900","블랙_24,900|베이지_24,900","블랙_19,900|베이지_19,900","블랙_19,900|베이지_19,900","블랙_19,900|베이지_19,900"
15733136,한성컴퓨터 PM100,"정품_33,000","정품_33,000","정품_33,000","정품_33,000","정품_33,000","정품_33,000","정품_33,000","정품_33,000","정품_33,000","정품_33,000","정품_33,000","정품_33,000","정품_33,000"
10146051,한성컴퓨터 SIROCO GS200,0,0,0,0,"8W, 블랙_154,710","8W, 블랙_154,710","8W, 블랙_154,710","8W, 블랙_154,710","8W, 블랙_154,710","8W, 블랙_154,710","8W, 블랙_154,710","8W, 블랙_154,710","8W, 블랙_154,710"
6307164,한성컴퓨터 SIROCO GS300B 블루투스 사운드바,"정품_16,070","정품_16,070","정품_16,070","정품_16,070","정품_16,070","정품_16,070","정품_16,070","정품_16,070","정품_16,070","정품_16,070","정품_16,070","정품_16,070","정품_16,070"
86866334,한창인포텍 알포인트 알뮤즈 RF-RMUSE RF082,"정품_21,490","정품_21,490","정품_21,490","정품_21,490","정품_21,490","정품_21,490","정품_20,200","정품_20,200","정품_20,200","정품_20,200","정품_20,200","정품_20,200","정품_20,200"
21687056,해브잇올 morac 글로우지 MR-GLOWZ,"135,450","135,450","135,450","135,450","135,450","135,450","135,450","135,450","135,450","135,450","135,450","135,450","135,450"
21687284,해브잇올 morac 글로우큐 MR-GLOWQ,0,0,"12,760","144,100","149,070","149,070","149,070","149,070","149,070","149,070","149,070","149,070","149,070"
20419514,해인씨앤에스 케미 HIBS-MR01,"16,790","16,780","16,780","16,780","16,780","16,940","16,940","16,790","16,780","16,780","16,780","16,780","16,780"
88234784,해인씨앤에스 케미 HIBS-MR04,"정품_16,600","정품_16,600","정품_16,600","정품_16,600","정품_16,600","정품_16,600","정품_16,600","정품_16,600","정품_16,600","정품_16,600","정품_16,600","정품_16,600","정품_16,600"
4330092,헤코 Ascada 2.0,"해외구매_935,000","해외구매_935,000",0,0,0,0,0,"해외구매_935,000",0,0,0,0,0
28395974,현원 모비블루 WBS02,"45,000","45,000","45,000","45,000","45,000","45,000","45,000","45,000","45,000","45,000","45,000","45,000","45,000"
28396979,현원 모비블루 사운드 비트 B4,"135,000","135,000","135,000","135,000","135,000","135,000","135,000","135,000","135,000","135,000","135,000","135,000","135,000"
28124171,홍운 JY-20,"정품_18,220","정품_18,220","정품_18,220","정품_18,220","정품_18,220","정품_18,220","정품_18,220","정품_18,220","정품_18,220","정품_18,220","정품_18,220","정품_18,220","정품_18,220"
122700348,휴그 웨이브 블루투스 스피커,"정품_33,850","정품_33,850","정품_33,850","정품_33,850","정품_33,850","정품_33,850","정품_33,850","정품_33,850","정품_33,850","정품_33,850","정품_33,850","정품_33,850","정품_33,850"
18992087,휴라이즈 BlackM-T21,"128,420","128,420","128,420","128,420","128,420","128,420","128,420","128,420","128,420","128,420","128,420","128,420","128,420"
56112356,휴라이즈 HR-CLOWOOD,"정품_258,350","정품_258,350","정품_258,250","정품_258,230","정품_258,120","정품_258,100","정품_258,010","정품_257,980","정품_257,890","정품_256,000","정품_255,990","정품_255,990","정품_255,990"
5879271,휴라이즈 HR-MR1000,"59,800","59,800","59,800","59,800","59,800","59,800","59,800","59,800","59,800","59,800","59,800","59,800","59,800"
17476427,휴라이즈 HR-MT2,"34,890","34,890","34,890","34,900","34,890","34,890","34,890","34,890","34,890","34,890","34,890","34,890","34,900"
58026263,휴라이즈 HR-NT120,"블랙_31,750|화이트_34,550","블랙_31,750|화이트_34,550","블랙_31,750|화이트_34,900","블랙_31,750|화이트_34,900","블랙_31,750|화이트_34,900","블랙_31,750|화이트_34,900","블랙_31,750|화이트_34,900","블랙_31,750|화이트_34,900","블랙_31,750|화이트_34,900","블랙_31,750|화이트_34,900","블랙_31,750|화이트_32,450","블랙_31,750|화이트_34,900","블랙_31,750|화이트_34,900"
100383089,휴라이즈 HR-PC01,"정품_29,700","정품_29,700","정품_29,700","정품_29,700","정품_29,700","정품_29,700","정품_29,700","정품_29,700","정품_29,700","정품_29,700","정품_27,620","정품_29,700","정품_29,700"
53780153,휴라이즈 HR-RT100,"27,800","27,800","27,800","27,800","27,800","27,800","27,800","27,800","27,800","27,810","27,800","29,900","29,900"
100619366,휴라이즈 HR-S20ART,"정품_58,000","정품_58,000","정품_58,000","정품_58,000","정품_58,000","정품_58,000","정품_58,000","정품_48,720","정품_48,720","정품_48,720","정품_48,720","정품_48,720","정품_48,720"
15670991,휴라이즈 HR-S30 Mintchoco,"45,850","45,850","43,750","45,850","45,850","45,850","43,750","43,750","45,850","45,850","45,850","45,850","43,750"
16104056,휴라이즈 HR-SL200,"28,000","27,670","27,670","27,670","27,670","27,670","27,670","27,670","27,670","27,670","27,670","27,670","27,670"
72305498,휴라이즈 HR-STB150,"39,600","39,600","39,600","39,600","39,600","39,600","39,600","39,600","39,600","39,600","39,600","39,600","39,600"
16756547,휴라이즈 HR-T22 TITAN,"정품_116,070","정품_116,070","정품_116,070","정품_116,070","정품_116,070","정품_116,070","정품_116,070","정품_116,070","정품_116,070","정품_116,070","정품_116,070","정품_116,070","정품_116,070"
15250034,휴라이즈 HR-T3 CLASSIC,"138,570","138,570","138,570","138,570","138,570","138,570","138,570","138,570","138,570","149,000","149,000","149,000","149,000"
9598893,휴라이즈 HR-T3 OMEGA,"115,490","115,490","115,490","115,490","115,490","115,490","115,490","115,490","115,490","115,490","115,490","115,490","115,490"
9604074,휴라이즈 HR-T5 newtro,"정품_158,000","정품_158,000","정품_158,000","정품_158,000","정품_158,000","정품_158,000","정품_158,000","정품_158,000","정품_158,000","정품_158,000","정품_158,000","정품_158,000","정품_158,000"
13483388,휴라이즈 HR-T5 retro,"정품_159,000","정품_159,000","정품_159,000","정품_159,000","정품_159,000","정품_159,000","정품_159,000","정품_159,000","정품_159,000","정품_159,000","정품_159,000","정품_159,000","정품_159,000"
11906011,휴라이즈 HR-miniTurn,"36,310","36,310","36,310","36,310","36,310","36,310","36,310","36,310","36,310","35,240","35,240","36,320","36,320"
99323498,휴우 레트로 미니 스피커 WH-BWS1,"정품_16,900","정품_16,900","정품_16,900","정품_16,900","정품_16,900","정품_16,900","정품_16,900","정품_16,900","정품_16,900","정품_16,900","정품_16,900","정품_16,900","정품_16,900"
