Id,Name,2026-08-01 19:49:41,2026-08-02 07:08:34,2026-08-02 19:50:10,2026-08-03 07:05:26
17287529,ADATA LEGEND 710 M.2 NVMe,"_1TB_280원/1GB_279,980|_512GB_328원/1GB_167,980|256GB_426원/1GB_108,990","_1TB_280원/1GB_279,980|_512GB_328원/1GB_167,980|256GB_426원/1GB_108,990","_1TB_280원/1GB_279,980|_512GB_328원/1GB_167,980|256GB_426원/1GB_108,990","_1TB_280원/1GB_279,980|_512GB_328원/1GB_167,980|256GB_426원/1GB_108,990"
79395908,ADATA LEGEND 710 M.2 NVMe 파인인포,"_1TB_278원/1GB_278,340|512GB_321원/1GB_164,500|_256GB_419원/1GB_107,190","_1TB_278원/1GB_278,310|512GB_321원/1GB_164,500|_256GB_419원/1GB_107,190","_1TB_278원/1GB_278,230|_512GB_321원/1GB_164,500|256GB_419원/1GB_107,190","_1TB_278원/1GB_278,190|_512GB_316원/1GB_162,000|256GB_419원/1GB_107,190"
79250330,ADATA LEGEND 860 M.2 NVMe,"_1TB_320원/1GB_320,000|2TB_316원/1GB_632,490|_500GB_342원/1GB_171,220","_1TB_318원/1GB_317,500|2TB_316원/1GB_632,490|_500GB_342원/1GB_171,220","_1TB_318원/1GB_317,500|2TB_316원/1GB_632,490|_500GB_342원/1GB_171,220","_1TB_335원/1GB_334,990|2TB_316원/1GB_632,490|_500GB_342원/1GB_171,220"
30008744,ADATA LEGEND 900 M.2 NVMe,"_2TB_323원/1GB_645,000|_1TB_295원/1GB_295,000|512GB_359원/1GB_183,940","_2TB_323원/1GB_645,000|_1TB_295원/1GB_295,000|512GB_359원/1GB_183,930","_2TB_323원/1GB_645,000|_1TB_295원/1GB_295,000|512GB_359원/1GB_183,930","_2TB_323원/1GB_645,000|_1TB_295원/1GB_295,000|512GB_359원/1GB_183,920"
79402061,ADATA LEGEND 900 M.2 NVMe 파인인포,"2TB_250원/1GB_499,000|_1TB_295원/1GB_294,840|_512GB_356원/1GB_182,480","2TB_250원/1GB_499,000|_1TB_295원/1GB_294,840|_512GB_356원/1GB_182,480","2TB_250원/1GB_499,000|_1TB_295원/1GB_294,840|_512GB_356원/1GB_182,480","2TB_250원/1GB_499,000|_1TB_295원/1GB_294,840|_512GB_356원/1GB_182,480"
20146127,ADATA LEGEND 960 M.2 NVMe,"_2TB_307원/1GB_614,970|_1TB_355원/1GB_354,900","_2TB_307원/1GB_614,970|_1TB_355원/1GB_354,900","_2TB_307원/1GB_614,970|_1TB_355원/1GB_354,900","_2TB_307원/1GB_614,970|_1TB_355원/1GB_354,900"
101016125,ADATA LEGEND 960 M.2 NVMe 파인인포,"_2TB_304원/1GB_608,920|_1TB_354원/1GB_354,000","_2TB_304원/1GB_608,920|_1TB_354원/1GB_354,000","_2TB_304원/1GB_608,920|_1TB_354원/1GB_354,000","_2TB_304원/1GB_608,920|_1TB_354원/1GB_354,000"
19953977,ADATA Ultimate SU650,"2TB_340원/1GB_680,000|_1TB_240원/1GB_239,510|512GB_274원/1GB_140,510|_256GB_342원/1GB_87,490","2TB_340원/1GB_680,000|_1TB_242원/1GB_242,010|512GB_274원/1GB_140,510|_256GB_342원/1GB_87,490","2TB_340원/1GB_680,000|_1TB_242원/1GB_242,010|512GB_274원/1GB_140,510|_256GB_342원/1GB_87,490","2TB_340원/1GB_680,000|_1TB_242원/1GB_242,010|512GB_274원/1GB_140,510|_256GB_342원/1GB_87,490"
102552866,ADATA Ultimate SU650 파인인포,"1TB_251원/1GB_251,080|_512GB_274원/1GB_140,490|_256GB_341원/1GB_87,340","1TB_251원/1GB_251,080|_512GB_274원/1GB_140,490|_256GB_341원/1GB_87,340","1TB_251원/1GB_251,080|_512GB_274원/1GB_140,490|_256GB_341원/1GB_87,340","1TB_251원/1GB_251,080|_512GB_274원/1GB_140,490|_256GB_341원/1GB_87,340"
102552920,ADATA Ultimate SU650 파인인포,"1TB_251원/1GB_251,080|_512GB_274원/1GB_140,490|_256GB_341원/1GB_87,340","1TB_251원/1GB_251,080|_512GB_274원/1GB_140,490|_256GB_341원/1GB_87,340","1TB_251원/1GB_251,080|_512GB_274원/1GB_140,490|_256GB_341원/1GB_87,340","1TB_251원/1GB_251,080|_512GB_274원/1GB_140,490|_256GB_341원/1GB_87,340"
6476453,ADATA Ultimate SU800,"_1TB_273원/1GB_272,910|_512GB_557원/1GB_285,380","_1TB_273원/1GB_272,910|_512GB_557원/1GB_285,380","_1TB_273원/1GB_272,910|_512GB_557원/1GB_285,380","_1TB_273원/1GB_272,910|_512GB_557원/1GB_285,380"
31950257,ADATA XPG GAMMIX S60 M.2 NVMe,"1TB_253원/1GB_253,000","1TB_253원/1GB_253,000","1TB_253원/1GB_253,000","1TB_253원/1GB_253,000"
108354608,ADATA XPG GAMMIX S70 BLADE M.2 NVMe 파인인포,"2TB_317원/1GB_634,980|_1TB_350원/1GB_349,950|_512GB_419원/1GB_214,330","2TB_317원/1GB_634,980|_1TB_350원/1GB_349,950|_512GB_419원/1GB_214,330","2TB_317원/1GB_634,980|_1TB_350원/1GB_349,950|_512GB_419원/1GB_214,330","2TB_317원/1GB_634,980|_1TB_350원/1GB_349,950|_512GB_419원/1GB_214,330"
107989082,ADATA XPG MARS 970 Plus M.2 NVMe,"_2TB_298원/1GB_595,000|_1TB_328원/1GB_327,700","_2TB_298원/1GB_595,000|_1TB_328원/1GB_327,700","_2TB_298원/1GB_595,000|_1TB_328원/1GB_327,700","_2TB_298원/1GB_595,000|_1TB_328원/1GB_327,700"
88133900,ADATA XPG MARS 980 BLADE M.2 NVMe,"_2TB_325원/1GB_649,140|_1TB_392원/1GB_392,400","_2TB_325원/1GB_649,130|_1TB_392원/1GB_392,400","_2TB_325원/1GB_649,130|_1TB_392원/1GB_392,400","_2TB_325원/1GB_649,130|_1TB_392원/1GB_392,400"
7175386,ADATA XPG SX6000 Lite M.2 NVMe,"256GB_360원/1GB_92,280","256GB_360원/1GB_92,270","256GB_360원/1GB_92,200","256GB_360원/1GB_92,170"
102552977,ADATA XPG SX8200 Pro M.2 NVMe 파인인포,"512GB_365원/1GB_186,730","512GB_365원/1GB_186,700","512GB_364원/1GB_186,610","512GB_364원/1GB_186,580"
122710455,AFOX ME250 M.2 NVMe,"_1TB_220원/1GB_219,960|_512GB_264원/1GB_134,990","_1TB_220원/1GB_219,940|_512GB_264원/1GB_134,990","_1TB_220원/1GB_219,940|_512GB_264원/1GB_134,990","_1TB_220원/1GB_219,920|_512GB_264원/1GB_134,990"
122679334,AGI AI238,"_1TB_214원/1GB_213,750|_512GB_239원/1GB_122,550|256GB_260원/1GB_66,500","_1TB_214원/1GB_213,750|_512GB_239원/1GB_122,550|256GB_260원/1GB_66,500","_1TB_214원/1GB_213,750|_512GB_239원/1GB_122,550|256GB_260원/1GB_66,500","_1TB_214원/1GB_213,750|_512GB_239원/1GB_122,550|256GB_260원/1GB_66,500"
122679355,AGI AI238,"_1TB_214원/1GB_213,750|_512GB_239원/1GB_122,550|256GB_260원/1GB_66,500","_1TB_214원/1GB_213,750|_512GB_239원/1GB_122,550|256GB_260원/1GB_66,500","_1TB_214원/1GB_213,750|_512GB_239원/1GB_122,550|256GB_260원/1GB_66,500","_1TB_214원/1GB_213,750|_512GB_239원/1GB_122,550|256GB_260원/1GB_66,500"
101724911,AGI AI298 M.2 NVMe,"_1TB_290원/1GB_290,400|_512GB_240원/1GB_123,000","_1TB_290원/1GB_290,400|_512GB_240원/1GB_123,000","_1TB_290원/1GB_290,400|_512GB_240원/1GB_123,000","_1TB_290원/1GB_290,400|_512GB_240원/1GB_123,000"
122684865,AGI AI298 M.2 NVMe 서린,"_1TB_223원/1GB_223,250|_512GB_260원/1GB_133,000","_1TB_223원/1GB_223,250|_512GB_260원/1GB_133,000","_1TB_223원/1GB_223,250|_512GB_260원/1GB_133,000","_1TB_223원/1GB_223,250|_512GB_260원/1GB_133,000"
95849339,AGI AI818 M.2 NVMe,"_2TB_245원/1GB_489,500|_1TB_249원/1GB_249,000","_2TB_245원/1GB_489,500|_1TB_249원/1GB_249,000","_2TB_245원/1GB_489,500|_1TB_249원/1GB_249,000","_2TB_245원/1GB_489,500|_1TB_249원/1GB_249,000"
122684963,AGI AI828 M.2 NVMe,"_1TB_339원/1GB_339,000|_512GB_333원/1GB_170,500","_1TB_339원/1GB_339,000|_512GB_333원/1GB_170,500","_1TB_339원/1GB_339,000|_512GB_333원/1GB_170,500","_1TB_339원/1GB_339,000|_512GB_333원/1GB_170,500"
95849606,AGI AI838 M.2 NVMe,"1TB_325원/1GB_325,000","1TB_325원/1GB_325,000","1TB_325원/1GB_325,000","1TB_325원/1GB_325,000"
122680508,AGI AI858 M.2 NVMe,"1TB_379원/1GB_379,050","1TB_379원/1GB_379,050","1TB_379원/1GB_379,050","1TB_379원/1GB_379,050"
106694009,AGI AI858 M.2 NVMe 해외구매,"_2TB_301원/1GB_602,310|_1TB_422원/1GB_421,890","_2TB_308원/1GB_615,840|_1TB_431원/1GB_431,380","_2TB_308원/1GB_615,840|_1TB_431원/1GB_431,380","_2TB_308원/1GB_615,840|_1TB_431원/1GB_431,380"
122711229,Apacer AS2280F4L M.2 NVMe,"1TB_360원/1GB_360,050","1TB_360원/1GB_360,050","1TB_360원/1GB_360,050","1TB_360원/1GB_360,050"
100329014,Apacer AS2280P4X M.2 NVMe,"_1TB_230원/1GB_229,900|_512GB_289원/1GB_148,200","_1TB_230원/1GB_229,900|_512GB_289원/1GB_148,200","_1TB_230원/1GB_229,900|_512GB_289원/1GB_148,200","_1TB_230원/1GB_229,900|_512GB_289원/1GB_148,200"
100328819,Apacer AS2280Q4X M.2 NVMe,"_2TB_209원/1GB_417,050|_1TB_246원/1GB_246,050|512GB_306원/1GB_156,750","_2TB_209원/1GB_417,050|_1TB_246원/1GB_246,050|512GB_306원/1GB_156,750","_2TB_209원/1GB_417,050|_1TB_246원/1GB_246,050|512GB_306원/1GB_156,750","_2TB_209원/1GB_417,050|_1TB_246원/1GB_246,050|512GB_306원/1GB_156,750"
100382744,Apacer AS350X,"1TB_214원/1GB_213,750|_512GB_239원/1GB_122,550|_256GB_286원/1GB_73,150","1TB_214원/1GB_213,750|_512GB_239원/1GB_122,550|_256GB_286원/1GB_73,150","1TB_214원/1GB_213,750|_512GB_239원/1GB_122,550|_256GB_286원/1GB_73,150","1TB_214원/1GB_213,750|_512GB_239원/1GB_122,550|_256GB_286원/1GB_73,150"
100329191,Apacer AST280X M.2 SATA,"_512GB_236원/1GB_120,650|_256GB_278원/1GB_71,250","_512GB_236원/1GB_120,650|_256GB_278원/1GB_71,250","_512GB_236원/1GB_120,650|_256GB_278원/1GB_71,250","_512GB_236원/1GB_120,650|_256GB_278원/1GB_71,250"
18338426,BIOSTAR M760 M.2 NVMe,"256GB_326원/1GB_83,400","256GB_326원/1GB_83,400","256GB_326원/1GB_83,400","256GB_326원/1GB_83,400"
122692214,BIWIN AP923P M.2 NVMe 벌크,"512GB_311원/1GB_159,000","512GB_311원/1GB_159,000","512GB_311원/1GB_159,000","512GB_311원/1GB_159,000"
100270739,BIWIN Black Opal NV3500 M.2 NVMe,"_2TB_195원/1GB_390,390|1TB_287원/1GB_286,980|_512GB_288원/1GB_147,250","_2TB_195원/1GB_390,390|1TB_287원/1GB_286,980|_512GB_288원/1GB_147,250","_2TB_195원/1GB_390,380|1TB_287원/1GB_286,980|_512GB_288원/1GB_147,250","_2TB_195원/1GB_390,380|1TB_287원/1GB_286,980|_512GB_288원/1GB_147,250"
95424803,BIWIN Black Opal X570 M.2 NVMe,"4TB_258원/1GB_1,032,990|_2TB_256원/1GB_512,490|_1TB_310원/1GB_309,980","4TB_258원/1GB_1,032,990|_2TB_256원/1GB_512,480|_1TB_310원/1GB_309,980","4TB_258원/1GB_1,032,990|_2TB_256원/1GB_512,480|_1TB_310원/1GB_309,980","4TB_258원/1GB_1,032,990|_2TB_256원/1GB_512,480|_1TB_310원/1GB_309,980"
95424731,BIWIN Black Opal X570 PRO M.2 NVMe,"_4TB_289원/1GB_1,154,980|_2TB_458원/1GB_915,000|1TB_439원/1GB_439,190","_4TB_289원/1GB_1,154,980|_2TB_458원/1GB_915,000|1TB_439원/1GB_439,150","_4TB_289원/1GB_1,154,980|_2TB_458원/1GB_915,000|1TB_439원/1GB_439,150","_4TB_289원/1GB_1,154,980|_2TB_458원/1GB_915,000|1TB_439원/1GB_439,150"
95424440,BIWIN M100,"2TB_188원/1GB_375,000|1TB_236원/1GB_235,930|_512GB_225원/1GB_114,960|_256GB_267원/1GB_68,460|128GB_352원/1GB_45,000","2TB_188원/1GB_375,000|1TB_236원/1GB_235,690|_512GB_225원/1GB_114,960|_256GB_267원/1GB_68,460|128GB_352원/1GB_45,000","2TB_188원/1GB_375,000|1TB_236원/1GB_235,690|_512GB_225원/1GB_114,960|_256GB_267원/1GB_68,460|128GB_352원/1GB_45,000","2TB_188원/1GB_375,000|1TB_236원/1GB_235,890|_512GB_225원/1GB_114,960|_256GB_267원/1GB_68,460|128GB_352원/1GB_45,000"
99944000,BIWIN M350 M.2 NVMe,"_2TB_207원/1GB_414,910|_1TB_255원/1GB_254,980","_2TB_207원/1GB_414,910|_1TB_255원/1GB_254,980","_2TB_207원/1GB_414,910|_1TB_255원/1GB_254,980","_2TB_207원/1GB_414,910|_1TB_255원/1GB_254,980"
122710192,BIWIN M560 M.2 NVMe,"_2TB_307원/1GB_613,290|_1TB_307원/1GB_306,600","_2TB_307원/1GB_613,290|_1TB_307원/1GB_306,600","_2TB_307원/1GB_613,290|_1TB_307원/1GB_306,600","_2TB_307원/1GB_613,290|_1TB_307원/1GB_306,600"
100270535,BIWIN NV7200 M.2 NVMe,"_2TB_242원/1GB_484,960|_1TB_262원/1GB_262,350","_2TB_242원/1GB_484,950|_1TB_262원/1GB_262,340","_2TB_242원/1GB_484,950|_1TB_262원/1GB_262,340","_2TB_242원/1GB_484,950|_1TB_262원/1GB_262,340"
99944090,BIWIN NV7200 M.2 NVMe 해외구매,"1TB_363원/1GB_363,360","1TB_363원/1GB_363,360","1TB_363원/1GB_363,360","1TB_363원/1GB_363,360"
15583520,COLORFUL CN600 M.2 NVMe 디앤디컴,"_1TB_가격비교예정|_512GB_262원/1GB_133,990","_1TB_가격비교예정|_512GB_262원/1GB_133,990","_1TB_가격비교예정|_512GB_262원/1GB_133,990","_1TB_가격비교예정|_512GB_262원/1GB_133,990"
18633650,COLORFUL CN600 PRO M.2 NVMe 디앤디컴,"_1TB_239원/1GB_238,990|512GB_290원/1GB_148,490|_256GB_348원/1GB_89,000","_1TB_239원/1GB_238,990|512GB_290원/1GB_148,480|_256GB_348원/1GB_88,990","_1TB_239원/1GB_238,990|512GB_290원/1GB_148,410|_256GB_348원/1GB_88,990","_1TB_239원/1GB_238,990|512GB_290원/1GB_148,380|_256GB_348원/1GB_88,990"
71427278,COLORFUL CN700 PRO M.2 NVMe 디앤디컴,"1TB_279원/1GB_278,500","1TB_279원/1GB_278,500","1TB_279원/1GB_278,500","1TB_279원/1GB_278,500"
15591008,COLORFUL SL300 디앤디컴,"128GB_328원/1GB_42,000","128GB_328원/1GB_41,990","128GB_328원/1GB_41,990","128GB_328원/1GB_41,990"
15585548,COLORFUL SL500 디앤디컴,"_512GB_213원/1GB_109,000|_256GB_250원/1GB_63,900","_512GB_213원/1GB_109,000|_256GB_250원/1GB_63,900","_512GB_213원/1GB_109,000|_256GB_250원/1GB_63,900","_512GB_213원/1GB_109,000|_256GB_250원/1GB_63,900"
108420941,COLORFUL SL500 해외구매,"480GB_301원/1GB_144,700","480GB_301원/1GB_144,700","480GB_301원/1GB_144,700","480GB_301원/1GB_144,700"
18269483,CORSAIR MP600 PRO NH M.2 NVMe,"_8TB_281원/1GB_2,250,000|_1TB_376원/1GB_376,200","_8TB_281원/1GB_2,250,000|_1TB_376원/1GB_376,200","_8TB_281원/1GB_2,250,000|_1TB_376원/1GB_376,200","_8TB_281원/1GB_2,250,000|_1TB_376원/1GB_376,200"
106686926,CORSAIR MP700 ELITE M.2 NVMe,"1TB_361원/1GB_360,960","1TB_361원/1GB_360,960","1TB_361원/1GB_360,960","1TB_361원/1GB_360,960"
30247553,CORSAIR MP700 PRO M.2 NVMe,"1TB_383원/1GB_383,460","1TB_383원/1GB_383,460","1TB_383원/1GB_383,460","1TB_383원/1GB_383,460"
104615132,CORSAIR MP700 PRO XT M.2 NVMe,"4TB_290원/1GB_1,159,000","4TB_290원/1GB_1,159,000","4TB_290원/1GB_1,159,000","4TB_290원/1GB_1,159,000"
90642683,EDILOCA ES106 해외구매,"500GB_170원/1GB_84,900","500GB_170원/1GB_84,900","500GB_170원/1GB_84,900","500GB_170원/1GB_84,900"
69660332,ESSENCORE KLEVV CRAS C715 M.2 NVMe,"_1TB_285원/1GB_284,500|_512GB_309원/1GB_157,980|256GB_406원/1GB_104,060","_1TB_285원/1GB_284,500|_512GB_309원/1GB_157,980|256GB_406원/1GB_104,060","_1TB_285원/1GB_284,500|_512GB_309원/1GB_157,980|256GB_406원/1GB_104,060","_1TB_285원/1GB_284,500|_512GB_309원/1GB_157,980|256GB_386원/1GB_98,800"
58849154,ESSENCORE KLEVV CRAS C910 M.2 NVMe,"_4TB_211원/1GB_845,920|2TB_248원/1GB_496,350|_1TB_314원/1GB_313,620|500GB_368원/1GB_184,000","_4TB_211원/1GB_845,910|2TB_248원/1GB_496,350|_1TB_314원/1GB_313,610|500GB_368원/1GB_184,000",0,0
58849022,ESSENCORE KLEVV CRAS C910 M.2 NVMe,0,0,"4TB_213원/1GB_850,000|_2TB_248원/1GB_496,340|_1TB_314원/1GB_313,610|500GB_368원/1GB_184,000","4TB_225원/1GB_899,000|_2TB_248원/1GB_496,340|_1TB_314원/1GB_313,610|500GB_368원/1GB_184,000"
98242505,ESSENCORE KLEVV CRAS C910G M.2 NVMe,"4TB_236원/1GB_945,790|2TB_245원/1GB_490,160|_1TB_277원/1GB_277,180|_500GB_341원/1GB_170,340","4TB_236원/1GB_945,790|2TB_245원/1GB_490,160|_1TB_274원/1GB_274,310|_500GB_341원/1GB_170,340","4TB_236원/1GB_945,790|2TB_245원/1GB_490,160|_1TB_274원/1GB_274,310|_500GB_341원/1GB_170,340","4TB_236원/1GB_945,790|2TB_245원/1GB_490,160|_1TB_277원/1GB_277,040|_500GB_336원/1GB_168,100"
108420764,ESSENCORE KLEVV CRAS C910G M.2 NVMe 해외구매,"_2TB_319원/1GB_638,400|_1TB_329원/1GB_329,050","_2TB_319원/1GB_638,400|_1TB_329원/1GB_329,060","_2TB_319원/1GB_638,400|_1TB_316원/1GB_316,310","_2TB_319원/1GB_638,400|_1TB_329원/1GB_329,060"
93074372,ESSENCORE KLEVV CRAS C925 M.2 NVMe,"_1TB_299원/1GB_299,000|_500GB_376원/1GB_188,000","_1TB_299원/1GB_299,000|_500GB_376원/1GB_188,000","_1TB_299원/1GB_299,000|_500GB_376원/1GB_188,000","_1TB_299원/1GB_299,000|_500GB_376원/1GB_188,000"
94814699,ESSENCORE KLEVV CRAS C925G M.2 NVMe,"_1TB_299원/1GB_299,000|_2TB_251원/1GB_501,000","_1TB_299원/1GB_299,000|_2TB_251원/1GB_501,000","_1TB_299원/1GB_299,000|_2TB_251원/1GB_501,000","_1TB_299원/1GB_299,000|_2TB_251원/1GB_501,000"
20612771,ESSENCORE KLEVV CRAS C930 M.2 NVMe,"_2TB_286원/1GB_572,660|_1TB_363원/1GB_363,010","_2TB_286원/1GB_572,660|_1TB_363원/1GB_363,010","_2TB_286원/1GB_572,660|_1TB_363원/1GB_363,010","_2TB_286원/1GB_572,660|_1TB_363원/1GB_363,010"
104947544,ESSENCORE KLEVV NEO N400 중고,"120GB_148원/1GB_17,800","120GB_148원/1GB_17,800",0,0
103130264,ESSENCORE KLEVV NEO N410+,"_512GB_298원/1GB_152,820|_256GB_329원/1GB_84,190","_512GB_297원/1GB_152,250|_256GB_329원/1GB_84,190","_512GB_297원/1GB_152,250|_256GB_329원/1GB_84,190","_512GB_280원/1GB_143,300|_256GB_310원/1GB_79,290"
103130261,ESSENCORE KLEVV NEO N410+,"_512GB_298원/1GB_152,820|_256GB_329원/1GB_84,190","_512GB_297원/1GB_152,250|_256GB_329원/1GB_84,190","_512GB_297원/1GB_152,250|_256GB_329원/1GB_84,190","_512GB_280원/1GB_143,300|_256GB_310원/1GB_79,290"
122693525,ESSENCORE KLEVV NEO N600 중고,"120GB_108원/1GB_12,900","120GB_108원/1GB_12,900","120GB_108원/1GB_12,900","120GB_108원/1GB_12,900"
122718577,FASTRO MS150 M.2 NVMe,"512GB_289원/1GB_147,950","512GB_289원/1GB_147,950","512GB_289원/1GB_147,930","512GB_289원/1GB_147,930"
77459732,FASTRO MS200 M.2 NVMe,"_2TB_209원/1GB_417,980|_1TB_295원/1GB_294,970","_2TB_209원/1GB_417,980|_1TB_295원/1GB_294,960","_2TB_209원/1GB_417,960|_1TB_295원/1GB_294,950","_2TB_209원/1GB_417,960|_1TB_295원/1GB_294,950"
99481721,Fanxiang S101,"1TB_206원/1GB_205,700|512GB_226원/1GB_115,500|_256GB_266원/1GB_68,200|_128GB_301원/1GB_38,490","1TB_206원/1GB_205,700|512GB_226원/1GB_115,500|_256GB_266원/1GB_68,200|_128GB_301원/1GB_38,490","1TB_206원/1GB_205,700|512GB_226원/1GB_115,500|_256GB_266원/1GB_68,200|_128GB_301원/1GB_38,490","1TB_206원/1GB_205,700|512GB_226원/1GB_115,500|_256GB_266원/1GB_68,200|_128GB_301원/1GB_38,490"
90890900,Fanxiang S101 병행수입,"_4TB_117원/1GB_466,720|2TB_165원/1GB_330,500|1TB_191원/1GB_190,500|512GB_226원/1GB_115,500|_256GB_262원/1GB_67,080|","_4TB_117원/1GB_466,720|2TB_165원/1GB_330,500|1TB_191원/1GB_190,500|512GB_226원/1GB_115,500|_256GB_262원/1GB_67,080|",0,0
105677300,Fanxiang S101 병행수입,0,0,"_4TB_117원/1GB_466,720|2TB_165원/1GB_330,500|_1TB_191원/1GB_190,500|512GB_226원/1GB_115,500|256GB_262원/1GB_67,080|","_4TB_117원/1GB_466,720|2TB_165원/1GB_330,500|_1TB_191원/1GB_190,500|512GB_226원/1GB_115,500|256GB_262원/1GB_67,080|"
77963357,Fanxiang S660 M.2 NVMe 병행수입,"_2TB_194원/1GB_388,500|1TB_255원/1GB_255,000|_500GB_278원/1GB_139,000","_2TB_194원/1GB_388,500|1TB_255원/1GB_255,000|_500GB_278원/1GB_139,000",0,0
122623077,Fanxiang S880E M.2 NVMe 해외구매,"1TB_589원/1GB_588,970","1TB_589원/1GB_588,970","1TB_589원/1GB_588,970","1TB_589원/1GB_588,970"
107776130,Fanxiang S910 Pro M.2 NVMe 해외구매,"1TB_298원/1GB_298,450","1TB_305원/1GB_305,160","1TB_305원/1GB_305,160","1TB_305원/1GB_305,160"
106726385,GIGABYTE AORUS Gen4 7000E M.2 NVMe 제이씨현,"1TB_295원/1GB_294,670","1TB_296원/1GB_295,980","1TB_296원/1GB_295,980","1TB_296원/1GB_295,980"
79398290,GIGABYTE AORUS Gen4 7300 V2 M.2 NVMe 제이씨현,"1TB_376원/1GB_375,940","1TB_376원/1GB_375,940","1TB_376원/1GB_375,940","1TB_376원/1GB_375,940"
31986581,GIGABYTE Gen3 2500E M.2 NVMe 피씨디렉트,"500GB_277원/1GB_138,380","500GB_277원/1GB_138,380","500GB_277원/1GB_138,380","500GB_277원/1GB_138,380"
102005414,GIGABYTE Gen3 M.2 NVMe 제이씨현,"512GB_284원/1GB_145,280","512GB_284원/1GB_145,280","512GB_284원/1GB_145,280","512GB_284원/1GB_145,280"
108408740,GIGABYTE Gen3 M.2 NVMe 피씨디렉트,"512GB_309원/1GB_158,000","512GB_309원/1GB_158,000","512GB_309원/1GB_158,000","512GB_309원/1GB_158,000"
75931958,GIGABYTE Gen4 4000E M.2 NVMe 제이씨현,"_1TB_294원/1GB_293,680|_500GB_308원/1GB_153,990","_1TB_294원/1GB_293,680|_500GB_308원/1GB_153,990","_1TB_294원/1GB_293,680|_500GB_308원/1GB_153,990","_1TB_294원/1GB_293,680|_500GB_308원/1GB_153,990"
98226905,GIGABYTE Gen4 4000E M.2 NVMe 피씨디렉트,"_1TB_262원/1GB_261,740|_500 GB_325원/1GB_162,630","_1TB_262원/1GB_261,740|_500 GB_325원/1GB_162,630","_1TB_262원/1GB_261,740|_500 GB_325원/1GB_162,630","_1TB_262원/1GB_261,740|_500 GB_325원/1GB_162,630"
16662584,GIGABYTE SSD 제이씨현,"1TB_260원/1GB_259,820|_480GB_286원/1GB_137,490|_240GB_305원/1GB_73,150","1TB_260원/1GB_259,820|_480GB_286원/1GB_137,490|_240GB_305원/1GB_73,150","1TB_260원/1GB_259,820|_480GB_280원/1GB_134,430|_240GB_317원/1GB_75,990","1TB_260원/1GB_259,820|_480GB_280원/1GB_134,430|_240GB_316원/1GB_75,906"
122724350,GUDGA GSM1500 M.2 NVMe,256GB_가격비교예정,256GB_가격비교예정,256GB_가격비교예정,256GB_가격비교예정
122710002,GUDGA GVR M.2 NVMe,"256GB_328원/1GB_84,000","256GB_328원/1GB_84,000","256GB_328원/1GB_84,000","256GB_328원/1GB_84,000"
103128794,GUDGA GXF M.2 NVMe,"_1TB_258원/1GB_258,000|_512GB_297원/1GB_152,000","_1TB_258원/1GB_258,000|_512GB_297원/1GB_152,000","_1TB_258원/1GB_258,000|_512GB_297원/1GB_152,000","_1TB_258원/1GB_258,000|_512GB_297원/1GB_152,000"
103128803,GUDGA GXF M.2 NVMe,"_1TB_258원/1GB_258,000|_512GB_297원/1GB_152,000","_1TB_258원/1GB_258,000|_512GB_297원/1GB_152,000","_1TB_258원/1GB_258,000|_512GB_297원/1GB_152,000","_1TB_258원/1GB_258,000|_512GB_297원/1GB_152,000"
33332441,HIKSEMI E100,"1TB_212원/1GB_212,270","1TB_212원/1GB_212,270","1TB_212원/1GB_212,270","1TB_212원/1GB_212,270"
19807334,HIKSEMI E3000 M.2 NVMe,"1TB_234원/1GB_233,630","1TB_234원/1GB_233,630","1TB_234원/1GB_233,630","1TB_234원/1GB_233,630"
67847015,HIKSEMI FUTURE Lite M.2 NVMe,"_1TB_273원/1GB_272,710|_512GB_336원/1GB_172,270","_1TB_273원/1GB_272,710|_512GB_336원/1GB_172,270","_1TB_273원/1GB_272,710|_512GB_336원/1GB_172,270","_1TB_273원/1GB_272,710|_512GB_336원/1GB_172,270"
28771175,HIKSEMI FUTURE M.2 NVMe,"_4TB_227원/1GB_909,990|2TB_243원/1GB_485,160|1TB_288원/1GB_287,510|_512GB_371원/1GB_189,900","_4TB_227원/1GB_909,990|2TB_243원/1GB_485,130|1TB_288원/1GB_287,510|_512GB_371원/1GB_189,900","_4TB_227원/1GB_909,990|2TB_243원/1GB_485,130|1TB_288원/1GB_287,510|_512GB_371원/1GB_189,900","_4TB_227원/1GB_909,990|2TB_243원/1GB_485,120|1TB_288원/1GB_287,510|_512GB_371원/1GB_189,900"
28772480,HIKSEMI WAVE,"1TB_265원/1GB_265,000|_512GB_244원/1GB_124,960|256GB_302원/1GB_77,310|_128GB_343원/1GB_43,940","1TB_265원/1GB_265,000|_512GB_244원/1GB_124,960|256GB_302원/1GB_77,310|_128GB_343원/1GB_43,940","1TB_265원/1GB_265,000|_512GB_244원/1GB_124,810|256GB_302원/1GB_77,310|_128GB_343원/1GB_43,940","1TB_265원/1GB_265,000|_512GB_244원/1GB_124,810|256GB_302원/1GB_77,310|_128GB_343원/1GB_43,940"
122713468,HIKSEMI WAVE(P) M.2 NVMe,"_512GB_267원/1GB_136,470|_256GB_327원/1GB_83,650","_512GB_268원/1GB_137,470|_256GB_327원/1GB_83,650","_512GB_271원/1GB_138,880|_256GB_327원/1GB_83,650","_512GB_271원/1GB_138,850|_256GB_327원/1GB_83,650"
122681544,HIKSEMI WAVE(P) M.2 NVMe,"_512GB_267원/1GB_136,470|_256GB_327원/1GB_83,650","_512GB_268원/1GB_137,470|_256GB_327원/1GB_83,650","_512GB_271원/1GB_138,880|_256GB_327원/1GB_83,650","_512GB_271원/1GB_138,850|_256GB_327원/1GB_83,650"
28772096,HIKSEMI Wave Pro(P) M.2 NVMe,"1024GB_269원/1GB_275,000|_512GB_337원/1GB_172,620|_256GB_332원/1GB_85,090","1024GB_269원/1GB_275,000|_512GB_337원/1GB_172,620|_256GB_332원/1GB_85,090","1024GB_269원/1GB_275,000|_512GB_337원/1GB_172,620|_256GB_332원/1GB_85,090","1024GB_269원/1GB_275,000|_512GB_337원/1GB_172,620|_256GB_332원/1GB_85,090"
12636368,HP EX900 PRO M.2 NVMe,"1TB_252원/1GB_252,200","1TB_252원/1GB_252,200","1TB_252원/1GB_252,200","1TB_252원/1GB_252,200"
18358799,HP EX900 Plus M.2 NVMe,"2TB_169원/1GB_338,880","2TB_169원/1GB_338,880","2TB_169원/1GB_338,880","2TB_169원/1GB_338,880"
9332742,HP EX950 M.2 NVMe 해외구매,"2TB_179원/1GB_358,900","2TB_179원/1GB_358,900","2TB_179원/1GB_358,900","2TB_179원/1GB_358,900"
32664824,HP FX700 M.2 NVMe,"_1TB_247원/1GB_247,400|_512GB_329원/1GB_168,650","_1TB_247원/1GB_247,400|_512GB_329원/1GB_168,650",0,0
28478759,HP FX900 Pro M.2 NVMe,"_4TB_209원/1GB_836,610|1TB_361원/1GB_361,080|_512GB_401원/1GB_205,540","_4TB_209원/1GB_836,610|1TB_361원/1GB_361,080|_512GB_401원/1GB_205,540","_4TB_209원/1GB_836,610|1TB_361원/1GB_361,080|_512GB_401원/1GB_205,540","_4TB_209원/1GB_836,610|1TB_361원/1GB_361,080|_512GB_401원/1GB_205,540"
12636665,HP S750,"2TB_266원/1GB_531,000|_1TB_208원/1GB_208,450|_512GB_252원/1GB_128,900","2TB_266원/1GB_531,000|_1TB_208원/1GB_208,450|_512GB_252원/1GB_128,900","2TB_266원/1GB_531,000|_1TB_208원/1GB_208,450|_512GB_252원/1GB_128,900","2TB_266원/1GB_531,000|_1TB_208원/1GB_208,450|_512GB_252원/1GB_128,900"
78530153,ICY DOCK ExpressSlot Core MB312M4P-B,"209,000","209,000","209,000","209,000"
12194252,ICY DOCK MB705M2P-B EZConvert,"62,000","62,000","62,000","62,000"
3490144,ICY DOCK 듀얼 2.5 to 3.5 HDD/SSD 브라켓 (MB290SP-B),"7,940","7,940","7,940","7,940"
122632999,KingBank KP260 Plus M.2 NVMe 해외구매,"1TB_439원/1GB_438,840","1TB_439원/1GB_438,840","1TB_439원/1GB_438,840","1TB_439원/1GB_438,840"
122633403,KingBank KP270 M.2 NVMe 해외구매,"1TB_335원/1GB_335,400","1TB_335원/1GB_335,400","1TB_335원/1GB_335,400","1TB_335원/1GB_335,400"
6246397,KingDian S390,"_512GB_226원/1GB_115,950|256GB_265원/1GB_67,730|_128GB_283원/1GB_36,180","_512GB_226원/1GB_115,950|256GB_264원/1GB_67,700|_128GB_282원/1GB_36,150","_512GB_226원/1GB_115,950|256GB_264원/1GB_67,700|_128GB_282원/1GB_36,150","_512GB_226원/1GB_115,950|256GB_264원/1GB_67,690|_128GB_282원/1GB_36,150"
93628481,Lexar NM1090 PRO M.2 NVMe 해외구매,"_4TB_188원/1GB_753,700|2TB_327원/1GB_654,080|_1TB_471원/1GB_471,400","_4TB_188원/1GB_753,700|2TB_327원/1GB_654,080|_1TB_471원/1GB_471,400","_4TB_188원/1GB_753,700|2TB_327원/1GB_654,080|_1TB_471원/1GB_471,400","_4TB_188원/1GB_753,700|2TB_327원/1GB_654,080|_1TB_471원/1GB_471,400"
53781161,Lexar NM610 PRO M.2 NVMe 해외구매,"2TB_196원/1GB_391,020","2TB_196원/1GB_391,020","2TB_196원/1GB_391,020","2TB_196원/1GB_391,020"
18150146,Lexar NM620 M.2 NVMe,"_512GB_300원/1GB_153,400|_256GB_412원/1GB_105,550","_512GB_300원/1GB_153,400|_256GB_412원/1GB_105,540",0,0
18150428,Lexar NM620 M.2 NVMe,0,0,"_512GB_300원/1GB_153,400|_256GB_412원/1GB_105,540","_512GB_291원/1GB_149,070|_256GB_410원/1GB_105,040"
29888366,Lexar NM790 M.2 NVMe,"1TB_296원/1GB_296,000","1TB_296원/1GB_296,000","1TB_296원/1GB_296,000","1TB_296원/1GB_296,000"
7162801,Lexar NS100,"_512GB_204원/1GB_104,390|_256GB_259원/1GB_66,390","_512GB_204원/1GB_104,390|_256GB_259원/1GB_66,390","_512GB_206원/1GB_105,490|_256GB_262원/1GB_67,090","_512GB_206원/1GB_105,490|_256GB_262원/1GB_67,090"
122616448,Lexar PLAY X M.2 2230 NVMe,"_1TB_368,990|_512GB_635원/1GB_325,130","_1TB_368,990|_512GB_635원/1GB_325,110","_1TB_368,990|_512GB_635원/1GB_325,020","_1TB_368,990|_512GB_635원/1GB_324,990"
108407147,LinkMore XE-430 PRO M.2 2230 NVMe 해외구매,"1TB_264원/1GB_263,800","1TB_271원/1GB_270,640","1TB_271원/1GB_270,640","1TB_271원/1GB_270,640"
122691130,Longsys FORESEE XP2300F M.2 NVMe 벌크,"256GB_255원/1GB_65,240","256GB_255원/1GB_65,240","256GB_254원/1GB_65,150","256GB_254원/1GB_65,120"
103125200,M.2 SSD 고정용 나사,"_32개입_9,580|_24개입_7,980|10개입_790|5개입_2,180|1개입_180","_32개입_9,580|_24개입_7,980|10개입_790|5개입_2,180|1개입_180","_32개입_9,580|_24개입_7,980|10개입_790|5개입_2,180|1개입_180","_32개입_9,580|_24개입_7,980|10개입_790|5개입_2,180|1개입_180"
15725393,MG BX3510 하드보관함,"34,000","34,000","34,000","34,000"
15725492,MG BX3826 하드보관함,"34,000","34,000","34,000","34,000"
105182066,MMOMENT MG44 M.2 NVMe 해외구매,"2TB_264원/1GB_527,910","2TB_264원/1GB_527,910","2TB_268원/1GB_536,080","2TB_268원/1GB_536,080"
78173954,MSI SPATIUM M450 V1 M.2 NVMe,"_1TB_251원/1GB_250,530|_500GB_346원/1GB_172,990","_1TB_251원/1GB_250,530|_500GB_346원/1GB_172,990","_1TB_251원/1GB_250,530|_500GB_346원/1GB_172,990","_1TB_251원/1GB_250,530|_500GB_346원/1GB_172,990"
123681639,MSI SPATIUM M452 M.2 NVMe 해외구매,"500GB_415원/1GB_207,720","500GB_420원/1GB_209,860","500GB_420원/1GB_209,860","500GB_426원/1GB_213,110"
20693714,MSI SPATIUM M480 PRO M.2 NVMe,"_2TB_296원/1GB_591,510|_1TB_379원/1GB_379,000","_2TB_296원/1GB_591,510|_1TB_379원/1GB_379,000","_2TB_296원/1GB_591,510|_1TB_379원/1GB_379,000","_2TB_296원/1GB_591,510|_1TB_379원/1GB_379,000"
32105957,MSI SPATIUM M480 PRO M.2 NVMe 해외구매,"_4TB_381원/1GB_1,522,960|2TB_262원/1GB_524,000|_1TB_212원/1GB_211,890","_4TB_381원/1GB_1,522,960|2TB_262원/1GB_524,000|_1TB_212원/1GB_211,890","4TB_381원/1GB_1,522,960|_2TB_262원/1GB_524,000|_1TB_212원/1GB_211,890","4TB_381원/1GB_1,522,960|_2TB_262원/1GB_524,000|_1TB_212원/1GB_211,890"
93440663,MSI SPATIUM M560 M.2 NVMe,"1TB_380원/1GB_379,900","1TB_380원/1GB_379,900","1TB_380원/1GB_379,900","1TB_380원/1GB_379,900"
4645937,ORICO 1125SS 변환 가이드,"12,900","13,290","13,290","13,290"
85658687,ORICO D2SS-6G 변환 가이드 해외구매,"12,500","12,500","9,990","9,990"
1759667,ORICO PHP-35 HDD보관함,"6,200","6,200","6,200","6,200"
1659778,ORICO PHX-35 하드 보호케이스,"5,500","5,500","5,500","5,500"
58119458,OWC U2 ShuttleOne M.2 NVMe to U.2 컨버터 서린,"59,000","59,000","59,000","59,000"
105181823,Oreton N7000 M.2 NVMe,"4TB_254원/1GB_1,015,300|_2TB_260원/1GB_519,200|_1TB_444원/1GB_444,400","4TB_254원/1GB_1,015,300|_2TB_260원/1GB_519,200|_1TB_444원/1GB_444,400","4TB_254원/1GB_1,015,300|_2TB_260원/1GB_519,200|_1TB_444원/1GB_444,400","4TB_254원/1GB_1,015,300|_2TB_260원/1GB_519,200|_1TB_444원/1GB_444,400"
21648833,PATRIOT P220,"2TB_270원/1GB_540,490|_1TB_239원/1GB_239,000|_512GB_303원/1GB_155,000|256GB_270원/1GB_69,000|128GB_437원/1GB_55,990","2TB_270원/1GB_540,490|_1TB_239원/1GB_239,000|_512GB_303원/1GB_155,000|256GB_270원/1GB_69,000|128GB_437원/1GB_55,990","2TB_270원/1GB_540,490|1TB_239원/1GB_239,000|_512GB_303원/1GB_154,990|_256GB_270원/1GB_69,000|128GB_437원/1GB_55,990","2TB_270원/1GB_540,490|1TB_239원/1GB_239,000|_512GB_303원/1GB_154,990|_256GB_270원/1GB_69,000|128GB_437원/1GB_55,990"
76509521,PATRIOT P220 QLC,"2TB_264원/1GB_528,220|_1TB_259원/1GB_258,990|512GB_302원/1GB_154,800|256GB_322원/1GB_82,470|_128GB_429원/1GB_54,850","2TB_264원/1GB_528,220|_1TB_259원/1GB_258,990|512GB_302원/1GB_154,800|256GB_322원/1GB_82,470|_128GB_429원/1GB_54,850","_2TB_264원/1GB_528,220|_1TB_259원/1GB_258,990|512GB_302원/1GB_154,800|256GB_322원/1GB_82,380|128GB_429원/1GB_54,850","_2TB_264원/1GB_528,220|_1TB_259원/1GB_258,990|512GB_302원/1GB_154,800|256GB_322원/1GB_82,350|128GB_429원/1GB_54,850"
12825845,PATRIOT P300 M.2 NVMe,"2TB_247원/1GB_494,990|_1TB_270원/1GB_270,270|_512GB_291원/1GB_149,140|256GB_418원/1GB_106,890|128GB_587원/1GB_75,190","2TB_247원/1GB_494,990|_1TB_270원/1GB_270,270|_512GB_291원/1GB_149,140|256GB_418원/1GB_106,890|128GB_587원/1GB_75,190","2TB_247원/1GB_494,990|_1TB_270원/1GB_270,270|_512GB_291원/1GB_149,140|256GB_418원/1GB_106,890|128GB_587원/1GB_75,190","2TB_247원/1GB_494,990|_1TB_270원/1GB_270,270|_512GB_291원/1GB_149,140|256GB_418원/1GB_106,890|128GB_587원/1GB_75,190"
76875305,PATRIOT P400 Lite M.2 NVMe,"_2TB_256원/1GB_511,600|_1TB_271원/1GB_271,000|500GB_322원/1GB_161,000","_2TB_256원/1GB_511,600|_1TB_271원/1GB_271,000|500GB_322원/1GB_161,000","_2TB_256원/1GB_511,600|_1TB_271원/1GB_271,000|500GB_322원/1GB_161,000","_2TB_256원/1GB_511,600|_1TB_271원/1GB_271,000|500GB_322원/1GB_161,000"
106721555,PATRIOT P410 M.2 NVMe,"_1TB_288원/1GB_287,960|_500GB_342원/1GB_170,960","_1TB_288원/1GB_287,960|_500GB_342원/1GB_170,960","_1TB_288원/1GB_287,960|_500GB_342원/1GB_170,960","_1TB_288원/1GB_287,960|_500GB_342원/1GB_170,960"
106721561,PATRIOT P410 M.2 NVMe,"_1TB_288원/1GB_287,960|_500GB_342원/1GB_170,960","_1TB_288원/1GB_287,960|_500GB_342원/1GB_170,960","_1TB_288원/1GB_287,960|_500GB_342원/1GB_170,960","_1TB_288원/1GB_287,960|_500GB_342원/1GB_170,960"
106747226,PATRIOT P410 M.2 NVMe 해외구매,"1TB_332원/1GB_331,600","1TB_332원/1GB_331,590","1TB_346원/1GB_346,000","1TB_346원/1GB_346,000"
106223282,PATRIOT VIPER VP4300 M.2 NVMe,"_2TB_293원/1GB_586,050|_1TB_370원/1GB_369,900","_2TB_293원/1GB_586,050|_1TB_370원/1GB_369,900","_2TB_293원/1GB_586,050|_1TB_370원/1GB_369,810","_2TB_293원/1GB_586,050|_1TB_370원/1GB_369,780"
13137749,PNY CS1031 Gen3 M.2 NVMe 제이씨현,"_500GB_330원/1GB_164,990|_256GB_332원/1GB_84,970","_500GB_330원/1GB_164,990|_256GB_332원/1GB_84,970","_500GB_330원/1GB_164,990|_256GB_332원/1GB_84,970","_500GB_330원/1GB_164,990|_256GB_332원/1GB_84,970"
71427395,PNY CS2241 M.2 NVMe 제이씨현,"500GB_318원/1GB_158,990","500GB_318원/1GB_158,990","500GB_318원/1GB_158,990","500GB_318원/1GB_158,990"
48001118,PNY CS2241 M.2 NVMe 해외구매,"1TB_154원/1GB_154,170","1TB_154원/1GB_154,170","1TB_154원/1GB_154,170","1TB_154원/1GB_154,170"
17970794,PNY CS900 제이씨현,"_1TB_219원/1GB_219,390|500GB_249원/1GB_124,690|_250GB_300원/1GB_74,980","_1TB_219원/1GB_219,390|500GB_249원/1GB_124,690|_250GB_300원/1GB_74,980","_1TB_219원/1GB_219,390|500GB_249원/1GB_124,690|_250GB_300원/1GB_74,980","_1TB_219원/1GB_219,390|500GB_249원/1GB_124,690|_250GB_300원/1GB_74,980"
14958056,SK하이닉스 BC711 M.2 NVMe 벌크,"_512GB_328원/1GB_167,990|_256GB_422원/1GB_108,000|128GB_1,172원/1GB_150,000","_512GB_328원/1GB_167,990|_256GB_422원/1GB_108,000|128GB_1,172원/1GB_150,000","_512GB_328원/1GB_167,990|_256GB_422원/1GB_108,000|128GB_1,172원/1GB_150,000","_512GB_328원/1GB_167,990|_256GB_422원/1GB_108,000|128GB_1,172원/1GB_150,000"
18796625,SK하이닉스 BC711 M.2 NVMe 중고,"_512GB_389원/1GB_199,000|_256GB_286원/1GB_73,190","_512GB_389원/1GB_199,000|_256GB_286원/1GB_73,190","_512GB_389원/1GB_199,000|_256GB_286원/1GB_73,190","_512GB_389원/1GB_199,000|_256GB_286원/1GB_73,190"
97838573,SK하이닉스 BC901 M.2 NVMe 벌크,"1TB_300원/1GB_299,970|_512GB_304원/1GB_155,900|_256GB_306원/1GB_78,270","1TB_300원/1GB_299,970|_512GB_304원/1GB_155,900|_256GB_306원/1GB_78,240","1TB_300원/1GB_299,970|_512GB_304원/1GB_155,900|_256GB_305원/1GB_78,160","1TB_300원/1GB_299,970|_512GB_304원/1GB_155,900|_256GB_305원/1GB_78,120"
13161338,SK하이닉스 Gold P31 M.2 NVMe,"_2TB_335원/1GB_670,000|_1TB_366원/1GB_365,850|500GB_694원/1GB_347,000","_2TB_335원/1GB_670,000|_1TB_366원/1GB_365,850|500GB_694원/1GB_347,000","_2TB_335원/1GB_670,000|_1TB_366원/1GB_365,850|500GB_694원/1GB_347,000","_2TB_335원/1GB_670,000|_1TB_366원/1GB_365,850|500GB_694원/1GB_347,000"
105180698,SK하이닉스 Gold P31 M.2 NVMe 중고,"_2TB_244원/1GB_488,280|_1TB_335원/1GB_335,230|500GB_426원/1GB_212,900","_2TB_244원/1GB_488,280|_1TB_335원/1GB_335,230|500GB_426원/1GB_212,900","_2TB_244원/1GB_488,280|_1TB_335원/1GB_335,220|500GB_426원/1GB_212,900","_2TB_244원/1GB_488,280|_1TB_335원/1GB_335,220|500GB_426원/1GB_212,900"
122698776,SK하이닉스 PC601 M.2 NVMe 중고,"_512GB_214원/1GB_109,470|_256GB_293원/1GB_75,000","_512GB_214원/1GB_109,430|_256GB_293원/1GB_75,000","_512GB_214원/1GB_109,430|_256GB_293원/1GB_75,000","_512GB_214원/1GB_109,430|_256GB_293원/1GB_75,000"
19826411,SK하이닉스 PC801 M.2 NVMe 벌크,"1TB_321원/1GB_321,490|_512GB_363원/1GB_185,990|_256GB_301원/1GB_76,990","1TB_321원/1GB_321,490|_512GB_363원/1GB_185,990|_256GB_301원/1GB_76,990","1TB_321원/1GB_321,490|_512GB_363원/1GB_185,990|_256GB_301원/1GB_76,990","1TB_321원/1GB_321,490|_512GB_363원/1GB_185,990|_256GB_301원/1GB_76,990"
98920067,SK하이닉스 PVC10 M.2 2242 NVMe 벌크,"_512GB_350원/1GB_179,000|_256GB_309원/1GB_78,990","_512GB_350원/1GB_179,000|_256GB_309원/1GB_78,990","_512GB_350원/1GB_179,000|_256GB_309원/1GB_78,990","_512GB_350원/1GB_179,000|_256GB_309원/1GB_78,990"
106737650,SK하이닉스 PVC10 M.2 NVMe 벌크,"_1TB_450원/1GB_450,000|_512GB_350원/1GB_179,000","_1TB_450원/1GB_449,990|_512GB_350원/1GB_179,000","_1TB_454원/1GB_453,600|_512GB_350원/1GB_179,000","_1TB_454원/1GB_453,570|_512GB_350원/1GB_179,000"
106737653,SK하이닉스 PVC10 M.2 NVMe 벌크,"_1TB_450원/1GB_450,000|_512GB_350원/1GB_179,000","_1TB_450원/1GB_449,990|_512GB_350원/1GB_179,000","_1TB_454원/1GB_453,600|_512GB_350원/1GB_179,000","_1TB_454원/1GB_453,570|_512GB_350원/1GB_179,000"
17001050,SK하이닉스 Platinum P41 M.2 NVMe,"_2TB_325원/1GB_649,990|_1TB_359원/1GB_359,000|500GB_538원/1GB_269,000","_2TB_321원/1GB_642,000|_1TB_359원/1GB_359,000|500GB_538원/1GB_269,000","_2TB_321원/1GB_642,000|_1TB_359원/1GB_359,000|500GB_538원/1GB_269,000","_2TB_321원/1GB_642,000|_1TB_359원/1GB_359,000|500GB_538원/1GB_269,000"
62653439,SK하이닉스 Platinum P41 M.2 NVMe 병행수입,"_2TB_294원/1GB_588,120|_1TB_417원/1GB_417,490","_2TB_294원/1GB_588,090|_1TB_418원/1GB_418,400","_2TB_294원/1GB_588,010|_1TB_418원/1GB_418,400","_2TB_294원/1GB_587,980|_1TB_418원/1GB_418,400"
102754202,SK하이닉스 Platinum P41 M.2 NVMe 중고,0,0,"_1TB_346원/1GB_346,000|_2TB_289원/1GB_578,920|500GB_632원/1GB_316,000","_1TB_346원/1GB_346,000|_2TB_289원/1GB_578,920|500GB_632원/1GB_316,000"
17398064,SK하이닉스 Platinum P41 M.2 NVMe 해외구매,"2TB_307원/1GB_614,790|_1TB_255원/1GB_254,800|_500GB_421원/1GB_210,500","2TB_307원/1GB_614,770|_1TB_255원/1GB_254,800|_500GB_421원/1GB_210,500","2TB_307원/1GB_614,680|_1TB_255원/1GB_254,800|_500GB_421원/1GB_210,500","2TB_307원/1GB_614,650|_1TB_255원/1GB_254,800|_500GB_421원/1GB_210,500"
72823133,SK하이닉스 Platinum P51 M.2 NVMe,"_2TB_479원/1GB_958,000|_1TB_634원/1GB_634,250","_2TB_479원/1GB_958,000|_1TB_634원/1GB_634,250","_2TB_479원/1GB_958,000|_1TB_634원/1GB_634,250","_2TB_479원/1GB_958,000|_1TB_634원/1GB_634,250"
92187014,SK하이닉스 Platinum P51 M.2 NVMe 병행수입,"_2TB_418원/1GB_835,560|_1TB_653원/1GB_653,440","_2TB_418원/1GB_835,560|_1TB_653원/1GB_653,440","_2TB_418원/1GB_835,560|_1TB_653원/1GB_653,440","_2TB_418원/1GB_835,560|_1TB_653원/1GB_653,440"
90116603,SK하이닉스 Silver S32,"_2TB_216원/1GB_432,000|_1TB_268원/1GB_268,000|500GB_378원/1GB_189,000","_2TB_216원/1GB_432,000|_1TB_268원/1GB_268,000|500GB_378원/1GB_189,000","_2TB_216원/1GB_432,000|_1TB_268원/1GB_268,000|500GB_378원/1GB_189,000","_2TB_216원/1GB_432,000|_1TB_268원/1GB_268,000|500GB_378원/1GB_189,000"
10991451,STCOM STORM SSD,"480GB_202원/1GB_97,000","480GB_202원/1GB_97,000","480GB_202원/1GB_97,000","480GB_188원/1GB_90,000"
104947865,Sabrent 4-Drive M.2 NVMe to PCIe 카드 해외구매 (EC-P4BF),"188,500","188,500","188,500","188,500"
13645796,Sabrent Rocket Q M.2 NVMe 해외구매,"1TB_178원/1GB_178,460","1TB_178원/1GB_178,460","1TB_178원/1GB_178,460","1TB_178원/1GB_178,460"
31284551,Sandisk Extreme M.2 NVMe,"_2TB_356원/1GB_712,200|_1TB_330원/1GB_330,310|500GB_396원/1GB_197,890","_2TB_356원/1GB_712,200|_1TB_330원/1GB_330,310|500GB_396원/1GB_197,860",0,0
31284620,Sandisk Extreme M.2 NVMe,0,0,"_2TB_356원/1GB_712,200|_1TB_330원/1GB_330,310|500GB_396원/1GB_197,860","_2TB_356원/1GB_712,200|_1TB_330원/1GB_330,310|500GB_396원/1GB_197,860"
122669740,Sandisk Optimus 5100 M.2 NVMe,"4TB_286원/1GB_1,144,040|2TB_337원/1GB_674,970|_1TB_363원/1GB_363,320|_500GB_377원/1GB_188,500","4TB_286원/1GB_1,144,040|2TB_337원/1GB_674,970|_1TB_363원/1GB_363,320|_500GB_377원/1GB_188,500","4TB_286원/1GB_1,144,040|2TB_337원/1GB_674,970|_1TB_363원/1GB_363,320|_500GB_377원/1GB_188,500","4TB_286원/1GB_1,144,040|2TB_337원/1GB_674,970|_1TB_363원/1GB_363,320|_500GB_377원/1GB_188,500"
122669752,Sandisk Optimus 5100 M.2 NVMe,"4TB_286원/1GB_1,144,040|2TB_337원/1GB_674,970|_1TB_363원/1GB_363,320|_500GB_377원/1GB_188,500","4TB_286원/1GB_1,144,040|2TB_337원/1GB_674,970|_1TB_363원/1GB_363,320|_500GB_377원/1GB_188,500","4TB_286원/1GB_1,144,040|2TB_337원/1GB_674,970|_1TB_363원/1GB_363,320|_500GB_377원/1GB_188,500","4TB_286원/1GB_1,144,040|2TB_337원/1GB_674,970|_1TB_363원/1GB_363,320|_500GB_377원/1GB_188,500"
122704940,Sandisk Optimus 5100 M.2 NVMe 해외구매,"2TB_325원/1GB_650,150","2TB_325원/1GB_650,120","2TB_325원/1GB_650,040","2TB_325원/1GB_650,000"
122669509,Sandisk Optimus GX 7100 M.2 NVMe,"4TB_418원/1GB_1,670,040|2TB_432원/1GB_864,140|_1TB_440원/1GB_439,570|_500GB_460원/1GB_229,800","4TB_418원/1GB_1,670,040|2TB_432원/1GB_864,140|_1TB_440원/1GB_439,570|_500GB_460원/1GB_229,800","4TB_418원/1GB_1,670,040|2TB_432원/1GB_864,140|_1TB_440원/1GB_439,570|_500GB_460원/1GB_229,800","4TB_418원/1GB_1,670,040|2TB_432원/1GB_864,140|_1TB_440원/1GB_439,570|_500GB_460원/1GB_229,800"
122669528,Sandisk Optimus GX 7100 M.2 NVMe,"4TB_418원/1GB_1,670,040|2TB_432원/1GB_864,140|_1TB_440원/1GB_439,570|_500GB_460원/1GB_229,800","4TB_418원/1GB_1,670,040|2TB_432원/1GB_864,140|_1TB_440원/1GB_439,570|_500GB_460원/1GB_229,800","4TB_418원/1GB_1,670,040|2TB_432원/1GB_864,140|_1TB_440원/1GB_439,570|_500GB_460원/1GB_229,800","4TB_418원/1GB_1,670,040|2TB_432원/1GB_864,140|_1TB_440원/1GB_439,570|_500GB_460원/1GB_229,800"
122676681,Sandisk Optimus GX 7100 M.2 NVMe 해외구매,"2TB_409원/1GB_818,480|_1TB_371원/1GB_371,100|_500GB_484원/1GB_241,800","2TB_409원/1GB_818,480|_1TB_371원/1GB_371,100|_500GB_484원/1GB_241,800","2TB_409원/1GB_818,480|_1TB_371원/1GB_371,100|_500GB_484원/1GB_241,800","2TB_409원/1GB_818,480|_1TB_371원/1GB_371,100|_500GB_484원/1GB_241,800"
122669612,Sandisk Optimus GX 7100M M.2 2230 NVMe,"_2TB_436원/1GB_872,500|_1TB_447원/1GB_446,500","_2TB_436원/1GB_872,500|_1TB_447원/1GB_446,500","_2TB_436원/1GB_872,500|_1TB_447원/1GB_446,500","_2TB_436원/1GB_872,500|_1TB_447원/1GB_446,500"
122669603,Sandisk Optimus GX 7100M M.2 2230 NVMe,"_2TB_436원/1GB_872,500|_1TB_447원/1GB_446,500","_2TB_436원/1GB_872,500|_1TB_447원/1GB_446,500","_2TB_436원/1GB_872,500|_1TB_447원/1GB_446,500","_2TB_436원/1GB_872,500|_1TB_447원/1GB_446,500"
122683874,Sandisk Optimus GX 7100M M.2 2230 NVMe 해외구매,"_2TB_442원/1GB_884,490|_1TB_435원/1GB_435,490","_2TB_442원/1GB_884,490|_1TB_435원/1GB_435,490","_2TB_442원/1GB_884,490|_1TB_435원/1GB_435,490","_2TB_442원/1GB_884,490|_1TB_435원/1GB_435,490"
122668549,Sandisk Optimus GX PRO 8100 M.2 NVMe,"8TB_516원/1GB_4,124,800|4TB_518원/1GB_2,071,400|_2TB_528원/1GB_1,055,820|_1TB_574원/1GB_573,970","8TB_516원/1GB_4,124,800|4TB_518원/1GB_2,071,400|_2TB_528원/1GB_1,055,820|_1TB_574원/1GB_573,970","8TB_516원/1GB_4,124,800|4TB_518원/1GB_2,071,400|_2TB_528원/1GB_1,055,820|_1TB_574원/1GB_573,970","8TB_516원/1GB_4,124,800|4TB_518원/1GB_2,071,400|_2TB_528원/1GB_1,055,820|_1TB_574원/1GB_573,970"
106047668,Sandisk Optimus GX PRO 8100 M.2 NVMe 해외구매,"_4TB_831원/1GB_3,324,200|_1TB_815원/1GB_815,410","_4TB_831원/1GB_3,324,200|_1TB_815원/1GB_815,410","_4TB_831원/1GB_3,324,200|_1TB_815원/1GB_815,410","_4TB_831원/1GB_3,324,200|_1TB_815원/1GB_815,410"
122669264,Sandisk Optimus GX PRO 8100 히트싱크 M.2 NVMe,"_8TB_527원/1GB_4,219,990|4TB_542원/1GB_2,168,790|2TB_533원/1GB_1,065,500|_1TB_612원/1GB_611,990","_8TB_527원/1GB_4,219,990|4TB_542원/1GB_2,168,790|2TB_533원/1GB_1,065,500|_1TB_612원/1GB_611,990","_8TB_527원/1GB_4,219,990|4TB_542원/1GB_2,168,790|2TB_533원/1GB_1,065,500|_1TB_612원/1GB_611,990","_8TB_527원/1GB_4,219,990|4TB_542원/1GB_2,168,790|2TB_533원/1GB_1,065,500|_1TB_612원/1GB_611,990"
122667989,Sandisk Optimus GX PRO 850X M.2 NVMe,"_8TB_480원/1GB_3,837,730|4TB_479원/1GB_1,917,840|2TB_509원/1GB_1,017,550|_1TB_517원/1GB_516,750","_8TB_480원/1GB_3,837,730|4TB_479원/1GB_1,917,840|2TB_509원/1GB_1,017,550|_1TB_517원/1GB_516,750","_8TB_480원/1GB_3,837,730|4TB_479원/1GB_1,917,840|2TB_509원/1GB_1,017,550|_1TB_517원/1GB_516,750","_8TB_480원/1GB_3,837,730|4TB_479원/1GB_1,917,840|2TB_509원/1GB_1,017,550|_1TB_517원/1GB_516,750"
122668205,Sandisk Optimus GX PRO 850X 히트싱크 M.2 NVMe,"_8TB_493원/1GB_3,940,490|4TB_492원/1GB_1,968,590|_2TB_528원/1GB_1,055,790|1TB_557원/1GB_557,030","_8TB_493원/1GB_3,940,490|4TB_492원/1GB_1,968,590|_2TB_528원/1GB_1,055,790|1TB_557원/1GB_557,030","8TB_493원/1GB_3,940,490|4TB_492원/1GB_1,968,590|_2TB_528원/1GB_1,055,790|_1TB_557원/1GB_557,030","8TB_493원/1GB_3,940,490|4TB_492원/1GB_1,968,590|_2TB_528원/1GB_1,055,790|_1TB_557원/1GB_557,030"
122668191,Sandisk Optimus GX PRO 850X 히트싱크 M.2 NVMe,"_8TB_493원/1GB_3,940,490|4TB_492원/1GB_1,968,590|_2TB_528원/1GB_1,055,790|1TB_557원/1GB_557,030","_8TB_493원/1GB_3,940,490|4TB_492원/1GB_1,968,590|_2TB_528원/1GB_1,055,790|1TB_557원/1GB_557,030","8TB_493원/1GB_3,940,490|4TB_492원/1GB_1,968,590|_2TB_528원/1GB_1,055,790|_1TB_557원/1GB_557,030","8TB_493원/1GB_3,940,490|4TB_492원/1GB_1,968,590|_2TB_528원/1GB_1,055,790|_1TB_557원/1GB_557,030"
7981891,Sandisk SSD PLUS,"_1TB_259원/1GB_259,430|_240GB_432원/1GB_103,780","_1TB_259원/1GB_259,430|_240GB_432원/1GB_103,780","_1TB_259원/1GB_259,430|_240GB_432원/1GB_103,780","_1TB_259원/1GB_259,430|_240GB_432원/1GB_103,780"
31284176,Sandisk SSD PLUS M.2 NVMe,"2TB_200원/1GB_399,900|_1TB_273원/1GB_273,490|_500GB_283원/1GB_141,290|250GB_453원/1GB_113,190","2TB_200원/1GB_399,900|_1TB_273원/1GB_273,450|_500GB_283원/1GB_141,290|250GB_456원/1GB_114,110","2TB_200원/1GB_399,900|_1TB_273원/1GB_273,450|_500GB_283원/1GB_141,290|250GB_456원/1GB_114,110","2TB_200원/1GB_399,900|_1TB_273원/1GB_273,450|_500GB_283원/1GB_141,290|250GB_456원/1GB_114,110"
5391601,Sandisk Ultra 3D,"4TB_296원/1GB_1,183,300|2TB_345원/1GB_689,990|_1TB_280원/1GB_279,910|_500GB_353원/1GB_176,410|250GB_564원/1GB_141,000","4TB_296원/1GB_1,183,300|2TB_345원/1GB_689,960|_1TB_280원/1GB_279,910|_500GB_353원/1GB_176,410|250GB_564원/1GB_141,000","4TB_296원/1GB_1,183,300|2TB_345원/1GB_689,960|_1TB_280원/1GB_279,910|_500GB_353원/1GB_176,410|250GB_564원/1GB_141,000","4TB_296원/1GB_1,183,300|2TB_345원/1GB_689,960|_1TB_280원/1GB_279,910|_500GB_353원/1GB_176,410|250GB_564원/1GB_141,000"
17947601,Seagate Game Drive for PS5 M.2 NVMe,"_2TB_250원/1GB_499,000|_1TB_392원/1GB_391,660","_2TB_250원/1GB_499,000|_1TB_392원/1GB_391,630","_2TB_250원/1GB_499,000|_1TB_392원/1GB_391,630","_2TB_250원/1GB_499,000|_1TB_392원/1GB_391,620"
39104663,Seagate 바라쿠다 PCIe M.2 NVMe,"_1TB_303원/1GB_303,030|_500GB_398원/1GB_198,990","_1TB_303원/1GB_303,030|_500GB_398원/1GB_198,990","_1TB_303원/1GB_303,030|_500GB_398원/1GB_198,990","_1TB_303원/1GB_303,030|_500GB_398원/1GB_198,990"
104614865,Seagate 바라쿠다 PCIe M.2 NVMe 병행수입,"500GB_309원/1GB_154,390","500GB_309원/1GB_154,390","500GB_309원/1GB_154,390","500GB_309원/1GB_154,390"
14742761,Seagate 바라쿠다 Q5 M.2 NVMe 해외구매,"500GB_207원/1GB_103,400","500GB_207원/1GB_103,400","500GB_207원/1GB_103,400","500GB_207원/1GB_103,400"
48648821,Seagate 바라쿠다 SATA SSD,"3.84TB_258원/1GB_990,000","3.84TB_258원/1GB_990,000","3.84TB_258원/1GB_990,000","3.84TB_258원/1GB_990,000"
109682216,Seagate 바라쿠다 SATA SSD 해외구매,"1TB_277원/1GB_283,220","1TB_277원/1GB_283,220","1TB_277원/1GB_283,220","1TB_277원/1GB_283,220"
14803478,Seagate 파이어쿠다 530 M.2 NVMe,"2TB_313원/1GB_625,000","2TB_313원/1GB_625,000","2TB_313원/1GB_625,000","2TB_313원/1GB_625,000"
61436369,Seagate 파이어쿠다 530R M.2 NVMe,"_4TB_294원/1GB_1,177,760|_2TB_281원/1GB_562,930","_4TB_294원/1GB_1,177,760|_2TB_281원/1GB_562,930","_4TB_297원/1GB_1,187,000|_2TB_281원/1GB_562,920","_4TB_297원/1GB_1,187,000|_2TB_281원/1GB_562,920"
72470909,Seagate 파이어쿠다 530R M.2 NVMe 해외구매,"1TB_249원/1GB_249,000","1TB_249원/1GB_249,000","1TB_249원/1GB_249,000","1TB_249원/1GB_249,000"
61436567,Seagate 파이어쿠다 530R 히트싱크 M.2 NVMe,"_4TB_250원/1GB_999,000|_2TB_288원/1GB_575,000","_4TB_250원/1GB_999,000|_2TB_288원/1GB_575,000","_4TB_250원/1GB_999,000|_2TB_288원/1GB_575,000","_4TB_250원/1GB_999,000|_2TB_288원/1GB_575,000"
20687681,Seagate 파이어쿠다 540 M.2 NVMe,"2TB_350원/1GB_699,000","2TB_350원/1GB_699,000","2TB_350원/1GB_699,000","2TB_350원/1GB_699,000"
108392288,Seagate 파이어쿠다 X1070 M.2 NVMe,"4TB_227원/1GB_909,090|_2TB_182원/1GB_363,090|_1TB_263원/1GB_262,990","4TB_227원/1GB_909,090|_2TB_182원/1GB_363,090|_1TB_263원/1GB_262,990","4TB_227원/1GB_909,090|_2TB_182원/1GB_363,090|_1TB_263원/1GB_262,990","4TB_227원/1GB_909,090|_2TB_430원/1GB_859,950|_1TB_263원/1GB_262,990"
108419903,Seagate 파이어쿠다 X1070 M.2 NVMe 해외구매,"_2TB_439원/1GB_878,650|_1TB_472원/1GB_471,500","_2TB_439원/1GB_878,650|_1TB_472원/1GB_471,500","_2TB_451원/1GB_901,440|_1TB_472원/1GB_471,500","_2TB_451원/1GB_901,440|_1TB_472원/1GB_471,500"
15863327,SilverStone SDP08-E SSD 가이드 STCOM,"10,360","10,360","10,360","10,360"
100619522,SilverStone SST-ECM40,"144,000","144,000","144,000","144,000"
108391418,SilverStone SST-ECS07 해외구매,"89,970","92,000","92,000","92,000"
92686442,SooPii M01 M.2 보관케이스,"4,890","4,890","4,890","4,890"
66139244,Synology SNV3410 M.2 NVMe 해외구매,"_800GB_726원/1GB_580,580|_400GB_1,321원/1GB_528,230","_800GB_726원/1GB_580,580|_400GB_1,321원/1GB_528,200","_800GB_726원/1GB_580,580|_400GB_1,321원/1GB_528,200","_800GB_726원/1GB_580,580|_400GB_1,321원/1GB_528,200"
97225280,TWSC CUSU C300,"_2TB_175원/1GB_349,990|_1TB_189원/1GB_189,000|512GB_252원/1GB_129,000|256GB_264원/1GB_67,500","_2TB_175원/1GB_349,990|_1TB_189원/1GB_189,000|512GB_252원/1GB_129,000|256GB_264원/1GB_67,500",0,0
97225286,TWSC CUSU C300,0,0,"_2TB_175원/1GB_349,990|1TB_189원/1GB_189,000|512GB_252원/1GB_129,000|_256GB_264원/1GB_67,500","_2TB_175원/1GB_349,990|1TB_189원/1GB_189,000|512GB_252원/1GB_129,000|_256GB_264원/1GB_67,500"
99711347,TWSC CUSU CV3500Q M.2 NVMe,"_1TB_210원/1GB_210,000|_512GB_206원/1GB_105,690","_1TB_210원/1GB_210,000|_512GB_206원/1GB_105,690",0,0
99711584,TWSC CUSU CV3500Q M.2 NVMe,0,0,"_1TB_210원/1GB_210,000|_512GB_206원/1GB_105,690","_1TB_210원/1GB_210,000|_512GB_206원/1GB_105,690"
99126695,TWSC CUSU CV5000 M.2 NVMe,"_1TB_265원/1GB_264,730|_512GB_350원/1GB_178,990","_1TB_265원/1GB_264,730|_512GB_350원/1GB_178,990","_1TB_265원/1GB_264,730|_512GB_350원/1GB_178,990","_1TB_265원/1GB_264,730|_512GB_350원/1GB_178,990"
9282591,TeamGroup GX2,"1TB_227원/1GB_227,050|_512GB_252원/1GB_129,200|_256GB_327원/1GB_83,600|128GB_438원/1GB_56,050","1TB_227원/1GB_227,050|_512GB_252원/1GB_129,200|_256GB_327원/1GB_83,600|128GB_438원/1GB_56,050","1TB_227원/1GB_227,050|_512GB_252원/1GB_129,200|_256GB_327원/1GB_83,600|128GB_438원/1GB_56,050","1TB_227원/1GB_227,050|_512GB_252원/1GB_129,200|_256GB_327원/1GB_83,600|128GB_438원/1GB_56,050"
104325023,TeamGroup MP33 M.2 NVMe 서린,"_1TB_246원/1GB_246,050|_512GB_297원/1GB_152,000","_1TB_246원/1GB_246,050|_512GB_297원/1GB_152,000","_1TB_246원/1GB_246,050|_512GB_297원/1GB_152,000","_1TB_246원/1GB_246,050|_512GB_297원/1GB_152,000"
104325029,TeamGroup MP33 M.2 NVMe 서린,"_1TB_246원/1GB_246,050|_512GB_297원/1GB_152,000","_1TB_246원/1GB_246,050|_512GB_297원/1GB_152,000","_1TB_246원/1GB_246,050|_512GB_297원/1GB_152,000","_1TB_246원/1GB_246,050|_512GB_297원/1GB_152,000"
18983501,TeamGroup MP44L M.2 NVMe 서린,"2TB_213원/1GB_426,770|_1TB_212원/1GB_211,690|_500GB_330원/1GB_165,000","2TB_213원/1GB_426,770|_1TB_212원/1GB_211,690|_500GB_330원/1GB_165,000","2TB_213원/1GB_426,770|_1TB_265원/1GB_265,050|_500GB_330원/1GB_165,000","2TB_213원/1GB_426,770|_1TB_265원/1GB_265,050|_500GB_330원/1GB_165,000"
7911898,TeamGroup MS30 M.2 SATA,"_512GB_289원/1GB_148,200|_256GB_423원/1GB_108,300|128GB_891원/1GB_114,000","_512GB_289원/1GB_148,200|_256GB_423원/1GB_108,300|128GB_891원/1GB_114,000","_512GB_289원/1GB_148,200|_256GB_423원/1GB_108,300|128GB_891원/1GB_114,000","_512GB_289원/1GB_148,200|_256GB_423원/1GB_108,300|128GB_891원/1GB_114,000"
103453349,TeamGroup NV10000 M.2 NVMe 해외구매,"2TB_437원/1GB_874,940","2TB_437원/1GB_874,940","2TB_433원/1GB_866,570","2TB_433원/1GB_866,570"
122682624,TeamGroup T-Force GA PRO for DARK AirFlow M.2 NVMe,"1TB_398원/1GB_398,050","1TB_398원/1GB_398,050","1TB_398원/1GB_398,050","1TB_398원/1GB_398,050"
122692240,Union Memory AM6A0 M.2 NVMe 벌크,"512GB_311원/1GB_159,000","512GB_311원/1GB_159,000","512GB_311원/1GB_159,000","512GB_311원/1GB_159,000"
74118188,Western Digital WD BLACK SN7100 M.2 NVMe,"4TB_249원/1GB_994,670|_2TB_249원/1GB_498,800|1TB_322원/1GB_321,820|_500GB_395원/1GB_197,360","4TB_249원/1GB_994,630|_2TB_249원/1GB_498,800|1TB_322원/1GB_321,820|_500GB_395원/1GB_197,360","4TB_249원/1GB_994,630|_2TB_249원/1GB_498,800|1TB_322원/1GB_321,820|_500GB_395원/1GB_197,360","4TB_249원/1GB_994,630|_2TB_249원/1GB_498,800|1TB_322원/1GB_321,820|_500GB_395원/1GB_197,360"
7395145,Western Digital WD BLACK SN750 M.2 NVMe,"500GB_620원/1GB_310,000","500GB_620원/1GB_310,000","500GB_620원/1GB_310,000","500GB_620원/1GB_310,000"
16587578,Western Digital WD BLACK SN770 M.2 NVMe,"_500GB_1,867원/1GB_933,590|_250GB_520원/1GB_130,000","_500GB_1,867원/1GB_933,560|_250GB_520원/1GB_130,000","_500GB_1,867원/1GB_933,560|_250GB_520원/1GB_130,000","_500GB_1,867원/1GB_933,550|_250GB_520원/1GB_130,000"
108219272,Western Digital WD BLACK SN770 M.2 NVMe 중고,0,0,"2TB_195원/1GB_389,000","2TB_195원/1GB_389,000"
29868269,Western Digital WD BLACK SN770M M.2 2230 NVMe,"_2TB_425원/1GB_850,000|_1TB_590원/1GB_590,000|500GB_726원/1GB_363,000","_2TB_425원/1GB_850,000|_1TB_590원/1GB_590,000|500GB_726원/1GB_363,000","_2TB_425원/1GB_850,000|_1TB_590원/1GB_590,000|500GB_726원/1GB_363,000","_2TB_425원/1GB_850,000|_1TB_590원/1GB_590,000|500GB_726원/1GB_363,000"
92186342,Western Digital WD BLACK SN8100 M.2 NVMe,"8TB_562원/1GB_4,492,540|4TB_455원/1GB_1,818,000|_2TB_346원/1GB_692,130|_1TB_428원/1GB_428,370","8TB_562원/1GB_4,492,540|4TB_455원/1GB_1,818,000|_2TB_346원/1GB_692,000|_1TB_428원/1GB_428,370",0,0
92186393,Western Digital WD BLACK SN8100 M.2 NVMe,0,0,"8TB_562원/1GB_4,492,520|4TB_455원/1GB_1,818,000|_2TB_346원/1GB_692,000|_1TB_428원/1GB_428,290","8TB_562원/1GB_4,492,520|4TB_455원/1GB_1,818,000|_2TB_346원/1GB_692,130|_1TB_428원/1GB_428,270"
12660173,Western Digital WD BLACK SN850 M.2 NVMe,"1TB_372원/1GB_372,000","1TB_372원/1GB_372,000","1TB_372원/1GB_372,000","1TB_372원/1GB_372,000"
13847210,Western Digital WD BLACK SN850 히트싱크 M.2 NVMe,"2TB_295원/1GB_590,000","2TB_295원/1GB_590,000","2TB_295원/1GB_590,000","2TB_295원/1GB_590,000"
21429272,Western Digital WD BLACK SN850P 히트싱크 for PS5 M.2 NVMe,"_2TB_448원/1GB_896,000|_1TB_554원/1GB_554,000","_2TB_448원/1GB_896,000|_1TB_554원/1GB_554,000","_2TB_448원/1GB_896,000|_1TB_554원/1GB_554,000","_2TB_448원/1GB_896,000|_1TB_554원/1GB_554,000"
17788487,Western Digital WD BLACK SN850X M.2 NVMe,"8TB_347원/1GB_2,779,990|4TB_371원/1GB_1,485,000|_2TB_259원/1GB_518,990|_1TB_345원/1GB_344,700","8TB_350원/1GB_2,799,420|4TB_371원/1GB_1,485,000|_2TB_259원/1GB_518,990|_1TB_345원/1GB_344,700","8TB_350원/1GB_2,799,420|4TB_371원/1GB_1,485,000|_2TB_259원/1GB_518,990|_1TB_345원/1GB_344,700","8TB_350원/1GB_2,799,420|4TB_371원/1GB_1,485,000|_2TB_259원/1GB_518,990|_1TB_345원/1GB_344,700"
18684167,Western Digital WD BLACK SN850X M.2 NVMe 해외구매,"8TB_312원/1GB_2,493,820|_4TB_301원/1GB_1,205,100|_2TB_240원/1GB_479,200|1TB_345원/1GB_344,700","8TB_312원/1GB_2,493,820|_4TB_331원/1GB_1,322,000|_2TB_240원/1GB_479,200|1TB_345원/1GB_344,700","8TB_312원/1GB_2,493,820|_4TB_331원/1GB_1,322,000|_2TB_240원/1GB_479,200|1TB_345원/1GB_344,700","8TB_312원/1GB_2,493,820|_4TB_331원/1GB_1,322,000|_2TB_240원/1GB_479,200|1TB_345원/1GB_344,700"
17790299,Western Digital WD BLACK SN850X 히트싱크 M.2 NVMe,"8TB_314원/1GB_2,510,540|4TB_325원/1GB_1,301,920|_2TB_276원/1GB_552,870|_1TB_385원/1GB_385,470","8TB_314원/1GB_2,510,540|4TB_325원/1GB_1,301,890|_2TB_275원/1GB_550,350|_1TB_385원/1GB_385,470","8TB_314원/1GB_2,510,540|4TB_325원/1GB_1,301,810|_2TB_275원/1GB_550,350|_1TB_385원/1GB_385,470","8TB_314원/1GB_2,510,540|4TB_325원/1GB_1,301,780|_2TB_275원/1GB_550,340|_1TB_385원/1GB_385,470"
6078367,Western Digital WD Blue 3D M.2 SATA,"1TB_300원/1GB_300,000","1TB_300원/1GB_300,000","1TB_300원/1GB_300,000","1TB_300원/1GB_300,000"
5579649,Western Digital WD Blue 3D SSD,"4TB_325원/1GB_1,300,000|_2TB_399원/1GB_797,490|1TB_440원/1GB_440,000|_500GB_480원/1GB_240,000|250GB_608원/1GB_151,900","4TB_325원/1GB_1,300,000|_2TB_399원/1GB_797,490|1TB_440원/1GB_440,000|_500GB_480원/1GB_240,000|250GB_608원/1GB_151,900","4TB_325원/1GB_1,300,000|_2TB_399원/1GB_797,490|1TB_440원/1GB_440,000|_500GB_480원/1GB_240,000|250GB_608원/1GB_151,900","4TB_325원/1GB_1,300,000|_2TB_399원/1GB_797,490|1TB_440원/1GB_440,000|_500GB_480원/1GB_240,000|250GB_608원/1GB_151,900"
17142170,Western Digital WD Blue SA510,"4TB_250원/1GB_998,380|2TB_379원/1GB_758,020|_1TB_295원/1GB_294,790|500GB_390원/1GB_194,990|_250GB_316원/1GB_79,000","4TB_250원/1GB_998,350|2TB_379원/1GB_758,020|_1TB_295원/1GB_294,790|500GB_390원/1GB_194,990|_250GB_316원/1GB_79,000","4TB_250원/1GB_998,350|2TB_379원/1GB_758,020|_1TB_295원/1GB_294,790|500GB_390원/1GB_194,990|_250GB_316원/1GB_79,000","4TB_250원/1GB_998,350|2TB_379원/1GB_758,020|_1TB_295원/1GB_294,790|500GB_390원/1GB_194,990|_250GB_316원/1GB_79,000"
17143169,Western Digital WD Blue SA510 M.2 SATA,"2TB_192원/1GB_384,500|_1TB_275원/1GB_275,330|_500GB_380원/1GB_190,000|250GB_380원/1GB_95,000","2TB_192원/1GB_384,500|_1TB_275원/1GB_275,330|_500GB_380원/1GB_190,000|250GB_380원/1GB_95,000","2TB_192원/1GB_384,500|_1TB_275원/1GB_275,330|_500GB_380원/1GB_190,000|250GB_380원/1GB_95,000","2TB_192원/1GB_384,500|_1TB_275원/1GB_275,330|_500GB_380원/1GB_190,000|250GB_380원/1GB_95,000"
62176193,Western Digital WD Blue SN5000 M.2 NVMe,"4TB_214원/1GB_854,240|_2TB_216원/1GB_431,960|_1TB_296원/1GB_295,740|500GB_472원/1GB_235,890","4TB_214원/1GB_854,200|_2TB_216원/1GB_432,210|_1TB_296원/1GB_295,740|500GB_472원/1GB_235,860","4TB_214원/1GB_854,130|_2TB_216원/1GB_431,870|_1TB_296원/1GB_295,740|500GB_472원/1GB_235,780","4TB_214원/1GB_854,090|_2TB_216원/1GB_431,840|_1TB_296원/1GB_295,740|500GB_471원/1GB_235,590"
96853913,Western Digital WD Blue SN5100 M.2 NVMe,"_4TB_207원/1GB_827,410|2TB_215원/1GB_429,550|1TB_298원/1GB_297,510|_500GB_414원/1GB_207,000","_4TB_207원/1GB_827,410|2TB_215원/1GB_429,530|1TB_298원/1GB_297,510|_500GB_414원/1GB_207,000","_4TB_207원/1GB_827,410|2TB_215원/1GB_429,440|1TB_298원/1GB_297,510|_500GB_414원/1GB_207,000","_4TB_207원/1GB_827,410|2TB_215원/1GB_429,410|1TB_298원/1GB_297,510|_500GB_414원/1GB_207,000"
106767344,Western Digital WD Blue SN5100 M.2 NVMe 병행수입,"500GB_500원/1GB_250,000","500GB_500원/1GB_250,000","500GB_500원/1GB_250,000","500GB_500원/1GB_250,000"
96854129,Western Digital WD Blue SN5100 M.2 NVMe 해외구매,"4TB_245원/1GB_980,400|2TB_222원/1GB_443,930|_1TB_205원/1GB_204,900|_500GB_388원/1GB_193,800","4TB_245원/1GB_980,400|2TB_222원/1GB_443,930|_1TB_205원/1GB_204,900|_500GB_388원/1GB_193,800","4TB_245원/1GB_980,400|2TB_222원/1GB_443,930|_1TB_205원/1GB_204,900|_500GB_388원/1GB_193,800","4TB_245원/1GB_980,400|2TB_222원/1GB_443,930|_1TB_205원/1GB_204,900|_500GB_388원/1GB_193,800"
10120452,Western Digital WD Blue SN550 M.2 NVMe,"2TB_300원/1GB_600,000|_1TB_300원/1GB_299,900|_500GB_338원/1GB_169,000|250GB_520원/1GB_130,000","2TB_300원/1GB_600,000|_1TB_300원/1GB_299,900|_500GB_338원/1GB_169,000|250GB_520원/1GB_130,000","2TB_300원/1GB_600,000|_1TB_300원/1GB_299,900|_500GB_338원/1GB_169,000|250GB_520원/1GB_130,000","2TB_300원/1GB_600,000|_1TB_300원/1GB_299,900|_500GB_338원/1GB_169,000|250GB_520원/1GB_130,000"
15796655,Western Digital WD Blue SN570 M.2 NVMe,"250GB_480원/1GB_120,000","250GB_480원/1GB_120,000","250GB_480원/1GB_120,000","250GB_480원/1GB_120,000"
6627592,Western Digital WD GREEN M.2 SATA,"480GB_708원/1GB_340,000","480GB_708원/1GB_340,000","480GB_708원/1GB_340,000","480GB_708원/1GB_340,000"
7277257,Western Digital WD GREEN SSD,"2TB_205원/1GB_410,960|_1TB_230원/1GB_230,470|_500GB_293원/1GB_146,410|480GB_379원/1GB_181,700|250GB_498원/1GB_124,610|","2TB_205원/1GB_410,960|_1TB_230원/1GB_230,460|_500GB_293원/1GB_146,410|480GB_379원/1GB_181,700|250GB_498원/1GB_124,610|","2TB_205원/1GB_410,460|_1TB_230원/1GB_230,460|_500GB_293원/1GB_146,410|480GB_379원/1GB_181,700|250GB_498원/1GB_124,610|","2TB_205원/1GB_410,460|_1TB_230원/1GB_229,800|_500GB_290원/1GB_144,800|480GB_379원/1GB_181,700|250GB_476원/1GB_119,040|"
97308587,Western Digital WD GREEN SSD 중고,"250GB_469원/1GB_117,280|_240GB_166원/1GB_39,900|_120GB_167원/1GB_19,990","250GB_469원/1GB_117,280|_240GB_166원/1GB_39,900|_120GB_167원/1GB_19,990","250GB_469원/1GB_117,280|_240GB_166원/1GB_39,900|_120GB_167원/1GB_19,990","250GB_469원/1GB_117,280|_240GB_166원/1GB_39,900|_120GB_167원/1GB_19,990"
101186033,Western Digital WD Green SN3000 M.2 NVMe,"_2TB_225원/1GB_450,000|_1TB_265원/1GB_264,630","_2TB_225원/1GB_450,000|_1TB_265원/1GB_264,630","_2TB_225원/1GB_450,000|_1TB_265원/1GB_264,630","_2TB_225원/1GB_450,000|_1TB_265원/1GB_264,630"
20020157,Western Digital WD Green SN350 M.2 NVMe,"2TB_263원/1GB_525,930|_1TB_253원/1GB_252,980|500GB_388원/1GB_194,000|_250GB_514원/1GB_128,620","2TB_263원/1GB_525,930|_1TB_253원/1GB_252,980|500GB_388원/1GB_194,000|_250GB_515원/1GB_128,640","2TB_263원/1GB_525,930|_1TB_253원/1GB_252,980|500GB_388원/1GB_194,000|_250GB_514원/1GB_128,530","2TB_263원/1GB_525,930|_1TB_253원/1GB_252,980|500GB_388원/1GB_194,000|_250GB_498원/1GB_124,400"
15712787,Western Digital WD Green SN350 M.2 NVMe 해외구매,"_1TB_145원/1GB_145,340|500GB_370원/1GB_185,000|_250GB_916원/1GB_229,000","_1TB_145원/1GB_145,340|500GB_370원/1GB_185,000|_250GB_916원/1GB_229,000","_1TB_145원/1GB_145,340|_500GB_370원/1GB_185,000|250GB_916원/1GB_229,000","_1TB_145원/1GB_145,340|_500GB_370원/1GB_185,000|250GB_916원/1GB_229,000"
9891273,Western Digital WD RED SA500 SSD,"_2TB_500원/1GB_1,000,000|1TB_500원/1GB_500,000|_500GB_580원/1GB_290,000","_2TB_500원/1GB_1,000,000|1TB_500원/1GB_500,000|_500GB_580원/1GB_290,000","2TB_500원/1GB_1,000,000|_1TB_500원/1GB_500,000|_500GB_580원/1GB_290,000","2TB_500원/1GB_1,000,000|_1TB_500원/1GB_500,000|_500GB_580원/1GB_290,000"
79000271,Western Digital WD RED SN700 M.2 NVMe,"_4TB_222원/1GB_887,980|2TB_294원/1GB_587,890|_1TB_414원/1GB_413,880","_4TB_222원/1GB_887,950|2TB_294원/1GB_587,890|_1TB_414원/1GB_413,860","_4TB_222원/1GB_887,860|2TB_294원/1GB_587,800|_1TB_414원/1GB_413,780","_4TB_222원/1GB_887,830|2TB_294원/1GB_587,770|_1TB_414원/1GB_413,740"
97408457,Western Digital WD SN5000S M.2 NVMe 벌크,"_1TB_284원/1GB_291,090|_512GB_324원/1GB_166,000","_1TB_284원/1GB_291,060|_512GB_324원/1GB_166,000","_1TB_284원/1GB_290,970|_512GB_324원/1GB_166,000","_1TB_284원/1GB_290,940|_512GB_324원/1GB_166,000"
46745840,Western Digital WD SN740 M.2 2242 NVMe 벌크,"_512GB_330원/1GB_169,000|_256GB_270원/1GB_69,000","_512GB_330원/1GB_169,000|_256GB_270원/1GB_69,000","_512GB_330원/1GB_169,000|_256GB_270원/1GB_69,000","_512GB_330원/1GB_169,000|_256GB_270원/1GB_69,000"
20222969,Western Digital WD SN740 M.2 NVMe 벌크,"_512GB_320원/1GB_164,000|_256GB_234원/1GB_60,000","_512GB_320원/1GB_164,000|_256GB_234원/1GB_60,000","_512GB_320원/1GB_164,000|_256GB_234원/1GB_60,000","_512GB_320원/1GB_164,000|_256GB_234원/1GB_60,000"
122687478,YMTC ZHITAI TiPlus7100s M.2 NVMe,"4TB_273원/1GB_1,090,180|_2TB_286원/1GB_572,000|_1TB_310원/1GB_310,000","4TB_273원/1GB_1,090,180|_2TB_286원/1GB_572,000|_1TB_310원/1GB_310,000","4TB_273원/1GB_1,090,180|_2TB_286원/1GB_572,000|_1TB_310원/1GB_310,000","4TB_273원/1GB_1,090,180|_2TB_286원/1GB_572,000|_1TB_310원/1GB_310,000"
109483196,YMTC ZHITAI TiPlus7100s M.2 NVMe 해외구매,"1TB_329원/1GB_329,280","1TB_329원/1GB_329,280","1TB_329원/1GB_329,280","1TB_329원/1GB_329,280"
122687590,YMTC ZHITAI TiPlus9100 M.2 NVMe,"4TB_290원/1GB_1,160,000|_2TB_294원/1GB_588,000|_1TB_319원/1GB_319,000","4TB_290원/1GB_1,160,000|_2TB_294원/1GB_588,000|_1TB_319원/1GB_319,000","4TB_290원/1GB_1,160,000|_2TB_294원/1GB_588,000|_1TB_319원/1GB_319,000","4TB_290원/1GB_1,160,000|_2TB_294원/1GB_588,000|_1TB_319원/1GB_319,000"
122687631,YMTC ZHITAI TiPro9000 M.2 NVMe,"4TB_318원/1GB_1,273,090|_2TB_346원/1GB_691,600|_1TB_415원/1GB_415,000","4TB_318원/1GB_1,273,090|_2TB_346원/1GB_691,600|_1TB_415원/1GB_415,000","4TB_318원/1GB_1,273,090|_2TB_346원/1GB_691,600|_1TB_415원/1GB_415,000","4TB_318원/1GB_1,273,090|_2TB_346원/1GB_691,600|_1TB_415원/1GB_415,000"
122713426,YMTC ZHITAI XIAOYI S001,"_2TB_240원/1GB_480,000|_1TB_280원/1GB_280,000","_2TB_240원/1GB_480,000|_1TB_280원/1GB_280,000","_2TB_240원/1GB_480,000|_1TB_280원/1GB_280,000","_2TB_240원/1GB_480,000|_1TB_280원/1GB_280,000"
3546574,강원전자 I-NC10K 다용도 알루미늄 하드디스크 보관함,"39,000","39,000","39,000","39,000"
2638370,강원전자 ineo I-NC10 알루미늄 하드디스크 보관함,"3.5 10Bay_58,500","3.5 10Bay_58,500","3.5 10Bay_60,340","3.5 10Bay_61,490"
2638398,강원전자 ineo I-NC23 알루미늄 하드디스크 보관함,"2.5 3Bay + 3.5 6Bay_44,990","2.5 3Bay + 3.5 6Bay_44,990","2.5 3Bay + 3.5 6Bay_44,990","2.5 3Bay + 3.5 6Bay_44,990"
35225171,강원전자 넷메이트 M.2 NVMe to PCIe 카드 (NM-SRBM2),"6,700","6,700","6,700","6,700"
35235179,강원전자 넷메이트 M.2 NVMe to PCIe 카드 (NM-SRM2),"5,100","5,100","5,100","5,100"
10085043,디오테라 ROIPLE DOVE SSD,"1TB_220원/1GB_220,000|_512GB_246원/1GB_125,830|_256GB_307원/1GB_78,490|128GB_332원/1GB_42,480","1TB_220원/1GB_220,000|_512GB_246원/1GB_125,800|_256GB_307원/1GB_78,490|128GB_332원/1GB_42,480","1TB_220원/1GB_220,000|_512GB_246원/1GB_125,800|_256GB_307원/1GB_78,490|128GB_332원/1GB_42,480","1TB_220원/1GB_220,000|_512GB_246원/1GB_125,790|_256GB_307원/1GB_78,490|128GB_332원/1GB_42,480"
122640999,디오테라 ROIPLE QRAY M.2 NVMe,"512GB_342원/1GB_175,000","512GB_342원/1GB_175,000","512GB_342원/1GB_175,000","512GB_342원/1GB_174,990"
11355945,디오테라 ROIPLE Ray M.2 NVMe,"_1TB_277원/1GB_276,910|_512GB_285원/1GB_145,690|256GB_379원/1GB_97,010","_1TB_277원/1GB_276,910|_512GB_285원/1GB_145,690|256GB_379원/1GB_97,010","_1TB_277원/1GB_276,910|_512GB_284원/1GB_145,610|256GB_367원/1GB_94,020","_1TB_277원/1GB_276,910|_512GB_284원/1GB_145,580|256GB_379원/1GB_97,010"
5751499,디오테라 VIVA 300S LITE M.2 SATA,"_1TB_208원/1GB_208,060|_512GB_269원/1GB_137,890|256GB_340원/1GB_86,920|128GB_430원/1GB_55,000","_1TB_208원/1GB_208,060|_512GB_269원/1GB_137,890|256GB_340원/1GB_86,920|128GB_430원/1GB_55,000","1TB_208원/1GB_208,060|_512GB_269원/1GB_137,890|_256GB_340원/1GB_86,920|128GB_430원/1GB_55,000","1TB_208원/1GB_208,060|_512GB_269원/1GB_137,890|_256GB_340원/1GB_86,920|128GB_430원/1GB_55,000"
1649125,라이트컴 COMS 3.5인치 HDD 케이스,"2,090","2,090","2,090","2,090"
8776322,라이트컴 COMS 3.5형 HDD 케이스 (BB187),"4,830","4,850","4,850","4,850"
39089555,라이트컴 COMS 3.5형 HDD 케이스 (KS834),"6,160","6,160","6,160","6,160"
2621045,라이트컴 COMS 3.5형 폴더접이식 HDD 케이스,"3,260","3,260","3,260","3,260"
1649117,라이트컴 COMS A3992 하드케이스,"1,700","1,700","1,700","1,700"
1649110,라이트컴 COMS A3993 하드케이스,"1,700","1,700","1,700","1,700"
79551269,라이트컴 COMS BF469 mSATA + M.2 to SATA3 컨버터,"5,930","6,160","6,160","6,160"
3969559,라이트컴 COMS Dual M.2 to SATA kit (KS975),"8,810","8,810","8,810","8,810"
3274309,라이트컴 COMS HB887 철재 하드 가이드,"9,210","9,210","9,210","9,210"
13549283,라이트컴 COMS IF332 M.2 NVMe to PCIe 컨버터,"19,870","19,840","19,840","19,830"
13187417,라이트컴 COMS IF795 mSATA/M.2 to PCIe 컨버터,"18,920","18,920","18,920","18,920"
13187813,라이트컴 COMS IF796 M.2 NVMe to PCIe 컨버터,"6,490","6,470","6,440","6,440"
98409926,라이트컴 COMS IF863 M.2 NVMe to PCIe 변환 컨버터,"8,410","8,410","8,410","8,410"
93319112,라이트컴 COMS IH794 2230 to 2280 컨버터,0,"5,560",0,0
13710416,라이트컴 COMS KS164 TF to SATA 변환 컨버터,"22,500","22,500","22,500","22,500"
14128196,라이트컴 COMS KS167 M.2 to SATA 컨버터,"5,290","5,290","5,290","5,290"
98768900,라이트컴 COMS KS467 USB 3.0 컨버터,"10,630","10,630","10,630","10,630"
79858451,라이트컴 COMS KS468 Type C 컨버터,"17,000","17,000","17,000","17,000"
28402889,라이트컴 COMS KS810 하드 보관함,"84,300","84,300","84,300","84,300"
3941730,라이트컴 COMS KS984 HDD 케이스,"4,750","4,750","4,750","4,750"
8042731,라이트컴 COMS M.2 SSD to PCIe 변환 어댑터 (ND562),"10,820","10,790","10,790","10,790"
3969575,라이트컴 COMS M.2 to SATA kit (KS966),"7,690","7,690","7,680","7,680"
4739397,라이트컴 COMS M.2 to SATA 컨버터 (HB680),"10,400","10,400","10,400","10,400"
4672752,라이트컴 COMS M.2 to SATA 컨버터 (KS514),"11,990","11,960","11,960","11,960"
8787626,라이트컴 COMS M.2 to SATA 컨버터 (ND540),"16,150","16,150","16,150","16,150"
4198561,라이트컴 COMS Macbook Air SSD to M.2 컨버터 (IB399),"10,950","10,950","10,950","10,950"
3558656,라이트컴 COMS Macbook Air SSD to SATA 컨버터 (ITB756),"11,440","11,440",0,0
3368893,라이트컴 COMS SSD 변환용 SATA 컨버터 (IT983),"11,310","11,390","11,390","11,390"
12353690,라이트컴 COMS SW077 M.2 SSD to PCIe 변환 어댑터,"4,540","4,540","4,540","4,540"
12354065,라이트컴 COMS SW229 M.2 SSD to PCIe 변환 어댑터,"8,140","8,140","8,130","8,130"
28515230,라이트컴 COMS SW522 M.2 SSD to PCIe 변환 어댑터,"5,910","5,910","5,910","5,910"
93319232,라이트컴 COMS SW570 M.2 NVMe to PCIe 컨버터,"9,460","9,460","9,460","9,460"
99126485,라이트컴 COMS TB448 M.2 NVMe to PCIe 변환 컨버터,"7,100","7,100","7,100","7,100"
40721150,라이트컴 COMS TB724 M.2 NVMe to PCIe 컨버터,"7,210","7,210","7,210","7,210"
103482125,라이트컴 COMS TB830 M.2 NVme to Mini PCIe 컨버터,"7,650","7,650","7,650","7,650"
5795579,라이트컴 COMS USB 3.0 Type C to SATA3 컨버터 (DM445),"11,130","11,130","11,130","11,130"
102620810,라이트컴 COMS USB 3.0 to SATA+IDE 컨버터 (BF497),"33,100","33,100","33,100","32,330"
3269758,라이트컴 COMS mSATA to 2.5 SATA 컨버터 (BE574),"13,990","13,990","13,990","13,990"
4197736,라이트컴 COMS mSATA to Macbook 2012 SSD 컨버터 (IB397),"6,690","6,920",0,0
4739353,라이트컴 COMS mSATA to SATA 컨버터 (HB679),"11,500","11,500","11,500","11,500"
16800110,라인업시스템 LANSTAR LS-PCIE-RAID 2.5 SATA 2포트 to PCIe 카드,"56,600","56,600","59,610","59,610"
29809250,라인업시스템 LANSTAR M.2 NVMe to PCIe 카드 (LS-PCIE-M2SSD),"5,000","5,000","5,300","5,300"
11799478,라인업시스템 LANSTAR M.2 SSD to PCIe 카드 (LS-PCIE-M2SATAN),"7,600","7,600","7,600","7,600"
9727089,라인업시스템 LANSTAR USB3.0 to SATA 컨버터 (LS-USB3.0-SATA),"8,000","8,000","8,000","8,000"
5615337,라인업시스템 LANSTAR mSATA to PCIe 카드 (LS-PCIE-MSATA),"4,600","4,600","4,600","4,600"
14623025,래안텍 R4MTP M.2 to PCIe 컨버터,"29,000","29,000","29,000","29,000"
12573560,리버네트워크 NEXI NX-U30SC USB 3.0 to SATA3 컨버터,"15,290","15,290","15,290","15,290"
15880709,리버네트워크 NEXI NX1246 M.2 NVMe to PCIe 확장 카드,"3,570","3,570","3,570","3,570"
15880778,리버네트워크 NEXI NX1247 M.2 NVMe to PCIe 확장 카드,"5,650","5,650","5,650","5,650"
5840929,리버네트워크 NEXI USB 3.0 to IDE+SATA3 컨버터 (NX-U3TIS),"20,900","20,900","20,900","20,900"
16899878,마이크로닉스 WARP B2,"_256GB_263원/1GB_67,390|_512GB_233원/1GB_119,460|128GB_314원/1GB_40,140","_256GB_263원/1GB_67,390|_512GB_233원/1GB_119,460|128GB_314원/1GB_40,140",0,0
16899899,마이크로닉스 WARP B2,0,0,"_256GB_263원/1GB_67,390|_512GB_233원/1GB_119,460|128GB_314원/1GB_40,140","_256GB_248원/1GB_63,531|_512GB_224원/1GB_114,790|128GB_302원/1GB_38,691"
122693555,마이크론 2300 M.2 NVMe 중고,"1TB_186원/1GB_186,000","1TB_186원/1GB_186,000","1TB_186원/1GB_186,000","1TB_186원/1GB_186,000"
18953177,마이크론 2400 M.2 NVMe 벌크,"512GB_291원/1GB_149,000","512GB_291원/1GB_149,000","512GB_291원/1GB_149,000","512GB_291원/1GB_149,000"
19960094,마이크론 2450 M.2 2242 NVMe 벌크,"256GB_246원/1GB_63,000","256GB_246원/1GB_63,000","256GB_246원/1GB_63,000","256GB_246원/1GB_63,000"
100844144,마이크론 Crucial 2500 M.2 NVMe 벌크,"_1TB_267원/1GB_273,050|_512GB_293원/1GB_150,000","_1TB_267원/1GB_273,040|_512GB_293원/1GB_150,000","_1TB_267원/1GB_273,040|_512GB_293원/1GB_150,000","_1TB_267원/1GB_273,030|_512GB_293원/1GB_150,000"
6429569,마이크론 Crucial BX500 대원씨티에스,"_1TB_343원/1GB_342,840|_240GB_354원/1GB_85,000","_1TB_343원/1GB_342,840|_240GB_354원/1GB_85,000","_1TB_343원/1GB_342,840|_240GB_354원/1GB_85,000","_1TB_343원/1GB_342,840|_240GB_331원/1GB_79,353"
96366248,마이크론 Crucial E100 M.2 NVMe 대원씨티에스,"_2TB_174원/1GB_347,490|_1TB_259원/1GB_258,870|480GB_394원/1GB_189,000","_2TB_174원/1GB_347,490|_1TB_259원/1GB_258,860|480GB_394원/1GB_189,000","_2TB_174원/1GB_347,490|_1TB_259원/1GB_258,860|480GB_394원/1GB_189,000","_2TB_174원/1GB_347,490|_1TB_259원/1GB_258,860|480GB_394원/1GB_189,000"
96423551,마이크론 Crucial E100 M.2 NVMe 아스크텍,"_2TB_177원/1GB_354,000|_1TB_254원/1GB_253,990|480GB_375원/1GB_180,000","_2TB_177원/1GB_354,000|_1TB_257원/1GB_256,990|480GB_375원/1GB_180,000","_2TB_177원/1GB_354,000|_1TB_257원/1GB_256,990|480GB_375원/1GB_180,000","_2TB_175원/1GB_349,000|_1TB_257원/1GB_256,990|480GB_375원/1GB_180,000"
103691108,마이크론 Crucial MX500 중고,"4TB_139원/1GB_557,990|_2TB_135원/1GB_269,400|1TB_262원/1GB_261,660|_500GB_188원/1GB_93,790|250GB_212원/1GB_53,000","4TB_139원/1GB_557,990|_2TB_135원/1GB_269,380|1TB_262원/1GB_261,660|_500GB_188원/1GB_93,790|250GB_212원/1GB_53,000","_4TB_139원/1GB_557,990|2TB_135원/1GB_269,290|1TB_262원/1GB_261,660|_500GB_188원/1GB_93,790|250GB_212원/1GB_53,000","_4TB_139원/1GB_557,990|2TB_135원/1GB_269,260|1TB_262원/1GB_261,660|_500GB_188원/1GB_93,790|250GB_212원/1GB_53,000"
5896585,마이크론 Crucial MX500 해외구매,"2TB_128원/1GB_256,450",0,0,0
17454725,마이크론 Crucial P3 Plus M.2 NVMe 대원씨티에스,"_4TB_250원/1GB_1,000,000|_2TB_199원/1GB_398,000","_4TB_250원/1GB_1,000,000|_2TB_199원/1GB_398,000","_4TB_250원/1GB_1,000,000|_2TB_199원/1GB_398,000","_4TB_250원/1GB_1,000,000|_2TB_199원/1GB_398,000"
106036157,마이크론 Crucial P3 Plus M.2 NVMe 중고,"_4TB_184원/1GB_734,000|_1TB_295원/1GB_295,000","_4TB_184원/1GB_734,000|_1TB_295원/1GB_295,000","_4TB_184원/1GB_734,000|_1TB_295원/1GB_295,000","_4TB_184원/1GB_734,000|_1TB_295원/1GB_295,000"
28335590,마이크론 Crucial P3 Plus M.2 NVMe 해외구매,"_2TB_746원/1GB_1,491,400|_1TB_296원/1GB_296,470|500GB_1,381원/1GB_690,700","_2TB_731원/1GB_1,461,900|_1TB_294원/1GB_293,700|500GB_1,381원/1GB_690,700","_2TB_731원/1GB_1,461,900|_1TB_298원/1GB_298,240|500GB_1,381원/1GB_690,700","_2TB_731원/1GB_1,461,900|_1TB_298원/1GB_298,240|500GB_1,381원/1GB_690,700"
67852961,마이크론 Crucial P310 M.2 NVMe 대원씨티에스,"2TB_218원/1GB_436,700|_1TB_274원/1GB_273,700|_500GB_366원/1GB_183,000","2TB_218원/1GB_436,700|_1TB_275원/1GB_274,560|_500GB_366원/1GB_183,000","2TB_218원/1GB_436,700|_1TB_274원/1GB_273,700|_500GB_366원/1GB_183,000","2TB_218원/1GB_436,700|_1TB_274원/1GB_274,190|_500GB_366원/1GB_183,000"
67852850,마이크론 Crucial P310 M.2 NVMe 아스크텍,"4TB_224원/1GB_895,960|_2TB_215원/1GB_430,520|1TB_280원/1GB_280,300|_500GB_453원/1GB_226,400","4TB_224원/1GB_895,960|_2TB_215원/1GB_430,520|1TB_280원/1GB_280,300|_500GB_449원/1GB_224,540","4TB_224원/1GB_895,960|_2TB_215원/1GB_430,520|1TB_280원/1GB_280,300|_500GB_449원/1GB_224,540","4TB_224원/1GB_895,960|_2TB_215원/1GB_430,520|1TB_280원/1GB_280,300|_500GB_453원/1GB_226,360"
91494878,마이크론 Crucial P510 M.2 NVMe 대원씨티에스,"_2TB_236원/1GB_472,740|_1TB_322원/1GB_321,790","_2TB_236원/1GB_472,740|_1TB_322원/1GB_321,790","_2TB_236원/1GB_472,740|_1TB_322원/1GB_321,790","_2TB_236원/1GB_472,740|_1TB_322원/1GB_321,790"
91039226,마이크론 Crucial P510 M.2 NVMe 아스크텍,"_2TB_264원/1GB_527,540|_1TB_322원/1GB_321,700","_2TB_264원/1GB_527,500|_1TB_322원/1GB_321,700","_2TB_264원/1GB_527,500|_1TB_322원/1GB_321,700","_2TB_264원/1GB_527,500|_1TB_322원/1GB_321,700"
29666195,마이크론 Crucial T500 M.2 NVMe 대원씨티에스,"_2TB_261원/1GB_521,920|1TB_404원/1GB_404,340|_500GB_520원/1GB_260,000","_2TB_261원/1GB_521,890|1TB_404원/1GB_404,340|_500GB_520원/1GB_260,000","_2TB_261원/1GB_521,890|1TB_404원/1GB_404,340|_500GB_520원/1GB_260,000","_2TB_261원/1GB_521,890|1TB_404원/1GB_404,300|_500GB_520원/1GB_260,000"
29655617,마이크론 Crucial T500 M.2 NVMe 아스크텍,"4TB_229원/1GB_917,040|_2TB_267원/1GB_533,690|_1TB_353원/1GB_353,380|500GB_630원/1GB_315,000","4TB_229원/1GB_917,040|_2TB_267원/1GB_533,690|_1TB_353원/1GB_353,380|500GB_630원/1GB_315,000","4TB_229원/1GB_917,040|_2TB_267원/1GB_533,690|_1TB_353원/1GB_353,380|500GB_630원/1GB_315,000","4TB_229원/1GB_917,040|_2TB_267원/1GB_533,690|_1TB_353원/1GB_353,380|500GB_630원/1GB_315,000"
41264228,마이크론 Crucial T705 M.2 NVMe 대원씨티에스,"4TB_313원/1GB_1,250,260|_2TB_358원/1GB_715,000|_1TB_457원/1GB_456,910","4TB_313원/1GB_1,250,260|_2TB_358원/1GB_715,000|_1TB_457원/1GB_456,910",0,0
71427998,마이크론 Crucial T705 히트싱크 화이트 에디션 M.2 NVMe 대원씨티에스,"2TB_289원/1GB_577,390","2TB_289원/1GB_577,390","2TB_289원/1GB_577,390","2TB_289원/1GB_577,390"
93499577,마이크론 Crucial T710 M.2 NVMe 대원씨티에스,"_4TB_306원/1GB_1,225,900|2TB_393원/1GB_785,000|_1TB_401원/1GB_401,370","_4TB_306원/1GB_1,225,900|2TB_393원/1GB_785,000|_1TB_401원/1GB_401,370","_4TB_306원/1GB_1,225,810|2TB_393원/1GB_785,000|_1TB_401원/1GB_401,370","_4TB_306원/1GB_1,225,780|2TB_393원/1GB_785,000|_1TB_401원/1GB_401,370"
65357183,비즈텍 TREAVE VN200 M.2 NVMe,"_1TB_242원/1GB_242,050|_512GB_248원/1GB_126,920","_1TB_242원/1GB_242,010|_512GB_248원/1GB_126,920","_1TB_242원/1GB_241,940|_512GB_248원/1GB_126,920","_1TB_242원/1GB_241,900|_512GB_248원/1GB_126,920"
100325363,비즈텍 TREAVE VN200Q M.2 NVMe,"_1TB_227원/1GB_227,260|_512GB_245원/1GB_125,400|256GB_313원/1GB_80,200","_1TB_227원/1GB_227,260|_512GB_245원/1GB_125,400|256GB_313원/1GB_80,200","_1TB_227원/1GB_227,260|_512GB_245원/1GB_125,400|256GB_313원/1GB_80,200","_1TB_225원/1GB_225,480|_512GB_232원/1GB_119,030|256GB_313원/1GB_80,200"
72912572,비즈텍 TREAVE VN250D M.2 NVMe,"1TB_247원/1GB_246,520","1TB_247원/1GB_246,520","1TB_247원/1GB_246,520","1TB_247원/1GB_246,520"
65357129,비즈텍 TREAVE VN300 M.2 NVMe,"2TB_234원/1GB_467,370|_1TB_244원/1GB_243,650|_512GB_311원/1GB_159,200","2TB_234원/1GB_467,370|_1TB_244원/1GB_243,650|_512GB_311원/1GB_159,200","2TB_234원/1GB_467,370|_1TB_244원/1GB_243,650|_512GB_311원/1GB_159,200","2TB_234원/1GB_467,370|_1TB_244원/1GB_243,650|_512GB_298원/1GB_152,370"
65356601,비즈텍 TREAVE VS200,"_1TB_197원/1GB_197,460|_512GB_238원/1GB_121,740|256GB_254원/1GB_64,910|128GB_293원/1GB_37,530","_1TB_197원/1GB_197,460|_512GB_238원/1GB_121,740|256GB_254원/1GB_64,910|128GB_293원/1GB_37,530",0,0
65356619,비즈텍 TREAVE VS200,0,0,"1TB_197원/1GB_197,460|_512GB_238원/1GB_121,740|_256GB_254원/1GB_64,910|128GB_293원/1GB_37,530","1TB_190원/1GB_189,990|_512GB_222원/1GB_113,650|_256GB_232원/1GB_59,508|128GB_272원/1GB_34,830"
18332612,비트엠 Newsync BITS,"1TB_209원/1GB_208,840|_512GB_221원/1GB_113,300|_256GB_257원/1GB_65,900|128GB_344원/1GB_43,990","1TB_209원/1GB_208,850|_512GB_221원/1GB_113,300|_256GB_257원/1GB_65,900|128GB_344원/1GB_43,990","1TB_209원/1GB_208,840|_512GB_221원/1GB_113,300|_256GB_257원/1GB_65,900|128GB_344원/1GB_43,990","1TB_209원/1GB_208,840|_512GB_221원/1GB_113,300|_256GB_257원/1GB_65,900|128GB_344원/1GB_43,990"
18332945,비트엠 Newsync BITS M.2 NVMe,"1TB_242원/1GB_241,940|_512GB_276원/1GB_141,550|_256GB_308원/1GB_78,900","1TB_242원/1GB_241,940|_512GB_276원/1GB_141,550|_256GB_308원/1GB_78,900","1TB_242원/1GB_241,940|_512GB_276원/1GB_141,550|_256GB_308원/1GB_78,900","1TB_242원/1GB_241,940|_512GB_276원/1GB_141,550|_256GB_308원/1GB_78,900"
18962249,삼성전자 750 EVO 중고,"500GB_280원/1GB_140,000|_250GB_272원/1GB_68,000|_120GB_155원/1GB_18,600","500GB_280원/1GB_140,000|_250GB_272원/1GB_68,000|_120GB_155원/1GB_18,600","500GB_280원/1GB_140,000|_250GB_272원/1GB_68,000|_120GB_155원/1GB_18,600","500GB_280원/1GB_140,000|_250GB_272원/1GB_68,000|_120GB_155원/1GB_18,600"
103453793,삼성전자 850 EVO Series 중고,"_2TB_115원/1GB_230,000|1TB_166원/1GB_166,000|500GB_220원/1GB_110,000|250GB_196원/1GB_49,000|_120GB_192원/1GB_23,000","_2TB_115원/1GB_230,000|1TB_166원/1GB_166,000|500GB_220원/1GB_110,000|250GB_196원/1GB_49,000|_120GB_192원/1GB_23,000","_2TB_120원/1GB_240,000|1TB_166원/1GB_166,000|500GB_220원/1GB_110,000|250GB_196원/1GB_49,000|_120GB_192원/1GB_23,000","_2TB_120원/1GB_240,000|1TB_166원/1GB_166,000|500GB_220원/1GB_110,000|250GB_196원/1GB_49,000|_120GB_192원/1GB_23,000"
103694015,삼성전자 850 PRO 중고,"_2TB_150원/1GB_300,000|_1TB_158원/1GB_157,500|512GB_254원/1GB_130,000|256GB_215원/1GB_55,000|128GB_281원/1GB_36,000","_2TB_150원/1GB_300,000|_1TB_158원/1GB_157,500|512GB_254원/1GB_130,000|256GB_215원/1GB_55,000|128GB_281원/1GB_36,000","_2TB_150원/1GB_300,000|_1TB_158원/1GB_157,500|512GB_254원/1GB_130,000|256GB_215원/1GB_55,000|128GB_281원/1GB_36,000","_2TB_150원/1GB_300,000|_1TB_158원/1GB_157,500|512GB_254원/1GB_130,000|256GB_215원/1GB_55,000|128GB_281원/1GB_36,000"
102881504,삼성전자 860 EVO 중고,"_2TB_128원/1GB_255,750|_1TB_188원/1GB_188,000|500GB_203원/1GB_101,250|250GB_200원/1GB_50,000","_2TB_128원/1GB_255,750|_1TB_188원/1GB_188,000|500GB_203원/1GB_101,250|250GB_200원/1GB_50,000","_2TB_128원/1GB_255,750|_1TB_188원/1GB_188,000|500GB_203원/1GB_101,250|250GB_200원/1GB_50,000","_2TB_128원/1GB_255,750|_1TB_188원/1GB_188,000|500GB_203원/1GB_101,250|250GB_200원/1GB_50,000"
5834144,삼성전자 860 PRO,"_2TB_838원/1GB_1,675,000|_1TB_980원/1GB_980,060|512GB_1,549원/1GB_793,000|256GB_2,752원/1GB_704,600","_2TB_838원/1GB_1,675,000|_1TB_980원/1GB_980,060|512GB_1,549원/1GB_793,000|256GB_2,752원/1GB_704,600","_2TB_838원/1GB_1,675,000|_1TB_980원/1GB_980,060|512GB_1,549원/1GB_793,000|256GB_2,752원/1GB_704,600","_2TB_838원/1GB_1,675,000|_1TB_980원/1GB_980,060|512GB_1,549원/1GB_793,000|256GB_2,752원/1GB_704,600"
5937319,삼성전자 860 PRO 병행수입,"_1TB_973원/1GB_973,090|_512GB_1,520원/1GB_778,000|256GB_2,712원/1GB_694,290","_1TB_973원/1GB_973,100|_512GB_1,520원/1GB_778,000|256GB_2,821원/1GB_722,110","_1TB_973원/1GB_973,100|_512GB_1,520원/1GB_778,000|256GB_2,820원/1GB_722,030","_1TB_981원/1GB_981,320|_512GB_1,520원/1GB_778,000|256GB_2,820원/1GB_722,010"
13190519,삼성전자 870 EVO,"8TB_583원/1GB_4,663,400|4TB_517원/1GB_2,067,820|2TB_605원/1GB_1,209,000|_1TB_529원/1GB_528,980|_500GB_700원/1GB_349,970|","8TB_583원/1GB_4,663,380|4TB_517원/1GB_2,067,790|2TB_605원/1GB_1,209,000|_1TB_529원/1GB_528,970|_500GB_700원/1GB_349,940|","8TB_583원/1GB_4,663,290|4TB_517원/1GB_2,067,780|2TB_607원/1GB_1,214,190|_1TB_529원/1GB_528,960|_500GB_700원/1GB_349,930|","8TB_583원/1GB_4,663,260|4TB_517원/1GB_2,067,770|2TB_607원/1GB_1,214,190|_1TB_529원/1GB_528,950|_500GB_700원/1GB_349,920|"
13311974,삼성전자 870 EVO 병행수입,"8TB_529원/1GB_4,235,990|4TB_448원/1GB_1,790,000|2TB_540원/1GB_1,080,000|_1TB_509원/1GB_508,950|_500GB_690원/1GB_345,000|","8TB_529원/1GB_4,235,990|4TB_448원/1GB_1,790,000|2TB_540원/1GB_1,080,000|_1TB_509원/1GB_508,940|_500GB_690원/1GB_345,000|",0,0
13312010,삼성전자 870 EVO 병행수입,0,0,"8TB_529원/1GB_4,235,990|4TB_448원/1GB_1,790,000|2TB_540원/1GB_1,080,000|_1TB_509원/1GB_508,940|_500GB_690원/1GB_345,000|","8TB_529원/1GB_4,235,990|4TB_448원/1GB_1,790,000|2TB_540원/1GB_1,080,000|_1TB_509원/1GB_508,930|_500GB_690원/1GB_345,000|"
98590820,삼성전자 870 EVO 중고,"4TB_241원/1GB_965,000|2TB_324원/1GB_648,000|1TB_478원/1GB_478,000|_500GB_450원/1GB_224,990|_250GB_552원/1GB_137,990","4TB_241원/1GB_965,000|2TB_324원/1GB_648,000|1TB_478원/1GB_478,000|_500GB_444원/1GB_222,000|_250GB_552원/1GB_137,990","4TB_241원/1GB_965,000|2TB_324원/1GB_648,000|1TB_478원/1GB_478,000|_500GB_444원/1GB_222,000|_250GB_552원/1GB_137,990","4TB_241원/1GB_965,000|2TB_324원/1GB_648,000|1TB_478원/1GB_478,000|_500GB_444원/1GB_222,000|_250GB_552원/1GB_137,990"
11711015,삼성전자 870 QVO,"_8TB_331원/1GB_2,647,890|4TB_473원/1GB_1,890,000|2TB_466원/1GB_931,910|_1TB_376원/1GB_375,730","_8TB_331원/1GB_2,647,880|4TB_473원/1GB_1,890,000|2TB_466원/1GB_931,910|_1TB_376원/1GB_375,710","_8TB_331원/1GB_2,647,880|4TB_473원/1GB_1,890,000|2TB_466원/1GB_931,910|_1TB_376원/1GB_375,630","_8TB_331원/1GB_2,647,880|4TB_473원/1GB_1,890,000|2TB_466원/1GB_931,910|_1TB_376원/1GB_375,610"
13041338,삼성전자 870 QVO 병행수입,"_8TB_306원/1GB_2,446,810|4TB_500원/1GB_2,000,000|2TB_495원/1GB_989,000|_1TB_509원/1GB_508,880","_8TB_306원/1GB_2,446,810|4TB_500원/1GB_2,000,000|2TB_495원/1GB_989,000|_1TB_509원/1GB_508,850","_8TB_306원/1GB_2,446,800|4TB_500원/1GB_2,000,000|2TB_495원/1GB_989,000|_1TB_509원/1GB_508,850","_8TB_306원/1GB_2,446,800|4TB_500원/1GB_2,000,000|2TB_495원/1GB_989,000|_1TB_509원/1GB_508,840"
106758191,삼성전자 870 QVO 중고,"_8TB_140원/1GB_1,118,600|4TB_175원/1GB_700,000|2TB_214원/1GB_427,000|_1TB_165원/1GB_164,500","_8TB_140원/1GB_1,118,600|4TB_175원/1GB_700,000|2TB_214원/1GB_427,000|_1TB_165원/1GB_164,500","_8TB_140원/1GB_1,118,600|4TB_175원/1GB_700,000|2TB_214원/1GB_427,000|_1TB_165원/1GB_164,500","_8TB_140원/1GB_1,118,600|4TB_175원/1GB_700,000|2TB_214원/1GB_427,000|_1TB_165원/1GB_164,500"
78716702,삼성전자 9100 PRO M.2 NVMe,"_8TB_351원/1GB_2,810,740|4TB_418원/1GB_1,673,880|2TB_414원/1GB_828,880|_1TB_419원/1GB_418,560","_8TB_351원/1GB_2,810,700|4TB_418원/1GB_1,673,880|2TB_414원/1GB_828,870|_1TB_419원/1GB_418,520","8TB_351원/1GB_2,810,630|4TB_418원/1GB_1,673,790|_2TB_414원/1GB_828,870|_1TB_419원/1GB_418,520","8TB_351원/1GB_2,810,590|4TB_418원/1GB_1,673,760|_2TB_414원/1GB_828,860|_1TB_419원/1GB_418,500"
103600319,삼성전자 9100 PRO M.2 NVMe 병행수입,"8TB_352원/1GB_2,813,880|_4TB_369원/1GB_1,476,970|2TB_399원/1GB_798,990|_1TB_419원/1GB_418,980","8TB_352원/1GB_2,813,840|_4TB_369원/1GB_1,476,930|2TB_399원/1GB_798,990|_1TB_419원/1GB_418,980","8TB_352원/1GB_2,813,840|_4TB_369원/1GB_1,476,930|2TB_399원/1GB_798,990|_1TB_419원/1GB_418,980","8TB_352원/1GB_2,813,840|_4TB_369원/1GB_1,476,930|2TB_399원/1GB_798,950|_1TB_419원/1GB_418,970"
78615518,삼성전자 9100 PRO M.2 NVMe 해외구매,"4TB_352원/1GB_1,407,000|_2TB_280원/1GB_559,800|_1TB_428원/1GB_427,800","4TB_352원/1GB_1,407,000|_2TB_280원/1GB_559,800|_1TB_428원/1GB_427,800","4TB_352원/1GB_1,406,990|_2TB_280원/1GB_559,800|_1TB_428원/1GB_427,800","4TB_352원/1GB_1,406,990|_2TB_280원/1GB_559,800|_1TB_428원/1GB_427,800"
78716765,삼성전자 9100 PRO 히트싱크 M.2 NVMe,"_8TB_476원/1GB_3,809,690|_4TB_454원/1GB_1,816,100|2TB_488원/1GB_975,500|1TB_498원/1GB_498,120","_8TB_476원/1GB_3,809,190|_4TB_454원/1GB_1,816,100|2TB_488원/1GB_975,500|1TB_498원/1GB_498,120","_8TB_476원/1GB_3,808,620|_4TB_454원/1GB_1,816,100|2TB_488원/1GB_975,500|1TB_498원/1GB_498,120","_8TB_476원/1GB_3,808,150|_4TB_454원/1GB_1,816,100|2TB_488원/1GB_975,500|1TB_498원/1GB_498,120"
18830261,삼성전자 960 EVO M.2 NVMe 중고,"250GB_266원/1GB_66,500","250GB_266원/1GB_66,500","250GB_266원/1GB_66,500","250GB_266원/1GB_66,500"
106758203,삼성전자 960 PRO M.2 NVMe 중고,"2TB_200원/1GB_400,000","2TB_200원/1GB_400,000","2TB_200원/1GB_400,000","2TB_200원/1GB_400,000"
18830207,삼성전자 970 EVO M.2 NVMe 중고,"_500GB_260원/1GB_129,900|_250GB_676원/1GB_169,000","_500GB_260원/1GB_129,900|_250GB_676원/1GB_169,000","_500GB_260원/1GB_129,900|_250GB_676원/1GB_169,000","_500GB_260원/1GB_129,900|_250GB_676원/1GB_169,000"
7136788,삼성전자 970 EVO Plus M.2 NVMe,"_2TB_293원/1GB_585,000|_1TB_390원/1GB_390,000|250GB_640원/1GB_160,000","_2TB_293원/1GB_585,000|_1TB_390원/1GB_390,000|250GB_640원/1GB_160,000","_2TB_293원/1GB_585,000|_1TB_390원/1GB_390,000|250GB_640원/1GB_160,000","_2TB_293원/1GB_585,000|_1TB_390원/1GB_390,000|250GB_640원/1GB_160,000"
8153167,삼성전자 970 EVO Plus M.2 NVMe 병행수입,"_2TB_263원/1GB_526,400|_1TB_400원/1GB_400,000|250GB_480원/1GB_120,000","_2TB_263원/1GB_526,400|_1TB_400원/1GB_400,000|250GB_480원/1GB_120,000","_2TB_263원/1GB_526,400|_1TB_400원/1GB_400,000|250GB_480원/1GB_120,000","_2TB_263원/1GB_526,400|_1TB_400원/1GB_400,000|250GB_480원/1GB_120,000"
102760403,삼성전자 970 EVO Plus M.2 NVMe 중고,"_2TB_217원/1GB_434,080|_1TB_250원/1GB_250,000|500GB_298원/1GB_149,000|250GB_392원/1GB_98,000","_2TB_217원/1GB_434,050|_1TB_250원/1GB_250,000|500GB_298원/1GB_149,000|250GB_392원/1GB_98,000","_2TB_217원/1GB_434,050|_1TB_250원/1GB_250,000|500GB_298원/1GB_149,000|250GB_392원/1GB_98,000","_2TB_214원/1GB_428,000|_1TB_250원/1GB_250,000|500GB_298원/1GB_149,000|250GB_392원/1GB_98,000"
6096738,삼성전자 970 PRO M.2 NVMe,"_1TB_570원/1GB_570,000|_512GB_662원/1GB_338,850","_1TB_570원/1GB_570,000|_512GB_662원/1GB_338,850","_1TB_570원/1GB_570,000|_512GB_662원/1GB_338,850","_1TB_570원/1GB_570,000|_512GB_662원/1GB_338,850"
103177244,삼성전자 970 PRO M.2 NVMe 중고,"512GB_275원/1GB_140,790","512GB_275원/1GB_140,790","512GB_275원/1GB_140,790","512GB_275원/1GB_140,790"
13562693,삼성전자 980 M.2 NVMe,"_1TB_401원/1GB_401,490|_500GB_596원/1GB_297,990|250GB_1,440원/1GB_359,990","_1TB_401원/1GB_401,490|_500GB_596원/1GB_297,990|250GB_1,440원/1GB_359,990","_1TB_401원/1GB_401,490|_500GB_596원/1GB_297,990|250GB_1,440원/1GB_359,990","_1TB_401원/1GB_401,490|_500GB_596원/1GB_297,990|250GB_1,440원/1GB_359,990"
27523259,삼성전자 980 M.2 NVMe 벌크,"500GB_440원/1GB_219,900","500GB_440원/1GB_219,900","500GB_440원/1GB_219,900","500GB_440원/1GB_219,900"
13799327,삼성전자 980 M.2 NVMe 병행수입,"_1TB_2,040원/1GB_2,039,990|_500GB_618원/1GB_308,990|250GB_1,044원/1GB_260,970","_1TB_2,040원/1GB_2,039,990|_500GB_618원/1GB_308,990|250GB_1,044원/1GB_260,970","_1TB_2,040원/1GB_2,039,990|_500GB_638원/1GB_318,990|250GB_1,044원/1GB_260,970","_1TB_2,040원/1GB_2,039,990|_500GB_638원/1GB_318,990|250GB_1,044원/1GB_260,970"
99745277,삼성전자 980 M.2 NVMe 중고,"_1TB_216원/1GB_215,880|_500GB_379원/1GB_189,490|250GB_476원/1GB_119,000","_1TB_216원/1GB_215,880|_500GB_379원/1GB_189,490|250GB_476원/1GB_119,000","_1TB_216원/1GB_215,880|_500GB_379원/1GB_189,490|250GB_476원/1GB_119,000","_1TB_216원/1GB_215,880|_500GB_379원/1GB_189,490|250GB_476원/1GB_119,000"
13538642,삼성전자 980 PRO M.2 NVMe,"_2TB_325원/1GB_650,000|_1TB_427원/1GB_427,000|500GB_838원/1GB_419,000|250GB_880원/1GB_220,000","_2TB_325원/1GB_650,000|_1TB_427원/1GB_427,000|500GB_838원/1GB_419,000|250GB_880원/1GB_220,000","_2TB_325원/1GB_650,000|_1TB_427원/1GB_427,000|500GB_838원/1GB_419,000|250GB_880원/1GB_220,000","_2TB_325원/1GB_650,000|_1TB_427원/1GB_427,000|500GB_838원/1GB_419,000|250GB_880원/1GB_220,000"
102001181,삼성전자 980 PRO M.2 NVMe 중고,0,0,"_2TB_265원/1GB_530,000|_1TB_320원/1GB_320,000|500GB_478원/1GB_239,000","_2TB_265원/1GB_530,000|_1TB_320원/1GB_320,000|500GB_478원/1GB_239,000"
15495944,삼성전자 980 PRO 히트싱크 M.2 NVMe,"_2TB_325원/1GB_650,000|_1TB_352원/1GB_352,000","_2TB_325원/1GB_650,000|_1TB_352원/1GB_352,000","_2TB_325원/1GB_650,000|_1TB_352원/1GB_352,000","_2TB_325원/1GB_650,000|_1TB_352원/1GB_352,000"
69869543,삼성전자 990 EVO Plus M.2 NVMe,"4TB_269원/1GB_1,075,070|_2TB_259원/1GB_517,840|_1TB_329원/1GB_328,840","4TB_269원/1GB_1,075,070|_2TB_259원/1GB_517,840|_1TB_329원/1GB_328,840","4TB_270원/1GB_1,081,120|_2TB_259원/1GB_517,840|_1TB_330원/1GB_329,890","4TB_270원/1GB_1,081,120|_2TB_259원/1GB_517,840|_1TB_330원/1GB_329,890"
88207421,삼성전자 990 EVO Plus M.2 NVMe 벌크,"1TB_356원/1GB_356,280","1TB_356원/1GB_356,280",0,0
76339598,삼성전자 990 EVO Plus M.2 NVMe 병행수입,"4TB_330원/1GB_1,319,990|_2TB_236원/1GB_472,470|_1TB_345원/1GB_344,920","4TB_330원/1GB_1,319,990|_2TB_236원/1GB_472,470|_1TB_345원/1GB_344,890","4TB_330원/1GB_1,319,990|_2TB_236원/1GB_472,470|_1TB_345원/1GB_344,800","4TB_330원/1GB_1,319,990|_2TB_236원/1GB_472,470|_1TB_345원/1GB_344,770"
69657203,삼성전자 990 EVO Plus M.2 NVMe 해외구매,"_4TB_248원/1GB_990,000|2TB_268원/1GB_535,000|_1TB_226원/1GB_226,300","_4TB_248원/1GB_990,000|2TB_268원/1GB_535,000|_1TB_226원/1GB_226,300","_4TB_248원/1GB_990,000|2TB_268원/1GB_535,000|_1TB_226원/1GB_226,300","_4TB_248원/1GB_990,000|2TB_268원/1GB_535,000|_1TB_226원/1GB_226,300"
123606360,삼성전자 990 M.2 NVMe,"_2TB_398원/1GB_796,590|_1TB_400원/1GB_400,310","_2TB_398원/1GB_796,580|_1TB_400원/1GB_400,300","_2TB_398원/1GB_796,530|_1TB_400원/1GB_400,290","_2TB_398원/1GB_796,530|_1TB_400원/1GB_400,280"
18297722,삼성전자 990 PRO M.2 NVMe,"4TB_297원/1GB_1,187,820|_2TB_293원/1GB_586,130|_1TB_400원/1GB_399,740","4TB_297원/1GB_1,187,810|_2TB_293원/1GB_586,130|_1TB_400원/1GB_399,740","4TB_297원/1GB_1,187,800|_2TB_293원/1GB_586,110|_1TB_400원/1GB_399,740","4TB_297원/1GB_1,187,790|_2TB_293원/1GB_586,110|_1TB_400원/1GB_399,740"
18518834,삼성전자 990 PRO M.2 NVMe 병행수입,"4TB_285원/1GB_1,141,540|_2TB_283원/1GB_565,580|_1TB_384원/1GB_383,970","4TB_285원/1GB_1,141,540|_2TB_283원/1GB_565,580|_1TB_384원/1GB_383,970","4TB_285원/1GB_1,141,540|_2TB_283원/1GB_565,580|_1TB_384원/1GB_383,970","4TB_285원/1GB_1,141,540|_2TB_283원/1GB_565,580|_1TB_384원/1GB_383,970"
28553285,삼성전자 990 PRO M.2 NVMe 해외구매,"_4TB_201원/1GB_804,230|2TB_290원/1GB_579,380|_1TB_380원/1GB_379,730","_4TB_201원/1GB_804,230|2TB_290원/1GB_579,380|_1TB_380원/1GB_379,730","_4TB_201원/1GB_804,230|2TB_290원/1GB_579,380|_1TB_380원/1GB_379,730","_4TB_201원/1GB_804,230|2TB_290원/1GB_579,380|_1TB_380원/1GB_379,730"
20600144,삼성전자 990 PRO 히트싱크 M.2 NVMe,"4TB_424원/1GB_1,694,460|_2TB_391원/1GB_781,580|_1TB_446원/1GB_446,230","4TB_424원/1GB_1,694,460|_2TB_391원/1GB_781,580|_1TB_446원/1GB_446,230","4TB_424원/1GB_1,694,370|_2TB_391원/1GB_781,560|_1TB_446원/1GB_446,230","4TB_424원/1GB_1,694,340|_2TB_391원/1GB_781,560|_1TB_446원/1GB_446,230"
122701897,삼성전자 BM9C1 M.2 2230 NVMe 벌크,"512GB_398원/1GB_204,000","512GB_398원/1GB_204,000","512GB_398원/1GB_204,000","512GB_398원/1GB_204,000"
106712972,삼성전자 BM9C1 M.2 NVMe 벌크,"1TB_269원/1GB_268,930","1TB_269원/1GB_268,930","1TB_269원/1GB_268,920","1TB_269원/1GB_268,920"
122701937,삼성전자 BM9H1 M.2 NVMe 벌크,"_1TB_319원/1GB_319,000|_512GB_350원/1GB_179,000","_1TB_319원/1GB_319,000|_512GB_350원/1GB_179,000","_1TB_319원/1GB_319,000|_512GB_350원/1GB_179,000","_1TB_319원/1GB_319,000|_512GB_350원/1GB_179,000"
8593442,삼성전자 PM1725A PCIe 병행수입,0,0,"3.2TB_638원/1GB_2,041,660","3.2TB_638원/1GB_2,041,660"
103453787,삼성전자 PM1735 PCIe 중고,"_6.4TB_435원/1GB_2,780,900|3.2TB_1,133원/1GB_3,626,390|_1.6TB_797원/1GB_1,274,520","_6.4TB_435원/1GB_2,780,900|3.2TB_1,133원/1GB_3,626,390|_1.6TB_797원/1GB_1,274,520","_6.4TB_433원/1GB_2,771,470|3.2TB_1,133원/1GB_3,626,390|_1.6TB_794원/1GB_1,270,200","_6.4TB_433원/1GB_2,771,470|3.2TB_1,133원/1GB_3,626,390|_1.6TB_794원/1GB_1,270,200"
17343176,삼성전자 PM893 벌크,"7.68TB_653원/1GB_5,015,580|_3.84TB_803원/1GB_3,082,510|1.92TB_974원/1GB_1,869,150|960GB_1,320원/1GB_1,266,870|_480GB_1,621원/1GB_778,290|","7.68TB_653원/1GB_5,015,570|_3.84TB_803원/1GB_3,082,510|1.92TB_974원/1GB_1,869,150|960GB_1,320원/1GB_1,266,870|_480GB_1,621원/1GB_778,290|","7.68TB_653원/1GB_5,015,510|_3.84TB_803원/1GB_3,082,470|1.92TB_974원/1GB_1,869,150|960GB_1,320원/1GB_1,266,870|_480GB_1,621원/1GB_778,290|","7.68TB_653원/1GB_5,015,510|_3.84TB_803원/1GB_3,082,470|1.92TB_974원/1GB_1,869,150|960GB_1,320원/1GB_1,266,870|_480GB_1,621원/1GB_778,290|"
5702285,삼성전자 PM981 M.2 NVMe 병행수입,"_1TB_275원/1GB_274,860|_512GB_350원/1GB_179,190|256GB_375원/1GB_95,900","_1TB_275원/1GB_274,860|_512GB_350원/1GB_179,190|256GB_375원/1GB_95,900","_1TB_275원/1GB_275,350|_512GB_350원/1GB_179,190|256GB_375원/1GB_95,900","_1TB_275원/1GB_275,350|_512GB_350원/1GB_179,190|256GB_375원/1GB_95,900"
103186610,삼성전자 PM981 M.2 NVMe 중고,"_1TB_150원/1GB_299,900|512GB_226원/1GB_115,780|_256GB_246원/1GB_63,000","_1TB_150원/1GB_299,900|512GB_226원/1GB_115,780|_256GB_246원/1GB_63,000",0,0
122691410,삼성전자 PM981 M.2 NVMe 중고,0,0,"_1TB_150원/1GB_299,900|512GB_226원/1GB_115,780|_256GB_246원/1GB_63,000","_1TB_150원/1GB_299,900|512GB_226원/1GB_115,780|_256GB_246원/1GB_63,000"
10528728,삼성전자 PM981a M.2 NVMe 벌크,"_512GB_360원/1GB_184,260|_256GB_346원/1GB_88,500","_512GB_360원/1GB_184,260|_256GB_346원/1GB_88,500","_512GB_360원/1GB_184,260|_256GB_346원/1GB_88,500","_512GB_360원/1GB_184,260|_256GB_346원/1GB_88,500"
9966492,삼성전자 PM981a M.2 NVMe 병행수입,"_1TB_275원/1GB_275,360|512GB_388원/1GB_198,410|_256GB_351원/1GB_89,900","_1TB_275원/1GB_275,360|512GB_388원/1GB_198,410|_256GB_351원/1GB_89,900","_1TB_273원/1GB_273,330|512GB_388원/1GB_198,410|_256GB_351원/1GB_89,900","_1TB_273원/1GB_273,330|512GB_388원/1GB_198,410|_256GB_351원/1GB_89,900"
102620828,삼성전자 PM981a M.2 NVMe 중고,"_512GB_203원/1GB_103,760|_256GB_248원/1GB_63,440","_512GB_203원/1GB_103,760|_256GB_248원/1GB_63,440","_512GB_203원/1GB_103,760|_256GB_248원/1GB_63,440","_512GB_203원/1GB_103,760|_256GB_248원/1GB_63,440"
11165538,삼성전자 PM991 M.2 NVMe 벌크,"_1TB_330원/1GB_330,000|_256GB_295원/1GB_75,500|128GB_547원/1GB_70,000","_1TB_330원/1GB_330,000|_256GB_295원/1GB_75,500|128GB_547원/1GB_70,000","1TB_330원/1GB_330,000|_256GB_295원/1GB_75,500|_128GB_547원/1GB_70,000","1TB_330원/1GB_330,000|_256GB_295원/1GB_75,500|_128GB_547원/1GB_70,000"
104225036,삼성전자 PM991 M.2 NVMe 중고,"128GB_391원/1GB_50,000","128GB_391원/1GB_50,000","128GB_391원/1GB_50,000","128GB_391원/1GB_50,000"
18748385,삼성전자 PM991a M.2 NVMe 벌크,"1TB_307원/1GB_307,100|512GB_467원/1GB_239,040|_256GB_308원/1GB_78,900|_128GB_467원/1GB_59,790","1TB_307원/1GB_307,100|512GB_467원/1GB_239,040|_256GB_308원/1GB_78,900|_128GB_467원/1GB_59,790",0,0
14949881,삼성전자 PM991a M.2 NVMe 벌크,0,0,"_1TB_307원/1GB_307,100|512GB_467원/1GB_239,040|_256GB_308원/1GB_78,890|128GB_467원/1GB_59,790","_1TB_307원/1GB_307,100|512GB_467원/1GB_239,040|_256GB_308원/1GB_78,890|128GB_467원/1GB_59,790"
109681733,삼성전자 PM991a M.2 NVMe 중고,0,0,"1TB_251원/1GB_250,860|_512GB_289원/1GB_148,070|_256GB_273원/1GB_69,770|128GB_379원/1GB_48,500","1TB_251원/1GB_250,830|_512GB_289원/1GB_148,060|_256GB_272원/1GB_69,740|128GB_379원/1GB_48,500"
13649699,삼성전자 PM9A1 M.2 NVMe 벌크,"2TB_284원/1GB_567,990|1TB_314원/1GB_314,000|_512GB_388원/1GB_198,500|_256GB_371원/1GB_95,000","2TB_284원/1GB_567,990|1TB_314원/1GB_314,000|_512GB_388원/1GB_198,500|_256GB_371원/1GB_95,000","2TB_284원/1GB_567,990|_1TB_314원/1GB_314,000|_512GB_388원/1GB_198,500|256GB_371원/1GB_95,000","2TB_284원/1GB_567,990|_1TB_314원/1GB_314,000|_512GB_388원/1GB_198,500|256GB_371원/1GB_95,000"
13344977,삼성전자 PM9A1 M.2 NVMe 병행수입,"2TB_284원/1GB_568,000|_1TB_310원/1GB_309,900|_512GB_390원/1GB_199,890|256GB_517원/1GB_132,290","2TB_284원/1GB_568,000|_1TB_310원/1GB_309,900|_512GB_390원/1GB_199,890|256GB_517원/1GB_132,290","2TB_284원/1GB_568,000|_1TB_310원/1GB_309,900|_512GB_390원/1GB_199,890|256GB_517원/1GB_132,290","2TB_284원/1GB_568,000|_1TB_310원/1GB_309,900|_512GB_390원/1GB_199,890|256GB_517원/1GB_132,290"
102760391,삼성전자 PM9A1 M.2 NVMe 중고,"2TB_284원/1GB_568,000|1TB_249원/1GB_249,000|_512GB_269원/1GB_137,890|_256GB_270원/1GB_69,000","2TB_284원/1GB_568,000|1TB_249원/1GB_249,000|_512GB_269원/1GB_137,890|_256GB_270원/1GB_69,000","2TB_284원/1GB_568,000|1TB_249원/1GB_249,000|_512GB_269원/1GB_137,890|_256GB_270원/1GB_69,000","2TB_284원/1GB_568,000|1TB_249원/1GB_249,000|_512GB_269원/1GB_137,890|_256GB_270원/1GB_69,000"
67627088,삼성전자 PM9A1a M.2 NVMe 벌크,"_1TB_316원/1GB_316,000|_512GB_445원/1GB_227,640","_1TB_316원/1GB_315,690|_512GB_445원/1GB_227,600","_1TB_316원/1GB_315,690|_512GB_445원/1GB_227,600","_1TB_316원/1GB_315,680|_512GB_445원/1GB_227,600"
76871684,삼성전자 PM9A1a M.2 NVMe 병행수입,"2TB_355원/1GB_709,530|_1TB_330원/1GB_329,900|_512GB_478원/1GB_244,970","2TB_355원/1GB_709,530|_1TB_330원/1GB_329,900|_512GB_478원/1GB_244,970","2TB_355원/1GB_709,530|_1TB_330원/1GB_329,900|_512GB_478원/1GB_244,970","2TB_355원/1GB_709,530|_1TB_330원/1GB_329,900|_512GB_478원/1GB_244,970"
77463542,삼성전자 PM9A3 U.2 NVMe 병행수입,"_7.68TB_605원/1GB_4,646,030|_3.84TB_798원/1GB_3,065,890|1.92TB_1,301원/1GB_2,498,000","_7.68TB_605원/1GB_4,646,020|_3.84TB_798원/1GB_3,065,890|1.92TB_1,301원/1GB_2,498,000","_7.68TB_605원/1GB_4,645,980|_3.84TB_798원/1GB_3,065,890|1.92TB_1,301원/1GB_2,498,000","_7.68TB_605원/1GB_4,645,980|_3.84TB_798원/1GB_3,065,890|1.92TB_1,301원/1GB_2,498,000"
78785120,삼성전자 PM9B1 M.2 2242 NVMe 병행수입,"512GB_426원/1GB_217,990","512GB_426원/1GB_217,990","512GB_426원/1GB_217,990","512GB_421원/1GB_215,790"
20308067,삼성전자 PM9B1 M.2 NVMe 벌크,"_1TB_269원/1GB_268,930|512GB_326원/1GB_167,040|_256GB_305원/1GB_77,990","_1TB_269원/1GB_268,930|512GB_326원/1GB_167,040|_256GB_305원/1GB_77,990","_1TB_269원/1GB_268,930|512GB_326원/1GB_167,030|_256GB_305원/1GB_77,980","_1TB_269원/1GB_268,930|512GB_326원/1GB_167,030|_256GB_305원/1GB_77,980"
97112444,삼성전자 PM9C1 M.2 NVMe 벌크,"1TB_309원/1GB_308,990|_512GB_330원/1GB_168,900|_256GB_296원/1GB_75,900","1TB_309원/1GB_308,990|_512GB_330원/1GB_168,900|_256GB_296원/1GB_75,900","1TB_309원/1GB_308,990|_512GB_330원/1GB_168,900|_256GB_296원/1GB_75,900","1TB_309원/1GB_308,990|_512GB_330원/1GB_168,900|_256GB_296원/1GB_75,900"
96583769,삼성전자 PM9C1b M.2 NVMe 벌크,"_1TB_300원/1GB_307,330|_512GB_348원/1GB_178,190","_1TB_300원/1GB_307,330|_512GB_348원/1GB_178,190","_1TB_300원/1GB_307,290|_512GB_348원/1GB_178,190","_1TB_300원/1GB_307,180|_512GB_348원/1GB_178,190"
96979466,삼성전자 PM9C1b M.2 NVMe 병행수입,"_1TB_347원/1GB_355,000|_512GB_493원/1GB_252,280","_1TB_347원/1GB_355,000|_512GB_493원/1GB_252,280","_1TB_347원/1GB_355,000|_512GB_493원/1GB_252,280","_1TB_347원/1GB_355,000|_512GB_493원/1GB_252,280"
103450037,삼성전자 PM9E1 M.2 NVMe 벌크,"_1TB_405원/1GB_415,000|_512GB_515원/1GB_263,470","_1TB_405원/1GB_415,000|_512GB_515원/1GB_263,460","_1TB_405원/1GB_415,000|_512GB_515원/1GB_263,460","_1TB_405원/1GB_415,000|_512GB_515원/1GB_263,460"
103449614,삼성전자 PM9E1 M.2 NVMe 벌크,"_1TB_405원/1GB_415,000|_512GB_515원/1GB_263,470","_1TB_405원/1GB_415,000|_512GB_515원/1GB_263,460","_1TB_405원/1GB_415,000|_512GB_515원/1GB_263,460","_1TB_405원/1GB_415,000|_512GB_515원/1GB_263,460"
95848700,삼성전자 PM9E1 M.2 NVMe 병행수입,"4TB_406원/1GB_1,663,690|_2TB_431원/1GB_882,650|_1TB_440원/1GB_450,990|512GB_624원/1GB_319,350","4TB_406원/1GB_1,663,690|_2TB_431원/1GB_882,650|_1TB_440원/1GB_450,990|512GB_624원/1GB_319,350","4TB_406원/1GB_1,663,650|_2TB_431원/1GB_882,650|_1TB_440원/1GB_450,990|512GB_624원/1GB_319,350","4TB_406원/1GB_1,663,650|_2TB_431원/1GB_882,650|_1TB_440원/1GB_450,990|512GB_624원/1GB_319,350"
63036680,서진네트웍스 UNICORN 2.5인치 HDD 듀얼 컨버터 케이블 (FD-900D),"8,900","8,900","8,900","8,900"
93704684,서진네트웍스 UNICORN JM-200 M.2 SSD 보관케이스,"6,510","6,510","6,510","6,510"
8467623,서진네트웍스 UNICORN USB 3.0 to SATA 케이블 (FD-700SATAA),"8,050","8,050","8,050","8,050"
5020544,서진네트웍스 UNICORN USB 3.0 to SATA 케이블 (HD-300SATA),"8,360","8,360","8,360","8,360"
74005430,솔리다임 D5-P5336 U.2 NVMe 해외구매,"_61.44TB_977원/1GB_60,000,000|_30.72TB_1,042원/1GB_32,000,000|15.36TB_1,041원/1GB_15,990,000|7.68TB_1,301원/1GB_9,990,000","_61.44TB_977원/1GB_60,000,000|_30.72TB_1,042원/1GB_32,000,000|15.36TB_1,041원/1GB_15,990,000|7.68TB_1,301원/1GB_9,990,000","_61.44TB_977원/1GB_60,000,000|_30.72TB_1,042원/1GB_32,000,000|15.36TB_1,041원/1GB_15,990,000|7.68TB_1,301원/1GB_9,990,000","_61.44TB_977원/1GB_60,000,000|_30.72TB_1,042원/1GB_32,000,000|15.36TB_1,041원/1GB_15,990,000|7.68TB_1,301원/1GB_9,990,000"
17706074,솔리다임 P41 PLUS M.2 NVMe,"2TB_272원/1GB_543,320","2TB_272원/1GB_543,320","2TB_272원/1GB_543,320","2TB_272원/1GB_543,320"
69656300,솔리다임 P44 Pro M.2 NVMe 벌크,"2TB_305원/1GB_609,500","2TB_305원/1GB_609,460","2TB_305원/1GB_609,460","2TB_305원/1GB_609,460"
20231477,실리콘파워 Ace A55 서린,"512GB_186원/1GB_95,310","512GB_186원/1GB_95,310","512GB_186원/1GB_95,310","512GB_186원/1GB_95,310"
17578166,실리콘파워 P34 UD80 M.2 NVMe,0,0,"250GB_233원/1GB_58,250","250GB_233원/1GB_58,250"
20231738,실리콘파워 P44 UD85 M.2 NVMe 서린,"500GB_275원/1GB_137,670","500GB_275원/1GB_137,670","500GB_275원/1GB_137,670","500GB_275원/1GB_137,670"
105156599,실리콘파워 P44 XS70 M.2 NVMe 해외구매,0,"4TB_238원/1GB_951,300","4TB_238원/1GB_951,300",0
20179880,실리콘파워 UD90 M.2 NVMe 해외구매,"1TB_190원/1GB_190,190","1TB_190원/1GB_190,190","1TB_190원/1GB_190,190","1TB_190원/1GB_190,190"
11834728,쏘 Drive M.2 NVMe,"512GB_195원/1GB_99,800","512GB_195원/1GB_99,800","512GB_195원/1GB_99,800","512GB_195원/1GB_99,800"
102128060,아이티젠 M.2 NVMe PCI-E 1x 변환 컨버터,0,0,"3,860","3,860"
102355247,아이티젠 M.2 NVMe PCI-E 4x 듀얼 변환 컨버터,"5,580","5,580","5,570","5,570"
107989661,에이서 프레데터 GM6 M.2 NVMe 해외구매,"_2TB_316원/1GB_631,790|_1TB_288원/1GB_288,360","_2TB_316원/1GB_631,790|_1TB_288원/1GB_288,360","_2TB_316원/1GB_631,790|_1TB_288원/1GB_288,360","_2TB_316원/1GB_631,790|_1TB_288원/1GB_288,360"
16039961,에이서 프레데터 GM7000 M.2 NVMe,"1TB_320원/1GB_320,000","1TB_320원/1GB_320,000","1TB_320원/1GB_320,000","1TB_320원/1GB_320,000"
106749752,에이서 프레데터 GM9000 M.2 NVMe,"_2TB_286원/1GB_571,940|_1TB_360원/1GB_360,000","_2TB_286원/1GB_571,940|_1TB_360원/1GB_360,000","_2TB_286원/1GB_571,940|_1TB_360원/1GB_360,000","_2TB_286원/1GB_571,940|_1TB_360원/1GB_360,000"
108422357,에이서 프레데터 GM9000 히트싱크 M.2 NVMe 해외구매,"8TB_290원/1GB_2,320,230","8TB_298원/1GB_2,380,410","8TB_298원/1GB_2,380,410","8TB_298원/1GB_2,380,410"
15115958,엠비에프 MBF-U3SATA-BK USB 3.0 to SATA3 컨버터,"6,040","5,850","6,040","6,040"
16779401,엠비에프 MBF-UC3SATA-BK USB 3.0 Type C to SATA 어댑터,"7,640","7,640","7,640","7,640"
12372326,엠씨케이글로벌 OUTTON MK-500 LITE M.2 NVMe,"_256GB_416원/1GB_106,480|_128GB_648원/1GB_82,980","_256GB_416원/1GB_106,480|_128GB_648원/1GB_82,980","_256GB_416원/1GB_106,480|_128GB_648원/1GB_82,980","_256GB_416원/1GB_106,480|_128GB_648원/1GB_82,980"
12575978,엠씨케이글로벌 OUTTON MK-500 LITE M.2 SATA,"_512GB_260원/1GB_132,990|_128GB_469원/1GB_59,980","_512GB_260원/1GB_132,990|_128GB_469원/1GB_59,980","_512GB_260원/1GB_132,990|_128GB_469원/1GB_59,980","_512GB_260원/1GB_132,990|_128GB_469원/1GB_59,980"
12545057,엠씨케이글로벌 OUTTON MK-500 LITE SSD,"2TB_175원/1GB_350,000|1TB_189원/1GB_189,000|_512GB_205원/1GB_105,000|_256GB_227원/1GB_58,000|128GB_289원/1GB_37,000","2TB_175원/1GB_350,000|1TB_189원/1GB_189,000|_512GB_205원/1GB_105,000|_256GB_227원/1GB_58,000|128GB_289원/1GB_37,000","2TB_175원/1GB_350,000|1TB_189원/1GB_189,000|_512GB_205원/1GB_105,000|_256GB_227원/1GB_58,000|128GB_289원/1GB_37,000","2TB_175원/1GB_350,000|1TB_189원/1GB_189,000|_512GB_205원/1GB_105,000|_256GB_227원/1GB_58,000|128GB_289원/1GB_37,000"
76942418,엠씨케이글로벌 OUTTON MK-500 LITE mSATA 벌크,"_512GB_312원/1GB_159,990|_256GB_387원/1GB_99,000","_512GB_312원/1GB_159,990|_256GB_387원/1GB_99,000","_512GB_312원/1GB_159,990|_256GB_387원/1GB_99,000","_512GB_312원/1GB_159,990|_256GB_387원/1GB_99,000"
122642444,위즈플랫 SPX-3520N 하드보관함,"49,870","49,860","49,860","49,860"
20313485,이메이션 Q971 M.2 NVMe,"_4TB_190원/1GB_759,000|2TB_208원/1GB_415,940|1TB_256원/1GB_256,300|_512GB_310원/1GB_158,900","_4TB_190원/1GB_759,000|2TB_208원/1GB_415,940|1TB_256원/1GB_256,290|_512GB_309원/1GB_158,400","_4TB_190원/1GB_759,000|2TB_208원/1GB_415,930|1TB_256원/1GB_256,290|_512GB_309원/1GB_158,390","_4TB_190원/1GB_759,000|2TB_208원/1GB_415,930|1TB_256원/1GB_256,290|_512GB_309원/1GB_158,390"
6929872,이메이션 X931 M.2 NVMe,"256GB_352원/1GB_90,000","256GB_352원/1GB_90,000","256GB_352원/1GB_90,000","256GB_352원/1GB_90,000"
75656279,이메이션 XPro,"_512GB_221원/1GB_113,340|_256GB_267원/1GB_68,310","_512GB_221원/1GB_113,340|_256GB_267원/1GB_68,310","_512GB_221원/1GB_113,330|_256GB_267원/1GB_68,300","_512GB_221원/1GB_113,330|_256GB_267원/1GB_68,300"
13228940,이지넷유비쿼터스 NEXT-448TC USB-C to SATA 컨버터,"14,900","14,900","14,900","14,900"
16860140,이지넷유비쿼터스 NEXTU NEXT-M2290G2DC M.2 & SATA 클론 어댑터,"48,510","48,510","48,510","48,510"
28247900,이지넷유비쿼터스 NEXTU 화이듀 M2296PCIe M.2 to PCIe 변환 어댑터,"9,500","9,500","9,500","9,500"
3932027,이지넷유비쿼터스 USB 3.0 2.5형 SSD/HDD SATA3 컨트롤러 (NEXT-415MU3),"5,110","5,110","5,110","5,110"
1510996,이지넷유비쿼터스 USB 3.0 to SATA 확장 어댑터 (NEXT-318U3),"18,400","18,400","18,400","18,400"
9831483,이지넷유비쿼터스 USB 3.0 to SATA/IDE 컨트롤러 (NEXT-518U3 SATAIDE),"18,500","18,500","18,500","18,500"
93700160,인네트워크 IN-ST3025 USB to SATA 컨버터,"4,450","4,450","4,450","4,450"
6460544,인텔 D3-S4510,"7.68TB_1,153원/1GB_8,852,000|_3.84TB_3,125원/1GB_12,000,000|_1.92TB_2,599원/1GB_4,990,000|||","7.68TB_1,153원/1GB_8,852,000|_3.84TB_3,125원/1GB_12,000,000|_1.92TB_2,599원/1GB_4,990,000|||",0,0
6460539,인텔 D3-S4510,0,0,"7.68TB_1,153원/1GB_8,852,000||_1.92TB_2,599원/1GB_4,990,000|_960GB_2,853원/1GB_2,739,000||","7.68TB_1,153원/1GB_8,852,000||_1.92TB_2,599원/1GB_4,990,000|_960GB_2,853원/1GB_2,739,000||"
13686647,인텔 DC P4610,"1.6TB_505원/1GB_808,500","1.6TB_505원/1GB_808,500","1.6TB_505원/1GB_808,500","1.6TB_505원/1GB_808,500"
14019041,인텔 SOLIDIGM 670p M.2 NVMe,"2TB_209원/1GB_418,000","2TB_209원/1GB_418,000","2TB_209원/1GB_418,000","2TB_209원/1GB_418,000"
14261117,장우컴퍼니 M.2 SSD 연장 가이드,"1,790","1,790","1,790","1,790"
14904665,조이쿨 2.5/3.5 to 5.25 가이드,"1,580","1,580","1,580","1,580"
14810525,조이쿨 M.2 SSD 조립용 나사,"_50개_1,890|_10개_330","_50개_1,890|_10개_330","_50개_1,890|_10개_330","_50개_1,890|_10개_330"
21193868,조이쿨 M.2 육각나사 세트,890,890,0,0
103810973,컴이지 KINGDOM New PM M.2 NVMe 벌크,"1TB_229원/1GB_228,830|_512GB_251원/1GB_128,700|_256GB_300원/1GB_76,790","1TB_229원/1GB_228,830|_512GB_251원/1GB_128,700|_256GB_300원/1GB_76,790","1TB_229원/1GB_228,810|_512GB_251원/1GB_128,700|_256GB_300원/1GB_76,770","1TB_229원/1GB_228,810|_512GB_251원/1GB_128,700|_256GB_300원/1GB_76,770"
103810994,컴이지 KINGDOM New PM M.2 NVMe 벌크,"1TB_229원/1GB_228,830|_512GB_251원/1GB_128,700|_256GB_300원/1GB_76,790","1TB_229원/1GB_228,830|_512GB_251원/1GB_128,700|_256GB_300원/1GB_76,790","1TB_229원/1GB_228,810|_512GB_251원/1GB_128,700|_256GB_300원/1GB_76,770","1TB_229원/1GB_228,810|_512GB_251원/1GB_128,700|_256GB_300원/1GB_76,770"
105966746,컴이지 KINGDOM PM M40 M.2 NVMe 벌크,"512GB_294원/1GB_150,500","512GB_294원/1GB_150,500","512GB_294원/1GB_150,500","512GB_294원/1GB_150,500"
104321216,컴이지 KINGDOM PM R40 M.2 NVMe 벌크,"500GB_352원/1GB_175,990","500GB_352원/1GB_175,990","500GB_352원/1GB_175,990","500GB_352원/1GB_175,990"
17820989,키오시아 BG4 KBG40ZNS M.2 2230 NVMe 해외구매,"256GB_222원/1GB_56,800","256GB_222원/1GB_56,800","256GB_222원/1GB_56,800","256GB_222원/1GB_56,800"
109596251,키오시아 BG6 KBG60ZNV M.2 NVMe 벌크,"256GB_393원/1GB_100,500","256GB_393원/1GB_100,500","256GB_393원/1GB_100,490","256GB_372원/1GB_95,236"
29345393,키오시아 CL4-8D M.2 NVMe 벌크,"_512GB_304원/1GB_155,770|_256GB_269원/1GB_68,990","_512GB_304원/1GB_155,770|_256GB_269원/1GB_68,990","_512GB_304원/1GB_155,770|_256GB_269원/1GB_68,900","_512GB_304원/1GB_155,770|_256GB_269원/1GB_68,900"
11282967,키오시아 EXCERIA,"_480GB_265원/1GB_127,140|_240GB_375원/1GB_90,020","_480GB_265원/1GB_127,140|_240GB_375원/1GB_90,020","_480GB_265원/1GB_127,130|_240GB_375원/1GB_90,020","_480GB_265원/1GB_127,130|_240GB_375원/1GB_90,020"
101545817,키오시아 EXCERIA BASIC M.2 NVMe,"_2TB_341원/1GB_682,500|_1TB_323원/1GB_322,800","_2TB_341원/1GB_682,500|_1TB_323원/1GB_322,800","_2TB_341원/1GB_682,490|_1TB_370원/1GB_369,990","_2TB_341원/1GB_682,490|_1TB_370원/1GB_369,990"
104228888,키오시아 EXCERIA G3 M.2 NVMe,"_2TB_418원/1GB_836,900|_1TB_400원/1GB_400,000","_2TB_418원/1GB_836,900|_1TB_400원/1GB_400,000","_2TB_418원/1GB_836,880|_1TB_400원/1GB_400,000","_2TB_418원/1GB_836,880|_1TB_400원/1GB_400,000"
30271115,키오시아 EXCERIA PLUS G3 M.2 NVMe,"_2TB_317원/1GB_634,010|_1TB_365원/1GB_365,200","_2TB_317원/1GB_634,010|_1TB_365원/1GB_365,200","_2TB_317원/1GB_634,010|_1TB_365원/1GB_365,200","_2TB_317원/1GB_634,010|_1TB_365원/1GB_365,200"
74056493,키오시아 EXCERIA PLUS G4 M.2 NVMe,"_2TB_275원/1GB_549,900|_1TB_400원/1GB_400,170","_2TB_275원/1GB_549,900|_1TB_400원/1GB_400,160","_2TB_275원/1GB_549,900|_1TB_400원/1GB_400,080","_2TB_275원/1GB_550,000|_1TB_400원/1GB_400,050"
79518806,키오시아 EXCERIA PLUS G4 M.2 NVMe 해외구매,"1TB_443원/1GB_442,690","1TB_443원/1GB_442,690","1TB_443원/1GB_442,690","1TB_443원/1GB_442,690"
104228879,키오시아 EXCERIA PRO G2 M.2 NVMe,"4TB_293원/1GB_1,200,000|_2TB_341원/1GB_697,840|_1TB_524원/1GB_536,550","4TB_293원/1GB_1,200,000|_2TB_341원/1GB_697,840|_1TB_524원/1GB_536,550","4TB_293원/1GB_1,200,000|_2TB_341원/1GB_697,840|_1TB_524원/1GB_536,550","4TB_293원/1GB_1,200,000|_2TB_341원/1GB_697,840|_1TB_524원/1GB_536,550"
74971640,키오시아 EXCERIA 히트싱크 M.2 NVMe,"4TB_241원/1GB_963,690|_2TB_259원/1GB_518,320|_1TB_339원/1GB_339,000","4TB_241원/1GB_963,690|_2TB_259원/1GB_518,320|_1TB_359원/1GB_359,110","4TB_241원/1GB_963,690|_2TB_259원/1GB_518,320|_1TB_359원/1GB_359,110","4TB_241원/1GB_963,690|_2TB_259원/1GB_518,320|_1TB_359원/1GB_359,110"
122692650,키오시아 XG7 KXG70ZNV M.2 NVMe 벌크,"1TB_318원/1GB_318,440","1TB_318원/1GB_318,440","1TB_318원/1GB_318,440","1TB_318원/1GB_318,430"
92686784,키오시아 XG7 M.2 NVMe 벌크,0,0,"4TB_249원/1GB_995,450","4TB_249원/1GB_995,450"
96773120,킹스톤 FURY Renegade G5 M.2 NVMe,"8TB_555원/1GB_4,547,980|4TB_559원/1GB_2,288,990|_2TB_531원/1GB_1,088,100|_1TB_814원/1GB_833,990","8TB_555원/1GB_4,547,980|4TB_559원/1GB_2,288,990|_2TB_531원/1GB_1,088,100|_1TB_814원/1GB_833,990","8TB_555원/1GB_4,547,940|4TB_559원/1GB_2,288,990|_2TB_531원/1GB_1,088,100|_1TB_824원/1GB_843,990","8TB_555원/1GB_4,547,940|4TB_559원/1GB_2,288,990|_2TB_531원/1GB_1,088,100|_1TB_824원/1GB_843,990"
96773165,킹스톤 KC3000 M.2 NVMe,"4TB_362원/1GB_1,484,000|2TB_426원/1GB_872,100|_1TB_513원/1GB_525,600|_512GB_640원/1GB_327,600","4TB_362원/1GB_1,484,000|2TB_426원/1GB_872,100|_1TB_513원/1GB_525,600|_512GB_640원/1GB_327,600","4TB_362원/1GB_1,484,000|2TB_426원/1GB_872,100|_1TB_513원/1GB_525,600|_512GB_640원/1GB_327,600","4TB_362원/1GB_1,484,000|2TB_426원/1GB_872,100|_1TB_513원/1GB_525,600|_512GB_640원/1GB_327,600"
122635825,킹스톤 KC3000 M.2 NVMe 병행수입,"1TB_330원/1GB_337,690","1TB_330원/1GB_337,680","1TB_330원/1GB_337,680","1TB_330원/1GB_337,680"
106686851,킹스톤 NV3 M.2 2230 NVMe 병행수입,"_2TB_281원/1GB_561,970|1TB_350원/1GB_349,980|_500GB_411원/1GB_205,430","_2TB_281원/1GB_561,460|1TB_350원/1GB_349,980|_500GB_410원/1GB_204,930","_2TB_280원/1GB_559,930|1TB_350원/1GB_349,980|_500GB_410원/1GB_204,880","_2TB_280원/1GB_559,420|1TB_350원/1GB_349,980|_500GB_410원/1GB_204,880"
93628601,킹스톤 NV3 M.2 2230 NVMe 해외구매,"2TB_498원/1GB_996,800|_1TB_326원/1GB_325,700|_500GB_627원/1GB_313,400","2TB_498원/1GB_996,800|_1TB_326원/1GB_325,700|_500GB_627원/1GB_313,400",0,0
96772595,킹스톤 NV3 M.2 NVMe,"4TB_336원/1GB_1,342,820|2TB_308원/1GB_615,600|_1TB_270원/1GB_270,000|_500GB_412원/1GB_206,100","4TB_336원/1GB_1,342,820|2TB_308원/1GB_615,600|_1TB_270원/1GB_270,000|_500GB_412원/1GB_206,100","4TB_337원/1GB_1,347,870|2TB_308원/1GB_615,600|_1TB_270원/1GB_270,000|_500GB_412원/1GB_206,100","4TB_337원/1GB_1,347,870|2TB_308원/1GB_615,600|_1TB_270원/1GB_270,000|_500GB_412원/1GB_206,100"
103751138,킹스톤 NV3 M.2 NVMe 병행수입,"1TB_247원/1GB_246,980","1TB_247원/1GB_246,980","1TB_247원/1GB_246,980","1TB_247원/1GB_246,980"
11708717,타무즈 GK300,"_256GB_273원/1GB_70,000|_64GB_449원/1GB_28,740","_256GB_273원/1GB_70,000|_64GB_449원/1GB_28,740","_256GB_273원/1GB_70,000|_64GB_448원/1GB_28,690","_256GB_273원/1GB_70,000|_64GB_431원/1GB_27,576"
11888062,타무즈 GKM330 M.2 2242 SATA,"_1TB_289원/1GB_288,980|512GB_315원/1GB_161,260|_256GB_391원/1GB_100,000|64GB_1,047원/1GB_67,000","_1TB_289원/1GB_288,980|512GB_315원/1GB_161,230|_256GB_391원/1GB_100,000|64GB_1,047원/1GB_67,000","_1TB_289원/1GB_288,980|512GB_315원/1GB_161,140|_256GB_391원/1GB_100,000|64GB_1,047원/1GB_67,000","_1TB_289원/1GB_288,980|512GB_315원/1GB_161,100|_256GB_368원/1GB_94,300|64GB_1,047원/1GB_67,000"
9701229,타무즈 GKM330 M.2 SATA,"512GB_239원/1GB_122,400|_256GB_316원/1GB_80,990|_128GB_466원/1GB_59,670","512GB_239원/1GB_122,400|_256GB_316원/1GB_80,990|_128GB_466원/1GB_59,670",0,0
9701343,타무즈 GKM330 M.2 SATA,0,0,"_512GB_239원/1GB_122,360|256GB_316원/1GB_80,990|_128GB_466원/1GB_59,660","_512GB_227원/1GB_116,340|256GB_306원/1GB_78,381|_128GB_435원/1GB_55,638"
10034049,타무즈 GKX370 mSATA,"_512GB_370원/1GB_189,560|256GB_408원/1GB_104,390|128GB_646원/1GB_82,690|_64GB_797원/1GB_51,000","_512GB_370원/1GB_189,530|256GB_408원/1GB_104,370|128GB_646원/1GB_82,660|_64GB_797원/1GB_51,000",0,0
10033965,타무즈 GKX370 mSATA,0,0,"_512GB_370원/1GB_189,530|256GB_407원/1GB_104,280|128GB_646원/1GB_82,660|_64GB_797원/1GB_51,000","_512GB_369원/1GB_188,920|256GB_394원/1GB_100,750|128GB_612원/1GB_78,381|_64GB_797원/1GB_51,000"
10033824,타무즈 GKX570 mSATA 벌크,"_256GB_453원/1GB_116,060|64GB_856원/1GB_54,810|32GB_1,038원/1GB_33,200|_16GB_1,273원/1GB_20,370","_256GB_453원/1GB_116,060|64GB_856원/1GB_54,810|32GB_1,038원/1GB_33,200|_16GB_1,255원/1GB_20,080","_256GB_453원/1GB_116,060|64GB_856원/1GB_54,810|32GB_1,038원/1GB_33,200|_16GB_1,255원/1GB_20,080","_256GB_440원/1GB_112,570|64GB_856원/1GB_54,810|32GB_1,038원/1GB_33,200|_16GB_1,240원/1GB_19,836"
6480499,타무즈 M740 M.2 NVMe,"1TB_226원/1GB_226,190","1TB_226원/1GB_226,170","1TB_226원/1GB_226,090","1TB_226원/1GB_226,060"
33364364,타무즈 M740 M.2 NVMe 벌크,"_1TB_207원/1GB_206,510|512GB_266원/1GB_135,990|_256GB_312원/1GB_79,900","_1TB_207원/1GB_206,510|512GB_266원/1GB_135,990|_256GB_312원/1GB_79,900","_1TB_208원/1GB_207,550|512GB_266원/1GB_135,990|_256GB_312원/1GB_79,900","_1TB_208원/1GB_207,550|512GB_266원/1GB_135,990|_256GB_312원/1GB_79,900"
103692554,타무즈 M740Q M.2 NVMe 벌크,"_1TB_212원/1GB_211,790|_512GB_249원/1GB_127,730|256GB_316원/1GB_80,950","_1TB_212원/1GB_211,790|_512GB_249원/1GB_127,720|256GB_316원/1GB_80,950","_1TB_212원/1GB_211,790|_512GB_249원/1GB_127,700|256GB_316원/1GB_80,950","_1TB_212원/1GB_211,790|_512GB_239원/1GB_122,250|256GB_316원/1GB_80,950"
103692572,타무즈 M740Q M.2 NVMe 벌크,"_1TB_212원/1GB_211,790|_512GB_249원/1GB_127,730|256GB_316원/1GB_80,950","_1TB_212원/1GB_211,790|_512GB_249원/1GB_127,720|256GB_316원/1GB_80,950","_1TB_212원/1GB_211,790|_512GB_249원/1GB_127,700|256GB_316원/1GB_80,950","_1TB_212원/1GB_211,790|_512GB_239원/1GB_122,250|256GB_316원/1GB_80,950"
91765991,타무즈 M820 M.2 NVMe,"1TB_244원/1GB_244,000","1TB_244원/1GB_244,000","1TB_244원/1GB_244,000","1TB_244원/1GB_244,000"
92970176,타무즈 MX400 mSATA 벌크,"_1TB_227원/1GB_226,920|_512GB_213원/1GB_109,270","_1TB_227원/1GB_226,920|_512GB_213원/1GB_109,270","_1TB_227원/1GB_226,830|_512GB_213원/1GB_109,270","_1TB_227원/1GB_226,800|_512GB_213원/1GB_109,270"
33369674,타무즈 RXK550 벌크,"2TB_189원/1GB_377,660|_1TB_199원/1GB_198,800|_512GB_218원/1GB_111,460|256GB_554원/1GB_141,820|128GB_319원/1GB_40,800|","2TB_189원/1GB_377,660|_1TB_199원/1GB_198,770|_512GB_218원/1GB_111,440|256GB_554원/1GB_141,820|128GB_319원/1GB_40,800|","2TB_189원/1GB_377,660|_1TB_199원/1GB_198,720|_512GB_218원/1GB_111,360|256GB_554원/1GB_141,820|128GB_320원/1GB_40,970|","2TB_189원/1GB_377,660|_1TB_196원/1GB_196,450|_512GB_206원/1GB_105,590|256GB_554원/1GB_141,820|128GB_299원/1GB_38,223|"
6998212,탑라인에이치디 HDTOP USB 3.0 to SATA 2.5형 컨버터 (HT-A100),0,0,"6,690","6,690"
7430029,트랜센드 MSA230S mSATA,"512GB_634원/1GB_324,660|_256GB_746원/1GB_190,940|128GB_911원/1GB_116,550|_64GB_1,172원/1GB_75,000","512GB_634원/1GB_324,660|_256GB_746원/1GB_190,940|128GB_911원/1GB_116,550|_64GB_1,172원/1GB_75,000","512GB_635원/1GB_324,880|_256GB_750원/1GB_191,990|128GB_910원/1GB_116,540|_64GB_1,172원/1GB_75,000","512GB_635원/1GB_324,880|_256GB_750원/1GB_191,990|128GB_910원/1GB_116,540|_64GB_1,172원/1GB_75,000"
2813743,트랜센드 MSA370 mSATA,"512GB_6,348원/1GB_3,250,000|_256GB_2,729원/1GB_698,740|_128GB_6,164원/1GB_789,000|64GB_6,469원/1GB_414,000|32GB_6,938원/1GB_222,000","512GB_6,348원/1GB_3,250,000|_256GB_2,729원/1GB_698,740|_128GB_6,164원/1GB_789,000|64GB_6,469원/1GB_414,000|32GB_6,938원/1GB_222,000","512GB_6,348원/1GB_3,250,000|_256GB_2,729원/1GB_698,740|_128GB_6,164원/1GB_789,000|64GB_6,469원/1GB_414,000|32GB_6,938원/1GB_222,000","512GB_6,348원/1GB_3,250,000|_256GB_2,729원/1GB_698,740|_128GB_6,164원/1GB_789,000|64GB_6,469원/1GB_414,000|32GB_6,938원/1GB_222,000"
16245587,트랜센드 MTE110Q M.2 NVMe,"_1TB_378원/1GB_377,860|_500GB_356원/1GB_177,970","_1TB_378원/1GB_377,860|_500GB_356원/1GB_177,970",0,0
16245542,트랜센드 MTE110Q M.2 NVMe,0,0,"_1TB_378원/1GB_377,990|_500GB_356원/1GB_177,990","_1TB_378원/1GB_377,990|_500GB_356원/1GB_177,990"
6242066,트랜센드 MTE110S M.2 NVMe,"2TB_439원/1GB_877,000|1TB_390원/1GB_390,000|512GB_384원/1GB_196,650|_256GB_613원/1GB_157,000|_128GB_678원/1GB_86,730","2TB_439원/1GB_877,000|1TB_390원/1GB_390,000|512GB_384원/1GB_196,650|_256GB_613원/1GB_157,000|_128GB_678원/1GB_86,730",0,0
6242075,트랜센드 MTE110S M.2 NVMe,0,0,"2TB_439원/1GB_877,000|1TB_390원/1GB_390,000|512GB_384원/1GB_196,650|_256GB_613원/1GB_157,000|_128GB_678원/1GB_86,730","2TB_439원/1GB_877,000|1TB_390원/1GB_390,000|512GB_384원/1GB_196,650|_256GB_613원/1GB_157,000|_128GB_678원/1GB_86,730"
8049865,트랜센드 MTE220S M.2 NVMe,"2TB_492원/1GB_984,980|1TB_680원/1GB_679,880|_512GB_604원/1GB_309,260|_256GB_758원/1GB_193,940","2TB_492원/1GB_984,980|1TB_680원/1GB_679,880|_512GB_604원/1GB_309,260|_256GB_758원/1GB_193,940","2TB_493원/1GB_985,000|1TB_680원/1GB_679,990|_512GB_604원/1GB_309,260|_256GB_758원/1GB_193,940","2TB_493원/1GB_985,000|1TB_680원/1GB_679,990|_512GB_604원/1GB_309,250|_256GB_758원/1GB_193,940"
14081342,트랜센드 MTE240S M.2 NVMe,"2TB_477원/1GB_954,990|_1TB_495원/1GB_494,660|_500GB_760원/1GB_379,840","2TB_477원/1GB_954,990|_1TB_495원/1GB_494,660|_500GB_760원/1GB_379,840","2TB_477원/1GB_954,990|_1TB_495원/1GB_494,970|_500GB_760원/1GB_379,990","2TB_477원/1GB_954,990|_1TB_495원/1GB_494,970|_500GB_760원/1GB_379,990"
29340407,트랜센드 MTE245S M.2 NVMe,"4TB_395원/1GB_1,579,990|_2TB_390원/1GB_779,980|1TB_375원/1GB_374,860|_500GB_489원/1GB_244,430|250GB_638원/1GB_159,530","4TB_395원/1GB_1,579,990|_2TB_390원/1GB_779,980|1TB_375원/1GB_374,860|_500GB_489원/1GB_244,430|250GB_638원/1GB_159,530","4TB_395원/1GB_1,579,990|_2TB_390원/1GB_779,980|1TB_375원/1GB_374,990|_500GB_490원/1GB_244,990|250GB_640원/1GB_159,990","4TB_395원/1GB_1,579,990|_2TB_390원/1GB_779,980|1TB_375원/1GB_374,990|_500GB_490원/1GB_244,990|250GB_640원/1GB_159,990"
18581717,트랜센드 MTE250H M.2 NVMe,"_2TB_530원/1GB_1,059,280|_1TB_764원/1GB_764,440","_2TB_530원/1GB_1,059,280|_1TB_764원/1GB_764,440","_2TB_530원/1GB_1,059,990|_1TB_765원/1GB_764,990","_2TB_530원/1GB_1,059,990|_1TB_765원/1GB_764,990"
18479384,트랜센드 MTE250S M.2 NVMe,"_4TB_532원/1GB_2,129,980|_2TB_528원/1GB_1,056,980|1TB_764원/1GB_763,960","_4TB_532원/1GB_2,129,980|_2TB_528원/1GB_1,056,980|1TB_764원/1GB_763,960","_4TB_533원/1GB_2,130,000|_2TB_528원/1GB_1,056,980|1TB_764원/1GB_763,960","_4TB_533원/1GB_2,130,000|_2TB_528원/1GB_1,056,980|1TB_764원/1GB_763,960"
77965361,트랜센드 MTE255S M.2 NVMe,"_2TB_460원/1GB_919,990|_1TB_480원/1GB_479,650","_2TB_460원/1GB_919,990|_1TB_480원/1GB_479,650",0,0
77965343,트랜센드 MTE255S M.2 NVMe,0,0,"_2TB_460원/1GB_919,990|_1TB_480원/1GB_479,990","_2TB_460원/1GB_919,990|_1TB_480원/1GB_479,990"
96649172,트랜센드 MTE260S M.2 NVMe,"4TB_660원/1GB_2,639,990|_2TB_645원/1GB_1,289,990|_1TB_543원/1GB_543,270","4TB_660원/1GB_2,639,990|_2TB_645원/1GB_1,289,990|_1TB_543원/1GB_543,270","4TB_660원/1GB_2,639,990|_2TB_645원/1GB_1,289,990|_1TB_543원/1GB_543,270","4TB_660원/1GB_2,639,990|_2TB_645원/1GB_1,289,990|_1TB_543원/1GB_543,270"
68790020,트랜센드 MTE310S M.2 2230 NVMe,"2TB_485원/1GB_970,340|_1TB_494원/1GB_494,400|_512GB_521원/1GB_266,500","2TB_485원/1GB_970,340|_1TB_494원/1GB_494,400|_512GB_521원/1GB_266,500","2TB_487원/1GB_973,770|_1TB_494원/1GB_494,380|_512GB_520원/1GB_266,490","2TB_487원/1GB_973,770|_1TB_494원/1GB_494,380|_512GB_520원/1GB_266,490"
19176074,트랜센드 MTE400S M.2 2242 NVMe,"2TB_482원/1GB_963,450|_1TB_489원/1GB_489,320|_512GB_516원/1GB_264,440|256GB_609원/1GB_155,880","2TB_482원/1GB_963,450|_1TB_489원/1GB_489,320|_512GB_516원/1GB_264,440|256GB_609원/1GB_155,880","2TB_482원/1GB_963,440|_1TB_490원/1GB_489,990|_512GB_518원/1GB_264,960|256GB_609원/1GB_155,990","2TB_482원/1GB_963,440|_1TB_490원/1GB_489,990|_512GB_518원/1GB_264,960|256GB_609원/1GB_155,990"
32673455,트랜센드 MTE410S M.2 2242 NVMe,"_2TB_487원/1GB_973,350|1TB_495원/1GB_495,000|_512GB_524원/1GB_268,440","_2TB_487원/1GB_973,310|1TB_495원/1GB_495,000|_512GB_524원/1GB_268,440",0,0
32690744,트랜센드 MTE410S M.2 2242 NVMe,0,0,"_2TB_487원/1GB_973,300|1TB_495원/1GB_495,000|_512GB_524원/1GB_268,440","_2TB_487원/1GB_973,290|1TB_495원/1GB_495,000|_512GB_524원/1GB_268,440"
15847280,트랜센드 MTS420S M.2 2242 SATA,"480GB_448원/1GB_214,980|_240GB_416원/1GB_99,810|_120GB_632원/1GB_75,820","480GB_448원/1GB_214,980|_240GB_416원/1GB_99,810|_120GB_632원/1GB_75,820","480GB_448원/1GB_214,990|_240GB_417원/1GB_99,970|_120GB_642원/1GB_76,990","480GB_448원/1GB_214,990|_240GB_417원/1GB_99,970|_120GB_642원/1GB_76,990"
4413015,트랜센드 MTS820 M.2 SATA,"_240GB_610원/1GB_146,300|_120GB_583원/1GB_70,000","_240GB_610원/1GB_146,300|_120GB_583원/1GB_70,000","_240GB_610원/1GB_146,300|_120GB_583원/1GB_70,000","_240GB_610원/1GB_146,300|_120GB_583원/1GB_70,000"
5986690,트랜센드 MTS820S M.2 SATA,"_480GB_391원/1GB_187,630|_240GB_513원/1GB_123,000|120GB_583원/1GB_70,000","_480GB_391원/1GB_187,630|_240GB_513원/1GB_123,000|120GB_583원/1GB_70,000","_480GB_392원/1GB_188,090|_240GB_513원/1GB_123,000|120GB_583원/1GB_70,000","_480GB_392원/1GB_188,090|_240GB_513원/1GB_123,000|120GB_583원/1GB_70,000"
6938563,트랜센드 MTS830S M.2 SATA,"_1TB_489원/1GB_489,000|_512GB_560원/1GB_286,900|256GB_732원/1GB_187,400|128GB_828원/1GB_106,000","_1TB_489원/1GB_489,000|_512GB_560원/1GB_286,900|256GB_732원/1GB_187,400|128GB_828원/1GB_106,000","_1TB_489원/1GB_489,000|_512GB_560원/1GB_286,900|256GB_732원/1GB_187,400|128GB_828원/1GB_106,000","_1TB_489원/1GB_489,000|_512GB_560원/1GB_286,900|256GB_732원/1GB_187,400|128GB_828원/1GB_106,000"
12213089,트랜센드 SSD220Q,"_2TB_444원/1GB_888,990|_1TB_428원/1GB_428,000|500GB_400원/1GB_200,000","_2TB_444원/1GB_888,990|_1TB_428원/1GB_428,000|500GB_400원/1GB_200,000","_2TB_444원/1GB_888,990|_1TB_428원/1GB_428,000|500GB_400원/1GB_200,000","_2TB_444원/1GB_888,990|_1TB_428원/1GB_428,000|500GB_400원/1GB_200,000"
4091615,트랜센드 SSD220S,"_480GB_417원/1GB_200,000|240GB_521원/1GB_125,000|_120GB_583원/1GB_69,990","_480GB_417원/1GB_200,000|240GB_521원/1GB_125,000|_120GB_583원/1GB_69,980","_480GB_417원/1GB_200,000|240GB_521원/1GB_125,000|_120GB_583원/1GB_69,990","_480GB_417원/1GB_200,000|240GB_521원/1GB_125,000|_120GB_583원/1GB_69,990"
17719367,트랜센드 SSD225S,"2TB_455원/1GB_909,840|1TB_428원/1GB_427,840|_500GB_400원/1GB_200,000|_250GB_490원/1GB_122,500","2TB_455원/1GB_909,840|1TB_428원/1GB_427,840|_500GB_400원/1GB_200,000|_250GB_490원/1GB_122,500","2TB_455원/1GB_909,990|1TB_428원/1GB_427,990|_500GB_400원/1GB_200,000|_250GB_490원/1GB_122,500","2TB_455원/1GB_909,990|1TB_428원/1GB_427,990|_500GB_400원/1GB_200,000|_250GB_490원/1GB_122,500"
4825561,트랜센드 SSD230S,"2TB_745원/1GB_1,490,000|4TB_460원/1GB_1,839,000|1TB_610원/1GB_610,000|_512GB_596원/1GB_305,000|256GB_727원/1GB_186,000|_128GB_172원/1GB_22,000","2TB_745원/1GB_1,490,000|4TB_460원/1GB_1,839,000|1TB_610원/1GB_610,000|_512GB_596원/1GB_305,000|256GB_727원/1GB_186,000|_128GB_172원/1GB_22,000",0,0
4825624,트랜센드 SSD230S,0,0,"2TB_745원/1GB_1,490,000|4TB_460원/1GB_1,839,000|1TB_610원/1GB_610,000|_512GB_596원/1GB_305,000|256GB_727원/1GB_186,000|_128GB_172원/1GB_22,000","2TB_745원/1GB_1,490,000|4TB_460원/1GB_1,839,000|1TB_610원/1GB_610,000|_512GB_596원/1GB_305,000|256GB_727원/1GB_186,000|_128GB_172원/1GB_22,000"
3208163,트랜센드 SSD370S,"_1TB_5,000원/1GB_5,000,000|_512GB_4,961원/1GB_2,540,000|256GB_5,039원/1GB_1,290,000|128GB_5,141원/1GB_658,000|64GB_5,531원/1GB_354,000|","_1TB_5,000원/1GB_5,000,000|_512GB_4,961원/1GB_2,540,000|256GB_5,039원/1GB_1,290,000|128GB_5,141원/1GB_658,000|64GB_5,531원/1GB_354,000|","_1TB_5,000원/1GB_5,000,000|_512GB_4,961원/1GB_2,540,000|256GB_5,039원/1GB_1,290,000|128GB_5,141원/1GB_658,000|64GB_5,531원/1GB_354,000|","_1TB_5,000원/1GB_5,000,000|_512GB_4,961원/1GB_2,540,000|256GB_5,039원/1GB_1,290,000|128GB_5,141원/1GB_658,000|64GB_5,531원/1GB_354,000|"
9469371,트로이씨앤씨 MTros MS820 SSD,"_512GB_183원/1GB_93,450|_256GB_292원/1GB_74,720","_512GB_183원/1GB_93,450|_256GB_292원/1GB_74,720","_512GB_183원/1GB_93,450|_256GB_292원/1GB_74,720","_512GB_183원/1GB_93,450|_256GB_292원/1GB_74,720"
96653594,티테크놀로지 T-2230-2280 M.2 SSD 연장 가이드,"1,590","1,590","1,590","1,590"
98077121,티테크놀로지 T-NGFF-CASE M.2 to SATA 컨버터,"6,890","6,890","6,890","6,890"
122930212,파이슨 ESO01TBHLCJ-EL1 M.2 NVMe 벌크,"1TB_288,990","1TB_288,990","1TB_288,990","1TB_288,990"
77624759,파이슨 ESO256GHLCJ-EL1 M.2 NVMe 벌크,"256GB_250원/1GB_64,000","256GB_250원/1GB_64,000","256GB_250원/1GB_64,000","256GB_250원/1GB_64,000"
103130108,파이슨 ESO512GHLCJ-EL1 M.2 NVMe 벌크,"512GB_291원/1GB_149,000","512GB_291원/1GB_149,000","512GB_291원/1GB_149,000","512GB_291원/1GB_149,000"
11012115,한창코퍼레이션 Cloud M.2 NVMe,"_1TB_252원/1GB_252,000|_512GB_303원/1GB_155,000|256GB_379원/1GB_97,000|128GB_403원/1GB_51,560","_1TB_252원/1GB_252,000|_512GB_290원/1GB_148,620|256GB_367원/1GB_93,900|128GB_403원/1GB_51,560",0,0
11012085,한창코퍼레이션 Cloud M.2 NVMe,0,0,"1TB_252원/1GB_252,000|_512GB_290원/1GB_148,620|_256GB_367원/1GB_93,900|128GB_403원/1GB_51,560","1TB_252원/1GB_252,000|_512GB_290원/1GB_148,620|_256GB_367원/1GB_93,900|128GB_403원/1GB_51,560"
10839261,한창코퍼레이션 Cloud M.2 SATA,"1TB_210원/1GB_210,000|_512GB_264원/1GB_135,000|_256GB_252원/1GB_64,600","1TB_201원/1GB_200,570|_512GB_264원/1GB_135,000|_256GB_252원/1GB_64,600","1TB_201원/1GB_200,570|_512GB_264원/1GB_135,000|_256GB_252원/1GB_64,600","1TB_201원/1GB_200,570|_512GB_264원/1GB_135,000|_256GB_252원/1GB_64,600"
7981645,한창코퍼레이션 Cloud SSD,"2TB_175원/1GB_350,000|_1TB_199원/1GB_198,740|512GB_262원/1GB_134,000|480GB_250원/1GB_120,000|_256GB_254원/1GB_65,000|||","2TB_175원/1GB_350,000|_1TB_199원/1GB_198,740|512GB_262원/1GB_134,000|480GB_250원/1GB_120,000|_256GB_254원/1GB_65,000|||","2TB_175원/1GB_350,000|_1TB_199원/1GB_198,740|512GB_262원/1GB_134,000|480GB_250원/1GB_120,000|_256GB_254원/1GB_65,000|||","2TB_175원/1GB_350,000|_1TB_199원/1GB_198,740|512GB_262원/1GB_134,000|480GB_250원/1GB_120,000|_256GB_254원/1GB_65,000|||"
19508336,한창코퍼레이션 WIN M.2 NVMe,"_1TB_236원/1GB_236,160|512GB_260원/1GB_132,890|256GB_346원/1GB_88,560|_128GB_408원/1GB_52,180","_1TB_236원/1GB_236,160|512GB_260원/1GB_132,890|256GB_346원/1GB_88,560|_128GB_408원/1GB_52,180","1TB_236원/1GB_236,160|_512GB_260원/1GB_132,890|256GB_346원/1GB_88,560|_128GB_408원/1GB_52,180","1TB_236원/1GB_236,160|_512GB_260원/1GB_132,890|256GB_346원/1GB_88,560|_128GB_408원/1GB_52,180"
19509257,한창코퍼레이션 WIN SSD,"_1TB_192원/1GB_191,930|512GB_202원/1GB_103,370|_256GB_233원/1GB_59,760|240GB_237원/1GB_56,870|128GB_282원/1GB_36,100|","_1TB_192원/1GB_191,930|512GB_202원/1GB_103,370|_256GB_246원/1GB_63,000|240GB_237원/1GB_56,870|128GB_282원/1GB_36,100|","_1TB_192원/1GB_191,930|512GB_202원/1GB_103,370|_256GB_246원/1GB_63,000|240GB_237원/1GB_56,870|128GB_282원/1GB_36,100|","_1TB_192원/1GB_191,930|512GB_202원/1GB_103,370|_256GB_246원/1GB_63,000|240GB_237원/1GB_56,870|128GB_282원/1GB_36,100|"
73121480,화웨이 eKitStor Xtreme 200E M.2 NVMe,"1TB_259원/1GB_259,000","1TB_259원/1GB_259,000","1TB_259원/1GB_259,000","1TB_259원/1GB_259,000"
102411863,화웨이 eKitStor Xtreme 201 M.2 NVMe,"_2TB_238원/1GB_475,000|_1TB_269원/1GB_269,000","_2TB_238원/1GB_475,000|_1TB_269원/1GB_269,000","_2TB_238원/1GB_475,000|_1TB_269원/1GB_269,000","_2TB_238원/1GB_475,000|_1TB_269원/1GB_269,000"
