Id,Name,2026-10-01 09:31:10,2026-10-02 01:20:49,2026-10-02 09:42:04,2026-10-03 00:41:01,2026-10-03 09:22:28,2026-10-03 23:17:56,2026-10-04 08:46:23,2026-10-04 23:46:07,2026-10-05 08:57:20,2026-10-06 03:16:02,2026-10-06 10:47:29,2026-10-07 00:52:30,2026-10-07 09:34:42,2026-10-08 01:19:08,2026-10-08 09:55:19,2026-10-09 01:20:05,2026-10-09 10:08:59,2026-10-10 01:04:33,2026-10-10 09:42:03,2026-10-11 00:12:39
54101633,ADT Link UT3G (해외구매),"220,710",0,0,"220,710",0,0,"220,710",0,0,0,"220,710","220,710",0,0,0,0,0,0,0,0
78306452,AFOX 라데온 RX 580 2048SP D5 8GB 디앤디컴,"185,990",0,0,"185,990",0,0,"185,990",0,0,0,"185,990","185,990",0,0,0,0,0,0,0,0
104752559,AFOX 라데온 RX 580 2048SP H3 D5 8GB 대원씨티에스,"175,620",0,0,"175,620",0,0,"175,620",0,0,0,"175,620","175,620",0,0,0,0,0,0,0,0
14077739,AFOX 지포스 G210 D3 512MB LP 디앤디컴,"25,980",0,0,"26,000",0,0,"26,000",0,0,0,"26,000","26,000",0,0,0,0,0,0,0,0
28624916,AFOX 지포스 GT1030 L5 D5 2GB LP 디앤디컴,"120,140",0,0,"120,140",0,0,"120,140",0,0,0,"121,980","121,980",0,0,0,0,0,0,0,0
6288917,AFOX 지포스 GT710 L5 D3 1GB LP 디앤디컴,"58,490",0,0,"58,490",0,0,"58,490",0,0,0,"59,000","58,990",0,0,0,0,0,0,0,0
14077574,AFOX 지포스 GT730 D3 2GB LP 무소음 디앤디컴,"68,530",0,0,"68,530",0,0,"68,530",0,0,0,"68,530","68,530",0,0,0,0,0,0,0,0
36709184,AFOX 지포스 GTX 1650 D6 4GB 대원씨티에스,"287,800",0,0,"287,800",0,0,"287,800",0,0,0,"287,800","287,800",0,0,0,0,0,0,0,0
68241932,AFOX 지포스 GTX 1660 SUPER H7 D6 6GB DUAL 백플레이트 대원씨티에스,"299,000",0,0,"299,000",0,0,"299,000",0,0,0,"299,000","299,000",0,0,0,0,0,0,0,0
101077676,AFOX 지포스 GTX1050 Ti H7 D5 4GB 대원씨티에스,"210,000",0,0,"210,000",0,0,"210,000",0,0,0,"210,000","210,000",0,0,0,0,0,0,0,0
62160119,AFOX 지포스 GTX1050 Ti H7 D5 4GB 디앤디컴,"206,510",0,0,"206,510",0,0,"206,510",0,0,0,"206,510","206,510",0,0,0,0,0,0,0,0
21540362,AFOX 지포스 RTX 3070 D6 8GB 대원씨티에스,"651,290",0,0,"651,290",0,0,"651,290",0,0,0,"651,290","651,290",0,0,0,0,0,0,0,0
54103622,AKiTiO 노드 타이탄 eGPU BOX (해외구매),"748,800",0,0,"748,800",0,0,"748,800",0,0,0,"748,800","748,800",0,0,0,0,0,0,0,0
15360209,AMD 라데온 PRO W5500 D6 8GB 대원씨티에스,"381,410",0,0,"381,400",0,0,"381,400",0,0,0,"381,400","381,400",0,0,0,0,0,0,0,0
26036747,AMD 라데온 PRO W7500 D6 8GB,"860,930",0,0,"860,930",0,0,"860,930",0,0,0,"860,930","860,930",0,0,0,0,0,0,0,0
26035931,AMD 라데온 PRO W7600 D6 8GB,"1,160,220",0,0,"1,160,220",0,0,"1,160,220",0,0,0,"1,160,220","1,160,220",0,0,0,0,0,0,0,0
5492030,AMD 라데온 PRO WX2100 D5 2GB LP,"236,550",0,0,"236,550",0,0,"236,550",0,0,0,"236,550","236,550",0,0,0,0,0,0,0,0
14296337,AMD 라데온 PRO WX3200 D5 4GB LP 대원씨티에스,"203,500",0,0,"203,500",0,0,"203,500",0,0,0,"203,500","203,500",0,0,0,0,0,0,0,0
79400453,AOOSTAR XG76XT 라데온 RX 7600 XT D6 8GB (해외구매),"767,904",0,0,"767,904",0,0,"767,904",0,0,0,"767,904","767,904",0,0,0,0,0,0,0,0
10427364,ARKTEK 지포스 GTX 1660 SUPER D6 6GB,"311,850",0,0,"311,850",0,0,"311,850",0,0,0,"311,850","266,900",0,0,0,0,0,0,0,0
124335705,ARKTEK 지포스 GTX 1660 SUPER Dual Fan D6 6GB,가격비교예정,0,0,가격비교예정,0,0,가격비교예정,0,0,0,가격비교예정,가격비교예정,0,0,0,0,0,0,0,0
71010194,ASL 지포스 GTX 1660 SUPER RAGE-X D6 6GB,"275,000",0,0,"275,000",0,0,"275,000",0,0,0,"275,000","275,000",0,0,0,0,0,0,0,0
98771519,ASRock 라데온 AI PRO R9700 Creator D6 32GB 대원씨티에스,"2,878,990",0,0,"2,878,980",0,0,"2,878,980",0,0,0,"2,878,970","2,878,970",0,0,0,0,0,0,0,0
17420300,ASRock 라데온 RX 6600 CHALLENGER D D6 8GB 대원씨티에스,"439,900",0,0,"439,900",0,0,"439,900",0,0,0,"439,900","439,900",0,0,0,0,0,0,0,0
27546905,ASRock 라데온 RX 7600 CHALLENGER OC D6 8GB 대원씨티에스,"494,920",0,0,"494,920",0,0,"494,920",0,0,0,"494,920","494,920",0,0,0,0,0,0,0,0
97410422,ASRock 라데온 RX 9060 CHALLENGER D6 8GB 대원씨티에스,"588,780",0,0,"588,780",0,0,"588,780",0,0,0,"588,780","588,780",0,0,0,0,0,0,0,0
91909763,ASRock 라데온 RX 9060 XT CHALLENGER OC D6 16GB 대원씨티에스,"780,000",0,0,"510,700",0,0,"510,690",0,0,0,"790,030","790,480",0,0,0,0,0,0,0,0
91909691,ASRock 라데온 RX 9060 XT CHALLENGER OC D6 8GB 대원씨티에스,"658,000",0,0,"658,000",0,0,"658,000",0,0,0,"658,000","658,000",0,0,0,0,0,0,0,0
91909781,ASRock 라데온 RX 9060 XT 스틸레전드 OC D6 16GB 대원씨티에스,"884,670",0,0,"546,030",0,0,"546,030",0,0,0,"884,670","884,670",0,0,0,0,0,0,0,0
91909775,ASRock 라데온 RX 9060 XT 스틸레전드 OC D6 8GB 대원씨티에스,"630,000",0,0,"504,000",0,0,"504,000",0,0,0,"630,000","630,000",0,0,0,0,0,0,0,0
78985724,ASRock 라데온 RX 9070 Challenger D6 16GB 대원씨티에스,0,0,0,"996,760",0,0,"996,760",0,0,0,"996,760","996,760",0,0,0,0,0,0,0,0
99711887,ASRock 라데온 RX 9070 XT CHALLENGER D6 16GB 대원씨티에스,"1,359,000",0,0,"1,359,000",0,0,"1,359,000",0,0,0,"1,358,790","1,349,000",0,0,0,0,0,0,0,0
77317754,ASRock 라데온 RX 9070 XT Taichi OC D6 16GB 대원씨티에스,"1,716,710",0,0,"1,716,600",0,0,"1,716,480",0,0,0,"1,716,350","1,666,490",0,0,0,0,0,0,0,0
77318285,ASRock 라데온 RX 9070 XT 스틸레전드 D6 16GB 대원씨티에스,"1,498,980",0,0,"959,340",0,0,"959,330",0,0,0,"1,396,000","1,485,070",0,0,0,0,0,0,0,0
90701579,ASRock 라데온 RX 9070 XT 스틸레전드 DARK D6 16GB 대원씨티에스,"1,499,000",0,0,"934,390",0,0,"934,390",0,0,0,"1,518,630","1,518,620",0,0,0,0,0,0,0,0
77318354,ASRock 라데온 RX 9070 스틸레전드 OC D6 16GB 대원씨티에스,0,0,0,0,0,0,"838,730",0,0,0,0,0,0,0,0,0,0,0,0,0
124335198,ASUS ASUS 지포스 RTX 5060 Ti OC D7 8GB T1 Edition 코잇,가격비교예정,0,0,가격비교예정,0,0,가격비교예정,0,0,0,가격비교예정,가격비교예정,0,0,0,0,0,0,0,0
74341484,ASUS DUAL 라데온 RX 7600 O8G EVO OC D6 8GB,"459,710",0,0,"459,630",0,0,"459,630",0,0,0,"459,580","459,580",0,0,0,0,0,0,0,0
95985854,ASUS DUAL 라데온 RX 9060 D6 8GB 대원씨티에스,"583,520",0,0,"581,950",0,0,"364,700",0,0,0,"581,500","581,500",0,0,0,0,0,0,0,0
122713927,ASUS DUAL 라데온 RX 9060 D6 8GB 엠버 앤 블레이드 에디션 대원씨티에스,"598,980",0,0,"598,980",0,0,"598,980",0,0,0,"598,980","598,980",0,0,0,0,0,0,0,0
124326639,ASUS DUAL 라데온 RX 9060 D6 8GB 인텍앤컴퍼니,가격비교예정,0,0,"593,010",0,0,"593,010",0,0,0,"593,010","593,010",0,0,0,0,0,0,0,0
97117439,ASUS DUAL 라데온 RX 9060 XT D6 16GB 대원씨티에스,"769,990",0,0,"769,990",0,0,"769,990",0,0,0,"769,990","769,990",0,0,0,0,0,0,0,0
91871504,ASUS DUAL 라데온 RX 9060 XT D6 8GB 대원씨티에스,"698,990",0,0,"499,010",0,0,"499,010",0,0,0,"698,990","698,990",0,0,0,0,0,0,0,0
122705638,ASUS DUAL 지포스 RTX 3050 D6 6GB 대원씨티에스,"470,000",0,0,"470,000",0,0,"470,000",0,0,0,"470,000","470,000",0,0,0,0,0,0,0,0
68918675,ASUS DUAL 지포스 RTX 3050 D6 6GB 인텍앤컴퍼니,"387,770",0,0,"387,770",0,0,"387,770",0,0,0,"387,770","387,770",0,0,0,0,0,0,0,0
124327427,ASUS DUAL 지포스 RTX 3050 D6 6GB 코잇,가격비교예정,0,0,가격비교예정,0,0,가격비교예정,0,0,0,가격비교예정,가격비교예정,0,0,0,0,0,0,0,0
63086675,ASUS DUAL 지포스 RTX 3050 O6G OC D6 6GB 대원씨티에스,"441,000",0,0,"441,000",0,0,"441,000",0,0,0,"441,000","441,000",0,0,0,0,0,0,0,0
35813972,ASUS DUAL 지포스 RTX 3050 O6G OC D6 6GB 인텍앤컴퍼니,"399,000",0,0,"399,000",0,0,"399,000",0,0,0,"399,000","399,000",0,0,0,0,0,0,0,0
122726685,ASUS DUAL 지포스 RTX 3050 O6G OC D6 6GB 코잇,"473,500",0,0,"473,500",0,0,"473,500",0,0,0,"473,490","473,490",0,0,0,0,0,0,0,0
14857055,ASUS DUAL 지포스 RTX 3060 Ti O8G OC MINI D6 8GB,"800,000",0,0,"800,000",0,0,"800,000",0,0,0,"800,000","800,000",0,0,0,0,0,0,0,0
124327441,ASUS DUAL 지포스 RTX 3060 V2 O12G OC D6 12GB 코잇,가격비교예정,0,0,가격비교예정,0,0,가격비교예정,0,0,0,가격비교예정,가격비교예정,0,0,0,0,0,0,0,0
94524596,ASUS DUAL 지포스 RTX 5050 D6 8GB 대원씨티에스,"590,000",0,0,"590,000",0,0,"459,990",0,0,0,"590,000","590,000",0,0,0,0,0,0,0,0
94692245,ASUS DUAL 지포스 RTX 5050 D6 8GB 인텍앤컴퍼니,0,0,0,0,0,0,"472,000",0,0,0,0,0,0,0,0,0,0,0,0,0
93318653,ASUS DUAL 지포스 RTX 5050 OC D6 8GB 대원씨티에스,"577,000",0,0,"577,000",0,0,"463,200",0,0,0,"577,000","577,000",0,0,0,0,0,0,0,0
93697997,ASUS DUAL 지포스 RTX 5050 OC D6 8GB 인텍앤컴퍼니,"595,840",0,0,"595,840",0,0,"463,190",0,0,0,"595,840","595,840",0,0,0,0,0,0,0,0
122726712,ASUS DUAL 지포스 RTX 5050 OC D6 8GB 코잇,"590,830",0,0,"590,830",0,0,"590,830",0,0,0,"590,820","590,820",0,0,0,0,0,0,0,0
93861539,ASUS DUAL 지포스 RTX 5060 D7 8GB 인텍앤컴퍼니,"765,000",0,0,"765,000",0,0,"574,260",0,0,0,"765,000","765,000",0,0,0,0,0,0,0,0
124327549,ASUS DUAL 지포스 RTX 5060 D7 8GB 코잇,가격비교예정,0,0,가격비교예정,0,0,가격비교예정,0,0,0,가격비교예정,가격비교예정,0,0,0,0,0,0,0,0
104989451,ASUS DUAL 지포스 RTX 5060 EVO OC D7 8GB 대원씨티에스,"705,000",0,0,"705,000",0,0,"705,000",0,0,0,"705,000","705,000",0,0,0,0,0,0,0,0
104628866,ASUS DUAL 지포스 RTX 5060 EVO OC D7 8GB 인텍앤컴퍼니,"820,350",0,0,"820,350",0,0,"558,140",0,0,0,"820,350","820,350",0,0,0,0,0,0,0,0
122726726,ASUS DUAL 지포스 RTX 5060 EVO OC D7 8GB 코잇,"699,840",0,0,"699,840",0,0,"554,040",0,0,0,"677,970","699,840",0,0,0,0,0,0,0,0
90957326,ASUS DUAL 지포스 RTX 5060 OC D7 8GB 대원씨티에스,"756,080",0,0,"757,840",0,0,"574,230",0,0,0,"756,080","757,840",0,0,0,0,0,0,0,0
91496327,ASUS DUAL 지포스 RTX 5060 OC D7 8GB 인텍앤컴퍼니,"845,000",0,0,"845,000",0,0,"566,790",0,0,0,"709,000","709,000",0,0,0,0,0,0,0,0
88133276,ASUS DUAL 지포스 RTX 5060 TI OC D7 16GB 대원씨티에스,"1,328,140",0,0,"1,328,140",0,0,"1,328,140",0,0,0,"1,328,140","1,328,140",0,0,0,0,0,0,0,0
82443086,ASUS DUAL 지포스 RTX 5060 TI OC D7 16GB 인텍앤컴퍼니,"1,359,990",0,0,"1,359,490",0,0,"992,900",0,0,0,"1,359,490","1,359,480",0,0,0,0,0,0,0,0
88133213,ASUS DUAL 지포스 RTX 5060 TI OC D7 8GB 대원씨티에스,"834,990",0,0,"834,990",0,0,"639,090",0,0,0,"776,540","834,990",0,0,0,0,0,0,0,0
82450160,ASUS DUAL 지포스 RTX 5060 TI OC D7 8GB 인텍앤컴퍼니,"778,900",0,0,"778,900",0,0,"778,900",0,0,0,"771,670","778,900",0,0,0,0,0,0,0,0
122726797,ASUS DUAL 지포스 RTX 5060 Ti OC D7 16GB 코잇,"1,353,990",0,0,"1,353,990",0,0,"1,353,990",0,0,0,"1,353,990","1,353,990",0,0,0,0,0,0,0,0
122726759,ASUS DUAL 지포스 RTX 5060 Ti OC D7 8GB 코잇,"920,980",0,0,"920,980",0,0,"658,800",0,0,0,"920,980","920,980",0,0,0,0,0,0,0,0
122726777,ASUS DUAL 지포스 RTX 5060 Ti WHITE OC D7 8GB 코잇,"958,970",0,0,"958,970",0,0,"728,840",0,0,0,"891,870","958,960",0,0,0,0,0,0,0,0
97837304,ASUS DUAL 지포스 RTX 5060 WHITE OC D7 8GB 인텍앤컴퍼니,"772,000",0,0,"772,000",0,0,"572,000",0,0,0,"772,000","799,000",0,0,0,0,0,0,0,0
122726733,ASUS DUAL 지포스 RTX 5060 WHITE OC D7 8GB 코잇,"736,990",0,0,"736,990",0,0,"576,840",0,0,0,"736,990","736,990",0,0,0,0,0,0,0,0
93446051,ASUS DUAL 지포스 RTX 5070 OC D7 12GB 대원씨티에스,"1,479,000",0,0,"1,479,000",0,0,"821,070",0,0,0,"1,479,000","1,479,000",0,0,0,0,0,0,0,0
92678951,ASUS DUAL 지포스 RTX 5070 OC D7 12GB 인텍앤컴퍼니,"1,304,680",0,0,"1,362,370",0,0,"812,790",0,0,0,"1,357,220","1,362,370",0,0,0,0,0,0,0,0
122726839,ASUS DUAL 지포스 RTX 5070 OC D7 12GB 코잇,"1,462,990",0,0,"1,462,890",0,0,"1,462,890",0,0,0,"1,462,890","1,462,890",0,0,0,0,0,0,0,0
5065115,ASUS PH 지포스 GTX1050 Ti D5 4GB,0,0,0,0,0,0,0,0,0,0,0,"244,600",0,0,0,0,0,0,0,0
14824025,ASUS PH 지포스 RTX 3060 D6 12GB,"680,000",0,0,"680,000",0,0,"680,000",0,0,0,"680,000","680,000",0,0,0,0,0,0,0,0
91871456,ASUS PRIME 라데온 RX 9060 XT OC D6 16GB 대원씨티에스,"809,990",0,0,"876,980",0,0,"861,500",0,0,0,"861,490","861,490",0,0,0,0,0,0,0,0
122628651,ASUS PRIME 라데온 RX 9060 XT OC D6 16GB 인텍앤컴퍼니,"815,750",0,0,"815,750",0,0,"819,000",0,0,0,"819,000","819,000",0,0,0,0,0,0,0,0
91871420,ASUS PRIME 라데온 RX 9060 XT OC D6 8GB 대원씨티에스,"596,000",0,0,"596,000",0,0,"596,000",0,0,0,"596,000","596,000",0,0,0,0,0,0,0,0
100698251,ASUS PRIME 라데온 RX 9070 EVO OC D6 16GB 대원씨티에스,"1,079,980",0,0,"1,079,980",0,0,"1,079,980",0,0,0,"1,079,980","1,066,790",0,0,0,0,0,0,0,0
122692535,ASUS PRIME 라데온 RX 9070 GRE EVO OC D6 12GB 대원씨티에스,"972,100",0,0,"972,100",0,0,"768,410",0,0,0,"972,100","972,100",0,0,0,0,0,0,0,0
77461214,ASUS PRIME 라데온 RX 9070 OC D6 16GB 대원씨티에스,0,0,0,0,0,0,"847,200",0,0,0,0,0,0,0,0,0,0,0,0,0
77461292,ASUS PRIME 라데온 RX 9070 XT OC D6 16GB 대원씨티에스,"1,497,990",0,0,"1,479,950",0,0,"1,423,990",0,0,0,"1,423,830","1,423,840",0,0,0,0,0,0,0,0
85507805,ASUS PRIME 라데온 RX 9070 XT OC D6 16GB 인텍앤컴퍼니,"1,369,000",0,0,"1,303,260",0,0,"1,303,260",0,0,0,"1,369,000","1,369,000",0,0,0,0,0,0,0,0
99892346,ASUS PRIME 라데온 RX 9070 XT WHITE OC D6 16GB 대원씨티에스,"1,478,960",0,0,"1,469,950",0,0,"1,469,930",0,0,0,"1,469,900","1,469,900",0,0,0,0,0,0,0,0
90957422,ASUS PRIME 지포스 RTX 5060 OC D7 8GB 대원씨티에스,"739,990",0,0,"739,990",0,0,"591,980",0,0,0,"740,000","739,990",0,0,0,0,0,0,0,0
82433444,ASUS PRIME 지포스 RTX 5060 TI D7 8GB 인텍앤컴퍼니,"868,000",0,0,"868,000",0,0,"664,000",0,0,0,"868,000","868,000",0,0,0,0,0,0,0,0
88136921,ASUS PRIME 지포스 RTX 5060 TI OC D7 8GB 대원씨티에스,"879,000",0,0,"879,000",0,0,"703,200",0,0,0,"879,000","879,000",0,0,0,0,0,0,0,0
88205957,ASUS PRIME 지포스 RTX 5060 TI OC D7 8GB 인텍앤컴퍼니,0,0,0,0,0,0,"672,000",0,0,0,0,0,0,0,0,0,0,0,0,0
77461610,ASUS PRIME 지포스 RTX 5070 D7 12GB 인텍앤컴퍼니,"1,718,200",0,0,"1,718,200",0,0,"1,718,200",0,0,0,"1,718,200","1,718,200",0,0,0,0,0,0,0,0
77379575,ASUS PRIME 지포스 RTX 5070 OC D7 12GB 대원씨티에스,"1,462,000",0,0,"1,461,980",0,0,"1,186,790",0,0,0,"1,461,980","1,461,980",0,0,0,0,0,0,0,0
77461619,ASUS PRIME 지포스 RTX 5070 OC D7 12GB 인텍앤컴퍼니,"1,381,130",0,0,"1,381,130",0,0,"1,381,130",0,0,0,"1,381,130","1,381,130",0,0,0,0,0,0,0,0
122726864,ASUS PRIME 지포스 RTX 5070 OC D7 12GB 코잇,"1,235,970",0,0,"1,275,840",0,0,"1,010,040",0,0,0,"1,235,970","1,235,970",0,0,0,0,0,0,0,0
76551551,ASUS PRIME 지포스 RTX 5070 Ti D7 16GB 인텍앤컴퍼니,"2,175,000",0,0,"2,175,000",0,0,"1,480,620",0,0,0,"2,175,000","2,175,000",0,0,0,0,0,0,0,0
124327554,ASUS PRIME 지포스 RTX 5070 Ti D7 16GB 코잇,가격비교예정,0,0,가격비교예정,0,0,가격비교예정,0,0,0,가격비교예정,가격비교예정,0,0,0,0,0,0,0,0
76511369,ASUS PRIME 지포스 RTX 5070 Ti OC D7 16GB 대원씨티에스,"2,124,610",0,0,"2,124,610",0,0,"2,124,610",0,0,0,"2,124,610","1,999,900",0,0,0,0,0,0,0,0
76551494,ASUS PRIME 지포스 RTX 5070 Ti OC D7 16GB 인텍앤컴퍼니,"2,517,350",0,0,"2,517,350",0,0,"2,521,920",0,0,0,"2,517,350","2,517,350",0,0,0,0,0,0,0,0
122726879,ASUS PRIME 지포스 RTX 5070 Ti OC D7 16GB 코잇,"1,882,000",0,0,"2,008,990",0,0,"1,607,200",0,0,0,"2,009,000","2,008,990",0,0,0,0,0,0,0,0
93861635,ASUS PRIME 지포스 RTX 5070 WHITE OC D7 12GB 인텍앤컴퍼니,"1,522,480",0,0,"1,522,480",0,0,"1,522,480",0,0,0,"1,522,480","1,522,450",0,0,0,0,0,0,0,0
122726871,ASUS PRIME 지포스 RTX 5070 WHITE OC D7 12GB 코잇,"1,478,990",0,0,"1,478,990",0,0,"1,478,990",0,0,0,"1,478,990","1,478,990",0,0,0,0,0,0,0,0
76550489,ASUS PRIME 지포스 RTX 5080 D7 16GB 대원씨티에스,"3,086,370",0,0,"3,086,360",0,0,"2,399,200",0,0,0,"3,129,940","3,129,900",0,0,0,0,0,0,0,0
79114694,ASUS PRIME 지포스 RTX 5080 D7 16GB 인텍앤컴퍼니,"2,389,000",0,0,"2,389,000",0,0,"2,389,000",0,0,0,"2,389,000","2,389,000",0,0,0,0,0,0,0,0
122700116,ASUS PRIME 지포스 RTX 5080 EVO OC D7 16GB 대원씨티에스,"2,890,930",0,0,"2,890,930",0,0,"1,919,200",0,0,0,"2,890,930","2,890,930",0,0,0,0,0,0,0,0
122719992,ASUS PRIME 지포스 RTX 5080 EVO OC D7 16GB 인텍앤컴퍼니,"2,510,990",0,0,"2,439,990",0,0,"2,439,990",0,0,0,"2,434,000","2,589,000",0,0,0,0,0,0,0,0
124327556,ASUS PRIME 지포스 RTX 5080 EVO OC D7 16GB 코잇,가격비교예정,0,0,가격비교예정,0,0,가격비교예정,0,0,0,가격비교예정,가격비교예정,0,0,0,0,0,0,0,0
75374981,ASUS PRIME 지포스 RTX 5080 OC D7 16GB 대원씨티에스,"2,577,390",0,0,"2,910,690",0,0,"2,910,690",0,0,0,"2,910,690","2,910,690",0,0,0,0,0,0,0,0
75373796,ASUS PRIME 지포스 RTX 5080 OC D7 16GB 인텍앤컴퍼니,"2,599,000",0,0,"2,806,070",0,0,"1,554,550",0,0,0,"2,806,060","2,806,060",0,0,0,0,0,0,0,0
104615543,ASUS ProArt 지포스 RTX 5070 Ti OC D7 16GB 인텍앤컴퍼니,0,0,0,0,0,0,"1,663,200",0,0,0,0,0,0,0,0,0,0,0,0,0
124327555,ASUS ProArt 지포스 RTX 5070 Ti OC D7 16GB 코잇,가격비교예정,0,0,가격비교예정,0,0,가격비교예정,0,0,0,가격비교예정,가격비교예정,0,0,0,0,0,0,0,0
97476629,ASUS ProArt 지포스 RTX 5080 OC D7 16GB 대원씨티에스,"3,810,000",0,0,"3,810,000",0,0,"3,048,000",0,0,0,"3,810,000","3,810,000",0,0,0,0,0,0,0,0
103187984,ASUS ProArt 지포스 RTX 5080 OC D7 16GB 인텍앤컴퍼니,"3,300,000",0,0,"3,300,000",0,0,"3,300,000",0,0,0,"3,300,000","3,300,000",0,0,0,0,0,0,0,0
124335097,ASUS ProArt 지포스 RTX 5080 OC D7 16GB 코잇,가격비교예정,0,0,가격비교예정,0,0,가격비교예정,0,0,0,가격비교예정,가격비교예정,0,0,0,0,0,0,0,0
124335169,ASUS ProArt 지포스 RTX 5090 OC D7 32GB 코잇,가격비교예정,0,0,가격비교예정,0,0,가격비교예정,0,0,0,가격비교예정,가격비교예정,0,0,0,0,0,0,0,0
76463027,ASUS ROG Astral LC 지포스 RTX 5090 OC D7 32GB 대원씨티에스,"9,521,710",0,0,"9,506,710",0,0,"9,521,710",0,0,0,"9,521,710","9,521,710",0,0,0,0,0,0,0,0
78714626,ASUS ROG Astral LC 지포스 RTX 5090 OC D7 32GB 인텍앤컴퍼니,"9,389,990",0,0,"9,389,990",0,0,"9,389,990",0,0,0,"9,389,990","9,389,990",0,0,0,0,0,0,0,0
75375185,ASUS ROG Astral 지포스 RTX 5080 OC D7 16GB 대원씨티에스,"4,018,000",0,0,"4,018,000",0,0,"2,304,000",0,0,0,"4,018,000","4,018,000",0,0,0,0,0,0,0,0
75373694,ASUS ROG Astral 지포스 RTX 5080 OC D7 16GB 인텍앤컴퍼니,"3,701,400",0,0,"3,701,400",0,0,"2,311,140",0,0,0,"3,860,420","3,860,420",0,0,0,0,0,0,0,0
122726926,ASUS ROG Astral 지포스 RTX 5080 OC D7 16GB 코잇,0,0,0,0,0,0,"2,572,430",0,0,0,0,0,0,0,0,0,0,0,0,0
94570298,ASUS ROG Astral 지포스 RTX 5080 WHITE OC D7 16GB 인텍앤컴퍼니,0,0,0,0,0,0,"2,312,000",0,0,0,0,0,0,0,0,0,0,0,0,0
96653777,ASUS ROG Astral 지포스 RTX 5090 BTF OC D7 32GB 대원씨티에스,"10,000,000",0,0,"10,000,000",0,0,0,0,0,0,0,0,0,0,0,0,0,0,0,0
96708728,ASUS ROG Astral 지포스 RTX 5090 BTF OC D7 32GB 인텍앤컴퍼니,"9,973,440",0,0,"9,973,440",0,0,"9,973,440",0,0,0,"9,973,440","9,973,440",0,0,0,0,0,0,0,0
75375449,ASUS ROG Astral 지포스 RTX 5090 OC D7 32GB 대원씨티에스,"9,149,970",0,0,"9,449,800",0,0,"9,450,540",0,0,0,"9,489,980","9,489,980",0,0,0,0,0,0,0,0
75373898,ASUS ROG Astral 지포스 RTX 5090 OC D7 32GB 인텍앤컴퍼니,"9,356,000",0,0,"9,606,000",0,0,"9,606,000",0,0,0,"9,536,000","9,536,000",0,0,0,0,0,0,0,0
92892434,ASUS ROG Astral 지포스 RTX 5090 WHITE OC D7 32GB 대원씨티에스,"9,449,990",0,0,"9,499,990",0,0,"9,499,990",0,0,0,"9,499,990","9,819,990",0,0,0,0,0,0,0,0
94570202,ASUS ROG Astral 지포스 RTX 5090 WHITE OC D7 32GB 인텍앤컴퍼니,"9,705,990",0,0,"9,705,990",0,0,"9,705,990",0,0,0,"9,705,990","9,705,990",0,0,0,0,0,0,0,0
12821834,ASUS ROG STRIX 지포스 RTX 3060 Ti O8G GAMING OC D6 8GB,"2,000,000",0,0,"2,000,000",0,0,"2,000,000",0,0,0,"2,000,000","2,000,000",0,0,0,0,0,0,0,0
12204407,ASUS ROG STRIX 지포스 RTX 3080 O10G GAMING OC D6X 10GB,"3,839,000",0,0,"3,839,000",0,0,"3,071,200",0,0,0,"3,839,000","3,839,000",0,0,0,0,0,0,0,0
13173020,ASUS TUF Gaming 라데온 RX 6800 XT O16G OC D6 16GB,"976,560",0,0,"976,560",0,0,"976,560",0,0,0,"976,560","976,560",0,0,0,0,0,0,0,0
18493601,ASUS TUF Gaming 라데온 RX 7900 XTX O24G OC D6 24GB 대원씨티에스,0,0,0,"1,489,190",0,0,"1,489,190",0,0,0,0,0,0,0,0,0,0,0,0,0
91871543,ASUS TUF Gaming 라데온 RX 9060 XT OC D6 16GB 대원씨티에스,"849,000",0,0,"849,000",0,0,"849,000",0,0,0,"849,000","849,000",0,0,0,0,0,0,0,0
12821741,ASUS TUF Gaming 지포스 RTX 3060 Ti O8G OC D6 8GB,"2,690,000",0,0,"2,690,000",0,0,"2,690,000",0,0,0,"2,690,000","2,690,000",0,0,0,0,0,0,0,0
89605799,ASUS TUF Gaming 지포스 RTX 5060 TI OC D7 8GB 인텍앤컴퍼니,"757,900",0,0,0,0,0,"606,320",0,0,0,0,0,0,0,0,0,0,0,0,0
77461631,ASUS TUF Gaming 지포스 RTX 5070 OC D7 12GB 인텍앤컴퍼니,"1,629,000",0,0,"1,629,000",0,0,"1,629,000",0,0,0,"1,629,000","1,629,000",0,0,0,0,0,0,0,0
76551374,ASUS TUF Gaming 지포스 RTX 5070 Ti OC D7 16GB 인텍앤컴퍼니,"2,369,000",0,0,"2,369,000",0,0,"2,369,000",0,0,0,"2,369,000","2,369,000",0,0,0,0,0,0,0,0
75375293,ASUS TUF Gaming 지포스 RTX 5080 OC D7 16GB 대원씨티에스,"3,440,070",0,0,"3,440,070",0,0,"2,559,180",0,0,0,"3,699,000","3,539,950",0,0,0,0,0,0,0,0
75374105,ASUS TUF Gaming 지포스 RTX 5080 OC D7 16GB 인텍앤컴퍼니,"3,799,000",0,0,"3,799,000",0,0,"2,719,190",0,0,0,"3,799,000","3,799,000",0,0,0,0,0,0,0,0
75375560,ASUS TUF Gaming 지포스 RTX 5090 D7 32GB 대원씨티에스,"9,000,000",0,0,"9,290,000",0,0,"6,359,990",0,0,0,"9,290,000","9,290,000",0,0,0,0,0,0,0,0
75374060,ASUS TUF Gaming 지포스 RTX 5090 D7 32GB 인텍앤컴퍼니,"12,089,990",0,0,"12,089,990",0,0,"12,999,990",0,0,0,"12,999,990","12,999,990",0,0,0,0,0,0,0,0
123651646,ASUS TUF Gaming 지포스 RTX 5090 D7 32GB 코잇,"9,460,000",0,0,0,0,0,0,0,0,0,0,"9,625,000",0,0,0,0,0,0,0,0
75375632,ASUS TUF Gaming 지포스 RTX 5090 OC D7 32GB 대원씨티에스,"9,022,860",0,0,"9,560,390",0,0,"9,560,390",0,0,0,"9,560,390","9,560,390",0,0,0,0,0,0,0,0
75374006,ASUS TUF Gaming 지포스 RTX 5090 OC D7 32GB 인텍앤컴퍼니,"9,374,390",0,0,"9,698,030",0,0,"9,698,030",0,0,0,"9,698,030","9,698,030",0,0,0,0,0,0,0,0
13683824,ASUS 지포스 GT1030 SL D5 2GB 무소음,"134,980",0,0,"134,980",0,0,"134,980",0,0,0,"134,980","134,980",0,0,0,0,0,0,0,0
124327418,ASUS 지포스 GT1030 SL D5 2GB 무소음 코잇,가격비교예정,0,0,가격비교예정,0,0,가격비교예정,0,0,0,가격비교예정,가격비교예정,0,0,0,0,0,0,0,0
59089334,ASUS 지포스 GT710 SL EVO D5 2GB,"75,000",0,0,"75,000",0,0,"75,000",0,0,0,"75,000","75,000",0,0,0,0,0,0,0,0
124327379,ASUS 지포스 GT710 SL EVO D5 2GB 코잇,가격비교예정,0,0,가격비교예정,0,0,가격비교예정,0,0,0,가격비교예정,가격비교예정,0,0,0,0,0,0,0,0
27896360,ASUS 지포스 GT730 4H SL D5 2GB,"154,730",0,0,"154,730",0,0,"154,730",0,0,0,"152,430","153,990",0,0,0,0,0,0,0,0
124327399,ASUS 지포스 GT730 4H SL D5 2GB 코잇,가격비교예정,0,0,가격비교예정,0,0,가격비교예정,0,0,0,가격비교예정,가격비교예정,0,0,0,0,0,0,0,0
14740715,ASUS 지포스 GT730 SL D5 2GB,"115,140",0,0,"115,140",0,0,"115,140",0,0,0,"115,140","115,140",0,0,0,0,0,0,0,0
123589439,ASUS 지포스 RTX 5060 Ti OC D7 8GB T1 Edition 대원씨티에스,"829,000",0,0,"829,000",0,0,"663,180",0,0,0,"829,000","829,000",0,0,0,0,0,0,0,0
123588932,ASUS 지포스 RTX 5060 Ti OC D7 8GB T1 Edition 인텍앤컴퍼니,"828,900",0,0,"828,900",0,0,"663,200",0,0,0,"828,900","828,900",0,0,0,0,0,0,0,0
123589443,ASUS 지포스 RTX 5070 OC D7 12GB T1 Edition 대원씨티에스,"1,338,990",0,0,"1,338,990",0,0,"1,039,190",0,0,0,"1,299,000","1,298,990",0,0,0,0,0,0,0,0
123588962,ASUS 지포스 RTX 5070 OC D7 12GB T1 Edition 인텍앤컴퍼니,"1,297,990",0,0,"1,297,990",0,0,"1,297,990",0,0,0,"1,297,990","1,297,990",0,0,0,0,0,0,0,0
124335230,ASUS 지포스 RTX 5070 OC D7 12GB T1 Edition 코잇,가격비교예정,0,0,가격비교예정,0,0,가격비교예정,0,0,0,가격비교예정,가격비교예정,0,0,0,0,0,0,0,0
103880240,COLORFUL iGame 지포스 RTX 3050 ULTRA DUO OC V2 White D6 8GB 피씨디렉트,"462,970",0,0,"458,970",0,0,"457,970",0,0,0,"457,970","462,940",0,0,0,0,0,0,0,0
48648092,COLORFUL iGame 지포스 RTX 3050 Ultra DUO OC V2 D6 8GB White,"468,080",0,0,"465,490",0,0,"457,970",0,0,0,"457,970","457,970",0,0,0,0,0,0,0,0
108418784,COLORFUL iGame 지포스 RTX 5050 ULTRA DUO OC White D6 8GB 도우정보,"586,080",0,0,"604,990",0,0,"484,000",0,0,0,"605,000","604,980",0,0,0,0,0,0,0,0
93698225,COLORFUL iGame 지포스 RTX 5050 ULTRA DUO OC White D6 8GB 피씨디렉트,0,0,0,0,0,0,"454,400",0,0,0,0,0,0,0,0,0,0,0,0,0
124021627,COLORFUL iGame 지포스 RTX 5060 Ti ULTRA DUO OC D7 16GB 도우정보,"1,181,870",0,0,"1,219,980",0,0,"1,219,980",0,0,0,"1,219,980","1,219,980",0,0,0,0,0,0,0,0
123802213,COLORFUL iGame 지포스 RTX 5060 Ti ULTRA DUO OC D7 16GB 피씨디렉트,"1,094,980",0,0,"1,079,960",0,0,"890,390",0,0,0,"1,079,000","1,079,000",0,0,0,0,0,0,0,0
124327280,COLORFUL iGame 지포스 RTX 5060 Ti ULTRA DUO OC D7 8GB 도우정보,가격비교예정,0,0,"855,000",0,0,"855,000",0,0,0,"855,000","855,000",0,0,0,0,0,0,0,0
124198321,COLORFUL iGame 지포스 RTX 5060 Ti ULTRA DUO OC D7 8GB 피씨디렉트,"810,960",0,0,"803,700",0,0,"803,700",0,0,0,"803,700","803,700",0,0,0,0,0,0,0,0
124021618,COLORFUL iGame 지포스 RTX 5060 Ti ULTRA DUO OC White D7 16GB 도우정보,"1,181,870",0,0,"1,219,980",0,0,"975,200",0,0,0,"1,219,980","1,219,980",0,0,0,0,0,0,0,0
88233542,COLORFUL iGame 지포스 RTX 5060 Ti ULTRA DUO OC White D7 16GB 피씨디렉트,"1,089,010",0,0,"1,078,970",0,0,"883,180",0,0,0,"1,069,580","1,084,940",0,0,0,0,0,0,0,0
106711547,COLORFUL iGame 지포스 RTX 5060 Ti ULTRA DUO OC White D7 8GB 도우정보,"844,430",0,0,"855,000",0,0,"684,000",0,0,0,"854,980","855,000",0,0,0,0,0,0,0,0
89862188,COLORFUL iGame 지포스 RTX 5060 Ti ULTRA DUO OC White D7 8GB 피씨디렉트,"781,190",0,0,"781,190",0,0,"628,560",0,0,0,"781,190","781,190",0,0,0,0,0,0,0,0
122709552,COLORFUL iGame 지포스 RTX 5060 ULTRA DUO OC D7 8GB 도우정보,"731,260",0,0,"759,990",0,0,"486,080",0,0,0,"759,990","759,980",0,0,0,0,0,0,0,0
122724158,COLORFUL iGame 지포스 RTX 5060 ULTRA DUO OC D7 8GB 피씨디렉트,"695,000",0,0,"686,970",0,0,"556,780",0,0,0,"694,680","685,920",0,0,0,0,0,0,0,0
122709575,COLORFUL iGame 지포스 RTX 5060 ULTRA DUO OC White D7 8GB 도우정보,"748,920",0,0,"748,910",0,0,"592,810",0,0,0,"760,000","759,980",0,0,0,0,0,0,0,0
90960104,COLORFUL iGame 지포스 RTX 5060 ULTRA DUO OC White D7 8GB 피씨디렉트,"697,920",0,0,"690,970",0,0,"550,690",0,0,0,"689,960","689,920",0,0,0,0,0,0,0,0
122709701,COLORFUL iGame 지포스 RTX 5060 ULTRA OC D7 8GB 도우정보,"750,770",0,0,"774,990",0,0,"496,000",0,0,0,"774,990","774,980",0,0,0,0,0,0,0,0
124198279,COLORFUL iGame 지포스 RTX 5060 ULTRA OC D7 8GB 피씨디렉트,"722,900",0,0,"722,500",0,0,"722,700",0,0,0,"722,700","722,700",0,0,0,0,0,0,0,0
90955439,COLORFUL iGame 지포스 RTX 5060 ULTRA OC White D7 8GB 피씨디렉트,"769,030",0,0,"769,030",0,0,"620,830",0,0,0,"745,000","769,030",0,0,0,0,0,0,0,0
122709734,COLORFUL iGame 지포스 RTX 5070 Ti ULTRA OC SFF D7 16GB 도우정보,"1,885,110",0,0,"1,864,880",0,0,"1,885,110",0,0,0,"1,930,000","1,925,650",0,0,0,0,0,0,0,0
122692149,COLORFUL iGame 지포스 RTX 5070 Ti ULTRA OC SFF D7 16GB 피씨디렉트,"1,865,000",0,0,"1,840,970",0,0,"1,487,990",0,0,0,"1,839,980","1,839,920",0,0,0,0,0,0,0,0
123537806,COLORFUL iGame 지포스 RTX 5070 Ti ULTRA OC SFF White D7 16GB 도우정보,"1,885,100",0,0,"1,885,110",0,0,"1,543,980",0,0,0,"1,885,110","1,925,640",0,0,0,0,0,0,0,0
122724186,COLORFUL iGame 지포스 RTX 5070 Ti ULTRA OC SFF White D7 16GB 피씨디렉트,"1,859,000",0,0,"1,859,990",0,0,"1,859,990",0,0,0,"1,859,990","1,898,990",0,0,0,0,0,0,0,0
106711598,COLORFUL iGame 지포스 RTX 5070 Ti ULTRA OC White D7 16GB 도우정보,"1,930,000",0,0,"1,930,000",0,0,"1,544,000",0,0,0,"1,930,000","1,930,000",0,0,0,0,0,0,0,0
76511060,COLORFUL iGame 지포스 RTX 5070 Ti ULTRA OC White D7 16GB 피씨디렉트,"1,898,980",0,0,"1,898,990",0,0,"1,488,000",0,0,0,"1,878,530","1,898,990",0,0,0,0,0,0,0,0
122663332,COLORFUL iGame 지포스 RTX 5070 ULTRA OC D7 12GB 도우정보,"1,347,920",0,0,"1,347,940",0,0,"1,104,000",0,0,0,"1,347,950","1,366,590",0,0,0,0,0,0,0,0
122636526,COLORFUL iGame 지포스 RTX 5070 ULTRA OC D7 12GB 피씨디렉트,"1,329,000",0,0,"1,326,500",0,0,"1,329,000",0,0,0,"1,329,000","1,326,500",0,0,0,0,0,0,0,0
106711625,COLORFUL iGame 지포스 RTX 5070 ULTRA OC White D7 12GB 도우정보,"1,347,940",0,0,"1,347,930",0,0,"1,323,060",0,0,0,"1,323,060","1,376,920",0,0,0,0,0,0,0,0
77964722,COLORFUL iGame 지포스 RTX 5070 ULTRA OC White D7 12GB 피씨디렉트,"1,326,990",0,0,"1,326,990",0,0,"1,033,330",0,0,0,"1,320,600","1,320,590",0,0,0,0,0,0,0,0
122709745,COLORFUL iGame 지포스 RTX 5080 ULTRA OC D7 16GB 도우정보,"2,496,610",0,0,"2,496,610",0,0,"2,496,610",0,0,0,"2,496,610","2,496,610",0,0,0,0,0,0,0,0
124198340,COLORFUL iGame 지포스 RTX 5080 ULTRA OC D7 16GB 피씨디렉트,가격비교예정,0,0,가격비교예정,0,0,가격비교예정,0,0,0,가격비교예정,가격비교예정,0,0,0,0,0,0,0,0
122692119,COLORFUL iGame 지포스 RTX 5080 ULTRA OC V2 D7 16GB 피씨디렉트,"2,382,000",0,0,"2,382,000",0,0,"2,381,990",0,0,0,"2,381,990","2,381,990",0,0,0,0,0,0,0,0
106712012,COLORFUL iGame 지포스 RTX 5080 ULTRA OC White D7 16GB 도우정보,"2,659,990",0,0,"2,659,990",0,0,"2,553,600",0,0,0,"2,553,600","2,553,600",0,0,0,0,0,0,0,0
75536255,COLORFUL iGame 지포스 RTX 5080 ULTRA OC White D7 16GB 피씨디렉트,"2,380,790",0,0,"2,382,000",0,0,"1,855,990",0,0,0,"2,382,000","2,382,000",0,0,0,0,0,0,0,0
122663758,COLORFUL iGame 지포스 RTX 5080 VULCAN OC D7 16GB 도우정보,"2,750,000",0,0,"2,750,000",0,0,"2,750,000",0,0,0,"2,750,000","2,750,000",0,0,0,0,0,0,0,0
76508576,COLORFUL iGame 지포스 RTX 5080 Vulcan OC D7 16GB 피씨디렉트,"3,440,000",0,0,"3,540,000",0,0,"2,127,200",0,0,0,"3,540,000","3,540,000",0,0,0,0,0,0,0,0
122663438,COLORFUL 지포스 RTX 3050 BATTLE AX DUO V2 D6 8GB 도우정보,"420,000",0,0,"419,990",0,0,"419,990",0,0,0,"419,990","420,000",0,0,0,0,0,0,0,0
106712042,COLORFUL 지포스 RTX 3050 GAMING DUO V4 D6 6GB 도우정보,"405,000",0,0,"404,990",0,0,"404,990",0,0,0,"405,000","405,000",0,0,0,0,0,0,0,0
102004850,COLORFUL 지포스 RTX 3050 GAMING DUO V4 D6 6GB 피씨디렉트,"368,030",0,0,"361,300",0,0,"361,300",0,0,0,"361,300","361,300",0,0,0,0,0,0,0,0
78102494,COLORFUL 지포스 RTX 3050 토마호크 DUO V2 D6 8GB 피씨디렉트,"404,440",0,0,"400,970",0,0,"399,960",0,0,0,"399,970","403,940",0,0,0,0,0,0,0,0
123537832,COLORFUL 지포스 RTX 3060 BATTLE AX DUO V2 D6 12GB 도우정보,"557,020",0,0,"574,990",0,0,"574,990",0,0,0,"574,990","574,980",0,0,0,0,0,0,0,0
122724144,COLORFUL 지포스 RTX 3060 Battle AX DUO V2 D6 12GB 피씨디렉트,"516,000",0,0,"507,970",0,0,"506,930",0,0,0,"506,870","506,900",0,0,0,0,0,0,0,0
93502205,COLORFUL 지포스 RTX 5050 Battle AX DUO D6 8GB 피씨디렉트,"541,790",0,0,0,0,0,0,0,0,0,0,0,0,0,0,0,0,0,0,0
108418823,COLORFUL 지포스 RTX 5050 GAMING DUO D6 8GB 도우정보,"571,550",0,0,"589,990",0,0,"472,000",0,0,0,"589,990","589,980",0,0,0,0,0,0,0,0
104966591,COLORFUL 지포스 RTX 5050 GAMING DUO D6 8GB 피씨디렉트,"557,000",0,0,"555,900",0,0,"555,900",0,0,0,"555,900","549,920",0,0,0,0,0,0,0,0
106712144,COLORFUL 지포스 RTX 5060 GAMING DUO D7 8GB 도우정보,"714,630",0,0,"729,980",0,0,"556,800",0,0,0,"703,010","729,980",0,0,0,0,0,0,0,0
100325213,COLORFUL 지포스 RTX 5060 GAMING DUO D7 8GB 피씨디렉트,"667,720",0,0,"667,720",0,0,"667,710",0,0,0,"667,710","667,930",0,0,0,0,0,0,0,0
106712198,COLORFUL 지포스 RTX 5060 Ti BATTLE AX DUO D7 16GB 도우정보,"1,083,600",0,0,"1,083,600",0,0,"1,083,600",0,0,0,"1,165,170","1,165,170",0,0,0,0,0,0,0,0
108418766,COLORFUL 지포스 RTX 5060 Ti GAMING DUO D7 16GB 도우정보,"1,125,370",0,0,"1,179,990",0,0,"755,200",0,0,0,"1,179,990","1,179,980",0,0,0,0,0,0,0,0
101725832,COLORFUL 지포스 RTX 5060 Ti GAMING DUO D7 16GB 피씨디렉트,"1,042,920",0,0,"1,036,970",0,0,"1,035,950",0,0,0,"1,035,950","1,035,920",0,0,0,0,0,0,0,0
106736336,COLORFUL 지포스 RTX 5060 Ti GAMING DUO D7 8GB 도우정보,"800,000",0,0,"799,990",0,0,"512,000",0,0,0,"800,000","798,980",0,0,0,0,0,0,0,0
101725700,COLORFUL 지포스 RTX 5060 Ti GAMING DUO D7 8GB 피씨디렉트,"739,340",0,0,"739,340",0,0,"739,340",0,0,0,"739,340","739,340",0,0,0,0,0,0,0,0
124327346,COLORFUL 지포스 RTX 5060 Ti GAMING DUO V2 D7 16GB 도우정보,가격비교예정,0,0,"1,180,000",0,0,"1,180,000",0,0,0,"1,180,000","1,180,000",0,0,0,0,0,0,0,0
123802191,COLORFUL 지포스 RTX 5060 Ti GAMING DUO V2 D7 16GB 피씨디렉트,"1,069,000",0,0,"1,069,000",0,0,"846,360",0,0,0,"1,069,000","1,069,000",0,0,0,0,0,0,0,0
124327363,COLORFUL 지포스 RTX 5060 Ti GAMING DUO V2 D7 8GB 도우정보,가격비교예정,0,0,가격비교예정,0,0,가격비교예정,0,0,0,가격비교예정,가격비교예정,0,0,0,0,0,0,0,0
124198302,COLORFUL 지포스 RTX 5060 Ti GAMING DUO V2 D7 8GB 피씨디렉트,"792,990",0,0,"777,700",0,0,"777,700",0,0,0,"777,700","788,920",0,0,0,0,0,0,0,0
89862281,COLORFUL 지포스 RTX 5060 Ti 토마호크 DUO D7 8GB 피씨디렉트,"764,000",0,0,"764,000",0,0,"635,200",0,0,0,"764,000","764,000",0,0,0,0,0,0,0,0
106712105,COLORFUL 지포스 RTX 5070 GAMING D7 12GB 도우정보,"1,359,980",0,0,"1,359,980",0,0,"1,087,980",0,0,0,"1,359,980","1,359,980",0,0,0,0,0,0,0,0
101725835,COLORFUL 지포스 RTX 5070 GAMING D7 12GB 피씨디렉트,"1,268,910",0,0,"1,268,920",0,0,"1,268,920",0,0,0,"1,268,920","1,268,920",0,0,0,0,0,0,0,0
106712255,COLORFUL 지포스 RTX 5070 Ti BATTLE AX D7 16GB 도우정보,"1,906,980",0,0,"1,906,980",0,0,"1,906,980",0,0,0,"1,910,000","1,910,000",0,0,0,0,0,0,0,0
123860433,COLORFUL 지포스 RTX 5070 Ti BATTLE AX SFF D7 16GB 도우정보,"1,850,300",0,0,"1,845,160",0,0,"1,865,180",0,0,0,"1,865,180","1,905,320",0,0,0,0,0,0,0,0
123802262,COLORFUL 지포스 RTX 5070 Ti BATTLE AX SFF D7 16GB 피씨디렉트,"1,817,920",0,0,"1,794,000",0,0,"1,455,480",0,0,0,"1,795,100","1,818,940",0,0,0,0,0,0,0,0
77379113,COLORFUL 지포스 RTX 5070 Ti 토마호크 EX D7 16GB 피씨디렉트,"1,858,990",0,0,"1,858,990",0,0,"2,005,760",0,0,0,"2,005,760","1,980,770",0,0,0,0,0,0,0,0
122654946,DRAGON FORCE 지포스 GTX1660 SUPER D6 6GB NV,"290,730",0,0,"290,730",0,0,"290,730",0,0,0,"290,730","290,730",0,0,0,0,0,0,0,0
122637278,DRAGON FORCE 지포스 RTX 3050 D6 6GB,"359,000",0,0,"359,000",0,0,"359,000",0,0,0,"359,000","358,990",0,0,0,0,0,0,0,0
5406903,EVGA 파워링크 (해외구매),"36,160",0,0,"37,730",0,0,"37,730",0,0,0,"37,730","37,730",0,0,0,0,0,0,0,0
54101783,EXP GDC TH3P4G3 SFX (해외구매),"68,610",0,0,"68,610",0,0,"68,610",0,0,0,"68,610","68,610",0,0,0,0,0,0,0,0
122628272,FORSA 라데온 RX6600 PRISM,"459,840",0,0,"459,840",0,0,"459,840",0,0,0,"459,840","459,840",0,0,0,0,0,0,0,0
123621121,FORSA 라데온 RX6600M D6 8GB,"359,950",0,0,"359,930",0,0,"359,930",0,0,0,"359,870","359,870",0,0,0,0,0,0,0,0
124012767,FORSA 라데온 RX7600S NOVA,"438,320",0,0,"438,300",0,0,"438,300",0,0,0,"438,240","438,240",0,0,0,0,0,0,0,0
1878552,FORSA 지포스 G210 D3 512MB,"28,130",0,0,"28,110",0,0,"28,110",0,0,0,"28,090","28,090",0,0,0,0,0,0,0,0
123802291,FORSA 지포스 GT 1030DP EDITION,"124,980",0,0,"124,980",0,0,"124,980",0,0,0,"124,980","124,980",0,0,0,0,0,0,0,0
6725461,FORSA 지포스 GT1030 D5 2GB,"109,800",0,0,"109,800",0,0,"109,800",0,0,0,"109,800","109,800",0,0,0,0,0,0,0,0
20687381,FORSA 지포스 GT710 D3 2GB LP,"60,200",0,0,"60,200",0,0,"60,200",0,0,0,"60,200","60,200",0,0,0,0,0,0,0,0
95200559,FORSA 지포스 GT730 D3 2GB WIN,"63,900",0,0,"63,900",0,0,"63,900",0,0,0,"63,900","62,700",0,0,0,0,0,0,0,0
12373847,FORSA 지포스 GTX 1650 D6 4GB,"245,060",0,0,"245,060",0,0,"245,060",0,0,0,"245,060","245,060",0,0,0,0,0,0,0,0
10936446,FORSA 지포스 GTX 1660 SUPER K D6 6GB,"306,840",0,0,"306,840",0,0,"306,840",0,0,0,"306,840","306,840",0,0,0,0,0,0,0,0
13169082,FORSA 지포스 GTX 1660 SUPER X D6 6GB,"290,290",0,0,"290,290",0,0,"290,290",0,0,0,"290,290","290,290",0,0,0,0,0,0,0,0
124276758,FORSA 지포스 GTX GTX1660Ti NOBLE 6GB,"316,640",0,0,"316,640",0,0,"316,640",0,0,0,"316,640","316,640",0,0,0,0,0,0,0,0
5385778,FORSA 지포스 GTX1050 Ti D5 4GB DUAL,"169,000",0,0,"169,000",0,0,"169,000",0,0,0,"169,000","169,000",0,0,0,0,0,0,0,0
124115395,FORSA 지포스 GTX1050 Ti SF D5 4GB,"204,380",0,0,"204,380",0,0,"204,380",0,0,0,"204,380","204,380",0,0,0,0,0,0,0,0
104966396,FORSA 지포스 RTX 3050 6GB White Cube,"347,000",0,0,"347,000",0,0,"347,000",0,0,0,"347,000","347,000",0,0,0,0,0,0,0,0
39030653,FORSA 지포스 RTX 3050 D6 6GB ONE COOL,"381,910",0,0,"381,910",0,0,"381,910",0,0,0,"381,910","381,910",0,0,0,0,0,0,0,0
123537793,FORSA 지포스 RTX 3050 SOLO 6GD6,"312,000",0,0,"312,000",0,0,"312,000",0,0,0,"312,000","312,000",0,0,0,0,0,0,0,0
52159256,FuriosaAI 퓨리오사 워보이 D4X 16GB,"3,748,860",0,0,"3,748,860",0,0,"3,788,320",0,0,0,"3,762,190","3,762,190",0,0,0,0,0,0,0,0
16301504,GAINWARD 지포스 RTX 3050 고스트 D6 8GB,"547,130",0,0,"547,130",0,0,"547,130",0,0,0,"547,130","547,130",0,0,0,0,0,0,0,0
44217686,GAINWARD 지포스 RTX 3050 페가수스 D6 6GB,"356,000",0,0,"376,710",0,0,"376,710",0,0,0,"376,710","376,710",0,0,0,0,0,0,0,0
14824829,GAINWARD 지포스 RTX 3060 고스트 D6 12GB LHR,"1,102,050",0,0,"1,102,050",0,0,"1,102,050",0,0,0,"1,102,050","1,102,050",0,0,0,0,0,0,0,0
94445579,GAINWARD 지포스 RTX 5050 고스트 D6 8GB,"581,400",0,0,"581,400",0,0,"581,400",0,0,0,"581,400","581,400",0,0,0,0,0,0,0,0
81716594,GAINWARD 지포스 RTX 5060 Ti 고스트 D7 8GB,"778,930",0,0,"778,930",0,0,"504,950",0,0,0,"778,930","778,930",0,0,0,0,0,0,0,0
81716585,GAINWARD 지포스 RTX 5060 Ti 파이썬 III D7 16GB,0,0,0,0,0,0,"634,300",0,0,0,0,0,0,0,0,0,0,0,0,0
90892928,GAINWARD 지포스 RTX 5060 고스트 D7 8GB,"713,990",0,0,"713,990",0,0,"559,920",0,0,0,"713,990","713,980",0,0,0,0,0,0,0,0
94445978,GAINWARD 지포스 RTX 5070 Ti 피닉스-S D7 16GB,"1,852,880",0,0,"1,852,880",0,0,"1,852,880",0,0,0,"1,852,880","1,852,880",0,0,0,0,0,0,0,0
106780118,GAINWARD 지포스 RTX 5070 Ti 피닉스-S GS OC D7 16GB,"1,846,040",0,0,"1,846,040",0,0,"1,846,040",0,0,0,"1,846,040","1,846,040",0,0,0,0,0,0,0,0
78982154,GAINWARD 지포스 RTX 5070 파이썬 III D7 12GB,"1,332,550",0,0,"1,332,550",0,0,"1,332,550",0,0,0,"1,332,550","1,332,550",0,0,0,0,0,0,0,0
105968504,GAINWARD 지포스 RTX 5070 파이썬 III OC D7 12GB,"1,329,000",0,0,"1,329,000",0,0,"1,015,200",0,0,0,"1,329,000","1,329,000",0,0,0,0,0,0,0,0
77382785,GAINWARD 지포스 RTX 5070 피닉스 D7 12GB,0,0,0,0,0,0,"1,043,890",0,0,0,0,0,0,0,0,0,0,0,0,0
75601394,GAINWARD 지포스 RTX 5080 피닉스 D7 16GB,"2,279,000",0,0,"2,279,000",0,0,"2,279,000",0,0,0,"2,279,000","2,279,000",0,0,0,0,0,0,0,0
75991625,GAINWARD 지포스 RTX 5090 팬텀 D7 32GB,0,0,0,0,0,0,"6,316,000",0,0,0,0,0,0,0,0,0,0,0,0,0
124167321,GIGABYTE AORUS 지포스 RTX 5060 ARI D7 8GB 제이씨현,"724,810",0,0,"724,800",0,0,"724,800",0,0,0,"724,800","719,400",0,0,0,0,0,0,0,0
124153612,GIGABYTE AORUS 지포스 RTX 5060 ARI D7 8GB 피씨디렉트,"733,230",0,0,"733,230",0,0,"733,230",0,0,0,"733,230","733,230",0,0,0,0,0,0,0,0
90889598,GIGABYTE AORUS 지포스 RTX 5060 ELITE D7 8GB 피씨디렉트,"3,034,950",0,0,"3,034,950",0,0,"3,034,950",0,0,0,"3,034,950","3,034,950",0,0,0,0,0,0,0,0
124197959,GIGABYTE AORUS 지포스 RTX 5060 Ti AI BOX D7 16GB 제이씨현,"1,467,990",0,0,"1,499,000",0,0,"1,499,000",0,0,0,"1,499,000","1,499,000",0,0,0,0,0,0,0,0
123981228,GIGABYTE AORUS 지포스 RTX 5060 Ti AI BOX D7 16GB 피씨디렉트,"1,499,000",0,0,"1,499,000",0,0,"1,499,000",0,0,0,"1,499,000","1,499,000",0,0,0,0,0,0,0,0
123981266,GIGABYTE AORUS 지포스 RTX 5070 INFINITY D7 12GB 제이씨현,"1,507,140",0,0,"1,507,140",0,0,"1,237,590",0,0,0,"1,507,140","1,507,140",0,0,0,0,0,0,0,0
123802150,GIGABYTE AORUS 지포스 RTX 5070 INFINITY D7 12GB 피씨디렉트,"1,508,310",0,0,"1,508,310",0,0,"1,230,110",0,0,0,"1,508,310","1,508,310",0,0,0,0,0,0,0,0
77319458,GIGABYTE AORUS 지포스 RTX 5070 MASTER D7 12GB 제이씨현,"1,196,010",0,0,"1,450,000",0,0,"1,104,000",0,0,0,"1,450,000","1,450,000",0,0,0,0,0,0,0,0
77312321,GIGABYTE AORUS 지포스 RTX 5070 MASTER D7 12GB 피씨디렉트,"1,439,990",0,0,"1,439,990",0,0,"1,440,000",0,0,0,"1,440,000","1,440,000",0,0,0,0,0,0,0,0
123743494,GIGABYTE AORUS 지포스 RTX 5070 Ti INFINITY D7 16GB 제이씨현,"2,108,260",0,0,"2,108,260",0,0,"1,695,980",0,0,0,"2,108,260","2,108,260",0,0,0,0,0,0,0,0
122829828,GIGABYTE AORUS 지포스 RTX 5070 Ti INFINITY D7 16GB 피씨디렉트,"2,124,300",0,0,"2,124,270",0,0,"1,722,110",0,0,0,"2,111,110","2,111,110",0,0,0,0,0,0,0,0
76551029,GIGABYTE AORUS 지포스 RTX 5070 Ti MASTER D7 16GB 제이씨현,"4,800,000",0,0,"4,800,000",0,0,"3,800,000",0,0,0,"4,650,000","4,800,000",0,0,0,0,0,0,0,0
123590291,GIGABYTE AORUS 지포스 RTX 5080 INFINITY D7 16GB 제이씨현,"2,870,820",0,0,"2,870,820",0,0,"2,870,820",0,0,0,"2,870,820","2,870,820",0,0,0,0,0,0,0,0
122726535,GIGABYTE AORUS 지포스 RTX 5080 INFINITY D7 16GB 피씨디렉트,"2,861,870",0,0,"2,861,870",0,0,"2,331,330",0,0,0,"2,861,870","2,861,870",0,0,0,0,0,0,0,0
123590266,GIGABYTE AORUS 지포스 RTX 5080 INFINITY WOOD D7 16GB 제이씨현,"2,901,160",0,0,"2,901,160",0,0,"2,343,590",0,0,0,"2,901,160","2,901,160",0,0,0,0,0,0,0,0
122726547,GIGABYTE AORUS 지포스 RTX 5080 INFINITY WOOD D7 16GB 피씨디렉트,"2,923,200",0,0,"2,923,240",0,0,"2,359,840",0,0,0,"2,905,500","2,905,490",0,0,0,0,0,0,0,0
75184259,GIGABYTE AORUS 지포스 RTX 5080 MASTER D7 16GB 제이씨현,"2,660,180",0,0,"2,660,180",0,0,"2,660,170",0,0,0,"2,660,170","2,660,170",0,0,0,0,0,0,0,0
75074210,GIGABYTE AORUS 지포스 RTX 5080 MASTER D7 16GB 피씨디렉트,"2,731,900",0,0,"2,731,800",0,0,"2,731,680",0,0,0,"2,731,440","2,731,380",0,0,0,0,0,0,0,0
75184262,GIGABYTE AORUS 지포스 RTX 5080 MASTER ICE D7 16GB 제이씨현,"3,300,000",0,0,"3,300,000",0,0,"2,439,970",0,0,0,"3,720,000","3,719,990",0,0,0,0,0,0,0,0
75074258,GIGABYTE AORUS 지포스 RTX 5080 MASTER ICE D7 16GB 피씨디렉트,"2,907,010",0,0,"2,907,010",0,0,"2,371,140",0,0,0,"2,907,010","2,907,010",0,0,0,0,0,0,0,0
75536588,GIGABYTE AORUS 지포스 RTX 5080 XTREME 워터포스 D7 16GB 제이씨현,0,0,0,0,0,0,"2,079,200",0,0,0,0,0,0,0,0,0,0,0,0,0
75074405,GIGABYTE AORUS 지포스 RTX 5080 XTREME 워터포스 D7 16GB 피씨디렉트,"3,228,290",0,0,"3,228,290",0,0,"2,311,190",0,0,0,"3,127,410","3,228,290",0,0,0,0,0,0,0,0
99128606,GIGABYTE AORUS 지포스 RTX 5090 AI BOX D7 32GB 제이씨현,"8,811,000",0,0,"8,811,000",0,0,"8,811,000",0,0,0,"8,811,000","8,839,000",0,0,0,0,0,0,0,0
98412476,GIGABYTE AORUS 지포스 RTX 5090 AI BOX D7 32GB 피씨디렉트,"9,206,070",0,0,"9,206,070",0,0,"9,206,070",0,0,0,"9,206,070","9,206,070",0,0,0,0,0,0,0,0
122709213,GIGABYTE AORUS 지포스 RTX 5090 INFINITY D7 32GB 제이씨현,"9,700,000",0,0,"9,700,000",0,0,"9,700,000",0,0,0,"9,700,000","9,700,000",0,0,0,0,0,0,0,0
122717694,GIGABYTE AORUS 지포스 RTX 5090 INFINITY D7 32GB 피씨디렉트,"9,700,000",0,0,"9,700,000",0,0,"9,700,000",0,0,0,"9,700,000","9,700,000",0,0,0,0,0,0,0,0
75184274,GIGABYTE AORUS 지포스 RTX 5090 MASTER D7 32GB 제이씨현,"8,934,300",0,0,"9,089,990",0,0,"9,089,990",0,0,0,"9,089,990","9,089,990",0,0,0,0,0,0,0,0
75184226,GIGABYTE AORUS 지포스 RTX 5090 MASTER D7 32GB 피씨디렉트,"8,990,000",0,0,"9,090,000",0,0,"9,090,000",0,0,0,"9,090,000","9,090,000",0,0,0,0,0,0,0,0
75184277,GIGABYTE AORUS 지포스 RTX 5090 MASTER ICE D7 32GB 제이씨현,"8,865,050",0,0,"9,088,990",0,0,"6,399,190",0,0,0,"9,549,990","9,549,920",0,0,0,0,0,0,0,0
75184229,GIGABYTE AORUS 지포스 RTX 5090 MASTER ICE D7 32GB 피씨디렉트,"8,990,000",0,0,"9,090,000",0,0,"9,090,000",0,0,0,"9,090,000","9,090,000",0,0,0,0,0,0,0,0
93382736,GIGABYTE AORUS 지포스 RTX 5090 STEALTH ICE D7 32GB 제이씨현,"9,449,990",0,0,"9,590,000",0,0,"9,590,000",0,0,0,"9,590,000","9,590,000",0,0,0,0,0,0,0,0
92966027,GIGABYTE AORUS 지포스 RTX 5090 STEALTH ICE D7 32GB 피씨디렉트,"9,487,000",0,0,"9,381,000",0,0,"9,381,000",0,0,0,"9,381,000","9,750,000",0,0,0,0,0,0,0,0
75536696,GIGABYTE AORUS 지포스 RTX 5090 XTREME 워터포스 D7 32GB 제이씨현,0,0,0,"8,258,400",0,0,"6,336,400",0,0,0,"8,935,900","8,930,870",0,0,0,0,0,0,0,0
99736931,GIGABYTE 라데온 AI PRO R9700 AI TOP D6 32GB 제이씨현,"2,910,000",0,0,"2,891,660",0,0,"2,909,990",0,0,0,"2,909,990","2,909,990",0,0,0,0,0,0,0,0
99714743,GIGABYTE 라데온 AI PRO R9700 AI TOP D6 32GB 피씨디렉트,"2,936,260",0,0,"2,936,250",0,0,"2,935,230",0,0,0,"2,932,060","2,932,060",0,0,0,0,0,0,0,0
20350115,GIGABYTE 라데온 RX 7600 GAMING OC D6 8GB 제이씨현,"464,230",0,0,"430,000",0,0,"430,000",0,0,0,"430,000","464,230",0,0,0,0,0,0,0,0
91867850,GIGABYTE 라데온 RX 9060 XT Gaming D6 8GB 제이씨현,0,0,0,0,0,0,"519,990",0,0,0,0,0,0,0,0,0,0,0,0,0
91908533,GIGABYTE 라데온 RX 9060 XT Gaming D6 8GB 피씨디렉트,"1,606,320",0,0,"1,606,320",0,0,"1,271,670",0,0,0,"1,556,130","1,556,130",0,0,0,0,0,0,0,0
91908590,GIGABYTE 라데온 RX 9060 XT Gaming OC D6 16GB 피씨디렉트,"848,990",0,0,"848,990",0,0,"848,990",0,0,0,"848,990","848,990",0,0,0,0,0,0,0,0
91908554,GIGABYTE 라데온 RX 9060 XT Gaming OC D6 8GB 피씨디렉트,"649,000",0,0,"713,690",0,0,"713,690",0,0,0,"713,690","713,690",0,0,0,0,0,0,0,0
99128558,GIGABYTE 라데온 RX 9060 XT Gaming OC ICE D6 16GB 제이씨현,"848,990",0,0,"631,990",0,0,"631,990",0,0,0,"837,000","848,990",0,0,0,0,0,0,0,0
99288071,GIGABYTE 라데온 RX 9060 XT Gaming OC ICE D6 16GB 피씨디렉트,"867,000",0,0,"866,990",0,0,"674,030",0,0,0,"848,630","867,000",0,0,0,0,0,0,0,0
77382860,GIGABYTE 라데온 RX 9070 GAMING OC D6 16GB 피씨디렉트,"1,065,870",0,0,"1,099,000",0,0,"1,099,000",0,0,0,"1,099,000","1,099,000",0,0,0,0,0,0,0,0
122705726,GIGABYTE 라데온 RX 9070 GRE GAMING OC D6 12GB 피씨디렉트,"975,940",0,0,"920,220",0,0,"920,220",0,0,0,"969,880","969,880",0,0,0,0,0,0,0,0
122707736,GIGABYTE 라데온 RX 9070 GRE Gaming OC D6 12GB 제이씨현,"952,580",0,0,"958,620",0,0,"960,800",0,0,0,"950,810","965,500",0,0,0,0,0,0,0,0
77382896,GIGABYTE 라데온 RX 9070 XT GAMING OC D6 16GB 제이씨현,"1,369,000",0,0,"878,430",0,0,"878,430",0,0,0,"1,455,860","1,455,860",0,0,0,0,0,0,0,0
77382845,GIGABYTE 라데온 RX 9070 XT GAMING OC D6 16GB 피씨디렉트,"1,385,800",0,0,"1,385,800",0,0,"1,385,800",0,0,0,"1,385,800","1,489,020",0,0,0,0,0,0,0,0
99128543,GIGABYTE 라데온 RX 9070 XT GAMING OC ICE D6 16GB 제이씨현,"1,447,250",0,0,"959,340",0,0,"959,340",0,0,0,"1,447,250","1,447,250",0,0,0,0,0,0,0,0
99288146,GIGABYTE 라데온 RX 9070 XT GAMING OC ICE D6 16GB 피씨디렉트,"1,447,950",0,0,"933,740",0,0,"933,740",0,0,0,"1,457,670","1,460,540",0,0,0,0,0,0,0,0
13437776,GIGABYTE 지포스 GTX 1660 SUPER UDV D6 6GB 제이씨현,0,0,0,0,0,0,0,0,0,0,0,"276,000",0,0,0,0,0,0,0,0
46003325,GIGABYTE 지포스 RTX 3050 WINDFORCE OC D6 6GB 피씨디렉트,"369,600",0,0,"384,990",0,0,"384,990",0,0,0,"384,990","384,990",0,0,0,0,0,0,0,0
71901731,GIGABYTE 지포스 RTX 3050 WINDFORCE OC V2 D6 6GB 제이씨현,"358,990",0,0,"358,990",0,0,"358,990",0,0,0,"358,990","358,990",0,0,0,0,0,0,0,0
71973218,GIGABYTE 지포스 RTX 3050 WINDFORCE OC V2 D6 6GB 피씨디렉트,"365,770",0,0,"359,260",0,0,"354,750",0,0,0,"363,450","364,970",0,0,0,0,0,0,0,0
72676730,GIGABYTE 지포스 RTX 3060 GAMING OC V2 D6 8GB 피씨디렉트,"480,900",0,0,"480,900",0,0,"480,900",0,0,0,"480,900","480,900",0,0,0,0,0,0,0,0
17658824,GIGABYTE 지포스 RTX 3060 WINDFORCE OC D6 12GB 제이씨현,"556,450",0,0,"556,450",0,0,"556,450",0,0,0,"556,450","556,450",0,0,0,0,0,0,0,0
17658794,GIGABYTE 지포스 RTX 3060 WINDFORCE OC D6 12GB 피씨디렉트,"521,960",0,0,"521,970",0,0,"521,960",0,0,0,"521,960","521,960",0,0,0,0,0,0,0,0
20730644,GIGABYTE 지포스 RTX 4060 Ti WINDFORCE OC D6 8GB 제이씨현,"2,697,030",0,0,"2,697,030",0,0,"2,697,030",0,0,0,"2,697,030","2,697,030",0,0,0,0,0,0,0,0
20611055,GIGABYTE 지포스 RTX 4060 Ti WINDFORCE OC D6 8GB 피씨디렉트,"2,697,030",0,0,"2,697,030",0,0,"2,697,030",0,0,0,"2,697,030","2,697,030",0,0,0,0,0,0,0,0
32493785,GIGABYTE 지포스 RTX 4070 SUPER GAMING OC D6X 12GB 제이씨현,"5,244,250",0,0,"5,244,250",0,0,"5,244,250",0,0,0,"5,244,250","5,244,250",0,0,0,0,0,0,0,0
32494484,GIGABYTE 지포스 RTX 4070 SUPER GAMING OC D6X 12GB 피씨디렉트,"5,407,620",0,0,"5,407,620",0,0,"5,407,620",0,0,0,"5,407,620","5,407,620",0,0,0,0,0,0,0,0
93698783,GIGABYTE 지포스 RTX 5050 GAMING OC D6 8GB 제이씨현,"643,000",0,0,"643,000",0,0,"466,660",0,0,0,"643,000","643,000",0,0,0,0,0,0,0,0
93386549,GIGABYTE 지포스 RTX 5050 GAMING OC D6 8GB 피씨디렉트,"630,070",0,0,"625,050",0,0,"500,970",0,0,0,"625,050","598,570",0,0,0,0,0,0,0,0
93698933,GIGABYTE 지포스 RTX 5050 UD2 OC D6 8GB Nano LP 제이씨현,0,0,0,0,0,0,"412,000",0,0,0,0,0,0,0,0,0,0,0,0,0
93386588,GIGABYTE 지포스 RTX 5050 UD2 OC D6 8GB Nano LP 피씨디렉트,"614,450",0,0,"614,450",0,0,"498,380",0,0,0,"610,590","611,430",0,0,0,0,0,0,0,0
93698855,GIGABYTE 지포스 RTX 5050 WINDFORCE OC D6 8GB 제이씨현,"554,710",0,0,"554,710",0,0,"554,710",0,0,0,"554,710","554,710",0,0,0,0,0,0,0,0
93386564,GIGABYTE 지포스 RTX 5050 WINDFORCE OC D6 8GB 피씨디렉트,"560,740",0,0,"560,750",0,0,"560,740",0,0,0,"560,740","560,740",0,0,0,0,0,0,0,0
90892943,GIGABYTE 지포스 RTX 5060 AERO OC D7 8GB 제이씨현,"730,000",0,0,"730,000",0,0,"730,000",0,0,0,"730,000","730,000",0,0,0,0,0,0,0,0
90889754,GIGABYTE 지포스 RTX 5060 AERO OC D7 8GB 피씨디렉트,"730,000",0,0,"710,000",0,0,"710,000",0,0,0,"710,000","710,000",0,0,0,0,0,0,0,0
94569131,GIGABYTE 지포스 RTX 5060 EAGLE MAX OC D7 8GB 제이씨현,"718,980",0,0,"718,980",0,0,"718,980",0,0,0,"718,980","718,980",0,0,0,0,0,0,0,0
97364696,GIGABYTE 지포스 RTX 5060 EAGLE MAX OC D7 8GB 피씨디렉트,"697,980",0,0,"692,960",0,0,"692,840",0,0,0,"692,620","697,980",0,0,0,0,0,0,0,0
90892949,GIGABYTE 지포스 RTX 5060 EAGLE OC D7 8GB 제이씨현,"707,660",0,0,"707,660",0,0,"551,190",0,0,0,"704,100","704,100",0,0,0,0,0,0,0,0
90889817,GIGABYTE 지포스 RTX 5060 EAGLE OC D7 8GB 피씨디렉트,"689,510",0,0,"693,860",0,0,"534,950",0,0,0,"693,810","693,790",0,0,0,0,0,0,0,0
90892955,GIGABYTE 지포스 RTX 5060 EAGLE OC ICE D7 8GB 제이씨현,"707,660",0,0,"707,660",0,0,"547,980",0,0,0,"707,660","707,660",0,0,0,0,0,0,0,0
90889790,GIGABYTE 지포스 RTX 5060 EAGLE OC ICE D7 8GB 피씨디렉트,"690,480",0,0,"690,490",0,0,"545,970",0,0,0,"690,480","690,480",0,0,0,0,0,0,0,0
90892958,GIGABYTE 지포스 RTX 5060 GAMING OC D7 8GB 제이씨현,"710,000",0,0,"709,990",0,0,"709,990",0,0,0,"709,990","709,990",0,0,0,0,0,0,0,0
90889682,GIGABYTE 지포스 RTX 5060 GAMING OC D7 8GB 피씨디렉트,"713,480",0,0,"713,490",0,0,"711,310",0,0,0,"711,310","713,480",0,0,0,0,0,0,0,0
123743015,GIGABYTE 지포스 RTX 5060 GAMING OC V2 D7 8GB 제이씨현,"734,600",0,0,"734,600",0,0,"588,000",0,0,0,"734,600","734,600",0,0,0,0,0,0,0,0
122678887,GIGABYTE 지포스 RTX 5060 GAMING OC V2 D7 8GB 피씨디렉트,"714,630",0,0,"715,760",0,0,"563,340",0,0,0,"715,760","715,760",0,0,0,0,0,0,0,0
81715862,GIGABYTE 지포스 RTX 5060 Ti AERO OC D7 16GB 피씨디렉트,"1,069,500",0,0,"1,069,500",0,0,"1,069,500",0,0,0,"1,069,500","1,069,500",0,0,0,0,0,0,0,0
88132187,GIGABYTE 지포스 RTX 5060 Ti AERO OC D7 8GB 제이씨현,"823,780",0,0,"836,030",0,0,"681,590",0,0,0,"845,000","851,990",0,0,0,0,0,0,0,0
81716078,GIGABYTE 지포스 RTX 5060 Ti AERO OC D7 8GB 피씨디렉트,"827,480",0,0,"816,860",0,0,"827,480",0,0,0,"827,480","827,480",0,0,0,0,0,0,0,0
124327372,GIGABYTE 지포스 RTX 5060 Ti EAGLE MAX OC D7 16GB 제이씨현,"1,291,580",0,0,"1,276,090",0,0,"1,283,480",0,0,0,"1,283,480","1,283,480",0,0,0,0,0,0,0,0
99748187,GIGABYTE 지포스 RTX 5060 Ti EAGLE MAX OC D7 16GB 피씨디렉트,"1,138,700",0,0,0,0,0,0,0,0,0,0,0,0,0,0,0,0,0,0,0
103481879,GIGABYTE 지포스 RTX 5060 Ti EAGLE MAX OC D7 8GB 제이씨현,"849,000",0,0,"812,000",0,0,"639,200",0,0,0,"812,000","812,000",0,0,0,0,0,0,0,0
94691930,GIGABYTE 지포스 RTX 5060 Ti EAGLE MAX OC D7 8GB 피씨디렉트,"806,040",0,0,"809,950",0,0,"809,950",0,0,0,"809,950","809,950",0,0,0,0,0,0,0,0
88132232,GIGABYTE 지포스 RTX 5060 Ti EAGLE OC D7 8GB 제이씨현,"768,020",0,0,"768,020",0,0,"619,990",0,0,0,"768,020","768,020",0,0,0,0,0,0,0,0
81716102,GIGABYTE 지포스 RTX 5060 Ti EAGLE OC D7 8GB 피씨디렉트,"775,000",0,0,"775,000",0,0,"648,010",0,0,0,"775,000","775,000",0,0,0,0,0,0,0,0
88132265,GIGABYTE 지포스 RTX 5060 Ti EAGLE OC ICE D7 8GB 제이씨현,0,0,0,0,0,0,"669,200",0,0,0,0,"960,250",0,0,0,0,0,0,0,0
81716123,GIGABYTE 지포스 RTX 5060 Ti EAGLE OC ICE D7 8GB 피씨디렉트,"802,100",0,0,"804,620",0,0,"804,620",0,0,0,"804,620","804,620",0,0,0,0,0,0,0,0
88132295,GIGABYTE 지포스 RTX 5060 Ti GAMING OC D7 8GB 제이씨현,"823,780",0,0,"823,780",0,0,"685,930",0,0,0,"823,780","823,780",0,0,0,0,0,0,0,0
81716057,GIGABYTE 지포스 RTX 5060 Ti GAMING OC D7 8GB 피씨디렉트,"826,550",0,0,"826,550",0,0,"826,550",0,0,0,"826,550","826,550",0,0,0,0,0,0,0,0
88132328,GIGABYTE 지포스 RTX 5060 Ti WINDFORCE D7 8GB 제이씨현,0,0,0,0,0,0,"711,480",0,0,0,0,0,0,0,0,0,0,0,0,0
81716264,GIGABYTE 지포스 RTX 5060 Ti WINDFORCE D7 8GB 피씨디렉트,"826,650",0,0,"826,650",0,0,"641,520",0,0,0,"826,650","826,650",0,0,0,0,0,0,0,0
94028903,GIGABYTE 지포스 RTX 5060 Ti WINDFORCE MAX OC D7 16GB 제이씨현,0,0,0,0,0,0,"705,600",0,0,0,0,0,0,0,0,0,0,0,0,0
93704792,GIGABYTE 지포스 RTX 5060 Ti WINDFORCE MAX OC D7 16GB 피씨디렉트,"834,000",0,0,0,0,0,"719,200",0,0,0,0,0,0,0,0,0,0,0,0,0
94028864,GIGABYTE 지포스 RTX 5060 Ti WINDFORCE MAX OC D7 8GB 제이씨현,"768,820",0,0,"764,680",0,0,"610,310",0,0,0,"770,490","768,820",0,0,0,0,0,0,0,0
93704759,GIGABYTE 지포스 RTX 5060 Ti WINDFORCE MAX OC D7 8GB 피씨디렉트,"761,370",0,0,"761,370",0,0,"543,200",0,0,0,"761,370","761,370",0,0,0,0,0,0,0,0
81715985,GIGABYTE 지포스 RTX 5060 Ti WINDFORCE OC D7 16GB 피씨디렉트,"963,910",0,0,"900,000",0,0,"900,000",0,0,0,"900,000","900,000",0,0,0,0,0,0,0,0
88132310,GIGABYTE 지포스 RTX 5060 Ti WINDFORCE OC D7 8GB 제이씨현,"771,640",0,0,"771,550",0,0,"629,430",0,0,0,"770,840","775,000",0,0,0,0,0,0,0,0
81716255,GIGABYTE 지포스 RTX 5060 Ti WINDFORCE OC D7 8GB 피씨디렉트,"771,640",0,0,"771,540",0,0,"639,100",0,0,0,"770,840","770,830",0,0,0,0,0,0,0,0
90892964,GIGABYTE 지포스 RTX 5060 UD2 OC D7 8GB Nano LP 제이씨현,"749,000",0,0,"748,990",0,0,"568,000",0,0,0,"749,000","746,480",0,0,0,0,0,0,0,0
90889937,GIGABYTE 지포스 RTX 5060 UD2 OC D7 8GB Nano LP 피씨디렉트,"678,990",0,0,"691,500",0,0,"567,200",0,0,0,"690,550","691,490",0,0,0,0,0,0,0,0
90892967,GIGABYTE 지포스 RTX 5060 WINDFORCE D7 8GB 제이씨현,"760,020",0,0,"836,680",0,0,"662,510",0,0,0,"802,530","836,680",0,0,0,0,0,0,0,0
90889892,GIGABYTE 지포스 RTX 5060 WINDFORCE D7 8GB 피씨디렉트,0,0,0,0,0,0,"680,000",0,0,0,0,0,0,0,0,0,0,0,0,0
94028963,GIGABYTE 지포스 RTX 5060 WINDFORCE MAX OC D7 8GB 제이씨현,"696,840",0,0,"696,830",0,0,"696,810",0,0,0,"696,790","696,790",0,0,0,0,0,0,0,0
93704816,GIGABYTE 지포스 RTX 5060 WINDFORCE MAX OC D7 8GB 피씨디렉트,"685,680",0,0,"677,790",0,0,"688,170",0,0,0,"687,120","688,170",0,0,0,0,0,0,0,0
122726650,GIGABYTE 지포스 RTX 5060 WINDFORCE MAX OC V2 D7 8GB 제이씨현,"705,080",0,0,"705,080",0,0,"559,920",0,0,0,"705,080","705,080",0,0,0,0,0,0,0,0
123805994,GIGABYTE 지포스 RTX 5060 WINDFORCE MAX OC V2 D7 8GB 피씨디렉트,"679,000",0,0,"678,980",0,0,"541,140",0,0,0,"678,980","678,980",0,0,0,0,0,0,0,0
90892970,GIGABYTE 지포스 RTX 5060 WINDFORCE OC D7 8GB 제이씨현,"702,840",0,0,"702,840",0,0,"543,180",0,0,0,"666,810","702,840",0,0,0,0,0,0,0,0
90889865,GIGABYTE 지포스 RTX 5060 WINDFORCE OC D7 8GB 피씨디렉트,"650,000",0,0,0,0,0,"536,860",0,0,0,0,0,0,0,0,0,0,0,0,0
77319503,GIGABYTE 지포스 RTX 5070 AERO OC D7 12GB 제이씨현,"1,390,440",0,0,"1,390,440",0,0,"1,390,440",0,0,0,"1,390,440","1,390,440",0,0,0,0,0,0,0,0
77312378,GIGABYTE 지포스 RTX 5070 AERO OC D7 12GB 피씨디렉트,"1,370,700",0,0,"1,370,700",0,0,"1,370,700",0,0,0,"1,370,700","1,370,700",0,0,0,0,0,0,0,0
77319527,GIGABYTE 지포스 RTX 5070 EAGLE OC ICE SFF D7 12GB 제이씨현,"1,333,870",0,0,"1,333,870",0,0,"1,087,180",0,0,0,"1,333,870","1,333,870",0,0,0,0,0,0,0,0
77312543,GIGABYTE 지포스 RTX 5070 EAGLE OC ICE SFF D7 12GB 피씨디렉트,"1,355,700",0,0,"1,366,990",0,0,"869,760",0,0,0,"1,355,600","1,337,520",0,0,0,0,0,0,0,0
77319536,GIGABYTE 지포스 RTX 5070 EAGLE OC SFF D7 12GB 제이씨현,"1,341,640",0,0,"1,341,640",0,0,"1,024,000",0,0,0,"1,339,200","1,339,180",0,0,0,0,0,0,0,0
77312573,GIGABYTE 지포스 RTX 5070 EAGLE OC SFF D7 12GB 피씨디렉트,"1,324,990",0,0,"1,324,990",0,0,"1,324,990",0,0,0,"1,324,990","1,324,990",0,0,0,0,0,0,0,0
77319515,GIGABYTE 지포스 RTX 5070 GAMING OC D7 12GB 제이씨현,"1,382,400",0,0,"1,382,400",0,0,"1,382,400",0,0,0,"1,382,400","1,382,400",0,0,0,0,0,0,0,0
77313077,GIGABYTE 지포스 RTX 5070 GAMING OC D7 12GB 피씨디렉트,"1,376,480",0,0,"1,376,490",0,0,"1,376,480",0,0,0,"1,376,480","1,376,180",0,0,0,0,0,0,0,0
76551020,GIGABYTE 지포스 RTX 5070 Ti AERO OC D7 16GB 제이씨현,"2,023,000",0,0,"2,020,450",0,0,"2,020,340",0,0,0,"2,020,160","2,022,940",0,0,0,0,0,0,0,0
76510388,GIGABYTE 지포스 RTX 5070 Ti AERO OC D7 16GB 피씨디렉트,"1,962,940",0,0,"1,962,950",0,0,"1,962,940",0,0,0,"1,962,940","1,962,940",0,0,0,0,0,0,0,0
76551050,GIGABYTE 지포스 RTX 5070 Ti EAGLE OC ICE SFF D7 16GB 제이씨현,"1,914,030",0,0,"1,914,030",0,0,"1,914,030",0,0,0,"1,914,030","1,914,030",0,0,0,0,0,0,0,0
76510547,GIGABYTE 지포스 RTX 5070 Ti EAGLE OC ICE SFF D7 16GB 피씨디렉트,"1,923,480",0,0,"1,923,480",0,0,"1,479,980",0,0,0,"1,910,690","1,910,680",0,0,0,0,0,0,0,0
76551041,GIGABYTE 지포스 RTX 5070 Ti EAGLE OC SFF D7 16GB 제이씨현,"1,914,030",0,0,"1,914,030",0,0,"1,543,750",0,0,0,"1,914,030","1,914,030",0,0,0,0,0,0,0,0
76510583,GIGABYTE 지포스 RTX 5070 Ti EAGLE OC SFF D7 16GB 피씨디렉트,"1,922,480",0,0,"1,922,490",0,0,"1,922,480",0,0,0,"1,922,480","1,922,480",0,0,0,0,0,0,0,0
76551056,GIGABYTE 지포스 RTX 5070 Ti GAMING OC D7 16GB 제이씨현,"1,943,700",0,0,"1,962,650",0,0,"1,962,650",0,0,0,"1,962,650","1,962,650",0,0,0,0,0,0,0,0
76510673,GIGABYTE 지포스 RTX 5070 Ti GAMING OC D7 16GB 피씨디렉트,"1,959,990",0,0,"1,959,990",0,0,"1,959,990",0,0,0,"1,959,990","1,959,990",0,0,0,0,0,0,0,0
76551065,GIGABYTE 지포스 RTX 5070 Ti WINDFORCE OC SFF D7 16GB 제이씨현,"1,895,490",0,0,"1,895,490",0,0,"1,482,980",0,0,0,"1,895,490","1,895,490",0,0,0,0,0,0,0,0
76510754,GIGABYTE 지포스 RTX 5070 Ti WINDFORCE OC SFF D7 16GB 피씨디렉트,"1,878,940",0,0,"1,878,940",0,0,"1,482,850",0,0,0,"1,878,940","1,878,940",0,0,0,0,0,0,0,0
108176363,GIGABYTE 지포스 RTX 5070 Ti WINDFORCE OC V2 D7 16GB 제이씨현,0,0,0,0,0,0,"1,487,190",0,0,0,0,0,0,0,0,0,0,0,0,0
106767521,GIGABYTE 지포스 RTX 5070 Ti WINDFORCE OC V2 D7 16GB 피씨디렉트,"1,756,770",0,0,"2,399,000",0,0,"2,399,000",0,0,0,"2,399,000","2,399,000",0,0,0,0,0,0,0,0
77319545,GIGABYTE 지포스 RTX 5070 WINDFORCE OC SFF D7 12GB 제이씨현,"1,322,070",0,0,"1,322,070",0,0,"1,322,070",0,0,0,"1,322,070","1,322,070",0,0,0,0,0,0,0,0
77312477,GIGABYTE 지포스 RTX 5070 WINDFORCE OC SFF D7 12GB 피씨디렉트,"1,314,480",0,0,"1,314,490",0,0,"1,006,380",0,0,0,"1,275,030","1,314,480",0,0,0,0,0,0,0,0
75184265,GIGABYTE 지포스 RTX 5080 AERO OC SFF D7 16GB 제이씨현,"2,513,970",0,0,"2,513,960",0,0,"2,513,960",0,0,0,"2,513,960","2,513,960",0,0,0,0,0,0,0,0
75074516,GIGABYTE 지포스 RTX 5080 AERO OC SFF D7 16GB 피씨디렉트,"2,524,000",0,0,"2,540,000",0,0,"2,539,990",0,0,0,"2,539,990","2,539,000",0,0,0,0,0,0,0,0
75184268,GIGABYTE 지포스 RTX 5080 GAMING OC D7 16GB 제이씨현,"2,468,210",0,0,"2,510,000",0,0,"2,510,000",0,0,0,"2,510,000","2,510,000",0,0,0,0,0,0,0,0
75074666,GIGABYTE 지포스 RTX 5080 GAMING OC D7 16GB 피씨디렉트,"2,444,890",0,0,"2,471,120",0,0,"2,470,990",0,0,0,"2,470,870","2,469,000",0,0,0,0,0,0,0,0
75184271,GIGABYTE 지포스 RTX 5080 WINDFORCE OC SFF D7 16GB 제이씨현,"2,459,130",0,0,"2,458,980",0,0,"1,534,160",0,0,0,"2,445,890","2,445,000",0,0,0,0,0,0,0,0
75074732,GIGABYTE 지포스 RTX 5080 WINDFORCE OC SFF D7 16GB 피씨디렉트,"2,440,290",0,0,"2,440,290",0,0,"1,852,280",0,0,0,"2,440,290","2,440,290",0,0,0,0,0,0,0,0
123981276,GIGABYTE 지포스 RTX 5080 WINDFORCE OC V2 SFF D7 16GB 제이씨현,"2,498,020",0,0,"2,498,010",0,0,"2,031,200",0,0,0,"2,498,010","2,485,900",0,0,0,0,0,0,0,0
123981255,GIGABYTE 지포스 RTX 5080 WINDFORCE OC V2 SFF D7 16GB 피씨디렉트,"2,442,730",0,0,"2,442,670",0,0,"1,884,720",0,0,0,"2,442,680","2,442,660",0,0,0,0,0,0,0,0
75184280,GIGABYTE 지포스 RTX 5090 GAMING OC D7 32GB 제이씨현,"8,834,990",0,0,"9,284,900",0,0,"6,255,820",0,0,0,"9,284,900","9,284,900",0,0,0,0,0,0,0,0
75184238,GIGABYTE 지포스 RTX 5090 GAMING OC D7 32GB 피씨디렉트,"9,289,990",0,0,"9,290,000",0,0,"9,290,000",0,0,0,"9,290,000","9,290,000",0,0,0,0,0,0,0,0
75184283,GIGABYTE 지포스 RTX 5090 WINDFORCE OC D7 32GB 제이씨현,"8,985,900",0,0,"8,990,000",0,0,"6,363,620",0,0,0,"8,990,000","8,990,000",0,0,0,0,0,0,0,0
75184241,GIGABYTE 지포스 RTX 5090 WINDFORCE OC D7 32GB 피씨디렉트,"9,600,000",0,0,"9,600,000",0,0,"9,599,990",0,0,0,"9,599,990","9,599,990",0,0,0,0,0,0,0,0
61440464,GPD G1 라데온 RX 7600M XT D6 8GB (해외구매),"1,249,140",0,0,"1,249,140",0,0,"1,249,140",0,0,0,"1,249,140","1,249,140",0,0,0,0,0,0,0,0
16947065,INNO3D 지포스 GT710 D3 1GB (중고),"20,990",0,0,"20,990",0,0,"20,990",0,0,0,"20,990","20,990",0,0,0,0,0,0,0,0
9849591,INNO3D 지포스 GTX 1660 SUPER D6 6GB TWIN X2,0,0,0,0,0,0,0,0,0,0,0,"283,900",0,0,0,0,0,0,0,0
122714795,INNO3D 지포스 RTX 3050 D6 6GB TWIN X2 V2,"376,020",0,0,"375,960",0,0,"375,960",0,0,0,"375,900","375,840",0,0,0,0,0,0,0,0
94261262,INNO3D 지포스 RTX 5050 D6 8GB TWIN X2,"565,430",0,0,"565,430",0,0,"480,370",0,0,0,"565,430","565,430",0,0,0,0,0,0,0,0
124288681,INNO3D 지포스 RTX 5060 D7 8GB TWIN X2 V2,"677,080",0,0,"677,050",0,0,"677,030",0,0,0,"677,030","676,950",0,0,0,0,0,0,0,0
90961244,INNO3D 지포스 RTX 5060 OC D7 8GB TWIN X2,"750,690",0,0,"750,690",0,0,"602,630",0,0,0,"750,690","750,690",0,0,0,0,0,0,0,0
90961373,INNO3D 지포스 RTX 5060 OC D7 8GB TWIN X2 WHITE,"716,490",0,0,"716,490",0,0,"589,060",0,0,0,"716,490","716,490",0,0,0,0,0,0,0,0
100270736,INNO3D 지포스 RTX 5060 OC V2 D7 8GB TWIN X2,"688,900",0,0,"688,900",0,0,"519,180",0,0,0,"688,900","688,900",0,0,0,0,0,0,0,0
86592089,INNO3D 지포스 RTX 5060 Ti OC D7 16GB TWIN X2,"1,069,570",0,0,"1,069,570",0,0,"949,500",0,0,0,"1,069,570","1,069,570",0,0,0,0,0,0,0,0
86449373,INNO3D 지포스 RTX 5060 Ti OC D7 16GB TWIN X2 WHITE,"1,239,000",0,0,"1,239,000",0,0,"1,239,000",0,0,0,"1,239,000","1,239,000",0,0,0,0,0,0,0,0
86649593,INNO3D 지포스 RTX 5060 Ti OC D7 8GB TWIN X2,"753,230",0,0,"753,150",0,0,"582,550",0,0,0,"748,700","748,700",0,0,0,0,0,0,0,0
86478782,INNO3D 지포스 RTX 5060 Ti OC D7 8GB TWIN X2 WHITE,"762,040",0,0,"762,040",0,0,"673,180",0,0,0,"759,090","762,040",0,0,0,0,0,0,0,0
86560166,INNO3D 지포스 RTX 5060 Ti OC D7 8GB X3,"856,790",0,0,"856,790",0,0,"718,700",0,0,0,"856,810","874,090",0,0,0,0,0,0,0,0
77465798,INNO3D 지포스 RTX 5070 OC D7 12GB TWIN X2,"1,303,390",0,0,"1,299,720",0,0,"1,026,760",0,0,0,"1,305,200","1,305,480",0,0,0,0,0,0,0,0
77465819,INNO3D 지포스 RTX 5070 OC D7 12GB TWIN X2 WHITE,"1,332,990",0,0,"1,332,990",0,0,"1,034,390",0,0,0,"1,332,990","1,332,990",0,0,0,0,0,0,0,0
77465882,INNO3D 지포스 RTX 5070 OC D7 12GB X3,"1,373,980",0,0,"1,373,980",0,0,"1,110,400",0,0,0,"1,373,980","1,373,980",0,0,0,0,0,0,0,0
76466054,INNO3D 지포스 RTX 5070 Ti OC D7 16GB X3,"1,929,000",0,0,"1,929,000",0,0,"1,590,150",0,0,0,"1,928,990","2,008,590",0,0,0,0,0,0,0,0
75600731,INNO3D 지포스 RTX 5080 D7 16GB X3,"2,415,880",0,0,"2,413,360",0,0,"1,962,810",0,0,0,"2,413,360","2,410,840",0,0,0,0,0,0,0,0
75600824,INNO3D 지포스 RTX 5080 OC D7 16GB X3,"2,455,190",0,0,"2,455,190",0,0,"1,963,700",0,0,0,"2,455,200","2,455,190",0,0,0,0,0,0,0,0
76466114,INNO3D 지포스 RTX 5080 OC D7 16GB X3 WHITE,"2,387,870",0,0,"2,387,870",0,0,"1,943,910",0,0,0,"2,387,860","2,402,960",0,0,0,0,0,0,0,0
15757727,MANLI 지포스 RTX 3070 Ti Rush D6X 8GB LHR,"1,626,650",0,0,"1,626,650",0,0,"1,626,650",0,0,0,"1,626,650","1,626,650",0,0,0,0,0,0,0,0
68775956,MANLI 지포스 RTX 4060 Ti Polar Fox D6 8GB TWIN FAN White 대원씨티에스,"731,400",0,0,"731,400",0,0,"731,400",0,0,0,"731,400","731,400",0,0,0,0,0,0,0,0
42940724,MANLI 지포스 RTX 4060 Ti Rush D6 8GB 대원씨티에스,"703,810",0,0,"703,730",0,0,"703,690",0,0,0,"703,610","703,560",0,0,0,0,0,0,0,0
93382082,MANLI 지포스 RTX 5050 Nebula D6 8GB 대원씨티에스,"557,070",0,0,"557,070",0,0,"419,870",0,0,0,"599,000","595,500",0,0,0,0,0,0,0,0
93382217,MANLI 지포스 RTX 5050 Polar Fox OC D6 8GB 대원씨티에스,"600,000",0,0,"600,000",0,0,"442,000",0,0,0,"600,000","599,000",0,0,0,0,0,0,0,0
93629741,MANLI 지포스 RTX 5050 Polar Fox OC D6 8GB 인텍앤컴퍼니,0,0,0,0,0,0,"528,000",0,0,0,0,0,0,0,0,0,0,0,0,0
124115846,MANLI 지포스 RTX 5060 Nebula D7 8GB V2 인텍앤컴퍼니,"792,130",0,0,"792,130",0,0,"792,130",0,0,0,"792,130","792,130",0,0,0,0,0,0,0,0
90956816,MANLI 지포스 RTX 5060 Nebula D7 8GB 대원씨티에스,"697,490",0,0,"697,490",0,0,"697,490",0,0,0,"697,490","697,490",0,0,0,0,0,0,0,0
90644501,MANLI 지포스 RTX 5060 Nebula D7 8GB 인텍앤컴퍼니,"668,990",0,0,"730,000",0,0,"668,990",0,0,0,"668,990","668,990",0,0,0,0,0,0,0,0
90956867,MANLI 지포스 RTX 5060 Polar Fox D7 OC 8GB 대원씨티에스,"669,890",0,0,"688,200",0,0,"425,860",0,0,0,"688,190","688,190",0,0,0,0,0,0,0,0
90644597,MANLI 지포스 RTX 5060 Polar Fox D7 OC 8GB 인텍앤컴퍼니,"671,870",0,0,"671,870",0,0,"544,100",0,0,0,"723,790","723,790",0,0,0,0,0,0,0,0
82717634,MANLI 지포스 RTX 5060 TI Polar Fox OC D7 8GB 인텍앤컴퍼니,"927,740",0,0,"927,740",0,0,"742,190",0,0,0,"927,740","927,740",0,0,0,0,0,0,0,0
80903570,MANLI 지포스 RTX 5060 Ti Nebula D7 16GB 대원씨티에스,0,0,0,0,0,0,"880,000",0,0,0,0,0,0,0,0,0,0,0,0,0
82697921,MANLI 지포스 RTX 5060 Ti Nebula D7 8GB 인텍앤컴퍼니,"760,990",0,0,"760,990",0,0,"608,790",0,0,0,"720,980","720,980",0,0,0,0,0,0,0,0
101956631,MANLI 지포스 RTX 5060 Ti Nebula V2 D7 8GB 대원씨티에스,"905,990",0,0,"905,990",0,0,"729,610",0,0,0,"905,990","905,990",0,0,0,0,0,0,0,0
104614712,MANLI 지포스 RTX 5060 Ti Nebula V2 D7 8GB 인텍앤컴퍼니,"906,540",0,0,"906,540",0,0,"906,540",0,0,0,"906,540","906,540",0,0,0,0,0,0,0,0
81750227,MANLI 지포스 RTX 5060 Ti Polar Fox OC D7 16GB 인텍앤컴퍼니,"1,368,000",0,0,"1,368,000",0,0,"1,094,400",0,0,0,"1,368,000","1,368,000",0,0,0,0,0,0,0,0
81034403,MANLI 지포스 RTX 5060 Ti Polar Fox OC D7 8GB 대원씨티에스,"838,990",0,0,"838,990",0,0,"716,570",0,0,0,"838,990","838,990",0,0,0,0,0,0,0,0
81036440,MANLI 지포스 RTX 5060 Ti Stellar OC D7 8GB 대원씨티에스,"828,800",0,0,"828,800",0,0,"828,800",0,0,0,"828,800","828,800",0,0,0,0,0,0,0,0
82733867,MANLI 지포스 RTX 5060 Ti Stellar OC D7 8GB 인텍앤컴퍼니,"877,400",0,0,"877,400",0,0,"877,400",0,0,0,"877,400","877,400",0,0,0,0,0,0,0,0
98227514,MANLI 지포스 RTX 5070 Nebula D7 12GB Dual Fan 대원씨티에스,"1,327,550",0,0,"1,327,550",0,0,"1,039,740",0,0,0,"1,327,550","1,327,550",0,0,0,0,0,0,0,0
77379233,MANLI 지포스 RTX 5070 Nebula D7 12GB 대원씨티에스,"1,290,000",0,0,"1,290,000",0,0,"825,600",0,0,0,"1,290,000","1,280,000",0,0,0,0,0,0,0,0
77380469,MANLI 지포스 RTX 5070 Nebula D7 12GB 인텍앤컴퍼니,"1,400,990",0,0,"1,400,990",0,0,"1,025,470",0,0,0,"1,352,240","1,400,990",0,0,0,0,0,0,0,0
77379299,MANLI 지포스 RTX 5070 Polar Fox OC D7 12GB 대원씨티에스,"1,430,100",0,0,"1,430,100",0,0,"1,144,070",0,0,0,"1,434,000","1,430,100",0,0,0,0,0,0,0,0
77380763,MANLI 지포스 RTX 5070 Polar Fox OC D7 12GB 인텍앤컴퍼니,0,0,0,0,0,0,"1,063,200",0,0,0,0,0,0,0,0,0,0,0,0,0
95423255,MANLI 지포스 RTX 5070 Polar Fox OC V2 D7 12GB 대원씨티에스,"1,501,920",0,0,"1,501,920",0,0,"1,063,150",0,0,0,"1,501,920","1,501,920",0,0,0,0,0,0,0,0
90644048,MANLI 지포스 RTX 5070 Polar Fox OC V2 D7 12GB 인텍앤컴퍼니,"1,347,650",0,0,"1,393,220",0,0,"1,393,220",0,0,0,"1,393,220","1,393,220",0,0,0,0,0,0,0,0
77380787,MANLI 지포스 RTX 5070 Stellar OC D7 12GB 인텍앤컴퍼니,"1,469,000",0,0,"1,469,000",0,0,"979,200",0,0,0,"1,469,000","1,469,000",0,0,0,0,0,0,0,0
76875302,MANLI 지포스 RTX 5070 Ti Gallardo OC D7 16GB 인텍앤컴퍼니,"1,921,080",0,0,"1,921,080",0,0,"1,921,080",0,0,0,"1,921,080","1,921,080",0,0,0,0,0,0,0,0
77015564,MANLI 지포스 RTX 5070 Ti Nebula D7 16GB 대원씨티에스,"1,839,000",0,0,"1,839,000",0,0,"1,203,190",0,0,0,"1,839,000","1,839,000",0,0,0,0,0,0,0,0
76875332,MANLI 지포스 RTX 5070 Ti Nebula D7 16GB 인텍앤컴퍼니,"1,958,000",0,0,"1,958,000",0,0,"1,566,400",0,0,0,"1,958,000","1,958,000",0,0,0,0,0,0,0,0
77704514,MANLI 지포스 RTX 5070 Ti Polar Fox OC D7 16GB 대원씨티에스,"1,929,990",0,0,"1,929,990",0,0,"1,519,290",0,0,0,"1,929,990","1,929,990",0,0,0,0,0,0,0,0
77086589,MANLI 지포스 RTX 5070 Ti Polar Fox OC D7 16GB 인텍앤컴퍼니,"2,015,470",0,0,"2,015,470",0,0,"1,900,000",0,0,0,"1,900,000","1,900,000",0,0,0,0,0,0,0,0
94201541,MANLI 지포스 RTX 5080 Gallardo OC D7 16GB White 인텍앤컴퍼니,"2,726,000",0,0,"2,726,000",0,0,"2,129,250",0,0,0,"2,539,000","2,539,000",0,0,0,0,0,0,0,0
75375797,MANLI 지포스 RTX 5080 Nebula D7 16GB 대원씨티에스,"2,316,980",0,0,"2,316,990",0,0,"1,916,210",0,0,0,"2,326,060","2,310,000",0,0,0,0,0,0,0,0
75931418,MANLI 지포스 RTX 5080 Nebula D7 16GB 인텍앤컴퍼니,"2,332,480",0,0,"2,334,990",0,0,"2,334,990",0,0,0,"2,334,990","2,334,990",0,0,0,0,0,0,0,0
75536942,MANLI 지포스 RTX 5080 Polar Fox OC D7 16GB 인텍앤컴퍼니,"2,448,000",0,0,"2,448,000",0,0,"1,566,720",0,0,0,"2,448,000","2,448,000",0,0,0,0,0,0,0,0
100273427,MANLI 지포스 RTX 5080 Polar Fox OC V2 D7 16GB 대원씨티에스,"2,448,000",0,0,"2,448,000",0,0,"1,958,400",0,0,0,"2,448,000","2,448,000",0,0,0,0,0,0,0,0
122699495,MANLI 지포스 RTX 5080 Polar Fox OC V2 D7 16GB 인텍앤컴퍼니,"2,363,740",0,0,"2,436,550",0,0,"2,629,000",0,0,0,"2,629,000","2,629,000",0,0,0,0,0,0,0,0
75376205,MANLI 지포스 RTX 5080 Stellar OC D7 16GB 대원씨티에스,"4,424,850",0,0,"4,424,850",0,0,"4,424,850",0,0,0,"4,424,850","4,424,850",0,0,0,0,0,0,0,0
95422910,MANLI 지포스 RTX 5090 Gallardo OC D7 32GB White 대원씨티에스,"8,990,000",0,0,"8,989,990",0,0,"8,989,860",0,0,0,"8,989,640","8,988,980",0,0,0,0,0,0,0,0
93385409,MANLI 지포스 RTX 5090 Gallardo OC D7 32GB White 인텍앤컴퍼니,"8,835,000",0,0,"8,835,000",0,0,"8,835,000",0,0,0,"8,835,000","8,835,000",0,0,0,0,0,0,0,0
75376346,MANLI 지포스 RTX 5090 Gallardo OC D7 32GB 대원씨티에스,0,0,0,0,0,0,"8,990,000",0,0,0,"8,989,870","8,989,790",0,0,0,0,0,0,0,0
75656861,MANLI 지포스 RTX 5090 Gallardo OC D7 32GB 인텍앤컴퍼니,0,0,0,0,0,0,"6,344,790",0,0,0,0,0,0,0,0,0,0,0,0,0
75376397,MANLI 지포스 RTX 5090 Stellar OC D7 32GB 대원씨티에스,"12,090,000",0,0,"13,000,000",0,0,"13,000,000",0,0,0,"13,000,000","13,000,000",0,0,0,0,0,0,0,0
76331279,MANLI 지포스 RTX 5090 Stellar OC D7 32GB 인텍앤컴퍼니,"12,089,990",0,0,"12,089,990",0,0,"6,211,050",0,0,0,"12,999,990","12,999,990",0,0,0,0,0,0,0,0
124364700,MAXSUN 지포스 GT1030 D5 2GB 디앤디컴,0,0,0,가격비교예정,0,0,가격비교예정,0,0,0,가격비교예정,"123,890",0,0,0,0,0,0,0,0
124364690,MAXSUN 지포스 GTX1050 Ti 트랜스포머 D5 4GB 디앤디컴,0,0,0,가격비교예정,0,0,가격비교예정,0,0,0,가격비교예정,"198,990",0,0,0,0,0,0,0,0
91912736,MAXSUN 지포스 RTX 3050 트랜스포머 D6 6GB 디앤디컴,"370,460",0,0,"370,460",0,0,"370,460",0,0,0,"370,460","370,460",0,0,0,0,0,0,0,0
6038686,MSI 지포스 GT1030 에어로 ITX OC D4 2GB,"129,000",0,0,"129,000",0,0,"129,000",0,0,0,"129,000","129,000",0,0,0,0,0,0,0,0
18776426,MSI 지포스 GT710 D3 1GB LP 무소음 V2,"67,990",0,0,"67,990",0,0,"67,990",0,0,0,"67,990","67,990",0,0,0,0,0,0,0,0
3734562,MSI 지포스 GT710 D3 2GB LP 무소음,"67,920",0,0,"67,980",0,0,"67,980",0,0,0,"67,980","67,980",0,0,0,0,0,0,0,0
71010053,MSI 지포스 RTX 3050 벤투스 2X E OC D6 6GB,"371,000",0,0,"375,000",0,0,"375,000",0,0,0,"375,000","375,000",0,0,0,0,0,0,0,0
34816340,MSI 지포스 RTX 3050 벤투스 2X OC D6 6GB,0,0,0,0,0,0,"303,200",0,0,0,0,0,0,0,0,0,0,0,0,0
98231099,MSI 지포스 RTX 3050 벤투스 2X OC D6 6GB (중고),"292,000",0,0,"292,000",0,0,"292,000",0,0,0,"292,000","292,000",0,0,0,0,0,0,0,0
27944384,MSI 지포스 RTX 3050 벤투스 2X XS OC D6 8GB,"406,000",0,0,"408,980",0,0,"408,500",0,0,0,"408,490","408,400",0,0,0,0,0,0,0,0
18373469,MSI 지포스 RTX 3060 Ti 게이밍 X 트리오 D6X 8GB 트라이프로져2,"1,087,600",0,0,"870,080",0,0,"870,080",0,0,0,"1,087,600","1,087,600",0,0,0,0,0,0,0,0
13512254,MSI 지포스 RTX 3060 벤투스 2X OC D6 12GB,"522,500",0,0,"506,500",0,0,"536,430",0,0,0,"536,430","506,500",0,0,0,0,0,0,0,0
15178970,MSI 지포스 RTX 3060 벤투스 2X OC D6 12GB (해외구매),"840,680",0,0,0,0,0,0,0,0,0,0,0,0,0,0,0,0,0,0,0
18279782,MSI 지포스 RTX 3060 벤투스 2X OC D6 8GB,"461,970",0,0,"472,590",0,0,"472,590",0,0,0,"472,590","472,590",0,0,0,0,0,0,0,0
14352602,MSI 지포스 RTX 3070 게이밍 X 트리오 D6 8GB 트라이프로져2 (해외구매),"990,640",0,0,"990,640",0,0,"990,640",0,0,0,"990,640","990,640",0,0,0,0,0,0,0,0
20740013,MSI 지포스 RTX 4060 벤투스 2X 블랙 OC D6 8GB,"2,697,030",0,0,"2,697,030",0,0,"2,135,140",0,0,0,"2,612,750","2,612,750",0,0,0,0,0,0,0,0
32861312,MSI 지포스 RTX 4070 SUPER 게이밍 X 슬림 D6X 12GB 트라이프로져3,"2,615,560",0,0,"2,697,030",0,0,"2,135,140",0,0,0,"2,612,750","2,697,030",0,0,0,0,0,0,0,0
94203833,MSI 지포스 RTX 5050 벤투스 2X OC D6 8GB,"571,990",0,0,"598,990",0,0,"598,990",0,0,0,"598,990","598,990",0,0,0,0,0,0,0,0
94203794,MSI 지포스 RTX 5050 쉐도우 2X OC D6 8GB,"735,940",0,0,"768,990",0,0,"768,990",0,0,0,"768,990","768,990",0,0,0,0,0,0,0,0
82047602,MSI 지포스 RTX 5060 Ti 게이밍 OC D7 16GB 트윈프로져,"1,198,980",0,0,"1,198,980",0,0,"959,170",0,0,0,"1,198,980","1,198,980",0,0,0,0,0,0,0,0
86803685,MSI 지포스 RTX 5060 Ti 게이밍 OC D7 8GB 트윈프로져,"2,459,410",0,0,"2,459,410",0,0,"2,459,410",0,0,0,"2,459,410","2,459,410",0,0,0,0,0,0,0,0
81990338,MSI 지포스 RTX 5060 Ti 벤투스 2X OC 플러스 D7 16GB,"1,124,800",0,0,"1,124,800",0,0,"1,124,800",0,0,0,"1,124,800","1,124,800",0,0,0,0,0,0,0,0
86814989,MSI 지포스 RTX 5060 Ti 벤투스 2X OC 플러스 D7 8GB,"755,000",0,0,"753,000",0,0,"753,000",0,0,0,"753,000","753,000",0,0,0,0,0,0,0,0
90436100,MSI 지포스 RTX 5060 Ti 벤투스 2X 플러스 D7 8GB,0,0,0,0,0,0,"1,119,200",0,0,0,0,0,0,0,0,0,0,0,0,0
96259577,MSI 지포스 RTX 5060 Ti 쉐도우 2X OC 플러스 D7 16GB,"1,144,000",0,0,"1,143,970",0,0,"1,143,940",0,0,0,"1,143,820","1,143,790",0,0,0,0,0,0,0,0
96369605,MSI 지포스 RTX 5060 Ti 쉐도우 2X OC 플러스 D7 8GB,"779,000",0,0,"774,200",0,0,"774,200",0,0,0,"774,200","774,200",0,0,0,0,0,0,0,0
90956117,MSI 지포스 RTX 5060 게이밍 OC D7 8GB 트윈프로져,"2,246,180",0,0,"2,246,180",0,0,"1,849,110",0,0,0,"2,415,240","2,415,240",0,0,0,0,0,0,0,0
90956033,MSI 지포스 RTX 5060 벤투스 2X OC D7 8GB,"669,000",0,0,"675,000",0,0,"675,000",0,0,0,"675,000","675,000",0,0,0,0,0,0,0,0
122676813,MSI 지포스 RTX 5060 벤투스 2X OC V1 D7 8GB,"676,100",0,0,"678,260",0,0,"543,180",0,0,0,"678,260","678,240",0,0,0,0,0,0,0,0
90955973,MSI 지포스 RTX 5060 쉐도우 2X OC D7 8GB,"668,900",0,0,"668,720",0,0,"668,580",0,0,0,"668,360","668,350",0,0,0,0,0,0,0,0
90160715,MSI 지포스 RTX 5070 Ti 게이밍 트리오 OC D7 16GB 트라이프로져4,"1,907,950",0,0,"1,940,000",0,0,"1,818,180",0,0,0,"1,935,000","1,935,000",0,0,0,0,0,0,0,0
76550750,MSI 지포스 RTX 5070 Ti 게이밍 트리오 OC 플러스 D7 16GB 트라이프로져4,"2,296,150",0,0,"2,296,150",0,0,"2,296,150",0,0,0,"2,296,150","2,296,150",0,0,0,0,0,0,0,0
77705996,MSI 지포스 RTX 5070 Ti 뱅가드 SOC D7 16GB 하이퍼프로져,"5,580,000",0,0,"5,580,000",0,0,"4,463,130",0,0,0,"5,640,000","5,999,980",0,0,0,0,0,0,0,0
76550837,MSI 지포스 RTX 5070 Ti 벤투스 3X OC D7 16GB,"2,279,990",0,0,"2,279,990",0,0,"1,189,750",0,0,0,"2,279,990","2,279,990",0,0,0,0,0,0,0,0
78842921,MSI 지포스 RTX 5070 Ti 쉐도우 3X OC D7 16GB,"2,080,000",0,0,"2,080,000",0,0,"1,486,900",0,0,0,"2,080,000","2,080,000",0,0,0,0,0,0,0,0
77379380,MSI 지포스 RTX 5070 게이밍 트리오 OC D7 12GB 트라이프로져4,"1,287,460",0,0,"1,325,690",0,0,"1,318,980",0,0,0,"1,318,850","1,320,000",0,0,0,0,0,0,0,0
78102347,MSI 지포스 RTX 5070 게이밍 트리오 OC 화이트 D7 12GB 트라이프로져4,"1,872,340",0,0,"1,872,340",0,0,"1,482,590",0,0,0,"1,795,920","1,872,340",0,0,0,0,0,0,0,0
77379452,MSI 지포스 RTX 5070 벤투스 2X OC D7 12GB,"1,246,860",0,0,"1,258,000",0,0,"1,259,000",0,0,0,"1,259,000","1,257,990",0,0,0,0,0,0,0,0
77791202,MSI 지포스 RTX 5070 벤투스 2X OC 화이트 D7 12GB,0,0,0,0,0,0,"1,279,200",0,0,0,0,0,0,0,0,0,0,0,0,0
77961944,MSI 지포스 RTX 5070 벤투스 3X OC D7 12GB,"1,288,980",0,0,"1,276,230",0,0,"1,276,230",0,0,0,"1,276,230","1,276,230",0,0,0,0,0,0,0,0
96369578,MSI 지포스 RTX 5070 쉐도우 2X OC D7 12GB,"1,297,990",0,0,"1,297,990",0,0,"999,200",0,0,0,"1,298,000","1,297,990",0,0,0,0,0,0,0,0
75373376,MSI 지포스 RTX 5080 게이밍 트리오 OC D7 16GB 트라이프로져4,"4,638,990",0,0,"4,638,810",0,0,"4,638,670",0,0,0,"4,638,450","4,638,410",0,0,0,0,0,0,0,0
76329767,MSI 지포스 RTX 5080 게이밍 트리오 OC 화이트 D7 16GB 트라이프로져4,"5,760,000",0,0,"5,760,000",0,0,"5,760,000",0,0,0,"5,580,000","5,580,000",0,0,0,0,0,0,0,0
75541700,MSI 지포스 RTX 5080 뱅가드 SOC D7 16GB 하이퍼프로져,"2,595,210",0,0,"2,597,990",0,0,"2,588,000",0,0,0,"2,587,810","2,598,000",0,0,0,0,0,0,0,0
76463606,MSI 지포스 RTX 5080 벤투스 3X OC D7 16GB,"2,510,990",0,0,"2,510,990",0,0,"2,511,000",0,0,0,"2,511,000","2,511,000",0,0,0,0,0,0,0,0
75373496,MSI 지포스 RTX 5080 벤투스 3X OC 플러스 D7 16GB,"4,826,400",0,0,"4,826,400",0,0,"4,826,400",0,0,0,"4,856,390","4,856,390",0,0,0,0,0,0,0,0
77791169,MSI 지포스 RTX 5080 벤투스 3X OC 화이트 D7 16GB,"3,124,790",0,0,"3,124,790",0,0,"2,639,030",0,0,0,"3,298,790","3,298,790",0,0,0,0,0,0,0,0
78842858,MSI 지포스 RTX 5080 쉐도우 3X OC D7 16GB,"2,527,730",0,0,"2,527,730",0,0,"2,059,190",0,0,0,"2,574,000","2,573,990",0,0,0,0,0,0,0,0
96259277,MSI 지포스 RTX 5080 엑스퍼트 OC D7 16GB 플로우프로져2,"6,045,000",0,0,"6,240,000",0,0,"4,940,000",0,0,0,"6,045,000","6,045,000",0,0,0,0,0,0,0,0
75993239,MSI 지포스 RTX 5090 게이밍 트리오 OC D7 32GB 트라이프로져4,"9,740,000",0,0,"9,740,000",0,0,"9,740,000",0,0,0,"9,740,000","9,740,000",0,0,0,0,0,0,0,0
78098624,MSI 지포스 RTX 5090 뱅가드 SOC D7 32GB 하이퍼프로져,"12,089,990",0,0,"12,089,990",0,0,"12,999,990",0,0,0,"12,999,990","12,999,990",0,0,0,0,0,0,0,0
76550939,MSI 지포스 RTX 5090 슈프림 SOC D7 32GB 하이퍼프로져,"9,067,500",0,0,"9,289,970",0,0,"9,289,830",0,0,0,"9,289,590","9,289,520",0,0,0,0,0,0,0,0
122621334,NEXIUM 지포스 GTX 1660 SUPER NEXIUM II D6 6GB DUAL,"293,340",0,0,"293,340",0,0,"293,340",0,0,0,"293,340","293,340",0,0,0,0,0,0,0,0
122705634,NEXIUM 지포스 RTX 3050 D6 6GB DUAL,"354,760",0,0,"354,760",0,0,"354,760",0,0,0,"354,760","354,760",0,0,0,0,0,0,0,0
40722776,NVIDIA A100 HBM2 40GB PCIe (해외구매),"14,720,000",0,0,"14,720,000",0,0,"14,720,000",0,0,0,"14,720,000","14,720,000",0,0,0,0,0,0,0,0
21458333,NVIDIA A100 HBM2e 80GB PCIe,"36,500,000",0,0,"36,500,000",0,0,"36,500,000",0,0,0,"36,500,000","36,500,000",0,0,0,0,0,0,0,0
55045334,NVIDIA A2 D6 16GB,"1,105,000",0,0,"1,105,000",0,0,"1,105,000",0,0,0,"1,105,000","1,105,000",0,0,0,0,0,0,0,0
49055273,NVIDIA A30 HBM2 24GB (병행수입),"7,390,000",0,0,"7,390,000",0,0,"7,390,000",0,0,0,"7,390,000","7,390,000",0,0,0,0,0,0,0,0
49261274,NVIDIA H100 HBM2e 80GB PCIe,"45,314,600",0,0,"45,314,600",0,0,"45,314,600",0,0,0,"45,314,600","45,314,600",0,0,0,0,0,0,0,0
53783282,NVIDIA H100 HBM3 94GB NVL,"45,399,990",0,0,"45,399,990",0,0,"45,399,990",0,0,0,"45,399,950","45,399,910",0,0,0,0,0,0,0,0
55045148,NVIDIA L4 D6 24GB,"6,636,000",0,0,"6,636,000",0,0,"6,636,000",0,0,0,"6,636,000","6,636,000",0,0,0,0,0,0,0,0
49266752,NVIDIA L40S D6 48GB,"13,629,310",0,0,"13,629,310",0,0,"13,629,310",0,0,0,"13,629,310","13,969,950",0,0,0,0,0,0,0,0
14274734,NVIDIA NV링크 브릿지 2-Slot,"404,590",0,0,"404,590",0,0,"404,590",0,0,0,"404,590","404,590",0,0,0,0,0,0,0,0
57508178,NVIDIA RTX 2000 Ada Generation D6 16GB,"1,489,990",0,0,"1,489,990",0,0,"1,489,990",0,0,0,"1,489,990","1,489,990",0,0,0,0,0,0,0,0
74417117,NVIDIA RTX 2000 Ada Generation D6 16GB (병행수입),"1,412,400",0,0,"1,412,400",0,0,"1,412,400",0,0,0,"1,412,400","1,412,400",0,0,0,0,0,0,0,0
57293591,NVIDIA RTX 4000 Ada Generation D6 20GB (병행수입),"3,050,000",0,0,"3,050,000",0,0,"3,050,000",0,0,0,"3,050,000","3,053,260",0,0,0,0,0,0,0,0
20807324,NVIDIA RTX 4000 SFF Ada Generation D6 20GB,"2,930,000",0,0,"2,930,000",0,0,"2,930,000",0,0,0,"2,930,000","2,930,000",0,0,0,0,0,0,0,0
62163968,NVIDIA RTX 4000 SFF Ada Generation D6 20GB (병행수입),"3,183,930",0,0,"3,187,270",0,0,"3,183,940",0,0,0,"3,186,920","3,186,850",0,0,0,0,0,0,0,0
48395846,NVIDIA RTX 4500 Ada Generation D6 24GB,"3,920,000",0,0,"3,920,000",0,0,"3,920,000",0,0,0,"3,920,000","3,920,000",0,0,0,0,0,0,0,0
74418092,NVIDIA RTX 4500 Ada Generation D6 24GB (병행수입),"4,499,990",0,0,"4,499,990",0,0,"4,499,990",0,0,0,"4,499,990","4,499,990",0,0,0,0,0,0,0,0
34816172,NVIDIA RTX 5000 Ada Generation D6 32GB,"7,383,000",0,0,"7,383,000",0,0,"7,383,000",0,0,0,"7,383,000","7,383,000",0,0,0,0,0,0,0,0
34848809,NVIDIA RTX 5000 Ada Generation D6 32GB (병행수입),"6,939,960",0,0,"6,939,780",0,0,"6,939,640",0,0,0,"6,939,410","6,939,380",0,0,0,0,0,0,0,0
19393388,NVIDIA RTX 6000 Ada Generation D6 48GB,"12,443,400",0,0,"12,443,400",0,0,"12,443,400",0,0,0,"12,443,400","12,443,400",0,0,0,0,0,0,0,0
55039700,NVIDIA RTX 6000 Ada Generation D6 48GB (병행수입),"11,898,980",0,0,"11,898,880",0,0,"11,898,850",0,0,0,"11,898,620","11,898,590",0,0,0,0,0,0,0,0
81061844,NVIDIA RTX 6000 Ada Generation D6 48GB 서린 (벌크),"14,000,000",0,0,"14,000,000",0,0,"14,000,000",0,0,0,"14,000,000","14,000,000",0,0,0,0,0,0,0,0
71009864,NVIDIA RTX A1000 D6 8GB,"958,000",0,0,"1,006,700",0,0,"1,006,700",0,0,0,"1,006,700","1,006,700",0,0,0,0,0,0,0,0
65426753,NVIDIA RTX A1000 D6 8GB (병행수입),"1,099,990",0,0,"1,099,990",0,0,"1,099,990",0,0,0,"1,099,990","1,099,990",0,0,0,0,0,0,0,0
71009948,NVIDIA RTX A400 D6 4GB,"369,000",0,0,"369,000",0,0,"369,000",0,0,0,"369,000","369,000",0,0,0,0,0,0,0,0
65426912,NVIDIA RTX A400 D6 4GB (병행수입),"409,000",0,0,"409,000",0,0,"409,000",0,0,0,"409,000","409,000",0,0,0,0,0,0,0,0
17744411,NVIDIA RTX A4000 D6 16GB (병행수입),"2,589,000",0,0,"2,589,000",0,0,"2,589,000",0,0,0,"2,589,000","2,589,000",0,0,0,0,0,0,0,0
15196385,NVIDIA RTX A4000 D6 16GB (해외구매),"3,145,800",0,0,"3,145,800",0,0,"3,145,800",0,0,0,"3,145,800","3,145,800",0,0,0,0,0,0,0,0
16500317,NVIDIA RTX A4500 D6 20GB,"3,405,000",0,0,"3,405,000",0,0,"3,405,000",0,0,0,"3,405,000","3,405,000",0,0,0,0,0,0,0,0
17742206,NVIDIA RTX A4500 D6 20GB (병행수입),"2,596,570",0,0,"2,788,990",0,0,"2,788,990",0,0,0,"2,788,990","2,788,990",0,0,0,0,0,0,0,0
17074907,NVIDIA RTX A5000 D6 24GB (병행수입),"4,289,990",0,0,"4,289,990",0,0,"4,289,990",0,0,0,"4,289,990","4,289,990",0,0,0,0,0,0,0,0
18529553,NVIDIA RTX A5000 D6 24GB (중고),"5,850,450",0,0,"5,850,450",0,0,"5,850,450",0,0,0,"5,850,450","5,850,450",0,0,0,0,0,0,0,0
17466311,NVIDIA RTX A5500 D6 24GB,"5,412,590",0,0,"5,412,590",0,0,"5,412,590",0,0,0,"5,412,590","5,412,590",0,0,0,0,0,0,0,0
13596899,NVIDIA RTX A6000 D6 48GB,"11,096,000",0,0,"11,096,000",0,0,"11,096,000",0,0,0,"11,096,000","11,096,000",0,0,0,0,0,0,0,0
17529758,NVIDIA RTX A6000 D6 48GB (병행수입),"9,800,000",0,0,"9,800,000",0,0,"9,800,000",0,0,0,"10,388,110","10,388,110",0,0,0,0,0,0,0,0
99914171,NVIDIA RTX PRO 2000 Blackwell D7 16GB,"2,835,920",0,0,"2,806,720",0,0,"2,806,720",0,0,0,"2,806,660","2,806,640",0,0,0,0,0,0,0,0
105814622,NVIDIA RTX PRO 2000 Blackwell D7 16GB (병행수입),"2,880,000",0,0,"2,880,000",0,0,"2,880,000",0,0,0,"2,880,000","2,880,000",0,0,0,0,0,0,0,0
101546711,NVIDIA RTX PRO 2000 Blackwell D7 16GB 서린,"2,781,940",0,0,"2,760,700",0,0,"2,781,940",0,0,0,"2,781,930","2,781,940",0,0,0,0,0,0,0,0
101546729,NVIDIA RTX PRO 2000 Blackwell D7 16GB 서린 (벌크),"2,730,470",0,0,"2,730,470",0,0,"2,730,470",0,0,0,"2,730,450","2,767,150",0,0,0,0,0,0,0,0
99914468,NVIDIA RTX PRO 4000 Blackwell D7 24GB,"4,790,000",0,0,"4,790,000",0,0,"4,790,000",0,0,0,"4,790,000","4,790,000",0,0,0,0,0,0,0,0
101015066,NVIDIA RTX PRO 4000 Blackwell D7 24GB (병행수입),"5,067,930",0,0,"5,067,910",0,0,"5,067,910",0,0,0,"5,067,910","5,067,910",0,0,0,0,0,0,0,0
101546732,NVIDIA RTX PRO 4000 Blackwell D7 24GB 서린,"5,196,450",0,0,"5,187,610",0,0,"5,187,610",0,0,0,"5,187,590","5,187,610",0,0,0,0,0,0,0,0
101546735,NVIDIA RTX PRO 4000 Blackwell D7 24GB 서린 (벌크),"5,066,460",0,0,"5,066,460",0,0,"5,066,460",0,0,0,"5,066,450","5,066,460",0,0,0,0,0,0,0,0
103335935,NVIDIA RTX PRO 4000 Blackwell SFF 에디션 D7 24GB,"6,009,660",0,0,"6,009,660",0,0,"6,009,660",0,0,0,"6,009,660","6,009,660",0,0,0,0,0,0,0,0
103752587,NVIDIA RTX PRO 4000 Blackwell SFF 에디션 D7 24GB 서린,"5,187,570",0,0,"5,187,560",0,0,"5,187,560",0,0,0,"5,187,540","5,187,560",0,0,0,0,0,0,0,0
122669498,NVIDIA RTX PRO 4000 Blackwell SFF에디션 D7 24GB 서린 (벌크),"5,081,970",0,0,"5,081,960",0,0,"5,081,960",0,0,0,"5,081,940","5,081,960",0,0,0,0,0,0,0,0
99914681,NVIDIA RTX PRO 4500 Blackwell D7 32GB,"8,283,480",0,0,"8,200,000",0,0,"8,200,000",0,0,0,"8,200,000","8,200,000",0,0,0,0,0,0,0,0
93445232,NVIDIA RTX PRO 4500 Blackwell D7 32GB (병행수입),"7,991,490",0,0,"7,991,430",0,0,"7,991,290",0,0,0,"7,991,070","7,991,010",0,0,0,0,0,0,0,0
101546738,NVIDIA RTX PRO 4500 Blackwell D7 32GB 서린,"8,282,320",0,0,"8,282,310",0,0,"8,281,940",0,0,0,"8,122,020","8,257,940",0,0,0,0,0,0,0,0
101546882,NVIDIA RTX PRO 4500 Blackwell D7 32GB 서린 (벌크),"8,154,890",0,0,"8,154,890",0,0,"8,122,040",0,0,0,"8,122,040","8,122,020",0,0,0,0,0,0,0,0
123807158,NVIDIA RTX PRO 4500 Blackwell 서버 에디션 D7 32GB 서린 (벌크),"8,551,430",0,0,"8,551,430",0,0,"8,551,430",0,0,0,"8,551,410","8,551,430",0,0,0,0,0,0,0,0
99914777,NVIDIA RTX PRO 5000 Blackwell D7 48GB,"13,649,950",0,0,"13,649,950",0,0,"13,649,950",0,0,0,"13,649,900","13,648,980",0,0,0,0,0,0,0,0
93444932,NVIDIA RTX PRO 5000 Blackwell D7 48GB (병행수입),"13,670,990",0,0,"13,670,990",0,0,"13,670,990",0,0,0,"13,670,990","13,670,980",0,0,0,0,0,0,0,0
101185187,NVIDIA RTX PRO 5000 Blackwell D7 48GB 서린,"14,700,000",0,0,"14,700,000",0,0,"14,700,000",0,0,0,"14,700,000","14,700,000",0,0,0,0,0,0,0,0
101185244,NVIDIA RTX PRO 5000 Blackwell D7 48GB 서린 (벌크),"13,853,120",0,0,"13,853,110",0,0,"13,853,110",0,0,0,"13,853,090","13,853,110",0,0,0,0,0,0,0,0
103808108,NVIDIA RTX PRO 5000 Blackwell D7 72GB,"18,059,980",0,0,"18,059,880",0,0,"18,059,740",0,0,0,"18,059,500","18,059,430",0,0,0,0,0,0,0,0
108418610,NVIDIA RTX PRO 5000 Blackwell D7 72GB (벌크),"16,974,710",0,0,"16,974,620",0,0,"16,974,590",0,0,0,"16,974,370","16,974,330",0,0,0,0,0,0,0,0
122669553,NVIDIA RTX PRO 5000 Blackwell D7 72GB 서린,"15,549,290",0,0,"15,549,280",0,0,"15,549,280",0,0,0,"15,548,370","15,548,360",0,0,0,0,0,0,0,0
122669574,NVIDIA RTX PRO 5000 Blackwell D7 72GB 서린 (벌크),"15,350,000",0,0,"15,350,000",0,0,"15,350,000",0,0,0,"15,350,000","15,350,000",0,0,0,0,0,0,0,0
94640462,NVIDIA RTX PRO 6000 Blackwell MAX-Q 워크스테이션 에디션 D7 96GB,"25,499,990",0,0,"26,449,990",0,0,"26,449,990",0,0,0,"26,449,990","26,449,990",0,0,0,0,0,0,0,0
108418685,NVIDIA RTX PRO 6000 Blackwell MAX-Q 워크스테이션 에디션 D7 96GB (벌크),"27,186,630",0,0,"27,186,630",0,0,"27,186,630",0,0,0,"27,186,630","27,186,630",0,0,0,0,0,0,0,0
94083287,NVIDIA RTX PRO 6000 Blackwell MAX-Q 워크스테이션 에디션 D7 96GB (병행수입),"26,039,990",0,0,"26,039,990",0,0,"26,039,990",0,0,0,"26,039,990","24,799,000",0,0,0,0,0,0,0,0
95851517,NVIDIA RTX PRO 6000 Blackwell MAX-Q 워크스테이션 에디션 D7 96GB 서린,"27,000,000",0,0,"27,999,990",0,0,"27,999,990",0,0,0,"27,968,460","27,954,460",0,0,0,0,0,0,0,0
94083122,NVIDIA RTX PRO 6000 Blackwell 서버 에디션 D7 96GB (병행수입),"27,460,440",0,0,"27,460,340",0,0,"27,460,200",0,0,0,"27,459,970","27,459,900",0,0,0,0,0,0,0,0
94083011,NVIDIA RTX PRO 6000 Blackwell 서버 에디션 D7 96GB 서린 (벌크),"27,600,000",0,0,"27,600,000",0,0,"27,600,000",0,0,0,"27,600,000","27,600,000",0,0,0,0,0,0,0,0
94640297,NVIDIA RTX PRO 6000 Blackwell 워크스테이션 에디션 D7 96GB,"25,500,000",0,0,"26,450,000",0,0,"26,450,000",0,0,0,"26,450,000","26,450,000",0,0,0,0,0,0,0,0
108418646,NVIDIA RTX PRO 6000 Blackwell 워크스테이션 에디션 D7 96GB (벌크),"27,338,330",0,0,"27,338,240",0,0,"27,338,210",0,0,0,"27,337,990","27,337,960",0,0,0,0,0,0,0,0
94083197,NVIDIA RTX PRO 6000 Blackwell 워크스테이션 에디션 D7 96GB (병행수입),"26,049,990",0,0,"26,049,990",0,0,"26,049,990",0,0,0,"26,049,990","26,049,990",0,0,0,0,0,0,0,0
97702502,NVIDIA RTX PRO 6000 Blackwell 워크스테이션 에디션 D7 96GB 서린,"26,469,990",0,0,"26,469,990",0,0,"26,469,990",0,0,0,"26,469,950","26,469,910",0,0,0,0,0,0,0,0
97702526,NVIDIA RTX PRO 6000 Blackwell 워크스테이션 에디션 D7 96GB 서린 (벌크),"25,000,000",0,0,"28,063,500",0,0,"28,063,500",0,0,0,"28,063,500","28,063,500",0,0,0,0,0,0,0,0
108418880,NVIDIA RTX PRO Sync,"1,400,000",0,0,"1,400,000",0,0,"1,400,000",0,0,0,"1,400,000","1,400,000",0,0,0,0,0,0,0,0
14864039,NVIDIA T1000 D6 4GB,"579,000",0,0,"579,000",0,0,"579,000",0,0,0,"579,000","579,000",0,0,0,0,0,0,0,0
17023763,NVIDIA T400 D6 4GB,"399,000",0,0,"399,000",0,0,"399,000",0,0,0,"399,000","399,000",0,0,0,0,0,0,0,0
5727780,NVIDIA Tesla V100 HBM2 16GB SXM2,"1,411,000",0,0,"1,411,000",0,0,"1,411,000",0,0,0,"1,411,000","1,411,000",0,0,0,0,0,0,0,0
4058453,NVIDIA 쿼드로 M6000 D5 24GB 리더스시스템즈,"770,000",0,0,"770,000",0,0,"770,000",0,0,0,"770,000","770,000",0,0,0,0,0,0,0,0
5041433,NVIDIA 쿼드로 P2000 D5 5GB ABKO,"258,000",0,0,"258,000",0,0,"258,000",0,0,0,"258,000","258,000",0,0,0,0,0,0,0,0
17484341,NVIDIA 쿼드로 P4000 D5 8GB (해외구매),"440,000",0,0,"440,000",0,0,"440,000",0,0,0,"440,000","440,000",0,0,0,0,0,0,0,0
6069251,NVIDIA 쿼드로 P620 D5 2GB,"165,000",0,0,"165,000",0,0,"165,000",0,0,0,"165,000","165,000",0,0,0,0,0,0,0,0
7358839,NVIDIA 쿼드로 RTX 4000 D6 8GB,"1,488,000",0,0,"1,488,000",0,0,"1,488,000",0,0,0,"1,488,000","1,488,000",0,0,0,0,0,0,0,0
6839308,NVIDIA 쿼드로 RTX 6000 D6 24GB,"2,475,000",0,0,"2,475,000",0,0,"2,475,000",0,0,0,"2,475,000","2,475,000",0,0,0,0,0,0,0,0
11639453,NVIDIA 쿼드로 RTX NV링크 HB 브릿지 2-Slot,"125,000",0,0,"125,000",0,0,"125,000",0,0,0,"125,000","125,000",0,0,0,0,0,0,0,0
11639375,NVIDIA 쿼드로 RTX NV링크 브릿지 2-Slot,0,0,0,0,0,0,0,0,0,0,0,"122,300",0,0,0,0,0,0,0,0
12820505,NVIDIA 쿼드로 Sync II,"1,756,900",0,0,"1,310,000",0,0,"1,310,000",0,0,0,"1,309,990","1,309,990",0,0,0,0,0,0,0,0
77314562,ONE-NETBOOK ONE X GPU 2 RX 7800M (해외구매),"1,217,040",0,0,"1,217,040",0,0,"1,217,040",0,0,0,"1,217,040","1,195,080",0,0,0,0,0,0,0,0
97780238,PALIT 지포스 RTX 3050 STORM X D6 6GB 이엠텍,"385,560",0,0,"385,560",0,0,"385,560",0,0,0,"385,560","385,560",0,0,0,0,0,0,0,0
14804777,PALIT 지포스 RTX 3060 Ti Dual D6 8GB LHR,"734,870",0,0,"734,870",0,0,"734,870",0,0,0,"734,870","734,870",0,0,0,0,0,0,0,0
93381587,PALIT 지포스 RTX 5050 DUAL D6 8GB 이엠텍,"579,940",0,0,"574,530",0,0,"459,360",0,0,0,"579,900","593,960",0,0,0,0,0,0,0,0
94695290,PALIT 지포스 RTX 5050 STORM X D6 8GB 이엠텍,"561,610",0,0,"561,560",0,0,"561,540",0,0,0,"561,540","561,550",0,0,0,0,0,0,0,0
90887900,PALIT 지포스 RTX 5060 DUAL D7 8GB 이엠텍,"720,500",0,0,"713,220",0,0,"720,500",0,0,0,"720,500","720,500",0,0,0,0,0,0,0,0
90887879,PALIT 지포스 RTX 5060 DUAL OC D7 8GB 이엠텍,"723,520",0,0,"723,520",0,0,"670,000",0,0,0,"723,520","676,060",0,0,0,0,0,0,0,0
89732453,PALIT 지포스 RTX 5060 Ti DUAL D7 8GB 이엠텍,"765,590",0,0,"789,900",0,0,"789,890",0,0,0,"788,990","797,990",0,0,0,0,0,0,0,0
90642689,PALIT 지포스 RTX 5060 Ti DUAL OC D7 8GB 이엠텍,0,0,0,0,0,0,"640,000",0,0,0,0,0,0,0,0,0,0,0,0,0
81037490,PALIT 지포스 RTX 5060 Ti INFINITY 3 D7 16GB 이엠텍,"2,639,870",0,0,"2,656,620",0,0,"2,662,670",0,0,0,"2,662,670","2,662,670",0,0,0,0,0,0,0,0
90578306,PALIT 지포스 RTX 5060 Ti INFINITY 3 OC D7 8GB 이엠텍,"1,120,000",0,0,0,0,0,0,0,0,0,0,0,0,0,0,0,0,0,0,0
96366407,PALIT 지포스 RTX 5060 Ti WHITE OC D7 16GB 이엠텍,"1,078,780",0,0,"1,097,910",0,0,"1,097,770",0,0,0,"1,097,540","1,097,490",0,0,0,0,0,0,0,0
94695566,PALIT 지포스 RTX 5060 WHITE OC D7 8GB 이엠텍,"715,270",0,0,"715,270",0,0,"715,270",0,0,0,"715,270","715,270",0,0,0,0,0,0,0,0
91769021,PALIT 지포스 RTX 5070 GAMINGPRO-S D7 12GB 이엠텍,"1,294,340",0,0,"1,294,340",0,0,"982,880",0,0,0,"1,294,340","1,294,340",0,0,0,0,0,0,0,0
79402577,PALIT 지포스 RTX 5070 INFINITY 3 D7 12GB 이엠텍,"1,359,480",0,0,"1,330,000",0,0,"1,329,990",0,0,0,"1,329,980","1,359,480",0,0,0,0,0,0,0,0
91768979,PALIT 지포스 RTX 5070 Ti GAMINGPRO-S D7 16GB 이엠텍,"1,964,680",0,0,"1,940,880",0,0,"1,940,870",0,0,0,"1,940,870","1,940,880",0,0,0,0,0,0,0,0
106710902,PALIT 지포스 RTX 5070 Ti GAMINGPRO-S OC D7 16GB 이엠텍,"2,018,690",0,0,"2,018,690",0,0,"2,018,690",0,0,0,"2,018,690","2,018,690",0,0,0,0,0,0,0,0
96579917,PALIT 지포스 RTX 5070 WHITE OC D7 12GB 이엠텍,"1,368,980",0,0,"1,368,900",0,0,"1,368,900",0,0,0,"1,368,900","1,368,900",0,0,0,0,0,0,0,0
75184247,PALIT 지포스 RTX 5080 GAMEROCK D7 16GB 이엠텍,0,0,0,0,0,0,"2,216,000",0,0,0,0,0,0,0,0,0,0,0,0,0
75184250,PALIT 지포스 RTX 5080 GAMINGPRO D7 16GB 이엠텍,"2,437,000",0,0,"2,439,980",0,0,"2,439,980",0,0,0,"2,536,310","2,499,130",0,0,0,0,0,0,0,0
75376490,PALIT 지포스 RTX 5090 GAMEROCK D7 32GB 이엠텍,"9,112,480",0,0,"9,112,500",0,0,"9,112,490",0,0,0,"9,112,490","9,112,490",0,0,0,0,0,0,0,0
75184256,PALIT 지포스 RTX 5090 GAMEROCK OC D7 32GB 이엠텍,"9,458,090",0,0,"9,513,730",0,0,"9,513,600",0,0,0,"9,513,480","9,513,430",0,0,0,0,0,0,0,0
67509884,PNY 지포스 RTX 4070 SUPER VERTO OC D6X 12GB DF 한성컴퓨터,"945,000",0,0,"945,000",0,0,"945,000",0,0,0,"945,000","945,000",0,0,0,0,0,0,0,0
105817778,PNY 지포스 RTX 5050 D6 8GB Dual Fan STCOM,"550,360",0,0,"547,750",0,0,"547,740",0,0,0,"547,740","550,360",0,0,0,0,0,0,0,0
98412050,PNY 지포스 RTX 5050 D6 8GB Dual Fan 제이씨현,0,0,0,0,0,0,"495,200",0,0,0,0,0,0,0,0,0,0,0,0,0
122829866,PNY 지포스 RTX 5060 D7 8GB Dual Fan 제이씨현,"728,990",0,0,"728,990",0,0,"509,200",0,0,0,"729,000","728,990",0,0,0,0,0,0,0,0
90887702,PNY 지포스 RTX 5060 OC D7 8GB Dual Fan STCOM,"661,890",0,0,"661,890",0,0,"537,580",0,0,0,"661,900","661,900",0,0,0,0,0,0,0,0
92971433,PNY 지포스 RTX 5060 OC D7 8GB Dual Fan 제이씨현,"705,090",0,0,"705,090",0,0,"515,980",0,0,0,"705,090","684,760",0,0,0,0,0,0,0,0
99711974,PNY 지포스 RTX 5060 OC D7 8GB Dual Fan 한성컴퓨터,"663,770",0,0,"639,030",0,0,"592,000",0,0,0,"639,030","666,900",0,0,0,0,0,0,0,0
95206559,PNY 지포스 RTX 5060 Ti D7 8GB Dual Fan 제이씨현,0,0,0,0,0,0,"654,610",0,0,0,0,0,0,0,0,0,0,0,0,0
92046968,PNY 지포스 RTX 5060 Ti EPIC-X RGB OC D7 16GB Triple Fan STCOM,0,0,0,0,0,0,"841,400",0,0,0,0,0,0,0,0,0,0,0,0,0
87679496,PNY 지포스 RTX 5060 Ti OC D7 8GB Dual Fan STCOM,"731,900",0,0,"731,900",0,0,"731,900",0,0,0,"731,900","731,900",0,0,0,0,0,0,0,0
95206529,PNY 지포스 RTX 5060 Ti OC D7 8GB Dual Fan 제이씨현,"758,510",0,0,"690,000",0,0,"485,440",0,0,0,"690,000","758,510",0,0,0,0,0,0,0,0
93385700,PNY 지포스 RTX 5060 Ti OC D7 8GB Dual Fan 한성컴퓨터,"742,760",0,0,0,0,0,0,0,0,0,0,"690,000",0,0,0,0,0,0,0,0
92046863,PNY 지포스 RTX 5070 EPIC-X RGB OC D7 12GB Triple Fan STCOM,0,0,0,0,0,0,"645,760",0,0,0,0,0,0,0,0,0,0,0,0,0
82258553,PNY 지포스 RTX 5070 OC D7 12GB Triple Fan STCOM,"1,299,000",0,0,"1,299,000",0,0,"1,016,000",0,0,0,"1,299,000","1,299,000",0,0,0,0,0,0,0,0
78843224,PNY 지포스 RTX 5070 OC D7 12GB Triple Fan 제이씨현,0,0,0,0,0,0,"1,006,650",0,0,0,0,0,0,0,0,0,0,0,0,0
78977468,PNY 지포스 RTX 5070 OC D7 12GB Triple Fan 한성컴퓨터,"1,220,000",0,0,0,0,0,0,0,0,0,0,"1,160,000",0,0,0,0,0,0,0,0
82225754,PNY 지포스 RTX 5070 Ti OC D7 16GB Triple Fan STCOM,"1,800,820",0,0,"1,800,820",0,0,"1,800,820",0,0,0,"1,800,820","1,800,820",0,0,0,0,0,0,0,0
99896006,PNY 지포스 RTX 5070 Ti OC D7 16GB Triple Fan 제이씨현,"1,793,390",0,0,"1,799,000",0,0,"1,434,800",0,0,0,"1,799,000","1,799,000",0,0,0,0,0,0,0,0
93386447,PNY 지포스 RTX 5070 Ti OC D7 16GB Triple Fan 한성컴퓨터,"1,975,850",0,0,"1,775,460",0,0,"1,551,140",0,0,0,"1,775,460","1,920,000",0,0,0,0,0,0,0,0
75931502,PNY 지포스 RTX 5080 D7 16GB Triple Fan 제이씨현,"2,329,230",0,0,"2,320,590",0,0,"1,807,190",0,0,0,"2,306,330","2,329,970",0,0,0,0,0,0,0,0
82179890,PNY 지포스 RTX 5080 EPIC-X RGB OC D7 16GB Triple Fan STCOM,0,0,0,0,0,0,"1,760,000",0,0,0,0,0,0,0,0,0,0,0,0,0
76509074,PNY 지포스 RTX 5080 EPIC-X RGB OC D7 16GB Triple Fan 제이씨현,"2,468,000",0,0,"2,468,000",0,0,"1,896,000",0,0,0,"2,468,000","2,468,000",0,0,0,0,0,0,0,0
76380392,PNY 지포스 RTX 5080 EPIC-X RGB OC D7 16GB Triple Fan 한성컴퓨터,"2,561,420",0,0,"2,561,430",0,0,"2,561,430",0,0,0,"2,561,430","2,669,990",0,0,0,0,0,0,0,0
122686254,PNY 지포스 RTX 5080 OC D7 16GB Dual Fan Slim 제이씨현,"2,350,900",0,0,"2,350,910",0,0,"2,350,910",0,0,0,"2,350,910","2,350,900",0,0,0,0,0,0,0,0
75931508,PNY 지포스 RTX 5080 OC D7 16GB Triple Fan 제이씨현,"2,305,000",0,0,"2,304,990",0,0,"1,825,580",0,0,0,"2,304,990","2,351,990",0,0,0,0,0,0,0,0
122695605,PNY 지포스 RTX 5080 VERTO OC D7 16GB Triple Fan 한성컴퓨터,"2,408,910",0,0,"2,324,100",0,0,"2,324,100",0,0,0,"2,324,100","2,439,990",0,0,0,0,0,0,0,0
98918945,PowerColor 라데온 AI PRO R9700 D6 32GB 대원씨티에스,"2,879,000",0,0,"2,879,000",0,0,"2,879,000",0,0,0,"2,878,990","2,878,990",0,0,0,0,0,0,0,0
35231306,PowerColor 라데온 RX 7600 Fighter D6 8GB 대원씨티에스,"641,000",0,0,"641,000",0,0,"641,000",0,0,0,"641,000","641,000",0,0,0,0,0,0,0,0
106767512,PowerColor 라데온 RX 9060 Reaper D6 8GB 대원씨티에스,"589,990",0,0,"589,990",0,0,"589,990",0,0,0,"589,990","589,990",0,0,0,0,0,0,0,0
122688013,PowerColor 라데온 RX 9060 Reaper D6 8GB 몬길: 스타다이브 에디션,"591,890",0,0,"591,890",0,0,"591,890",0,0,0,"591,890","591,890",0,0,0,0,0,0,0,0
91908821,PowerColor 라데온 RX 9060 XT Hellhound OC D6 16GB 대원씨티에스,"829,800",0,0,"829,800",0,0,"639,980",0,0,0,"829,800","829,800",0,0,0,0,0,0,0,0
91908686,PowerColor 라데온 RX 9060 XT Hellhound Spectral White OC D6 16GB 대원씨티에스,"851,000",0,0,"851,000",0,0,"704,060",0,0,0,"851,000","851,000",0,0,0,0,0,0,0,0
91908902,PowerColor 라데온 RX 9060 XT Reaper D6 16GB 대원씨티에스,"842,570",0,0,"842,560",0,0,"842,550",0,0,0,"842,490","842,480",0,0,0,0,0,0,0,0
91909010,PowerColor 라데온 RX 9060 XT Reaper White D6 16GB 대원씨티에스,"853,620",0,0,"664,720",0,0,"664,720",0,0,0,"851,500","851,500",0,0,0,0,0,0,0,0
77380985,PowerColor 라데온 RX 9070 XT Hellhound D6 16GB 대원씨티에스,"1,517,980",0,0,"1,517,410",0,0,"1,517,410",0,0,0,"1,517,410","1,499,000",0,0,0,0,0,0,0,0
77381207,PowerColor 라데온 RX 9070 XT Hellhound Spectral White D6 16GB 대원씨티에스,0,0,0,"1,040,000",0,0,"1,040,000",0,0,0,0,0,0,0,0,0,0,0,0,0
77381483,PowerColor 라데온 RX 9070 XT Reaper D6 16GB 대원씨티에스,"1,482,000",0,0,"1,482,000",0,0,"1,482,000",0,0,0,"1,482,000","1,482,000",0,0,0,0,0,0,0,0
12926123,Razer Core X Black (해외구매),"650,000",0,0,"650,000",0,0,"650,000",0,0,0,"650,000","650,000",0,0,0,0,0,0,0,0
12926084,Razer Core X Chroma (해외구매),"962,170",0,0,"962,170",0,0,"962,170",0,0,0,"962,170","962,170",0,0,0,0,0,0,0,0
101191844,SAPPHIRE 라데온 AI PRO R9700 D6 32GB,0,0,0,"2,892,970",0,0,"2,924,730",0,0,0,"2,924,700","2,964,130",0,0,0,0,0,0,0,0
20315144,SAPPHIRE 라데온 RX 7600 PULSE OC D6 8GB,"492,000",0,0,"484,000",0,0,"489,400",0,0,0,"489,400","489,400",0,0,0,0,0,0,0,0
28057922,SAPPHIRE 라데온 RX 7700 XT PULSE D6 12GB,"726,440",0,0,"726,440",0,0,"726,440",0,0,0,"726,440","726,440",0,0,0,0,0,0,0,0
97470848,SAPPHIRE 라데온 RX 9060 PULSE OC D6 8GB,"595,990",0,0,"595,990",0,0,"595,970",0,0,0,"595,840","596,000",0,0,0,0,0,0,0,0
91909427,SAPPHIRE 라데온 RX 9060 XT NITRO+ OC D6 16GB,"928,980",0,0,"912,950",0,0,"591,310",0,0,0,"909,000","909,000",0,0,0,0,0,0,0,0
91909571,SAPPHIRE 라데온 RX 9060 XT PULSE OC D6 16GB,"841,940",0,0,"823,950",0,0,"821,000",0,0,0,"821,000","821,000",0,0,0,0,0,0,0,0
91909628,SAPPHIRE 라데온 RX 9060 XT PULSE OC D6 8GB,"691,470",0,0,"680,000",0,0,"685,000",0,0,0,"685,000","685,000",0,0,0,0,0,0,0,0
91909511,SAPPHIRE 라데온 RX 9060 XT PURE OC D6 16GB,"869,000",0,0,"858,000",0,0,"548,150",0,0,0,"851,500","851,500",0,0,0,0,0,0,0,0
122684820,SAPPHIRE 라데온 RX 9070 GRE PULSE OC D6 12GB,"996,000",0,0,"629,720",0,0,"629,710",0,0,0,"968,840","985,630",0,0,0,0,0,0,0,0
77378393,SAPPHIRE 라데온 RX 9070 NITRO+ OC D6 16GB,"1,189,000",0,0,"1,189,000",0,0,"1,189,000",0,0,0,"1,189,000","1,235,670",0,0,0,0,0,0,0,0
77378426,SAPPHIRE 라데온 RX 9070 PULSE D6 16GB,"1,099,000",0,0,"1,099,000",0,0,"1,099,000",0,0,0,"1,099,000","1,099,000",0,0,0,0,0,0,0,0
77382623,SAPPHIRE 라데온 RX 9070 PURE OC D6 16GB,"1,129,000",0,0,"1,129,000",0,0,"1,129,000",0,0,0,"1,129,000",0,0,0,0,0,0,0,0,0
77378093,SAPPHIRE 라데온 RX 9070 XT NITRO+ OC D6 16GB,"1,640,000",0,0,"1,605,000",0,0,"1,597,000",0,0,0,"1,597,000","1,597,000",0,0,0,0,0,0,0,0
106694891,SAPPHIRE 라데온 RX 9070 XT NITRO+ OC D6 16GB 붉은사막 에디션,"1,640,190",0,0,"1,052,780",0,0,"1,052,780",0,0,0,"1,624,900","1,646,000",0,0,0,0,0,0,0,0
77378039,SAPPHIRE 라데온 RX 9070 XT PULSE D6 16GB,"1,488,880",0,0,"1,454,950",0,0,"1,451,000",0,0,0,"1,451,000","1,451,000",0,0,0,0,0,0,0,0
77381780,SAPPHIRE 라데온 RX 9070 XT PURE OC D6 16GB,"1,499,000",0,0,"1,509,950",0,0,"1,499,990",0,0,0,"1,499,980","1,499,970",0,0,0,0,0,0,0,0
29402165,STCOM 라데온 RX 580 2048SP Gaming D5 8GB,"176,000",0,0,"176,000",0,0,"176,000",0,0,0,"176,000","176,000",0,0,0,0,0,0,0,0
28392092,STCOM 지포스 GT730 D5 2GB LP,"76,840",0,0,"76,840",0,0,"76,840",0,0,0,"76,840","76,840",0,0,0,0,0,0,0,0
33994208,STCOM 지포스 RTX 4080 SUPER D6X 16GB,"1,750,000",0,0,"1,750,000",0,0,"1,750,000",0,0,0,"1,750,000","1,750,000",0,0,0,0,0,0,0,0
11602526,TAGER 지포스 G210 D3 512MB LP,"29,430",0,0,"29,480",0,0,"29,480",0,0,0,"29,450","29,440",0,0,0,0,0,0,0,0
123846694,TAGER 지포스 GT 1030DP EDITION,"124,890",0,0,"124,890",0,0,"124,890",0,0,0,"124,890","124,890",0,0,0,0,0,0,0,0
11602802,TAGER 지포스 GT1030 D5 2GB,"124,990",0,0,"124,990",0,0,"124,990",0,0,0,"124,990","124,990",0,0,0,0,0,0,0,0
20687210,TAGER 지포스 GT710 D3 2GB LP,"58,480",0,0,"58,620",0,0,"58,620",0,0,0,"58,620","58,620",0,0,0,0,0,0,0,0
95425559,TAGER 지포스 GT730 D3 2GB WIN,"62,900",0,0,"63,330",0,0,"63,330",0,0,0,"63,330","63,330",0,0,0,0,0,0,0,0
12398747,TAGER 지포스 GTX 1650 D6 4GB,"248,980",0,0,"244,730",0,0,"244,730",0,0,0,"244,730","244,730",0,0,0,0,0,0,0,0
18650024,TAGER 지포스 GTX 1660 SUPER K D6 6GB,"285,040",0,0,"285,040",0,0,"285,040",0,0,0,"285,040","285,040",0,0,0,0,0,0,0,0
39037607,TAGER 지포스 RTX 3050 D6 6GB ONE COOL,"358,070",0,0,"358,040",0,0,"358,010",0,0,0,"357,770","357,700",0,0,0,0,0,0,0,0
16268375,TUL 라데온 RX 550 D5 2GB LP (벌크),"86,900",0,0,"86,900",0,0,"86,900",0,0,0,"86,900","84,900",0,0,0,0,0,0,0,0
62640563,XFX Magnetic Air 시리즈 커스텀 팬 그린,"39,900",0,0,"39,900",0,0,"38,670",0,0,0,"39,660","39,660",0,0,0,0,0,0,0,0
62640164,XFX Magnetic Air 시리즈 커스텀 팬 블루,"39,900",0,0,"39,900",0,0,"38,670",0,0,0,"39,660","39,660",0,0,0,0,0,0,0,0
62640587,XFX Magnetic Air 시리즈 커스텀 팬 오렌지,"39,900",0,0,"39,900",0,0,"38,670",0,0,0,"39,660","39,660",0,0,0,0,0,0,0,0
16224614,XFX 라데온 RX 6500 XT QICK 210 BLACK D6 4GB,"440,000",0,0,"440,000",0,0,"440,000",0,0,0,"440,000","440,000",0,0,0,0,0,0,0,0
15427364,XFX 라데온 RX 6600 SWFT 210 CORE D6 8GB,"602,940",0,0,"602,940",0,0,"602,940",0,0,0,"602,940","602,940",0,0,0,0,0,0,0,0
20302601,XFX 라데온 RX 7600 SWFT 210 CORE D6 8GB,"473,380",0,0,"473,000",0,0,"468,120",0,0,0,"468,110","468,110",0,0,0,0,0,0,0,0
18519410,XFX 라데온 RX 7900 XTX MERC 310 BLACK D6 24GB,"1,789,990",0,0,"1,779,990",0,0,"1,760,690",0,0,0,"1,760,670","1,760,680",0,0,0,0,0,0,0,0
95206613,XFX 라데온 RX 9060 SWIFT DUAL D6 8GB,"599,000",0,0,"593,990",0,0,"585,130",0,0,0,"585,110","585,060",0,0,0,0,0,0,0,0
92892695,XFX 라데온 RX 9060 XT SWIFT DUAL OC D6 16GB,"804,990",0,0,"804,990",0,0,"804,990",0,0,0,"804,990","804,990",0,0,0,0,0,0,0,0
91909106,XFX 라데온 RX 9060 XT SWIFT DUAL OC D6 8GB,"636,360",0,0,"636,150",0,0,"636,130",0,0,0,"636,110","636,060",0,0,0,0,0,0,0,0
92892671,XFX 라데온 RX 9060 XT SWIFT DUAL WHITE OC D6 16GB,"859,000",0,0,"519,540",0,0,"519,530",0,0,0,"833,850","833,850",0,0,0,0,0,0,0,0
91909166,XFX 라데온 RX 9060 XT SWIFT DUAL WHITE OC D6 8GB,"653,300",0,0,"418,100",0,0,"418,090",0,0,0,"641,740","641,740",0,0,0,0,0,0,0,0
122687822,XFX 라데온 RX 9070 GRE SWIFT D6 12GB,"998,990",0,0,"774,400",0,0,"774,400",0,0,0,"975,950","975,890",0,0,0,0,0,0,0,0
122687833,XFX 라데온 RX 9070 GRE SWIFT WHITE D6 12GB,"1,022,000",0,0,"792,000",0,0,"792,000",0,0,0,"997,900","997,850",0,0,0,0,0,0,0,0
77378342,XFX 라데온 RX 9070 QUICKSILVER OC D6 16GB,"976,500",0,0,"976,500",0,0,"976,500",0,0,0,"976,500","976,500",0,0,0,0,0,0,0,0
79578449,XFX 라데온 RX 9070 XT MERCURY RGB OC WHITE D6 16GB,0,0,0,"1,281,600",0,0,"1,281,600",0,0,0,0,0,0,0,0,0,0,0,0,0
79578347,XFX 라데온 RX 9070 XT QUICKSILVER D6 16GB,"1,499,000",0,0,"928,820",0,0,"928,820",0,0,0,"1,454,820","1,454,820",0,0,0,0,0,0,0,0
77378288,XFX 라데온 RX 9070 XT SWIFT D6 16GB,"1,499,000",0,0,"1,477,280",0,0,"1,463,950",0,0,0,"1,463,940","1,463,940",0,0,0,0,0,0,0,0
78977732,XFX 라데온 RX 9070 XT SWIFT WHITE D6 16GB,"1,290,000",0,0,"931,180",0,0,"931,180",0,0,0,"1,290,000","1,290,000",0,0,0,0,0,0,0,0
16284683,ZOTAC GAMING 지포스 RTX 3050 TWIN Edge OC D6 8GB,"573,720",0,0,"573,720",0,0,"573,720",0,0,0,"573,720","573,720",0,0,0,0,0,0,0,0
14824238,ZOTAC GAMING 지포스 RTX 3070 TWIN Edge OC D6 8GB LHR,"412,150",0,0,"412,150",0,0,"412,150",0,0,0,"412,150","412,150",0,0,0,0,0,0,0,0
14500928,ZOTAC GAMING 지포스 RTX 3080 Trinity OC D6X 10GB (해외구매),"2,474,350",0,0,"2,474,350",0,0,"2,474,350",0,0,0,"2,474,350","2,474,350",0,0,0,0,0,0,0,0
21446195,ZOTAC GAMING 지포스 RTX 4060 TWIN Edge OC D6 8GB,"998,990",0,0,"998,990",0,0,"998,990",0,0,0,"998,990","998,990",0,0,0,0,0,0,0,0
20308373,ZOTAC GAMING 지포스 RTX 4060 Ti TWIN Edge D6 8GB,"970,190",0,0,"975,000",0,0,"975,000",0,0,0,"974,820","990,000",0,0,0,0,0,0,0,0
20564615,ZOTAC GAMING 지포스 RTX 4060 Ti TWIN Edge OC D6 8GB White,"655,000",0,0,"655,000",0,0,"655,000",0,0,0,"655,000","655,000",0,0,0,0,0,0,0,0
93703604,ZOTAC GAMING 지포스 RTX 5050 Twin Edge D6 8GB,"669,990",0,0,"669,990",0,0,"669,990",0,0,0,"669,990","669,990",0,0,0,0,0,0,0,0
99290201,ZOTAC GAMING 지포스 RTX 5050 Twin Edge OC White D6 8GB,"557,070",0,0,"598,990",0,0,"598,990",0,0,0,"598,990","598,990",0,0,0,0,0,0,0,0
96987773,ZOTAC GAMING 지포스 RTX 5060 LP D7 8GB,"652,980",0,0,"652,980",0,0,"652,980",0,0,0,"652,980","652,980",0,0,0,0,0,0,0,0
81062540,ZOTAC GAMING 지포스 RTX 5060 Ti Twin Edge OC D7 16GB,0,0,0,0,0,0,"745,980",0,0,0,0,0,0,0,0,0,0,0,0,0
85410707,ZOTAC GAMING 지포스 RTX 5060 Ti Twin Edge OC D7 8GB,"717,540",0,0,"717,540",0,0,"717,540",0,0,0,"717,540","717,540",0,0,0,0,0,0,0,0
91910279,ZOTAC GAMING 지포스 RTX 5060 Twin Edge OC D7 8GB,"674,990",0,0,"674,990",0,0,"674,990",0,0,0,"674,920","674,970",0,0,0,0,0,0,0,0
96313871,ZOTAC GAMING 지포스 RTX 5060 Twin Edge OC White D7 8GB,"660,280",0,0,"660,280",0,0,"830,000",0,0,0,"830,000","837,990",0,0,0,0,0,0,0,0
85732049,ZOTAC GAMING 지포스 RTX 5070 AMP White D7 12GB,"1,969,000",0,0,"1,969,000",0,0,"1,969,000",0,0,0,"1,969,000","1,969,000",0,0,0,0,0,0,0,0
77319413,ZOTAC GAMING 지포스 RTX 5070 SOLID OC D7 12GB,"1,289,630",0,0,"1,289,630",0,0,"1,289,630",0,0,0,"1,289,630","1,289,630",0,0,0,0,0,0,0,0
76464395,ZOTAC GAMING 지포스 RTX 5070 Ti AMP Extreme Infinity D7 16GB,"2,344,320",0,0,"2,344,240",0,0,"1,793,090",0,0,0,"2,289,710","2,265,340",0,0,0,0,0,0,0,0
92358173,ZOTAC GAMING 지포스 RTX 5070 Ti SOLID CORE OC D7 16GB,"1,959,000",0,0,"1,959,000",0,0,"1,567,200",0,0,0,"1,959,000","1,959,000",0,0,0,0,0,0,0,0
92889065,ZOTAC GAMING 지포스 RTX 5070 Ti SOLID CORE OC White D7 16GB,"1,959,000",0,0,"1,959,000",0,0,"1,567,200",0,0,0,"1,959,000","1,959,000",0,0,0,0,0,0,0,0
76464143,ZOTAC GAMING 지포스 RTX 5070 Ti SOLID OC D7 16GB,"2,399,000",0,0,"2,399,000",0,0,"2,399,000",0,0,0,"2,399,000","2,399,000",0,0,0,0,0,0,0,0
74971838,ZOTAC GAMING 지포스 RTX 5080 AMP EXTREME INFINITY D7 16GB,"2,419,950",0,0,"2,419,940",0,0,"1,925,250",0,0,0,"2,419,930","2,419,920",0,0,0,0,0,0,0,0
79116668,ZOTAC GAMING 지포스 RTX 5080 SOLID CORE OC D7 16GB,"2,297,100",0,0,"2,319,660",0,0,"2,319,660",0,0,0,"2,319,660","2,391,920",0,0,0,0,0,0,0,0
74970929,ZOTAC GAMING 지포스 RTX 5080 SOLID OC D7 16GB,"2,348,230",0,0,"2,420,990",0,0,"2,420,850",0,0,0,"2,420,630","2,420,990",0,0,0,0,0,0,0,0
77624201,ZOTAC GAMING 지포스 RTX 5080 SOLID OC White D7 16GB,"2,420,990",0,0,"2,420,990",0,0,"2,420,990",0,0,0,"2,420,990","2,420,990",0,0,0,0,0,0,0,0
75857285,ZOTAC GAMING 지포스 RTX 5090 AMP EXTREME INFINITY D7 32GB,"11,135,520",0,0,"11,135,520",0,0,"11,135,520",0,0,0,"11,599,500","11,599,500",0,0,0,0,0,0,0,0
74996477,ZOTAC GAMING 지포스 RTX 5090 SOLID OC D7 32GB,"9,009,000",0,0,"8,989,990",0,0,"8,989,990",0,0,0,"8,990,000","8,990,000",0,0,0,0,0,0,0,0
78613343,ZOTAC GAMING 지포스 RTX 5090 SOLID OC White D7 32GB,"9,440,000",0,0,"9,440,000",0,0,"9,440,000",0,0,0,"9,440,000","9,440,000",0,0,0,0,0,0,0,0
7479994,갤럭시 BOY 지포스 GT1030 D5 2GB,"259,420",0,0,"259,420",0,0,"259,420",0,0,0,"259,420","259,420",0,0,0,0,0,0,0,0
9792135,갤럭시 BOY 지포스 GTX 1660 SUPER OC D6 6GB,"320,000",0,0,"320,000",0,0,"320,000",0,0,0,"320,000","320,000",0,0,0,0,0,0,0,0
43532546,갤럭시 BOY 지포스 RTX 4080 SUPER SG OC D6X 16GB,"2,005,080",0,0,"2,005,080",0,0,"2,005,080",0,0,0,"2,156,000","2,048,200",0,0,0,0,0,0,0,0
5150742,갤럭시 GALAX 지포스 GT1030 D5 2GB,"149,000",0,0,"149,000",0,0,"149,000",0,0,0,"149,000","149,000",0,0,0,0,0,0,0,0
5150631,갤럭시 GALAX 지포스 GT1030 강아지 EXOC D5 2GB LP,"144,000",0,0,"144,000",0,0,"144,000",0,0,0,"144,000","144,000",0,0,0,0,0,0,0,0
3745148,갤럭시 GALAX 지포스 GT710 D3 1GB LP,"72,000",0,0,"72,000",0,0,0,0,0,0,"72,000","72,000",0,0,0,0,0,0,0,0
3758234,갤럭시 GALAX 지포스 GT710 D3 1GB LP 무소음,"60,490",0,0,"60,490",0,0,"63,490",0,0,0,"63,500","63,490",0,0,0,0,0,0,0,0
18225332,갤럭시 GALAX 지포스 GT730 D3 4GB LP,"64,300",0,0,"64,300",0,0,"64,290",0,0,0,"64,280","64,270",0,0,0,0,0,0,0,0
9790461,갤럭시 GALAX 지포스 GTX 1660 SUPER OC D6 6GB,"320,000",0,0,"320,000",0,0,"320,000",0,0,0,"320,000","320,000",0,0,0,0,0,0,0,0
63419924,갤럭시 GALAX 지포스 RTX 3050 EX BLACK D6 6GB DVI,"430,820",0,0,"430,820",0,0,"430,820",0,0,0,"430,820","430,820",0,0,0,0,0,0,0,0
74013713,갤럭시 GALAX 지포스 RTX 3050 EX WHITE D6 6GB DVI,"364,800",0,0,0,0,0,0,0,0,0,0,0,0,0,0,0,0,0,0,0
36157487,갤럭시 GALAX 지포스 RTX 3050 WHITE D6 6GB LP,"430,000",0,0,0,0,0,0,0,0,0,0,0,0,0,0,0,0,0,0,0
14448719,갤럭시 GALAX 지포스 RTX 3060 V2 D6 12GB,"638,000",0,0,"638,000",0,0,"638,000",0,0,0,"638,000","638,000",0,0,0,0,0,0,0,0
14527049,갤럭시 GALAX 지포스 RTX 3070 Ti D6X 8GB,"671,340",0,0,"671,340",0,0,"671,340",0,0,0,"671,340","677,000",0,0,0,0,0,0,0,0
77465684,갤럭시 GALAX 지포스 RTX 4060 Ti WHITE OC V2 D6 8GB,"674,730",0,0,"674,730",0,0,"674,730",0,0,0,"674,730","674,730",0,0,0,0,0,0,0,0
57449264,갤럭시 GALAX 지포스 RTX 4060 WHITE OC D6 8GB,"950,000",0,0,0,0,0,0,0,0,0,0,0,0,0,0,0,0,0,0,0
93501725,갤럭시 GALAX 지포스 RTX 5050 BLACK OC D6 8GB DUAL HDMI,"541,780",0,0,"557,000",0,0,"435,590",0,0,0,"556,990","556,990",0,0,0,0,0,0,0,0
104359454,갤럭시 GALAX 지포스 RTX 5050 BLACK OC V2 D6 8GB DUAL HDMI,"539,980",0,0,"540,000",0,0,"433,350",0,0,0,"540,000","540,000",0,0,0,0,0,0,0,0
99742778,갤럭시 GALAX 지포스 RTX 5050 WHITE OC D6 8GB DUAL HDMI,"575,000",0,0,"575,000",0,0,"433,600",0,0,0,"575,000","575,000",0,0,0,0,0,0,0,0
100618931,갤럭시 GALAX 지포스 RTX 5060 BLACK D7 8GB LP,0,0,0,0,0,0,"583,200",0,0,0,0,0,0,0,0,0,0,0,0,0
91426661,갤럭시 GALAX 지포스 RTX 5060 BLACK OC D7 8GB,"750,000",0,0,0,0,0,"600,000",0,0,0,0,0,0,0,0,0,0,0,0,0
99896039,갤럭시 GALAX 지포스 RTX 5060 BLACK OC V2 D7 8GB,"657,320",0,0,"657,170",0,0,"535,750",0,0,0,"657,170","657,170",0,0,0,0,0,0,0,0
99896525,갤럭시 GALAX 지포스 RTX 5060 BLACK OC V2 D7 8GB DUAL HDMI,"720,000",0,0,"720,000",0,0,"576,000",0,0,0,"720,000","720,000",0,0,0,0,0,0,0,0
90955670,갤럭시 GALAX 지포스 RTX 5060 EX BLACK OC D7 8GB,"692,750",0,0,"692,730",0,0,"546,180",0,0,0,"692,730","692,730",0,0,0,0,0,0,0,0
90955808,갤럭시 GALAX 지포스 RTX 5060 EX WHITE OC D7 8GB,"698,050",0,0,"698,040",0,0,"549,980",0,0,0,"693,670","701,500",0,0,0,0,0,0,0,0
99742721,갤럭시 GALAX 지포스 RTX 5060 Ti BLACK 3X D7 16GB DUAL HDMI,"1,189,000",0,0,"1,189,000",0,0,"980,800",0,0,0,"1,189,000","1,189,000",0,0,0,0,0,0,0,0
98771447,갤럭시 GALAX 지포스 RTX 5060 Ti BLACK OC Classic D7 8GB,0,0,0,0,0,0,"640,000",0,0,0,0,0,0,0,0,0,0,0,0,0
81715421,갤럭시 GALAX 지포스 RTX 5060 Ti BLACK OC D7 16GB,"1,149,000",0,0,0,0,0,"944,000",0,0,0,0,0,0,0,0,0,0,0,0,0
85664150,갤럭시 GALAX 지포스 RTX 5060 Ti BLACK OC D7 8GB,"809,000",0,0,"809,000",0,0,"639,200",0,0,0,"809,000","809,000",0,0,0,0,0,0,0,0
106754483,갤럭시 GALAX 지포스 RTX 5060 Ti BLACK OC V2 D7 8GB,"760,670",0,0,"757,560",0,0,"614,280",0,0,0,"757,520","757,500",0,0,0,0,0,0,0,0
92187056,갤럭시 GALAX 지포스 RTX 5060 Ti EX BLACK OC D7 8GB,"781,480",0,0,"773,950",0,0,"651,590",0,0,0,"773,910","773,900",0,0,0,0,0,0,0,0
91910567,갤럭시 GALAX 지포스 RTX 5060 Ti EX WHITE OC D7 8GB,"973,440",0,0,"973,440",0,0,"973,440",0,0,0,"973,440","973,440",0,0,0,0,0,0,0,0
85674647,갤럭시 GALAX 지포스 RTX 5060 Ti WHITE OC D7 8GB,"885,390",0,0,"885,390",0,0,"670,390",0,0,0,"844,630","844,630",0,0,0,0,0,0,0,0
92153012,갤럭시 GALAX 지포스 RTX 5060 WHITE OC D7 8GB,0,0,0,0,0,0,"574,320",0,0,0,0,0,0,0,0,0,0,0,0,0
99895814,갤럭시 GALAX 지포스 RTX 5060 WHITE OC V2 D7 8GB,"666,480",0,0,"665,950",0,0,"665,910",0,0,0,"665,920","665,880",0,0,0,0,0,0,0,0
77319743,갤럭시 GALAX 지포스 RTX 5070 BLACK OC D7 12GB,"1,288,990",0,0,"1,288,990",0,0,"1,288,990",0,0,0,"1,288,990","1,289,000",0,0,0,0,0,0,0,0
78712517,갤럭시 GALAX 지포스 RTX 5070 EX GAMER BLACK OC D7 12GB,"1,318,970",0,0,"1,318,990",0,0,"1,033,360",0,0,0,"1,319,000","1,318,990",0,0,0,0,0,0,0,0
78235484,갤럭시 GALAX 지포스 RTX 5070 EX GAMER WHITE OC D7 12GB,"3,190,060",0,0,"3,190,060",0,0,"3,190,060",0,0,0,"3,220,910","3,357,960",0,0,0,0,0,0,0,0
99839876,갤럭시 GALAX 지포스 RTX 5070 Ti BLACK 2X OC D7 16GB,"1,772,390",0,0,"1,772,390",0,0,"1,772,390",0,0,0,"1,772,390","1,772,390",0,0,0,0,0,0,0,0
76463474,갤럭시 GALAX 지포스 RTX 5070 Ti BLACK OC D7 16GB,"2,016,110",0,0,"2,026,310",0,0,"1,866,800",0,0,0,"2,032,950","2,032,950",0,0,0,0,0,0,0,0
77086862,갤럭시 GALAX 지포스 RTX 5070 Ti EX GAMER BLACK OC D7 16GB,"1,891,000",0,0,"1,891,000",0,0,"1,512,800",0,0,0,"1,891,000","1,891,000",0,0,0,0,0,0,0,0
77086958,갤럭시 GALAX 지포스 RTX 5070 Ti EX GAMER WHITE OC D7 16GB,"2,554,000",0,0,"2,553,990",0,0,"2,553,990",0,0,0,"2,553,990","2,553,990",0,0,0,0,0,0,0,0
95423621,갤럭시 GALAX 지포스 RTX 5070 Ti HOF GAMING BLACK D7 16GB,"2,160,980",0,0,"2,176,980",0,0,"1,751,980",0,0,0,"2,196,000","2,196,000",0,0,0,0,0,0,0,0
94521011,갤럭시 GALAX 지포스 RTX 5070 Ti HOF GAMING D7 16GB,"2,219,850",0,0,"2,478,690",0,0,"1,783,990",0,0,0,"2,478,690","2,478,690",0,0,0,0,0,0,0,0
77319749,갤럭시 GALAX 지포스 RTX 5070 WHITE OC D7 12GB,"1,362,580",0,0,"1,455,600",0,0,"1,062,390",0,0,0,"1,455,600","1,455,600",0,0,0,0,0,0,0,0
75075494,갤럭시 GALAX 지포스 RTX 5080 BLACK OC D7 16GB,"2,338,370",0,0,"2,338,370",0,0,"1,888,000",0,0,0,"2,318,430","2,318,430",0,0,0,0,0,0,0,0
79578482,갤럭시 GALAX 지포스 RTX 5080 EX GAMER BLACK OC D7 16GB,"2,460,490",0,0,"2,460,490",0,0,"2,045,880",0,0,0,"2,460,480","2,550,960",0,0,0,0,0,0,0,0
79578539,갤럭시 GALAX 지포스 RTX 5080 EX GAMER WHITE OC D7 16GB,0,0,0,0,0,0,"1,872,000",0,0,0,0,0,0,0,0,0,0,0,0,0
95001017,갤럭시 GALAX 지포스 RTX 5080 HOF GAMING BLACK D7 16GB,"2,613,180",0,0,"2,556,360",0,0,"2,093,430",0,0,0,"2,610,660","2,608,140",0,0,0,0,0,0,0,0
93916847,갤럭시 GALAX 지포스 RTX 5080 HOF GAMING D7 16GB,"3,645,000",0,0,"3,645,000",0,0,"2,916,000",0,0,0,"3,645,000","3,645,000",0,0,0,0,0,0,0,0
75075386,갤럭시 GALAX 지포스 RTX 5080 WHITE OC D7 16GB,"5,199,990",0,0,"5,199,990",0,0,"4,170,510",0,0,0,"5,051,910","5,051,910",0,0,0,0,0,0,0,0
89864669,갤럭시 GALAZ 지포스 GT710 D3 2GB LP 무소음,"64,000",0,0,"64,000",0,0,"64,000",0,0,0,"64,000","64,000",0,0,0,0,0,0,0,0
89864702,갤럭시 GALAZ 지포스 GT730 D3 4GB LP,"67,890",0,0,"67,890",0,0,"67,890",0,0,0,"67,890","67,890",0,0,0,0,0,0,0,0
90701393,갤럭시 GALAZ 지포스 RTX 3050 EX BLACK D6 6GB DVI,"386,000",0,0,"386,000",0,0,"386,000",0,0,0,"386,000","386,000",0,0,0,0,0,0,0,0
76071299,갤럭시 GALAZ 지포스 RTX 4060 EX WHITE OC V2 D6 8GB,"970,200",0,0,"970,200",0,0,"970,200",0,0,0,"970,200","970,200",0,0,0,0,0,0,0,0
93501767,갤럭시 GALAZ 지포스 RTX 5050 BLACK OC D6 8GB DUAL HDMI,"466,000",0,0,0,0,0,"372,800",0,0,0,0,"371,000",0,0,0,0,0,0,0,0
98484845,갤럭시 GALAZ 지포스 RTX 5050 BLACK OC V2 D6 8GB DUAL HDMI,0,0,0,0,0,0,"436,000",0,0,0,0,0,0,0,0,0,0,0,0,0
99896534,갤럭시 GALAZ 지포스 RTX 5060 BLACK OC V2 D7 8GB DUAL HDMI,"720,000",0,0,"720,000",0,0,"576,000",0,0,0,"720,000","720,000",0,0,0,0,0,0,0,0
90955853,갤럭시 GALAZ 지포스 RTX 5060 EX BLACK OC D7 8GB,"715,000",0,0,"715,000",0,0,"567,200",0,0,0,"715,000","715,000",0,0,0,0,0,0,0,0
90955895,갤럭시 GALAZ 지포스 RTX 5060 EX WHITE OC D7 8GB,0,0,0,0,0,0,"582,400",0,0,0,0,0,0,0,0,0,0,0,0,0
98184494,갤럭시 GALAZ 지포스 RTX 5060 Ti BLACK 3X D7 16GB DUAL HDMI,"1,032,000",0,0,0,0,0,"825,600",0,0,0,0,0,0,0,0,0,0,0,0,0
98779298,갤럭시 GALAZ 지포스 RTX 5060 Ti BLACK OC Classic D7 8GB,"670,000",0,0,0,0,0,"536,000",0,0,0,0,0,0,0,0,0,0,0,0,0
85668698,갤럭시 GALAZ 지포스 RTX 5060 Ti BLACK OC D7 8GB,0,0,0,0,0,0,"704,000",0,0,0,0,0,0,0,0,0,0,0,0,0
92187074,갤럭시 GALAZ 지포스 RTX 5060 Ti EX BLACK OC D7 8GB,0,0,0,0,0,0,"704,000",0,0,0,0,0,0,0,0,0,0,0,0,0
91910630,갤럭시 GALAZ 지포스 RTX 5060 Ti EX WHITE OC D7 8GB,0,0,0,0,0,0,"716,000",0,0,0,0,0,0,0,0,0,0,0,0,0
92153132,갤럭시 GALAZ 지포스 RTX 5060 WHITE OC D7 8GB,"820,000",0,0,"820,000",0,0,"656,000",0,0,0,"820,000","820,000",0,0,0,0,0,0,0,0
99895865,갤럭시 GALAZ 지포스 RTX 5060 WHITE OC V2 D7 8GB,"1,061,000",0,0,"1,061,000",0,0,"848,800",0,0,0,"1,061,000","1,061,000",0,0,0,0,0,0,0,0
77319857,갤럭시 GALAZ 지포스 RTX 5070 BLACK OC D7 12GB,0,0,0,0,0,0,"1,030,810",0,0,0,0,0,0,0,0,0,0,0,0,0
99892193,갤럭시 GALAZ 지포스 RTX 5070 Ti BLACK 2X OC D7 16GB,0,0,0,0,0,0,"1,513,930",0,0,0,0,0,0,0,0,0,0,0,0,0
76463408,갤럭시 GALAZ 지포스 RTX 5070 Ti BLACK OC D7 16GB,0,0,0,0,0,0,"1,600,000",0,0,0,0,0,0,0,0,0,0,0,0,0
77961743,갤럭시 GALAZ 지포스 RTX 5070 Ti EX GAMER BLACK OC D7 16GB,0,0,0,0,0,0,"1,512,460",0,0,0,0,0,0,0,0,0,0,0,0,0
95423684,갤럭시 GALAZ 지포스 RTX 5070 Ti HOF GAMING BLACK D7 16GB,"2,195,990",0,0,"2,195,990",0,0,"1,831,990",0,0,0,"2,005,000","2,005,000",0,0,0,0,0,0,0,0
95001035,갤럭시 GALAZ 지포스 RTX 5080 HOF GAMING BLACK D7 16GB,0,0,0,0,0,0,"1,895,590",0,0,0,0,0,0,0,0,0,0,0,0,0
16963706,갤럭시 갤라즈 GALAX 지포스 GT710 D3 2GB LP 무소음,"66,020",0,0,"67,000",0,0,"67,000",0,0,0,"67,000","67,000",0,0,0,0,0,0,0,0
16301489,갤럭시 갤라즈 GALAX 지포스 RTX 3050 D6 8GB,"590,620",0,0,"590,620",0,0,"590,620",0,0,0,"590,620","590,620",0,0,0,0,0,0,0,0
6632467,라데온 RX 480 D5 4GB (중고),"96,000",0,0,"96,000",0,0,"96,000",0,0,0,"96,000","96,000",0,0,0,0,0,0,0,0
6632590,라데온 RX 570 D5 4GB (중고),"120,000",0,0,"120,000",0,0,"120,000",0,0,0,"120,000","120,000",0,0,0,0,0,0,0,0
6643693,라데온 RX 570 D5 8GB (중고),"135,000",0,0,"135,000",0,0,"135,000",0,0,0,"135,000","135,000",0,0,0,0,0,0,0,0
6632827,라데온 RX 580 D5 4GB (중고),"135,000",0,0,"135,000",0,0,"135,000",0,0,0,"135,000","135,000",0,0,0,0,0,0,0,0
6830257,라데온 RX 580 D5 8GB (중고),"162,000",0,0,"162,000",0,0,"162,000",0,0,0,"162,000","162,000",0,0,0,0,0,0,0,0
17311451,라데온 RX 6600 D6 8GB (중고),"379,900",0,0,"379,900",0,0,"379,900",0,0,0,"379,900","339,900",0,0,0,0,0,0,0,0
17944463,라데온 RX 6600 XT D6 8GB (중고),"460,000",0,0,"460,000",0,0,"460,000",0,0,0,"460,000","460,000",0,0,0,0,0,0,0,0
17254454,라데온 RX 6700 XT D6 12GB (중고),"329,000",0,0,"329,000",0,0,"329,000",0,0,0,"329,000","329,000",0,0,0,0,0,0,0,0
17187893,라데온 RX 6800 D6 16GB (중고),"469,000",0,0,"469,000",0,0,"469,000",0,0,0,"469,000","469,000",0,0,0,0,0,0,0,0
18203561,라데온 RX 6800 XT D6 16GB (중고),"1,408,330",0,0,"1,408,330",0,0,"1,408,330",0,0,0,"1,408,330","1,408,330",0,0,0,0,0,0,0,0
18203285,라데온 RX 6900 XT D6 16GB (중고),"649,900",0,0,"649,900",0,0,"649,900",0,0,0,"649,900","649,900",0,0,0,0,0,0,0,0
122638646,벨리온 지포스 RTX3050 BELION 6GB D6 DUAL,"338,990",0,0,"338,990",0,0,"338,990",0,0,0,"338,990","338,990",0,0,0,0,0,0,0,0
122658701,스타링스 지포스 GTX1660 SUPER D6 6GB NV,"295,950",0,0,"295,950",0,0,"295,950",0,0,0,"295,950","295,950",0,0,0,0,0,0,0,0
99895952,아툼 지포스 GTX 1660 SUPER BARAMINE II D6 6GB DUAL,"289,330",0,0,"289,270",0,0,"289,250",0,0,0,"289,190","289,130",0,0,0,0,0,0,0,0
98077877,아툼 지포스 RTX 3050 BARAMINE D6 6GB DUAL,"308,800",0,0,"308,800",0,0,"308,800",0,0,0,"308,800","308,800",0,0,0,0,0,0,0,0
93702740,액슬 라데온 RX 550 D5 4GB 에즈윈,"142,050",0,0,"142,050",0,0,"142,050",0,0,0,"142,050","142,050",0,0,0,0,0,0,0,0
30105218,액슬 라데온 RX 580 2048SP D5 8GB R2 에즈윈,"174,000",0,0,"174,000",0,0,"174,000",0,0,0,"174,000","174,000",0,0,0,0,0,0,0,0
112881201,액슬 엑슬 지포스 RTX 3070 Ti D6X 8GB 에즈윈,"649,000",0,0,"649,000",0,0,"649,000",0,0,0,"649,000","661,510",0,0,0,0,0,0,0,0
28809323,액슬 지포스 G210 D3 1GB 에즈윈,"32,000",0,0,"32,000",0,0,"32,000",0,0,0,"32,000","32,000",0,0,0,0,0,0,0,0
54481091,액슬 지포스 G210 D3 512MB 에즈윈,"29,630",0,0,"29,630",0,0,"29,630",0,0,0,"29,630","29,630",0,0,0,0,0,0,0,0
28809503,액슬 지포스 GT1030 D5 2GB 에즈윈,"123,980",0,0,"123,410",0,0,"123,970",0,0,0,"123,980","123,960",0,0,0,0,0,0,0,0
124116642,액슬 지포스 GT730 Multi Display D3 4GB 에즈윈,"137,880",0,0,"137,870",0,0,"137,870",0,0,0,"137,880","137,860",0,0,0,0,0,0,0,0
54481106,액슬 지포스 GT730 클래식 D3 1GB 에즈윈,"60,630",0,0,"60,630",0,0,"60,630",0,0,0,"60,630","60,630",0,0,0,0,0,0,0,0
122637342,액슬 지포스 GT730 클래식 D3 2GB 384Cuda 에즈윈,"71,050",0,0,"71,040",0,0,"71,030",0,0,0,"71,040","71,990",0,0,0,0,0,0,0,0
28809677,액슬 지포스 GT730 클래식 D3 2GB 에즈윈,"63,990",0,0,"63,990",0,0,"63,990",0,0,0,"63,990","63,990",0,0,0,0,0,0,0,0
99128480,액슬 지포스 GT730 클래식 D3 4GB R2 에즈윈,"68,410",0,0,"68,840",0,0,"68,840",0,0,0,"68,840","68,840",0,0,0,0,0,0,0,0
98920820,액슬 지포스 GTX 1650 D6 4GB R3 에즈윈,"252,830",0,0,"249,840",0,0,"252,820",0,0,0,"252,820","252,830",0,0,0,0,0,0,0,0
68363192,액슬 지포스 GTX 1660 SUPER 38mm D6 6GB 에즈윈,"298,940",0,0,"298,940",0,0,"298,940",0,0,0,"298,940","298,940",0,0,0,0,0,0,0,0
28810250,액슬 지포스 GTX1050 Ti D5 4GB 에즈윈,"210,000",0,0,"210,000",0,0,"210,000",0,0,0,"210,000","210,000",0,0,0,0,0,0,0,0
124116608,액슬 지포스 GTX1050 Ti Multi Display D5 4GB 에즈윈,"308,240",0,0,"306,230",0,0,"308,230",0,0,0,"308,230","308,220",0,0,0,0,0,0,0,0
59085581,액슬 지포스 RTX 2060 SUPER D6 8GB 에즈윈,"410,770",0,0,"410,770",0,0,"410,770",0,0,0,"410,770","410,770",0,0,0,0,0,0,0,0
47806457,액슬 지포스 RTX 3050 D6 6GB 에즈윈,"423,720",0,0,"423,720",0,0,"423,720",0,0,0,"423,720","423,720",0,0,0,0,0,0,0,0
52157555,액슬 지포스 RTX 3060 D6 12GB 에즈윈,"523,790",0,0,"523,790",0,0,"523,790",0,0,0,"523,790","523,790",0,0,0,0,0,0,0,0
37932260,액슬 지포스 RTX 3060 Ti D6 8GB White 에즈윈,"527,510",0,0,"522,500",0,0,"522,500",0,0,0,"522,500","527,300",0,0,0,0,0,0,0,0
33366437,액슬 지포스 RTX 3070 D6 8GB White 에즈윈,"568,690",0,0,"568,690",0,0,"568,690",0,0,0,"568,690","568,690",0,0,0,0,0,0,0,0
32076674,액슬 지포스 RTX 3070 Ti D6X 8GB 에즈윈,"640,700",0,0,"640,580",0,0,"640,700",0,0,0,"640,700","640,700",0,0,0,0,0,0,0,0
93630089,액슬 지포스 RTX 3080 D6X 10GB 에즈윈,"708,000",0,0,0,0,0,0,0,0,0,0,0,0,0,0,0,0,0,0,0
96981881,에이서 프레데터 라데온 RX 9070 XT BiFrost WHITE OC D6 16GB,"1,555,520",0,0,"1,325,300",0,0,"1,325,300",0,0,0,"1,325,300","1,358,990",0,0,0,0,0,0,0,0
29952371,이도디스플레이 지포스 GTX 1660 SUPER RAGE-X II D6 6GB DUAL,"341,550",0,0,"321,750",0,0,"321,750",0,0,0,"321,750","321,750",0,0,0,0,0,0,0,0
62791805,이도디스플레이 지포스 RTX 3050 RAGE-X D6 6GB,"355,410",0,0,"355,400",0,0,"355,400",0,0,0,"355,400","358,990",0,0,0,0,0,0,0,0
19131179,이엠텍 지포스 GTX 1050 Ti MIRACLE II D5 4GB,"218,540",0,0,"218,540",0,0,"218,540",0,0,0,"218,540","218,540",0,0,0,0,0,0,0,0
18767216,이엠텍 지포스 GTX 1660 SUPER MIRACLE II D6 6GB,"310,000",0,0,"310,000",0,0,"310,000",0,0,0,"310,000","310,000",0,0,0,0,0,0,0,0
15941003,이엠텍 지포스 RTX 2060 STORM X Dual BASIC D6 12GB,"239,800",0,0,"239,800",0,0,"239,800",0,0,0,"239,800","239,800",0,0,0,0,0,0,0,0
37287323,이엠텍 지포스 RTX 3050 MIRACLE WHITE D6 6GB,"389,230",0,0,"389,230",0,0,"389,230",0,0,0,"389,230","389,230",0,0,0,0,0,0,0,0
20274764,이엠텍 지포스 RTX 4060 Ti STORM X Dual OC D6 8GB,"2,697,030",0,0,"2,697,030",0,0,"2,697,030",0,0,0,"2,697,030","2,697,030",0,0,0,0,0,0,0,0
33989666,이엠텍 지포스 RTX 4080 SUPER BLACK STORM OC D6X 16GB,"4,472,470",0,0,"4,472,470",0,0,"4,472,470",0,0,0,"4,472,470","4,472,470",0,0,0,0,0,0,0,0
33989591,이엠텍 지포스 RTX 4080 SUPER GAMING PRO D6X 16GB,"4,472,470",0,0,"4,472,470",0,0,"4,472,470",0,0,0,"4,472,470","4,472,470",0,0,0,0,0,0,0,0
95987477,이엠텍 지포스 RTX 5050 MIRACLE WHITE D6 8GB,"638,400",0,0,"869,850",0,0,"871,830",0,0,0,"871,830","871,830",0,0,0,0,0,0,0,0
92044253,이엠텍 지포스 RTX 5060 MIRACLE WHITE D7 8GB,"731,800",0,0,"731,800",0,0,"731,800",0,0,0,"731,800","731,800",0,0,0,0,0,0,0,0
96776702,이엠텍 지포스 RTX 5060 Ti MIRACLE X2 WHITE D7 8GB,"811,650",0,0,"809,800",0,0,"809,780",0,0,0,"809,790","813,470",0,0,0,0,0,0,0,0
78842861,이엠텍 지포스 RTX 5070 MIRACLE WHITE D7 12GB,"1,415,000",0,0,"1,415,000",0,0,"1,415,000",0,0,0,"1,415,000","1,415,000",0,0,0,0,0,0,0,0
77020520,이엠텍 지포스 RTX 5070 Ti MIRACLE WHITE D7 16GB,"2,100,000",0,0,"2,100,000",0,0,"1,344,000",0,0,0,"2,100,000","2,100,000",0,0,0,0,0,0,0,0
76074971,이엠텍 지포스 RTX 5080 MIRACLE WHITE D7 16GB,"2,497,990",0,0,"2,509,050",0,0,"2,509,040",0,0,0,"2,509,040","2,509,010",0,0,0,0,0,0,0,0
122674113,인텔 Arc Pro B70 D6 32GB,"2,716,800",0,0,"2,716,800",0,0,"2,716,800",0,0,0,"2,716,800","2,716,800",0,0,0,0,0,0,0,0
16364321,지포스 G210 D3 512MB (중고),"8,490",0,0,"8,490",0,0,"8,490",0,0,0,"8,500","8,500",0,0,0,0,0,0,0,0
7456618,지포스 GT1030 D5 2GB (중고),"53,930",0,0,"53,930",0,0,"53,930",0,0,0,"53,930","53,930",0,0,0,0,0,0,0,0
16364171,지포스 GT610 D3 1GB (중고),"15,800",0,0,"15,800",0,0,"15,800",0,0,0,"15,800","15,800",0,0,0,0,0,0,0,0
17818937,지포스 GT620 (중고),"14,490",0,0,"14,490",0,0,"14,490",0,0,0,"14,700","14,990",0,0,0,0,0,0,0,0
17528849,지포스 GT630 (중고),"15,000",0,0,"15,000",0,0,"15,000",0,0,0,"15,000","15,000",0,0,0,0,0,0,0,0
17818721,지포스 GT720 (중고),"21,000",0,0,"21,000",0,0,"21,000",0,0,0,"21,000","21,000",0,0,0,0,0,0,0,0
17814695,지포스 GT730 (중고),"22,990",0,0,"22,990",0,0,"22,990",0,0,0,"22,990","22,990",0,0,0,0,0,0,0,0
13280759,지포스 GTS250 D3 512MB (중고),"9,000",0,0,"9,000",0,0,"9,000",0,0,0,"9,000","9,000",0,0,0,0,0,0,0,0
17434280,지포스 GTS450 (중고),"9,700",0,0,"9,700",0,0,"9,700",0,0,0,"9,700","9,700",0,0,0,0,0,0,0,0
11975078,지포스 GTX 1650 D5 4GB (중고),"134,990",0,0,"134,990",0,0,"134,990",0,0,0,"134,990","134,990",0,0,0,0,0,0,0,0
11975147,지포스 GTX 1650 D6 4GB (중고),"163,000",0,0,"163,000",0,0,"163,000",0,0,0,"163,000","163,000",0,0,0,0,0,0,0,0
11975627,지포스 GTX 1650 SUPER D6 4GB (중고),"185,000",0,0,"185,000",0,0,"185,000",0,0,0,"185,000","185,000",0,0,0,0,0,0,0,0
11976056,지포스 GTX 1660 D5 6GB (중고),"158,000",0,0,"158,000",0,0,"158,000",0,0,0,"158,000","158,000",0,0,0,0,0,0,0,0
11976995,지포스 GTX 1660 SUPER D6 6GB (중고),"186,990",0,0,"177,000",0,0,"177,000",0,0,0,"177,000","177,000",0,0,0,0,0,0,0,0
11977706,지포스 GTX 1660 Ti D6 6GB (중고),"195,000",0,0,"195,000",0,0,"195,000",0,0,0,"195,000","195,000",0,0,0,0,0,0,0,0
6641014,지포스 GTX1050 D5 2GB (중고),"75,990",0,0,"75,990",0,0,"75,990",0,0,0,"75,990","75,990",0,0,0,0,0,0,0,0
6641638,지포스 GTX1050 Ti D5 4GB (중고),"86,000",0,0,"86,000",0,0,"86,000",0,0,0,"86,000","86,000",0,0,0,0,0,0,0,0
6641779,지포스 GTX1060 D5 3GB (중고),"110,390",0,0,"110,390",0,0,"110,390",0,0,0,"110,390","110,390",0,0,0,0,0,0,0,0
6642142,지포스 GTX1060 D5 6GB (중고),"137,990",0,0,"137,990",0,0,"142,280",0,0,0,"142,280","142,280",0,0,0,0,0,0,0,0
6642286,지포스 GTX1070 D5 8GB (중고),"156,230",0,0,"153,230",0,0,"153,230",0,0,0,"156,230","156,230",0,0,0,0,0,0,0,0
6642355,지포스 GTX1070 Ti D5 8GB (중고),"175,000",0,0,"175,000",0,0,"175,000",0,0,0,"175,000","175,000",0,0,0,0,0,0,0,0
6946081,지포스 GTX1080 D5X 8GB (중고),"186,990",0,0,"186,990",0,0,"186,990",0,0,0,"186,990","186,990",0,0,0,0,0,0,0,0
6642610,지포스 GTX1080 Ti D5X 11GB (중고),"250,000",0,0,"250,000",0,0,"250,000",0,0,0,"250,000","250,000",0,0,0,0,0,0,0,0
16217210,지포스 GTX650 D5 1GB (중고),"25,000",0,0,"25,010",0,0,"25,010",0,0,0,"25,010","25,010",0,0,0,0,0,0,0,0
16217153,지포스 GTX650 Ti D5 1GB (중고),"26,690",0,0,"27,440",0,0,"27,430",0,0,0,"27,430","27,430",0,0,0,0,0,0,0,0
6758101,지포스 GTX660 D5 2GB (중고),"34,410",0,0,"34,870",0,0,"34,750",0,0,0,"34,630","34,630",0,0,0,0,0,0,0,0
6757591,지포스 GTX660 Ti D5 2GB (중고),"56,000",0,0,"56,000",0,0,"56,000",0,0,0,"56,000","56,000",0,0,0,0,0,0,0,0
6756814,지포스 GTX750 D5 1GB (중고),"37,090",0,0,"37,100",0,0,"37,100",0,0,0,"37,100","37,100",0,0,0,0,0,0,0,0
6756913,지포스 GTX750 Ti D5 1GB (중고),"36,090",0,0,"36,090",0,0,"36,090",0,0,0,"36,090","36,090",0,0,0,0,0,0,0,0
6757090,지포스 GTX750 Ti D5 2GB (중고),"51,690",0,0,"51,700",0,0,"51,700",0,0,0,"51,700","51,700",0,0,0,0,0,0,0,0
6674599,지포스 GTX760 D5 2GB (중고),"46,490",0,0,"46,490",0,0,"46,490",0,0,0,"46,490","46,490",0,0,0,0,0,0,0,0
6673729,지포스 GTX960 D5 2GB (중고),"60,990",0,0,"60,990",0,0,"60,990",0,0,0,"60,990","60,990",0,0,0,0,0,0,0,0
7456369,지포스 GTX970 D5 4GB (중고),"167,100",0,0,"167,100",0,0,"167,100",0,0,0,"167,100","167,100",0,0,0,0,0,0,0,0
11978288,지포스 RTX 2060 D6 6GB (중고),"204,990",0,0,"204,990",0,0,"204,990",0,0,0,"204,990","204,990",0,0,0,0,0,0,0,0
11978807,지포스 RTX 2060 SUPER D6 8GB (중고),"232,000",0,0,"232,000",0,0,"232,000",0,0,0,"232,000","232,000",0,0,0,0,0,0,0,0
11979008,지포스 RTX 2070 D6 8GB (중고),"231,990",0,0,"231,990",0,0,"231,990",0,0,0,"231,990","231,990",0,0,0,0,0,0,0,0
11979092,지포스 RTX 2070 SUPER D6 8GB (중고),"280,800",0,0,"280,800",0,0,"280,800",0,0,0,"280,800","280,800",0,0,0,0,0,0,0,0
11979227,지포스 RTX 2080 D6 8GB (중고),"248,990",0,0,"248,990",0,0,"248,990",0,0,0,"248,990","248,990",0,0,0,0,0,0,0,0
11979344,지포스 RTX 2080 SUPER D6 8GB (중고),"1,670,000",0,0,"1,670,000",0,0,"1,670,000",0,0,0,"1,670,000","1,670,000",0,0,0,0,0,0,0,0
11979449,지포스 RTX 2080 Ti D6 11GB (중고),"354,000",0,0,"354,000",0,0,"354,000",0,0,0,"354,000","354,000",0,0,0,0,0,0,0,0
16319510,지포스 RTX 3060 D6 12GB (중고),"384,870",0,0,"384,870",0,0,"385,010",0,0,0,"385,010","385,010",0,0,0,0,0,0,0,0
56343746,지포스 RTX 3060 D6 8GB (중고),"335,000",0,0,"335,000",0,0,"335,000",0,0,0,"335,000","335,000",0,0,0,0,0,0,0,0
16319558,지포스 RTX 3060 Ti D6 8GB (중고),"375,000",0,0,"375,000",0,0,"375,000",0,0,0,"375,000","375,000",0,0,0,0,0,0,0,0
16319603,지포스 RTX 3070 D6 8GB (중고),"384,000",0,0,"384,990",0,0,"384,990",0,0,0,"384,990","384,990",0,0,0,0,0,0,0,0
16512887,지포스 RTX 3070 Ti D6X 8GB (중고),"452,990",0,0,"452,990",0,0,"452,990",0,0,0,"452,990","452,990",0,0,0,0,0,0,0,0
72975155,지포스 RTX 3080 D6X 10GB (완제품 탈거상품 중고),"661,150",0,0,"661,150",0,0,"661,150",0,0,0,"661,150","661,150",0,0,0,0,0,0,0,0
16362338,지포스 RTX 3080 D6X 10GB (중고),"498,000",0,0,"498,000",0,0,"498,000",0,0,0,"498,000","498,000",0,0,0,0,0,0,0,0
16799315,지포스 RTX 3080 D6X 12GB (중고),"600,000",0,0,"600,000",0,0,"600,000",0,0,0,"600,000","600,000",0,0,0,0,0,0,0,0
16544444,지포스 RTX 3080 Ti D6X 12GB (중고),"685,000",0,0,"685,000",0,0,"685,000",0,0,0,"685,000","685,000",0,0,0,0,0,0,0,0
17305142,지포스 RTX 3090 D6X 24GB (중고),"2,490,000",0,0,"2,390,000",0,0,"2,390,000",0,0,0,"2,390,000","2,390,000",0,0,0,0,0,0,0,0
78846158,지포스 RTX 4060 D6 8GB (중고),"484,380",0,0,"483,000",0,0,"482,990",0,0,0,"482,990","482,990",0,0,0,0,0,0,0,0
78234449,지포스 RTX 4060 Ti D6 8GB (중고),"590,000",0,0,"520,000",0,0,"520,000",0,0,0,"520,000","520,000",0,0,0,0,0,0,0,0
28620374,지포스 RTX 4070 D6X 12GB (중고),"890,000",0,0,"820,000",0,0,"820,000",0,0,0,"820,000","820,000",0,0,0,0,0,0,0,0
74971736,지포스 RTX 4070 SUPER D6X 12GB (중고),"990,000",0,0,"850,000",0,0,"880,000",0,0,0,"880,000","880,000",0,0,0,0,0,0,0,0
74997902,지포스 RTX 4070 Ti D6X 12GB (중고),"990,000",0,0,"880,000",0,0,"920,000",0,0,0,"920,000","920,000",0,0,0,0,0,0,0,0
74971556,지포스 RTX 4080 SUPER D6X 16GB (중고),"4,789,720",0,0,"4,789,720",0,0,"4,789,720",0,0,0,"4,789,720","4,789,720",0,0,0,0,0,0,0,0
